# vtk DataFile Version 3.0
Broken Mesh Solution
ASCII
DATASET UNSTRUCTURED_GRID

POINTS 4353 float
0.4843750000000421 0.4843749999999579 0.0
0.4843750000000408 0.468749999999916 0.0
0.4843750000000394 0.4531249999998742 0.0
0.4843750000000381 0.4374999999998322 0.0
0.4843750000000367 0.4218749999997903 0.0
0.484375000000035 0.4062499999997483 0.0
0.4843750000000338 0.3906249999997063 0.0
0.4843750000000323 0.3749999999996644 0.0
0.4843750000000311 0.3593749999996223 0.0
0.4843750000000296 0.3437499999995803 0.0
0.4843750000000283 0.3281249999995384 0.0
0.4843750000000271 0.3124999999994964 0.0
0.4843750000000256 0.2968749999994547 0.0
0.4843750000000243 0.2812499999994127 0.0
0.484375000000023 0.2656249999993707 0.0
0.4843750000000216 0.2499999999993287 0.0
0.4843750000000204 0.2343749999992868 0.0
0.4843750000000189 0.2187499999992449 0.0
0.4843750000000174 0.2031249999992028 0.0
0.4843750000000163 0.1874999999991609 0.0
0.4843750000000149 0.1718749999991189 0.0
0.4843750000000133 0.1562499999990769 0.0
0.484375000000012 0.140624999999035 0.0
0.4843750000000109 0.1249999999989931 0.0
0.4843750000000092 0.1093749999989512 0.0
0.484375000000008 0.09374999999890922 0.0
0.4843750000000064 0.07812499999886724 0.0
0.4843750000000051 0.06249999999882529 0.0
0.4843750000000039 0.04687499999878333 0.0
0.4843750000000026 0.03124999999874136 0.0
0.4843750000000013 0.01562499999869939 0.0
0.4843749999999999 -1.332157474609463e-12 0.0
0.4843749999999986 -0.01562500000130075 0.0
0.4843749999999973 -0.03125000000125878 0.0
0.484374999999996 -0.0468750000012168 0.0
0.4843749999999947 -0.06250000000117496 0.0
0.4843749999999931 -0.07812500000113305 0.0
0.4843749999999918 -0.09375000000109107 0.0
0.4843749999999905 -0.1093750000010491 0.0
0.4843749999999891 -0.1250000000010071 0.0
0.4843749999999877 -0.1406250000009653 0.0
0.4843749999999865 -0.1562500000009233 0.0
0.4843749999999851 -0.1718750000008814 0.0
0.4843749999999839 -0.1875000000008395 0.0
0.4843749999999821 -0.2031250000007974 0.0
0.484374999999981 -0.2187500000007556 0.0
0.4843749999999794 -0.2343750000007135 0.0
0.4843749999999784 -0.2500000000006717 0.0
0.4843749999999768 -0.2656250000006297 0.0
0.4843749999999754 -0.2812500000005877 0.0
0.4843749999999741 -0.2968750000005458 0.0
0.4843749999999727 -0.3125000000005038 0.0
0.4843749999999714 -0.3281250000004617 0.0
0.4843749999999701 -0.3437500000004198 0.0
0.4843749999999689 -0.3593750000003778 0.0
0.4843749999999675 -0.3750000000003357 0.0
0.4843749999999661 -0.3906250000002938 0.0
0.4843749999999648 -0.4062500000002518 0.0
0.4843749999999634 -0.4218750000002098 0.0
0.4843749999999621 -0.4375000000001679 0.0
0.4843749999999607 -0.4531250000001259 0.0
0.4843749999999594 -0.4687500000000839 0.0
0.4843749999999579 -0.484375000000042 0.0
0.468750000000084 0.4843749999999593 0.0
0.4687500000000812 0.4687499999999188 0.0
0.4687500000000783 0.4531249999998782 0.0
0.4687500000000756 0.4374999999998376 0.0
0.4687500000000729 0.4218749999997969 0.0
0.4687500000000703 0.4062499999997563 0.0
0.4687500000000677 0.3906249999997157 0.0
0.468750000000065 0.374999999999675 0.0
0.4687500000000622 0.3593749999996345 0.0
0.4687500000000594 0.3437499999995939 0.0
0.4687500000000567 0.3281249999995532 0.0
0.468750000000054 0.3124999999995126 0.0
0.4687500000000513 0.296874999999472 0.0
0.4687500000000486 0.2812499999994316 0.0
0.4687500000000459 0.2656249999993909 0.0
0.4687500000000431 0.2499999999993503 0.0
0.4687500000000404 0.2343749999993099 0.0
0.4687500000000379 0.2187499999992693 0.0
0.4687500000000352 0.2031249999992286 0.0
0.4687500000000323 0.187499999999188 0.0
0.4687500000000298 0.1718749999991473 0.0
0.4687500000000269 0.1562499999991067 0.0
0.4687500000000243 0.1406249999990661 0.0
0.4687500000000215 0.1249999999990255 0.0
0.4687500000000187 0.1093749999989849 0.0
0.4687500000000162 0.09374999999894428 0.0
0.4687500000000133 0.07812499999890365 0.0
0.4687500000000107 0.062499999998863 0.0
0.4687500000000082 0.04687499999882239 0.0
0.4687500000000054 0.03124999999878197 0.0
0.4687500000000028 0.01562499999874135 0.0
0.4687500000000002 -1.289197915088636e-12 0.0
0.4687499999999972 -0.01562500000125876 0.0
0.4687499999999947 -0.03125000000121814 0.0
0.4687499999999918 -0.04687500000117761 0.0
0.4687499999999891 -0.06250000000113708 0.0
0.4687499999999865 -0.0781250000010965 0.0
0.4687499999999838 -0.09375000000105599 0.0
0.4687499999999811 -0.1093750000010153 0.0
0.4687499999999782 -0.1250000000009747 0.0
0.4687499999999756 -0.1406250000009341 0.0
0.4687499999999729 -0.1562500000008934 0.0
0.4687499999999702 -0.1718750000008528 0.0
0.4687499999999675 -0.1875000000008124 0.0
0.4687499999999646 -0.2031250000007717 0.0
0.4687499999999621 -0.2187500000007312 0.0
0.4687499999999593 -0.2343750000006907 0.0
0.4687499999999568 -0.25000000000065 0.0
0.4687499999999536 -0.2656250000006094 0.0
0.4687499999999514 -0.2812500000005688 0.0
0.4687499999999487 -0.2968750000005281 0.0
0.4687499999999459 -0.3125000000004874 0.0
0.4687499999999433 -0.3281250000004469 0.0
0.4687499999999403 -0.3437500000004062 0.0
0.4687499999999377 -0.3593750000003656 0.0
0.4687499999999349 -0.3750000000003249 0.0
0.4687499999999322 -0.3906250000002844 0.0
0.4687499999999297 -0.4062500000002437 0.0
0.4687499999999266 -0.4218750000002031 0.0
0.4687499999999241 -0.4375000000001625 0.0
0.4687499999999213 -0.4531250000001218 0.0
0.4687499999999187 -0.4687500000000813 0.0
0.4687499999999161 -0.4843750000000406 0.0
0.453125000000126 0.4843749999999608 0.0
0.453125000000122 0.4687499999999215 0.0
0.4531250000001178 0.4531249999998822 0.0
0.4531250000001139 0.4374999999998429 0.0
0.4531250000001095 0.4218749999998036 0.0
0.4531250000001055 0.4062499999997644 0.0
0.4531250000001016 0.3906249999997252 0.0
0.4531250000000975 0.3749999999996861 0.0
0.4531250000000936 0.3593749999996465 0.0
0.4531250000000892 0.3437499999996074 0.0
0.4531250000000853 0.3281249999995681 0.0
0.4531250000000811 0.312499999999529 0.0
0.4531250000000771 0.2968749999994897 0.0
0.4531250000000731 0.2812499999994504 0.0
0.4531250000000691 0.2656249999994111 0.0
0.4531250000000652 0.2499999999993719 0.0
0.4531250000000612 0.2343749999993328 0.0
0.4531250000000566 0.2187499999992937 0.0
0.4531250000000527 0.2031249999992544 0.0
0.4531250000000486 0.187499999999215 0.0
0.4531250000000447 0.1718749999991758 0.0
0.4531250000000408 0.1562499999991365 0.0
0.4531250000000369 0.1406249999990972 0.0
0.4531250000000325 0.124999999999058 0.0
0.4531250000000285 0.1093749999990187 0.0
0.4531250000000243 0.09374999999897937 0.0
0.4531250000000203 0.0781249999989403 0.0
0.4531250000000165 0.062499999998901 0.0
0.4531250000000121 0.04687499999886192 0.0
0.4531250000000083 0.03124999999882274 0.0
0.4531250000000041 0.01562499999878329 0.0
0.4531249999999999 -1.246214936800882e-12 0.0
0.4531249999999959 -0.01562500000121681 0.0
0.453124999999992 -0.03125000000117761 0.0
0.453124999999988 -0.04687500000113841 0.0
0.4531249999999837 -0.06250000000109913 0.0
0.4531249999999797 -0.07812500000106 0.0
0.4531249999999757 -0.09375000000102068 0.0
0.4531249999999715 -0.1093750000009814 0.0
0.4531249999999675 -0.1250000000009422 0.0
0.4531249999999636 -0.140625000000903 0.0
0.4531249999999593 -0.1562500000008637 0.0
0.4531249999999554 -0.1718750000008245 0.0
0.4531249999999515 -0.1875000000007853 0.0
0.453124999999947 -0.2031250000007461 0.0
0.4531249999999433 -0.2187500000007068 0.0
0.453124999999939 -0.2343750000006676 0.0
0.4531249999999351 -0.2500000000006284 0.0
0.4531249999999308 -0.2656250000005891 0.0
0.4531249999999268 -0.2812500000005498 0.0
0.4531249999999227 -0.2968750000005106 0.0
0.4531249999999188 -0.3125000000004711 0.0
0.4531249999999148 -0.3281250000004319 0.0
0.4531249999999106 -0.3437500000003927 0.0
0.4531249999999066 -0.3593750000003534 0.0
0.4531249999999024 -0.3750000000003141 0.0
0.4531249999998983 -0.3906250000002748 0.0
0.4531249999998943 -0.4062500000002356 0.0
0.4531249999998903 -0.4218750000001962 0.0
0.4531249999998863 -0.4375000000001571 0.0
0.4531249999998823 -0.4531250000001178 0.0
0.453124999999878 -0.4687500000000786 0.0
0.453124999999874 -0.4843750000000392 0.0
0.4375000000001679 0.4843749999999621 0.0
0.4375000000001624 0.4687499999999242 0.0
0.437500000000157 0.4531249999998862 0.0
0.4375000000001515 0.4374999999998482 0.0
0.4375000000001462 0.4218749999998105 0.0
0.4375000000001409 0.4062499999997727 0.0
0.4375000000001353 0.3906249999997348 0.0
0.4375000000001301 0.3749999999996968 0.0
0.4375000000001245 0.3593749999996589 0.0
0.4375000000001191 0.343749999999621 0.0
0.4375000000001136 0.328124999999583 0.0
0.4375000000001085 0.312499999999545 0.0
0.4375000000001027 0.2968749999995073 0.0
0.4375000000000974 0.2812499999994695 0.0
0.4375000000000919 0.2656249999994316 0.0
0.4375000000000868 0.2499999999993936 0.0
0.4375000000000814 0.2343749999993556 0.0
0.4375000000000761 0.2187499999993179 0.0
0.4375000000000701 0.2031249999992801 0.0
0.4375000000000651 0.1874999999992422 0.0
0.4375000000000596 0.1718749999992042 0.0
0.4375000000000543 0.1562499999991662 0.0
0.4375000000000488 0.1406249999991285 0.0
0.4375000000000433 0.1249999999990904 0.0
0.437500000000038 0.1093749999990524 0.0
0.4375000000000325 0.09374999999901465 0.0
0.4375000000000271 0.0781249999989769 0.0
0.4375000000000216 0.06249999999893899 0.0
0.4375000000000164 0.04687499999890097 0.0
0.4375000000000109 0.03124999999886303 0.0
0.4375000000000054 0.01562499999882528 0.0
0.4374999999999999 -1.203266652982649e-12 0.0
0.4374999999999946 -0.01562500000117483 0.0
0.437499999999989 -0.03125000000113697 0.0
0.4374999999999837 -0.04687500000109911 0.0
0.4374999999999784 -0.06250000000106115 0.0
0.4374999999999729 -0.07812500000102333 0.0
0.4374999999999676 -0.09375000000098548 0.0
0.437499999999962 -0.1093750000009476 0.0
0.4374999999999567 -0.1250000000009096 0.0
0.4374999999999514 -0.1406250000008719 0.0
0.4374999999999458 -0.1562500000008339 0.0
0.4374999999999404 -0.1718750000007961 0.0
0.4374999999999351 -0.1875000000007582 0.0
0.4374999999999295 -0.2031250000007205 0.0
0.4374999999999243 -0.2187500000006824 0.0
0.4374999999999186 -0.2343750000006446 0.0
0.4374999999999136 -0.2500000000006066 0.0
0.4374999999999077 -0.2656250000005688 0.0
0.4374999999999024 -0.2812500000005308 0.0
0.4374999999998971 -0.2968750000004929 0.0
0.4374999999998916 -0.3125000000004551 0.0
0.4374999999998865 -0.3281250000004169 0.0
0.4374999999998807 -0.3437500000003791 0.0
0.4374999999998753 -0.3593750000003412 0.0
0.43749999999987 -0.3750000000003034 0.0
0.4374999999998646 -0.3906250000002653 0.0
0.4374999999998593 -0.4062500000002274 0.0
0.4374999999998536 -0.4218750000001895 0.0
0.4374999999998485 -0.4375000000001517 0.0
0.437499999999843 -0.4531250000001137 0.0
0.4374999999998377 -0.4687500000000757 0.0
0.4374999999998321 -0.4843750000000379 0.0
0.4218750000002099 0.4843749999999635 0.0
0.4218750000002031 0.4687499999999268 0.0
0.4218750000001962 0.4531249999998902 0.0
0.4218750000001895 0.4374999999998538 0.0
0.4218750000001829 0.4218749999998174 0.0
0.4218750000001759 0.4062499999997807 0.0
0.4218750000001693 0.3906249999997441 0.0
0.4218750000001624 0.3749999999997077 0.0
0.4218750000001558 0.3593749999996709 0.0
0.4218750000001491 0.3437499999996345 0.0
0.421875000000142 0.3281249999995981 0.0
0.4218750000001352 0.3124999999995615 0.0
0.4218750000001286 0.2968749999995248 0.0
0.4218750000001219 0.2812499999994884 0.0
0.421875000000115 0.2656249999994518 0.0
0.4218750000001084 0.2499999999994154 0.0
0.4218750000001016 0.2343749999993787 0.0
0.421875000000095 0.2187499999993421 0.0
0.421875000000088 0.2031249999993057 0.0
0.4218750000000812 0.1874999999992693 0.0
0.4218750000000745 0.1718749999992326 0.0
0.4218750000000678 0.156249999999196 0.0
0.4218750000000612 0.1406249999991596 0.0
0.421875000000054 0.1249999999991228 0.0
0.4218750000000474 0.1093749999990864 0.0
0.4218750000000408 0.09374999999905001 0.0
0.4218750000000338 0.07812499999901332 0.0
0.421875000000027 0.06249999999897669 0.0
0.4218750000000203 0.04687499999894028 0.0
0.4218750000000136 0.03124999999890389 0.0
0.4218750000000067 0.01562499999886724 0.0
0.4218749999999999 -1.160294083035751e-12 0.0
0.4218749999999932 -0.01562500000113286 0.0
0.4218749999999866 -0.03125000000109636 0.0
0.4218749999999797 -0.04687500000105983 0.0
0.4218749999999728 -0.06250000000102329 0.0
0.4218749999999662 -0.07812500000098681 0.0
0.4218749999999594 -0.0937500000009503 0.0
0.4218749999999526 -0.1093750000009138 0.0
0.4218749999999458 -0.1250000000008772 0.0
0.4218749999999392 -0.1406250000008407 0.0
0.4218749999999324 -0.1562500000008042 0.0
0.4218749999999255 -0.1718750000007677 0.0
0.4218749999999188 -0.1875000000007312 0.0
0.4218749999999119 -0.2031250000006947 0.0
0.4218749999999053 -0.218750000000658 0.0
0.4218749999998984 -0.2343750000006216 0.0
0.4218749999998916 -0.250000000000585 0.0
0.4218749999998849 -0.2656250000005485 0.0
0.4218749999998782 -0.2812500000005119 0.0
0.4218749999998713 -0.2968750000004753 0.0
0.4218749999998646 -0.3125000000004388 0.0
0.421874999999858 -0.3281250000004021 0.0
0.4218749999998508 -0.3437500000003657 0.0
0.4218749999998442 -0.3593750000003291 0.0
0.4218749999998376 -0.3750000000002924 0.0
0.4218749999998307 -0.3906250000002558 0.0
0.421874999999824 -0.4062500000002194 0.0
0.4218749999998171 -0.4218750000001827 0.0
0.4218749999998105 -0.4375000000001462 0.0
0.4218749999998037 -0.4531250000001097 0.0
0.4218749999997969 -0.4687500000000732 0.0
0.4218749999997901 -0.4843750000000366 0.0
0.406250000000252 0.4843749999999648 0.0
0.4062500000002437 0.4687499999999295 0.0
0.4062500000002354 0.4531249999998943 0.0
0.4062500000002274 0.4374999999998593 0.0
0.4062500000002193 0.421874999999824 0.0
0.4062500000002111 0.4062499999997887 0.0
0.4062500000002031 0.3906249999997536 0.0
0.4062500000001949 0.3749999999997186 0.0
0.4062500000001867 0.3593749999996831 0.0
0.4062500000001785 0.3437499999996481 0.0
0.4062500000001706 0.3281249999996128 0.0
0.4062500000001626 0.3124999999995777 0.0
0.4062500000001542 0.2968749999995426 0.0
0.4062500000001462 0.2812499999995073 0.0
0.4062500000001382 0.265624999999472 0.0
0.4062500000001299 0.2499999999994369 0.0
0.4062500000001217 0.2343749999994018 0.0
0.4062500000001137 0.2187499999993665 0.0
0.4062500000001054 0.2031249999993314 0.0
0.4062500000000974 0.1874999999992963 0.0
0.4062500000000894 0.171874999999261 0.0
0.4062500000000815 0.1562499999992258 0.0
0.4062500000000731 0.1406249999991906 0.0
0.4062500000000648 0.1249999999991555 0.0
0.406250000000057 0.1093749999991204 0.0
0.4062500000000487 0.09374999999908508 0.0
0.4062500000000406 0.07812499999904979 0.0
0.4062500000000325 0.06249999999901466 0.0
0.4062500000000244 0.04687499999897959 0.0
0.4062500000000163 0.03124999999894429 0.0
0.4062500000000081 0.01562499999890898 0.0
0.4062500000000001 -1.117328451982758e-12 0.0
0.4062499999999919 -0.01562500000109092 0.0
0.4062499999999836 -0.03125000000105581 0.0
0.4062499999999757 -0.04687500000102052 0.0
0.4062499999999675 -0.06250000000098543 0.0
0.4062499999999594 -0.0781250000009503 0.0
0.4062499999999514 -0.09375000000091512 0.0
0.4062499999999431 -0.1093750000008799 0.0
0.4062499999999351 -0.1250000000008448 0.0
0.4062499999999269 -0.1406250000008096 0.0
0.4062499999999189 -0.1562500000007744 0.0
0.4062499999999106 -0.1718750000007393 0.0
0.4062499999999027 -0.1875000000007041 0.0
0.4062499999998944 -0.203125000000669 0.0
0.4062499999998864 -0.2187500000006339 0.0
0.406249999999878 -0.2343750000005984 0.0
0.4062499999998702 -0.2500000000005634 0.0
0.4062499999998618 -0.2656250000005281 0.0
0.4062499999998538 -0.2812500000004929 0.0
0.4062499999998458 -0.2968750000004577 0.0
0.4062499999998374 -0.3125000000004225 0.0
0.4062499999998296 -0.3281250000003872 0.0
0.4062499999998211 -0.3437500000003521 0.0
0.4062499999998131 -0.3593750000003169 0.0
0.4062499999998052 -0.3750000000002816 0.0
0.4062499999997968 -0.3906250000002464 0.0
0.4062499999997889 -0.4062500000002112 0.0
0.4062499999997805 -0.4218750000001761 0.0
0.4062499999997727 -0.4375000000001408 0.0
0.4062499999997645 -0.4531250000001055 0.0
0.4062499999997563 -0.4687500000000704 0.0
0.4062499999997483 -0.4843750000000352 0.0
0.3906250000002939 0.4843749999999662 0.0
0.3906250000002841 0.4687499999999322 0.0
0.3906250000002748 0.4531249999998984 0.0
0.3906250000002655 0.4374999999998647 0.0
0.3906250000002557 0.4218749999998307 0.0
0.3906250000002464 0.4062499999997969 0.0
0.390625000000237 0.3906249999997632 0.0
0.3906250000002274 0.3749999999997292 0.0
0.3906250000002179 0.3593749999996954 0.0
0.3906250000002085 0.3437499999996616 0.0
0.3906250000001988 0.3281249999996279 0.0
0.3906250000001895 0.3124999999995939 0.0
0.3906250000001803 0.2968749999995599 0.0
0.3906250000001704 0.2812499999995264 0.0
0.3906250000001611 0.2656249999994924 0.0
0.3906250000001519 0.2499999999994584 0.0
0.390625000000142 0.2343749999994249 0.0
0.3906250000001327 0.2187499999993909 0.0
0.3906250000001235 0.203124999999357 0.0
0.3906250000001136 0.1874999999993234 0.0
0.3906250000001042 0.1718749999992895 0.0
0.390625000000095 0.1562499999992555 0.0
0.3906250000000852 0.140624999999222 0.0
0.3906250000000758 0.1249999999991879 0.0
0.3906250000000661 0.109374999999154 0.0
0.3906250000000567 0.09374999999912016 0.0
0.3906250000000474 0.0781249999990864 0.0
0.3906250000000377 0.06249999999905251 0.0
0.3906250000000286 0.04687499999901866 0.0
0.390625000000019 0.03124999999898492 0.0
0.3906250000000094 0.01562499999895118 0.0
0.3906250000000001 -1.074366290376716e-12 0.0
0.3906249999999906 -0.01562500000104893 0.0
0.390624999999981 -0.03125000000101519 0.0
0.3906249999999715 -0.04687500000098134 0.0
0.3906249999999621 -0.06250000000094745 0.0
0.3906249999999526 -0.07812500000091377 0.0
0.3906249999999431 -0.09375000000087991 0.0
0.3906249999999338 -0.1093750000008462 0.0
0.3906249999999243 -0.1250000000008123 0.0
0.3906249999999147 -0.1406250000007784 0.0
0.3906249999999054 -0.1562500000007447 0.0
0.3906249999998958 -0.1718750000007108 0.0
0.3906249999998864 -0.187500000000677 0.0
0.3906249999998768 -0.2031250000006432 0.0
0.3906249999998674 -0.2187500000006095 0.0
0.3906249999998579 -0.2343750000005755 0.0
0.3906249999998485 -0.2500000000005417 0.0
0.3906249999998389 -0.2656250000005078 0.0
0.3906249999998294 -0.281250000000474 0.0
0.39062499999982 -0.2968750000004401 0.0
0.3906249999998104 -0.3125000000004062 0.0
0.3906249999998012 -0.3281250000003724 0.0
0.3906249999997913 -0.3437500000003385 0.0
0.3906249999997821 -0.3593750000003046 0.0
0.3906249999997725 -0.3750000000002708 0.0
0.3906249999997631 -0.3906250000002369 0.0
0.3906249999997539 -0.4062500000002031 0.0
0.3906249999997441 -0.4218750000001691 0.0
0.3906249999997348 -0.4375000000001354 0.0
0.3906249999997254 -0.4531250000001015 0.0
0.3906249999997157 -0.4687500000000676 0.0
0.3906249999997063 -0.4843750000000339 0.0
0.3750000000003359 0.4843749999999675 0.0
0.375000000000325 0.4687499999999348 0.0
0.3750000000003141 0.4531249999999026 0.0
0.3750000000003034 0.43749999999987 0.0
0.3750000000002923 0.4218749999998376 0.0
0.3750000000002817 0.4062499999998052 0.0
0.3750000000002708 0.3906249999997725 0.0
0.3750000000002599 0.3749999999997401 0.0
0.3750000000002492 0.3593749999997076 0.0
0.3750000000002385 0.3437499999996751 0.0
0.3750000000002275 0.3281249999996425 0.0
0.3750000000002167 0.3124999999996101 0.0
0.3750000000002059 0.2968749999995777 0.0
0.3750000000001952 0.281249999999545 0.0
0.3750000000001841 0.2656249999995128 0.0
0.3750000000001733 0.2499999999994802 0.0
0.3750000000001624 0.2343749999994478 0.0
0.3750000000001517 0.2187499999994154 0.0
0.3750000000001409 0.2031249999993827 0.0
0.3750000000001298 0.1874999999993505 0.0
0.3750000000001194 0.1718749999993179 0.0
0.3750000000001084 0.1562499999992855 0.0
0.3750000000000976 0.140624999999253 0.0
0.3750000000000867 0.1249999999992205 0.0
0.3750000000000762 0.1093749999991879 0.0
0.3750000000000649 0.09374999999915547 0.0
0.3750000000000543 0.07812499999912301 0.0
0.3750000000000434 0.06249999999909039 0.0
0.3750000000000325 0.0468749999990582 0.0
0.3750000000000216 0.03124999999902557 0.0
0.3750000000000108 0.01562499999899291 0.0
0.3750000000000001 -1.031279228680404e-12 0.0
0.3749999999999892 -0.01562500000100699 0.0
0.3749999999999784 -0.03125000000097456 0.0
0.3749999999999677 -0.04687500000094214 0.0
0.3749999999999568 -0.0625000000009096 0.0
0.374999999999946 -0.07812500000087723 0.0
0.3749999999999352 -0.09375000000084473 0.0
0.3749999999999243 -0.1093750000008122 0.0
0.3749999999999136 -0.1250000000007797 0.0
0.3749999999999027 -0.1406250000007473 0.0
0.3749999999998919 -0.1562500000007149 0.0
0.3749999999998811 -0.1718750000006823 0.0
0.3749999999998701 -0.1875000000006499 0.0
0.374999999999859 -0.2031250000006175 0.0
0.3749999999998487 -0.218750000000585 0.0
0.3749999999998376 -0.2343750000005526 0.0
0.3749999999998268 -0.25000000000052 0.0
0.3749999999998157 -0.2656250000004876 0.0
0.374999999999805 -0.2812500000004551 0.0
0.3749999999997943 -0.2968750000004226 0.0
0.3749999999997834 -0.3125000000003899 0.0
0.3749999999997728 -0.3281250000003575 0.0
0.3749999999997616 -0.343750000000325 0.0
0.374999999999751 -0.3593750000002924 0.0
0.37499999999974 -0.37500000000026 0.0
0.3749999999997292 -0.3906250000002274 0.0
0.3749999999997186 -0.406250000000195 0.0
0.3749999999997073 -0.4218750000001624 0.0
0.374999999999697 -0.4375000000001299 0.0
0.374999999999686 -0.4531250000000975 0.0
0.3749999999996751 -0.468750000000065 0.0
0.3749999999996643 -0.4843750000000325 0.0
0.3593750000003778 0.4843749999999688 0.0
0.3593750000003655 0.4687499999999376 0.0
0.3593750000003535 0.4531249999999066 0.0
0.3593750000003411 0.4374999999998753 0.0
0.3593750000003291 0.4218749999998445 0.0
0.3593750000003166 0.4062499999998133 0.0
0.3593750000003046 0.3906249999997821 0.0
0.3593750000002924 0.374999999999751 0.0
0.3593750000002802 0.3593749999997198 0.0
0.3593750000002681 0.3437499999996885 0.0
0.3593750000002558 0.3281249999996576 0.0
0.3593750000002436 0.3124999999996263 0.0
0.3593750000002315 0.2968749999995954 0.0
0.3593750000002194 0.2812499999995641 0.0
0.3593750000002072 0.265624999999533 0.0
0.359375000000195 0.249999999999502 0.0
0.3593750000001827 0.2343749999994709 0.0
0.3593750000001705 0.2187499999994398 0.0
0.3593750000001586 0.2031249999994085 0.0
0.3593750000001463 0.1874999999993776 0.0
0.3593750000001341 0.1718749999993463 0.0
0.3593750000001219 0.1562499999993152 0.0
0.3593750000001096 0.1406249999992841 0.0
0.3593750000000978 0.1249999999992529 0.0
0.3593750000000853 0.1093749999992216 0.0
0.3593750000000733 0.09374999999919076 0.0
0.3593750000000608 0.07812499999915945 0.0
0.3593750000000486 0.06249999999912836 0.0
0.3593750000000364 0.04687499999909726 0.0
0.3593750000000244 0.0312499999990662 0.0
0.3593750000000122 0.0156249999990351 0.0
0.359375 -9.883274754152183e-13 0.0
0.3593749999999878 -0.01562500000096511 0.0
0.3593749999999756 -0.03125000000093393 0.0
0.3593749999999634 -0.04687500000090283 0.0
0.3593749999999512 -0.06250000000087173 0.0
0.3593749999999389 -0.07812500000084059 0.0
0.3593749999999267 -0.0937500000008095 0.0
0.3593749999999147 -0.1093750000007784 0.0
0.3593749999999025 -0.1250000000007473 0.0
0.3593749999998903 -0.1406250000007162 0.0
0.3593749999998781 -0.1562500000006851 0.0
0.3593749999998659 -0.1718750000006539 0.0
0.3593749999998537 -0.1875000000006229 0.0
0.3593749999998417 -0.2031250000005917 0.0
0.3593749999998293 -0.2187500000005606 0.0
0.3593749999998175 -0.2343750000005295 0.0
0.359374999999805 -0.2500000000004984 0.0
0.3593749999997931 -0.2656250000004671 0.0
0.3593749999997806 -0.2812500000004361 0.0
0.3593749999997686 -0.2968750000004049 0.0
0.3593749999997564 -0.3125000000003738 0.0
0.3593749999997441 -0.3281250000003426 0.0
0.359374999999732 -0.3437500000003114 0.0
0.3593749999997198 -0.3593750000002802 0.0
0.3593749999997076 -0.3750000000002491 0.0
0.3593749999996954 -0.3906250000002179 0.0
0.3593749999996831 -0.4062500000001867 0.0
0.3593749999996712 -0.4218750000001556 0.0
0.3593749999996588 -0.4375000000001246 0.0
0.3593749999996465 -0.4531250000000935 0.0
0.3593749999996345 -0.4687500000000623 0.0
0.3593749999996223 -0.4843750000000311 0.0
0.3437500000004199 0.4843749999999701 0.0
0.3437500000004061 0.4687499999999404 0.0
0.3437500000003928 0.4531249999999106 0.0
0.343750000000379 0.4374999999998809 0.0
0.3437500000003657 0.4218749999998511 0.0
0.343750000000352 0.4062499999998213 0.0
0.3437500000003386 0.3906249999997915 0.0
0.3437500000003251 0.3749999999997617 0.0
0.3437500000003115 0.3593749999997318 0.0
0.3437500000002978 0.3437499999997022 0.0
0.3437500000002844 0.3281249999996723 0.0
0.3437500000002707 0.3124999999996427 0.0
0.3437500000002573 0.2968749999996128 0.0
0.3437500000002435 0.2812499999995832 0.0
0.3437500000002302 0.2656249999995532 0.0
0.3437500000002169 0.2499999999995237 0.0
0.3437500000002032 0.2343749999994938 0.0
0.3437500000001896 0.2187499999994642 0.0
0.3437500000001761 0.2031249999994343 0.0
0.3437500000001625 0.1874999999994044 0.0
0.3437500000001489 0.1718749999993747 0.0
0.3437500000001354 0.156249999999345 0.0
0.3437500000001219 0.1406249999993152 0.0
0.3437500000001086 0.1249999999992853 0.0
0.3437500000000948 0.1093749999992556 0.0
0.3437500000000815 0.09374999999922587 0.0
0.3437500000000677 0.07812499999919609 0.0
0.3437500000000544 0.06249999999916633 0.0
0.3437500000000407 0.04687499999913657 0.0
0.3437500000000273 0.03124999999910684 0.0
0.3437500000000135 0.01562499999907686 0.0
0.3437500000000002 -9.453549054683208e-13 0.0
0.3437499999999865 -0.01562500000092314 0.0
0.3437499999999729 -0.0312500000008934 0.0
0.3437499999999594 -0.04687500000086364 0.0
0.3437499999999458 -0.06250000000083378 0.0
0.3437499999999323 -0.07812500000080409 0.0
0.3437499999999187 -0.09375000000077433 0.0
0.3437499999999052 -0.1093750000007446 0.0
0.3437499999998916 -0.1250000000007147 0.0
0.3437499999998781 -0.1406250000006851 0.0
0.3437499999998646 -0.1562500000006551 0.0
0.343749999999851 -0.1718750000006254 0.0
0.3437499999998375 -0.1875000000005958 0.0
0.3437499999998241 -0.203125000000566 0.0
0.3437499999998104 -0.2187500000005362 0.0
0.3437499999997971 -0.2343750000005065 0.0
0.3437499999997833 -0.2500000000004767 0.0
0.34374999999977 -0.2656250000004469 0.0
0.3437499999997565 -0.2812500000004171 0.0
0.3437499999997429 -0.2968750000003872 0.0
0.3437499999997292 -0.3125000000003575 0.0
0.3437499999997156 -0.3281250000003277 0.0
0.3437499999997022 -0.343750000000298 0.0
0.3437499999996887 -0.3593750000002681 0.0
0.3437499999996752 -0.3750000000002383 0.0
0.3437499999996616 -0.3906250000002085 0.0
0.3437499999996478 -0.4062500000001788 0.0
0.3437499999996346 -0.4218750000001489 0.0
0.3437499999996207 -0.4375000000001192 0.0
0.3437499999996074 -0.4531250000000894 0.0
0.3437499999995937 -0.4687500000000595 0.0
0.3437499999995803 -0.4843750000000298 0.0
0.3281250000004619 0.4843749999999715 0.0
0.3281250000004468 0.468749999999943 0.0
0.3281250000004321 0.4531249999999147 0.0
0.3281250000004171 0.4374999999998863 0.0
0.3281250000004021 0.4218749999998578 0.0
0.3281250000003872 0.4062499999998296 0.0
0.3281250000003724 0.3906249999998009 0.0
0.3281250000003575 0.3749999999997727 0.0
0.3281250000003426 0.3593749999997442 0.0
0.3281250000003277 0.3437499999997156 0.0
0.3281250000003126 0.3281249999996874 0.0
0.328125000000298 0.3124999999996587 0.0
0.3281250000002829 0.2968749999996305 0.0
0.3281250000002682 0.2812499999996021 0.0
0.3281250000002531 0.2656249999995737 0.0
0.3281250000002385 0.2499999999995453 0.0
0.3281250000002234 0.2343749999995168 0.0
0.3281250000002085 0.2187499999994884 0.0
0.3281250000001936 0.20312499999946 0.0
0.3281250000001787 0.1874999999994316 0.0
0.3281250000001638 0.1718749999994031 0.0
0.3281250000001489 0.1562499999993747 0.0
0.3281250000001341 0.1406249999993463 0.0
0.328125000000119 0.1249999999993178 0.0
0.3281250000001043 0.1093749999992895 0.0
0.3281250000000894 0.09374999999926094 0.0
0.3281250000000746 0.07812499999923272 0.0
0.3281250000000595 0.06249999999920409 0.0
0.3281250000000449 0.04687499999917587 0.0
0.3281250000000298 0.03124999999914724 0.0
0.3281250000000151 0.01562499999911904 0.0
0.3281250000000002 -9.023892744153272e-13 0.0
0.3281249999999852 -0.0156250000008812 0.0
0.3281249999999702 -0.03125000000085266 0.0
0.3281249999999554 -0.04687500000082434 0.0
0.3281249999999405 -0.06250000000079592 0.0
0.3281249999999253 -0.07812500000076757 0.0
0.3281249999999107 -0.09375000000073913 0.0
0.3281249999998956 -0.1093750000007107 0.0
0.328124999999881 -0.1250000000006823 0.0
0.3281249999998659 -0.1406250000006538 0.0
0.328124999999851 -0.1562500000006254 0.0
0.3281249999998361 -0.171875000000597 0.0
0.3281249999998213 -0.1875000000005687 0.0
0.3281249999998066 -0.2031250000005403 0.0
0.3281249999997915 -0.2187500000005118 0.0
0.3281249999997768 -0.2343750000004835 0.0
0.3281249999997617 -0.2500000000004551 0.0
0.328124999999747 -0.2656250000004267 0.0
0.3281249999997319 -0.2812500000003981 0.0
0.3281249999997171 -0.2968750000003697 0.0
0.3281249999997021 -0.3125000000003413 0.0
0.3281249999996871 -0.3281250000003127 0.0
0.3281249999996726 -0.3437500000002843 0.0
0.3281249999996576 -0.3593750000002559 0.0
0.3281249999996427 -0.3750000000002275 0.0
0.3281249999996277 -0.390625000000199 0.0
0.3281249999996128 -0.4062500000001705 0.0
0.3281249999995981 -0.4218750000001421 0.0
0.3281249999995829 -0.4375000000001137 0.0
0.3281249999995682 -0.4531250000000852 0.0
0.3281249999995532 -0.4687500000000568 0.0
0.3281249999995384 -0.4843750000000284 0.0
0.3125000000005038 0.4843749999999729 0.0
0.3125000000004874 0.4687499999999459 0.0
0.3125000000004714 0.4531249999999186 0.0
0.3125000000004549 0.4374999999998918 0.0
0.3125000000004388 0.4218749999998646 0.0
0.3125000000004226 0.4062499999998376 0.0
0.3125000000004063 0.3906249999998105 0.0
0.3125000000003902 0.3749999999997835 0.0
0.3125000000003737 0.3593749999997562 0.0
0.3125000000003577 0.3437499999997293 0.0
0.3125000000003413 0.328124999999702 0.0
0.3125000000003251 0.3124999999996751 0.0
0.3125000000003089 0.2968749999996481 0.0
0.3125000000002924 0.281249999999621 0.0
0.3125000000002764 0.2656249999995941 0.0
0.31250000000026 0.249999999999567 0.0
0.3125000000002436 0.2343749999995399 0.0
0.3125000000002276 0.2187499999995128 0.0
0.3125000000002112 0.2031249999994857 0.0
0.3125000000001952 0.1874999999994587 0.0
0.3125000000001787 0.1718749999994316 0.0
0.3125000000001628 0.1562499999994047 0.0
0.3125000000001463 0.1406249999993774 0.0
0.3125000000001301 0.1249999999993502 0.0
0.3125000000001139 0.1093749999993233 0.0
0.3125000000000975 0.09374999999929623 0.0
0.3125000000000813 0.07812499999926914 0.0
0.3125000000000651 0.06249999999924206 0.0
0.3125000000000488 0.04687499999921495 0.0
0.3125000000000327 0.03124999999918809 0.0
0.3125000000000164 0.01562499999916079 0.0
0.3125 -8.594236433623337e-13 0.0
0.3124999999999837 -0.01562500000083921 0.0
0.3124999999999675 -0.03125000000081211 0.0
0.3124999999999514 -0.04687500000078505 0.0
0.3124999999999352 -0.06250000000075807 0.0
0.312499999999919 -0.07812500000073103 0.0
0.3124999999999025 -0.09375000000070394 0.0
0.3124999999998863 -0.109375000000677 0.0
0.31249999999987 -0.1250000000006499 0.0
0.3124999999998538 -0.1406250000006228 0.0
0.3124999999998378 -0.1562500000005957 0.0
0.3124999999998213 -0.1718750000005686 0.0
0.3124999999998052 -0.1875000000005416 0.0
0.3124999999997891 -0.2031250000005145 0.0
0.3124999999997726 -0.2187500000004874 0.0
0.3124999999997566 -0.2343750000004603 0.0
0.3124999999997401 -0.2500000000004335 0.0
0.312499999999724 -0.2656250000004063 0.0
0.3124999999997076 -0.2812500000003793 0.0
0.3124999999996914 -0.2968750000003522 0.0
0.312499999999675 -0.3125000000003251 0.0
0.3124999999996587 -0.3281250000002979 0.0
0.3124999999996427 -0.3437500000002709 0.0
0.3124999999996265 -0.3593750000002438 0.0
0.31249999999961 -0.3750000000002166 0.0
0.3124999999995938 -0.3906250000001895 0.0
0.3124999999995774 -0.4062500000001625 0.0
0.3124999999995614 -0.4218750000001355 0.0
0.312499999999545 -0.4375000000001084 0.0
0.3124999999995288 -0.4531250000000813 0.0
0.3124999999995126 -0.4687500000000542 0.0
0.3124999999994964 -0.4843750000000271 0.0
0.2968750000005458 0.4843749999999741 0.0
0.296875000000528 0.4687499999999486 0.0
0.2968750000005105 0.4531249999999227 0.0
0.2968750000004929 0.4374999999998971 0.0
0.2968750000004752 0.4218749999998714 0.0
0.2968750000004579 0.4062499999998456 0.0
0.2968750000004401 0.3906249999998201 0.0
0.2968750000004225 0.3749999999997943 0.0
0.296875000000405 0.3593749999997686 0.0
0.2968750000003872 0.3437499999997427 0.0
0.2968750000003698 0.3281249999997171 0.0
0.2968750000003522 0.3124999999996914 0.0
0.2968750000003347 0.2968749999996658 0.0
0.2968750000003171 0.2812499999996401 0.0
0.2968750000002993 0.2656249999996143 0.0
0.2968750000002815 0.2499999999995886 0.0
0.2968750000002642 0.2343749999995628 0.0
0.2968750000002465 0.2187499999995373 0.0
0.2968750000002287 0.2031249999995115 0.0
0.2968750000002114 0.1874999999994857 0.0
0.2968750000001936 0.17187499999946 0.0
0.2968750000001763 0.1562499999994345 0.0
0.2968750000001585 0.1406249999994085 0.0
0.296875000000141 0.1249999999993828 0.0
0.2968750000001232 0.1093749999993571 0.0
0.2968750000001057 0.09374999999933152 0.0
0.2968750000000882 0.07812499999930556 0.0
0.2968750000000706 0.06249999999928002 0.0
0.2968750000000528 0.04687499999925428 0.0
0.2968750000000353 0.03124999999922851 0.0
0.2968750000000177 0.01562499999920298 0.0
0.296875 -8.164718900971479e-13 0.0
0.2968749999999825 -0.01562500000079724 0.0
0.2968749999999649 -0.0312500000007716 0.0
0.2968749999999474 -0.04687500000074585 0.0
0.2968749999999298 -0.06250000000072009 0.0
0.2968749999999121 -0.0781250000006945 0.0
0.2968749999998945 -0.09375000000066874 0.0
0.2968749999998769 -0.109375000000643 0.0
0.2968749999998592 -0.1250000000006174 0.0
0.2968749999998417 -0.1406250000005916 0.0
0.2968749999998241 -0.1562500000005659 0.0
0.2968749999998064 -0.1718750000005402 0.0
0.2968749999997888 -0.1875000000005145 0.0
0.2968749999997715 -0.2031250000004887 0.0
0.2968749999997535 -0.218750000000463 0.0
0.2968749999997362 -0.2343750000004374 0.0
0.2968749999997184 -0.2500000000004117 0.0
0.2968749999997009 -0.265625000000386 0.0
0.2968749999996834 -0.2812500000003603 0.0
0.2968749999996658 -0.2968750000003346 0.0
0.2968749999996482 -0.3125000000003088 0.0
0.2968749999996305 -0.328125000000283 0.0
0.296874999999613 -0.3437500000002572 0.0
0.2968749999995952 -0.3593750000002315 0.0
0.2968749999995776 -0.3750000000002058 0.0
0.29687499999956 -0.3906250000001801 0.0
0.2968749999995424 -0.4062500000001543 0.0
0.296874999999525 -0.4218750000001287 0.0
0.2968749999995073 -0.4375000000001028 0.0
0.2968749999994897 -0.4531250000000772 0.0
0.296874999999472 -0.4687500000000515 0.0
0.2968749999994544 -0.4843750000000258 0.0
0.2812500000005878 0.4843749999999755 0.0
0.2812500000005687 0.4687499999999512 0.0
0.2812500000005498 0.4531249999999268 0.0
0.2812500000005309 0.4374999999999024 0.0
0.2812500000005118 0.4218749999998781 0.0
0.2812500000004929 0.4062499999998538 0.0
0.2812500000004741 0.3906249999998294 0.0
0.281250000000455 0.3749999999998053 0.0
0.2812500000004361 0.3593749999997806 0.0
0.2812500000004172 0.3437499999997564 0.0
0.2812500000003981 0.328124999999732 0.0
0.2812500000003793 0.3124999999997076 0.0
0.2812500000003604 0.2968749999996834 0.0
0.2812500000003413 0.2812499999996589 0.0
0.2812500000003222 0.2656249999996345 0.0
0.2812500000003033 0.2499999999996103 0.0
0.2812500000002844 0.2343749999995859 0.0
0.2812500000002653 0.2187499999995615 0.0
0.2812500000002467 0.2031249999995373 0.0
0.2812500000002277 0.1874999999995128 0.0
0.2812500000002085 0.1718749999994884 0.0
0.2812500000001894 0.1562499999994642 0.0
0.2812500000001708 0.1406249999994398 0.0
0.2812500000001517 0.1249999999994155 0.0
0.2812500000001328 0.1093749999993908 0.0
0.2812500000001139 0.09374999999936663 0.0
0.2812500000000949 0.0781249999993424 0.0
0.2812500000000759 0.06249999999931777 0.0
0.2812500000000571 0.04687499999929357 0.0
0.281250000000038 0.03124999999926935 0.0
0.2812500000000191 0.01562499999924471 0.0
0.2812500000000002 -7.734923812563466e-13 0.0
0.2812499999999811 -0.01562500000075529 0.0
0.2812499999999623 -0.03125000000073098 0.0
0.2812499999999434 -0.04687500000070655 0.0
0.2812499999999243 -0.06250000000068223 0.0
0.2812499999999052 -0.07812500000065786 0.0
0.2812499999998863 -0.09375000000063366 0.0
0.2812499999998674 -0.1093750000006092 0.0
0.2812499999998483 -0.1250000000005848 0.0
0.2812499999998295 -0.1406250000005605 0.0
0.2812499999998106 -0.1562500000005362 0.0
0.2812499999997915 -0.1718750000005118 0.0
0.2812499999997726 -0.1875000000004875 0.0
0.2812499999997538 -0.203125000000463 0.0
0.2812499999997347 -0.2187500000004387 0.0
0.2812499999997158 -0.2343750000004146 0.0
0.2812499999996969 -0.25000000000039 0.0
0.2812499999996778 -0.2656250000003657 0.0
0.2812499999996588 -0.2812500000003413 0.0
0.2812499999996401 -0.2968750000003169 0.0
0.281249999999621 -0.3125000000002925 0.0
0.2812499999996021 -0.3281250000002681 0.0
0.2812499999995832 -0.3437500000002438 0.0
0.2812499999995641 -0.3593750000002194 0.0
0.2812499999995453 -0.375000000000195 0.0
0.2812499999995262 -0.3906250000001705 0.0
0.2812499999995073 -0.4062500000001462 0.0
0.2812499999994884 -0.421875000000122 0.0
0.2812499999994693 -0.4375000000000975 0.0
0.2812499999994504 -0.4531250000000732 0.0
0.2812499999994313 -0.4687500000000486 0.0
0.2812499999994125 -0.4843750000000243 0.0
0.2656250000006298 0.4843749999999768 0.0
0.2656250000006093 0.4687499999999539 0.0
0.2656250000005891 0.4531249999999311 0.0
0.2656250000005689 0.4374999999999079 0.0
0.2656250000005485 0.421874999999885 0.0
0.2656250000005283 0.406249999999862 0.0
0.265625000000508 0.3906249999998389 0.0
0.2656250000004876 0.3749999999998158 0.0
0.2656250000004672 0.3593749999997928 0.0
0.265625000000447 0.34374999999977 0.0
0.2656250000004268 0.3281249999997469 0.0
0.2656250000004063 0.312499999999724 0.0
0.265625000000386 0.2968749999997009 0.0
0.2656250000003657 0.2812499999996778 0.0
0.2656250000003455 0.2656249999996549 0.0
0.265625000000325 0.2499999999996321 0.0
0.2656250000003046 0.234374999999609 0.0
0.2656250000002844 0.2187499999995859 0.0
0.2656250000002642 0.203124999999563 0.0
0.2656250000002438 0.1874999999995399 0.0
0.2656250000002236 0.1718749999995168 0.0
0.2656250000002034 0.1562499999994939 0.0
0.265625000000183 0.1406249999994709 0.0
0.2656250000001625 0.1249999999994479 0.0
0.2656250000001421 0.1093749999994248 0.0
0.2656250000001219 0.0937499999994017 0.0
0.2656250000001017 0.07812499999937883 0.0
0.2656250000000813 0.06249999999935595 0.0
0.2656250000000611 0.04687499999933264 0.0
0.2656250000000406 0.03124999999930977 0.0
0.2656250000000204 0.01562499999928689 0.0
0.265625 -7.305128724155452e-13 0.0
0.2656249999999798 -0.0156250000007133 0.0
0.2656249999999595 -0.03125000000069032 0.0
0.2656249999999392 -0.04687500000066736 0.0
0.265624999999919 -0.06250000000064437 0.0
0.2656249999998985 -0.07812500000062138 0.0
0.2656249999998783 -0.09375000000059831 0.0
0.2656249999998579 -0.1093750000005753 0.0
0.2656249999998377 -0.1250000000005524 0.0
0.2656249999998174 -0.1406250000005293 0.0
0.2656249999997971 -0.1562500000005064 0.0
0.2656249999997768 -0.1718750000004834 0.0
0.2656249999997564 -0.1875000000004603 0.0
0.2656249999997362 -0.2031250000004374 0.0
0.2656249999997158 -0.2187500000004145 0.0
0.2656249999996956 -0.2343750000003914 0.0
0.2656249999996751 -0.2500000000003684 0.0
0.2656249999996549 -0.2656250000003454 0.0
0.2656249999996347 -0.2812500000003224 0.0
0.2656249999996141 -0.2968750000002993 0.0
0.2656249999995942 -0.3125000000002762 0.0
0.2656249999995737 -0.3281250000002533 0.0
0.2656249999995535 -0.3437500000002301 0.0
0.265624999999533 -0.3593750000002072 0.0
0.2656249999995128 -0.3750000000001842 0.0
0.2656249999994925 -0.3906250000001611 0.0
0.265624999999472 -0.4062500000001381 0.0
0.265624999999452 -0.421875000000115 0.0
0.2656249999994313 -0.4375000000000921 0.0
0.2656249999994111 -0.4531250000000691 0.0
0.265624999999391 -0.468750000000046 0.0
0.2656249999993705 -0.484375000000023 0.0
0.2500000000006716 0.4843749999999781 0.0
0.2500000000006499 0.4687499999999566 0.0
0.2500000000006284 0.4531249999999351 0.0
0.2500000000006069 0.4374999999999134 0.0
0.2500000000005851 0.4218749999998916 0.0
0.2500000000005633 0.4062499999998701 0.0
0.2500000000005418 0.3906249999998486 0.0
0.25000000000052 0.3749999999998268 0.0
0.2500000000004985 0.359374999999805 0.0
0.2500000000004767 0.3437499999997835 0.0
0.250000000000455 0.3281249999997617 0.0
0.2500000000004334 0.3124999999997402 0.0
0.2500000000004116 0.2968749999997184 0.0
0.2500000000003901 0.2812499999996969 0.0
0.2500000000003684 0.2656249999996754 0.0
0.2499999999996319 -0.2656250000003251 0.0
0.2499999999996103 -0.2812500000003033 0.0
0.2499999999995886 -0.2968750000002818 0.0
0.249999999999567 -0.31250000000026 0.0
0.2499999999995453 -0.3281250000002382 0.0
0.2499999999995237 -0.3437500000002167 0.0
0.249999999999502 -0.359375000000195 0.0
0.2499999999994804 -0.3750000000001733 0.0
0.2499999999994585 -0.3906250000001517 0.0
0.2499999999994368 -0.40625000000013 0.0
0.2499999999994153 -0.4218750000001084 0.0
0.2499999999993936 -0.4375000000000865 0.0
0.2499999999993718 -0.4531250000000651 0.0
0.2499999999993503 -0.4687500000000433 0.0
0.2499999999993287 -0.4843750000000215 0.0
0.2343750000007137 0.4843749999999796 0.0
0.2343750000006906 0.4687499999999591 0.0
0.2343750000006675 0.453124999999939 0.0
0.2343750000006447 0.4374999999999188 0.0
0.2343750000006217 0.4218749999998984 0.0
0.2343750000005986 0.4062499999998781 0.0
0.2343750000005756 0.3906249999998578 0.0
0.2343750000005524 0.3749999999998376 0.0
0.2343750000005293 0.3593749999998173 0.0
0.2343750000005064 0.3437499999997971 0.0
0.2343750000004836 0.3281249999997766 0.0
0.2343750000004605 0.3124999999997564 0.0
0.2343750000004374 0.2968749999997362 0.0
0.2343750000004143 0.281249999999716 0.0
0.2343750000003913 0.2656249999996956 0.0
0.2343750000003455 0.2343749999996549 0.0
0.2343750000003225 0.2187499999996347 0.0
0.2343750000002993 0.2031249999996145 0.0
0.2343750000002762 0.1874999999995941 0.0
0.2343750000002534 0.1718749999995737 0.0
0.2343750000002303 0.1562499999995535 0.0
0.2343750000002074 0.1406249999995333 0.0
0.2343750000001844 0.1249999999995127 0.0
0.2343750000001612 0.1093749999994925 0.0
0.2343750000001381 0.09374999999947232 0.0
0.2343750000001153 0.07812499999945188 0.0
0.2343750000000921 0.06249999999943147 0.0
0.2343750000000693 0.04687499999941123 0.0
0.2343750000000462 0.03124999999939104 0.0
0.2343750000000231 0.01562499999937084 0.0
0.2343750000000002 -6.445816103095581e-13 0.0
0.2343749999999771 -0.01562500000062951 0.0
0.2343749999999543 -0.03125000000060906 0.0
0.2343749999999312 -0.04687500000058886 0.0
0.2343749999999081 -0.06250000000056855 0.0
0.234374999999885 -0.07812500000054817 0.0
0.2343749999998621 -0.09375000000052797 0.0
0.234374999999839 -0.1093750000005078 0.0
0.2343749999998161 -0.1250000000004873 0.0
0.2343749999997931 -0.1406250000004671 0.0
0.2343749999997699 -0.1562500000004469 0.0
0.234374999999747 -0.1718750000004265 0.0
0.234374999999724 -0.1875000000004062 0.0
0.2343749999997009 -0.2031250000003861 0.0
0.2343749999996781 -0.2187500000003657 0.0
0.234374999999655 -0.2343750000003453 0.0
0.234374999999609 -0.2656250000003048 0.0
0.2343749999995859 -0.2812500000002844 0.0
0.2343749999995628 -0.2968750000002641 0.0
0.2343749999995399 -0.3125000000002439 0.0
0.2343749999995168 -0.3281250000002233 0.0
0.234374999999494 -0.3437500000002031 0.0
0.2343749999994709 -0.3593750000001829 0.0
0.2343749999994477 -0.3750000000001626 0.0
0.2343749999994248 -0.3906250000001421 0.0
0.2343749999994016 -0.406250000000122 0.0
0.2343749999993789 -0.4218750000001014 0.0
0.2343749999993557 -0.4375000000000813 0.0
0.2343749999993327 -0.453125000000061 0.0
0.2343749999993097 -0.4687500000000406 0.0
0.2343749999992868 -0.4843750000000202 0.0
0.2187500000007556 0.4843749999999809 0.0
0.2187500000007312 0.4687499999999619 0.0
0.2187500000007068 0.4531249999999429 0.0
0.2187500000006823 0.4374999999999242 0.0
0.2187500000006582 0.4218749999999054 0.0
0.2187500000006337 0.4062499999998863 0.0
0.2187500000006095 0.3906249999998673 0.0
0.2187500000005851 0.3749999999998483 0.0
0.2187500000005607 0.3593749999998295 0.0
0.2187500000005362 0.3437499999998106 0.0
0.2187500000005118 0.3281249999997915 0.0
0.2187500000004874 0.3124999999997726 0.0
0.2187500000004632 0.2968749999997538 0.0
0.2187500000004388 0.2812499999997347 0.0
0.2187500000004144 0.2656249999997158 0.0
0.2187500000003657 0.234374999999678 0.0
0.2187500000003413 0.2187499999996592 0.0
0.2187500000003168 0.20312499999964 0.0
0.2187500000002924 0.187499999999621 0.0
0.2187500000002683 0.1718749999996021 0.0
0.2187500000002438 0.1562499999995832 0.0
0.2187500000002196 0.1406249999995643 0.0
0.2187500000001952 0.1249999999995451 0.0
0.2187500000001708 0.1093749999995263 0.0
0.2187500000001463 0.0937499999995074 0.0
0.2187500000001219 0.07812499999948852 0.0
0.2187500000000975 0.06249999999946942 0.0
0.2187500000000733 0.04687499999945054 0.0
0.2187500000000488 0.03124999999943145 0.0
0.2187500000000245 0.01562499999941258 0.0
0.2187500000000002 -6.016298570443723e-13 0.0
0.2187499999999758 -0.01562500000058754 0.0
0.2187499999999514 -0.03125000000056855 0.0
0.2187499999999272 -0.04687500000054956 0.0
0.2187499999999027 -0.06250000000053058 0.0
0.2187499999998783 -0.07812500000051176 0.0
0.2187499999998539 -0.0937500000004927 0.0
0.2187499999998296 -0.1093750000004738 0.0
0.2187499999998053 -0.125000000000455 0.0
0.218749999999781 -0.140625000000436 0.0
0.2187499999997564 -0.156250000000417 0.0
0.2187499999997322 -0.171875000000398 0.0
0.2187499999997078 -0.1875000000003791 0.0
0.2187499999996834 -0.2031250000003603 0.0
0.218749999999659 -0.2187500000003413 0.0
0.2187499999996348 -0.2343750000003223 0.0
0.2187499999995859 -0.2656250000002846 0.0
0.2187499999995617 -0.2812500000002655 0.0
0.218749999999537 -0.2968750000002465 0.0
0.2187499999995131 -0.3125000000002276 0.0
0.2187499999994884 -0.3281250000002086 0.0
0.218749999999464 -0.3437500000001896 0.0
0.2187499999994398 -0.3593750000001705 0.0
0.2187499999994154 -0.3750000000001517 0.0
0.218749999999391 -0.3906250000001327 0.0
0.2187499999993665 -0.4062500000001137 0.0
0.2187499999993423 -0.4218750000000949 0.0
0.2187499999993179 -0.4375000000000757 0.0
0.2187499999992934 -0.4531250000000568 0.0
0.218749999999269 -0.468750000000038 0.0
0.2187499999992449 -0.4843750000000189 0.0
0.2031250000007976 0.4843749999999823 0.0
0.2031250000007718 0.4687499999999647 0.0
0.203125000000746 0.453124999999947 0.0
0.2031250000007203 0.4374999999999294 0.0
0.2031250000006946 0.4218749999999121 0.0
0.2031250000006688 0.4062499999998944 0.0
0.2031250000006433 0.390624999999877 0.0
0.2031250000006175 0.3749999999998593 0.0
0.2031250000005917 0.3593749999998417 0.0
0.2031250000005662 0.3437499999998241 0.0
0.2031250000005405 0.3281249999998064 0.0
0.2031250000005147 0.3124999999997888 0.0
0.2031250000004889 0.2968749999997713 0.0
0.2031250000004632 0.2812499999997538 0.0
0.2031250000004374 0.2656249999997362 0.0
0.2031250000003859 0.2343749999997011 0.0
0.2031250000003602 0.2187499999996834 0.0
0.2031250000003344 0.2031249999996658 0.0
0.2031250000003089 0.1874999999996481 0.0
0.2031250000002831 0.1718749999996305 0.0
0.2031250000002573 0.156249999999613 0.0
0.2031250000002316 0.1406249999995954 0.0
0.2031250000002061 0.1249999999995776 0.0
0.2031250000001803 0.10937499999956 0.0
0.2031250000001545 0.09374999999954248 0.0
0.2031250000001288 0.07812499999952494 0.0
0.203125000000103 0.06249999999950741 0.0
0.2031250000000773 0.04687499999948984 0.0
0.2031250000000515 0.03124999999947231 0.0
0.2031250000000258 0.01562499999945477 0.0
0.2031250000000002 -5.586781037791866e-13 0.0
0.2031249999999745 -0.01562500000054556 0.0
0.2031249999999487 -0.03125000000052791 0.0
0.2031249999999232 -0.04687500000051026 0.0
0.2031249999998974 -0.06250000000049273 0.0
0.2031249999998716 -0.07812500000047513 0.0
0.2031249999998459 -0.09375000000045756 0.0
0.2031249999998201 -0.10937500000044 0.0
0.2031249999997944 -0.1250000000004226 0.0
0.2031249999997686 -0.140625000000405 0.0
0.2031249999997429 -0.1562500000003872 0.0
0.2031249999997173 -0.1718750000003697 0.0
0.2031249999996916 -0.1875000000003522 0.0
0.2031249999996658 -0.2031250000003346 0.0
0.2031249999996401 -0.2187500000003169 0.0
0.2031249999996143 -0.2343750000002993 0.0
0.203124999999563 -0.2656250000002641 0.0
0.2031249999995372 -0.2812500000002465 0.0
0.2031249999995113 -0.2968750000002289 0.0
0.203124999999486 -0.3125000000002113 0.0
0.20312499999946 -0.3281250000001936 0.0
0.2031249999994343 -0.3437500000001761 0.0
0.2031249999994087 -0.3593750000001585 0.0
0.2031249999993829 -0.3750000000001407 0.0
0.203124999999357 -0.3906250000001232 0.0
0.2031249999993315 -0.4062500000001056 0.0
0.2031249999993058 -0.4218750000000879 0.0
0.2031249999992799 -0.4375000000000704 0.0
0.2031249999992541 -0.4531250000000529 0.0
0.2031249999992284 -0.4687500000000352 0.0
0.2031249999992028 -0.4843750000000175 0.0
0.1875000000008396 0.4843749999999837 0.0
0.1875000000008125 0.4687499999999675 0.0
0.1875000000007854 0.4531249999999512 0.0
0.1875000000007583 0.4374999999999349 0.0
0.1875000000007312 0.4218749999999186 0.0
0.1875000000007041 0.4062499999999024 0.0
0.187500000000677 0.3906249999998862 0.0
0.18750000000065 0.3749999999998699 0.0
0.1875000000006229 0.3593749999998539 0.0
0.1875000000005957 0.3437499999998375 0.0
0.1875000000005686 0.3281249999998213 0.0
0.1875000000005416 0.3124999999998053 0.0
0.1875000000005145 0.2968749999997891 0.0
0.1875000000004874 0.2812499999997728 0.0
0.1875000000004603 0.2656249999997564 0.0
0.1875000000004062 0.234374999999724 0.0
0.187500000000379 0.2187499999997078 0.0
0.1875000000003521 0.2031249999996916 0.0
0.1875000000003251 0.1874999999996754 0.0
0.187500000000298 0.1718749999996589 0.0
0.1875000000002708 0.1562499999996427 0.0
0.1875000000002438 0.1406249999996265 0.0
0.1875000000002169 0.1249999999996102 0.0
0.1875000000001898 0.109374999999594 0.0
0.1875000000001628 0.09374999999957777 0.0
0.1875000000001357 0.07812499999956136 0.0
0.1875000000001084 0.06249999999954513 0.0
0.1875000000000813 0.04687499999952895 0.0
0.1875000000000542 0.03124999999951271 0.0
0.1875000000000271 0.01562499999949651 0.0
0.1875000000000002 -5.156985949383852e-13 0.0
0.1874999999999731 -0.01562500000050349 0.0
0.187499999999946 -0.03125000000048729 0.0
0.187499999999919 -0.04687500000047105 0.0
0.1874999999998919 -0.06250000000045484 0.0
0.1874999999998648 -0.0781250000004387 0.0
0.1874999999998377 -0.09375000000042256 0.0
0.1874999999998105 -0.1093750000004062 0.0
0.1874999999997836 -0.1250000000003898 0.0
0.1874999999997564 -0.1406250000003738 0.0
0.1874999999997293 -0.1562500000003575 0.0
0.1874999999997025 -0.1718750000003412 0.0
0.1874999999996751 -0.1875000000003251 0.0
0.1874999999996483 -0.2031250000003088 0.0
0.1874999999996212 -0.2187500000002925 0.0
0.1874999999995941 -0.2343750000002764 0.0
0.1874999999995399 -0.2656250000002438 0.0
0.1874999999995129 -0.2812500000002276 0.0
0.1874999999994856 -0.2968750000002114 0.0
0.1874999999994589 -0.3125000000001949 0.0
0.1874999999994316 -0.3281250000001787 0.0
0.1874999999994044 -0.3437500000001625 0.0
0.1874999999993776 -0.3593750000001462 0.0
0.1874999999993505 -0.3750000000001301 0.0
0.1874999999993233 -0.3906250000001137 0.0
0.1874999999992961 -0.4062500000000975 0.0
0.1874999999992693 -0.4218750000000813 0.0
0.1874999999992419 -0.4375000000000651 0.0
0.1874999999992151 -0.4531250000000486 0.0
0.1874999999991879 -0.4687500000000324 0.0
0.1874999999991609 -0.4843750000000162 0.0
0.1718750000008813 0.4843749999999851 0.0
0.1718750000008529 0.4687499999999702 0.0
0.1718750000008245 0.4531249999999553 0.0
0.171875000000796 0.4374999999999404 0.0
0.1718750000007676 0.4218749999999255 0.0
0.1718750000007392 0.4062499999999106 0.0
0.1718750000007108 0.3906249999998958 0.0
0.1718750000006823 0.3749999999998811 0.0
0.1718750000006539 0.3593749999998659 0.0
0.1718750000006255 0.343749999999851 0.0
0.1718750000005971 0.3281249999998361 0.0
0.1718750000005687 0.3124999999998213 0.0
0.1718750000005402 0.2968749999998064 0.0
0.1718750000005118 0.2812499999997915 0.0
0.1718750000004834 0.2656249999997766 0.0
0.1718750000004266 0.2343749999997469 0.0
0.1718750000003982 0.218749999999732 0.0
0.1718750000003697 0.2031249999997171 0.0
0.1718750000003413 0.1874999999997022 0.0
0.1718750000003129 0.1718749999996874 0.0
0.1718750000002844 0.1562499999996725 0.0
0.1718750000002558 0.1406249999996576 0.0
0.1718750000002276 0.1249999999996428 0.0
0.1718750000001992 0.109374999999628 0.0
0.1718750000001708 0.0937499999996131 0.0
0.1718750000001423 0.07812499999959822 0.0
0.1718750000001137 0.06249999999958333 0.0
0.1718750000000853 0.04687499999956846 0.0
0.1718750000000569 0.03124999999955358 0.0
0.1718750000000284 0.01562499999953848 0.0
0.171875 -4.727190860975838e-13 0.0
0.1718749999999718 -0.01562500000046164 0.0
0.1718749999999434 -0.03125000000044677 0.0
0.171874999999915 -0.04687500000043189 0.0
0.1718749999998865 -0.06250000000041701 0.0
0.1718749999998579 -0.078125000000402 0.0
0.1718749999998295 -0.09375000000038712 0.0
0.171874999999801 -0.1093750000003722 0.0
0.1718749999997726 -0.1250000000003574 0.0
0.1718749999997442 -0.1406250000003426 0.0
0.1718749999997158 -0.1562500000003277 0.0
0.1718749999996873 -0.1718750000003129 0.0
0.1718749999996589 -0.187500000000298 0.0
0.1718749999996305 -0.2031250000002831 0.0
0.1718749999996021 -0.2187500000002682 0.0
0.1718749999995737 -0.2343750000002534 0.0
0.1718749999995169 -0.2656250000002235 0.0
0.1718749999994886 -0.2812500000002086 0.0
0.17187499999946 -0.2968750000001938 0.0
0.1718749999994317 -0.3125000000001788 0.0
0.1718749999994032 -0.3281250000001639 0.0
0.1718749999993748 -0.343750000000149 0.0
0.1718749999993463 -0.3593750000001342 0.0
0.1718749999993179 -0.3750000000001192 0.0
0.1718749999992893 -0.3906250000001042 0.0
0.171874999999261 -0.4062500000000894 0.0
0.1718749999992328 -0.4218750000000744 0.0
0.1718749999992042 -0.4375000000000595 0.0
0.1718749999991758 -0.4531250000000446 0.0
0.1718749999991473 -0.4687500000000298 0.0
0.1718749999991189 -0.4843750000000149 0.0
0.156250000000923 0.4843749999999865 0.0
0.1562500000008933 0.4687499999999729 0.0
0.1562500000008635 0.4531249999999595 0.0
0.1562500000008338 0.4374999999999459 0.0
0.156250000000804 0.4218749999999324 0.0
0.1562500000007743 0.406249999999919 0.0
0.1562500000007445 0.3906249999999054 0.0
0.1562500000007147 0.3749999999998916 0.0
0.156250000000685 0.3593749999998781 0.0
0.1562500000006553 0.3437499999998646 0.0
0.1562500000006255 0.328124999999851 0.0
0.1562500000005958 0.3124999999998377 0.0
0.156250000000566 0.2968749999998241 0.0
0.1562500000005362 0.2812499999998106 0.0
0.1562500000005065 0.2656249999997971 0.0
0.1562500000004467 0.23437499999977 0.0
0.156250000000417 0.2187499999997564 0.0
0.1562500000003873 0.2031249999997429 0.0
0.1562500000003575 0.1874999999997293 0.0
0.1562500000003277 0.1718749999997158 0.0
0.156250000000298 0.1562499999997022 0.0
0.156250000000268 0.1406249999996887 0.0
0.1562500000002383 0.1249999999996753 0.0
0.1562500000002085 0.1093749999996617 0.0
0.1562500000001787 0.09374999999964816 0.0
0.156250000000149 0.07812499999963463 0.0
0.1562500000001192 0.06249999999962107 0.0
0.1562500000000895 0.04687499999960754 0.0
0.1562500000000597 0.03124999999959399 0.0
0.15625000000003 0.01562499999958046 0.0
0.1562500000000002 -4.297534550445903e-13 0.0
0.1562499999999705 -0.01562500000041966 0.0
0.1562499999999407 -0.03125000000040611 0.0
0.156249999999911 -0.04687500000039257 0.0
0.156249999999881 -0.06250000000037903 0.0
0.1562499999998512 -0.07812500000036558 0.0
0.1562499999998215 -0.09375000000035207 0.0
0.1562499999997917 -0.1093750000003385 0.0
0.156249999999762 -0.125000000000325 0.0
0.1562499999997322 -0.1406250000003114 0.0
0.1562499999997025 -0.1562500000002979 0.0
0.1562499999996725 -0.1718750000002845 0.0
0.1562499999996427 -0.1875000000002709 0.0
0.156249999999613 -0.2031250000002573 0.0
0.1562499999995832 -0.2187500000002438 0.0
0.1562499999995535 -0.2343750000002303 0.0
0.1562499999994939 -0.2656250000002031 0.0
0.1562499999994642 -0.2812500000001896 0.0
0.1562499999994342 -0.2968750000001761 0.0
0.1562499999994047 -0.3125000000001625 0.0
0.1562499999993748 -0.328125000000149 0.0
0.156249999999345 -0.3437500000001354 0.0
0.1562499999993152 -0.3593750000001218 0.0
0.1562499999992855 -0.3750000000001084 0.0
0.1562499999992556 -0.3906250000000948 0.0
0.1562499999992257 -0.4062500000000813 0.0
0.1562499999991962 -0.4218750000000677 0.0
0.1562499999991662 -0.4375000000000542 0.0
0.1562499999991365 -0.4531250000000406 0.0
0.1562499999991067 -0.4687500000000271 0.0
0.156249999999077 -0.4843750000000134 0.0
0.140625000000965 0.4843749999999878 0.0
0.1406250000009339 0.4687499999999757 0.0
0.1406250000009028 0.4531249999999636 0.0
0.1406250000008718 0.4374999999999512 0.0
0.1406250000008406 0.421874999999939 0.0
0.1406250000008096 0.4062499999999269 0.0
0.1406250000007785 0.3906249999999146 0.0
0.1406250000007474 0.3749999999999024 0.0
0.1406250000007161 0.3593749999998903 0.0
0.140625000000685 0.3437499999998781 0.0
0.1406250000006539 0.3281249999998661 0.0
0.1406250000006226 0.3124999999998539 0.0
0.1406250000005915 0.2968749999998417 0.0
0.1406250000005604 0.2812499999998297 0.0
0.1406250000005293 0.2656249999998175 0.0
0.1406250000004672 0.2343749999997931 0.0
0.1406250000004359 0.2187499999997808 0.0
0.1406250000004048 0.2031249999997686 0.0
0.1406250000003737 0.1874999999997564 0.0
0.1406250000003426 0.1718749999997442 0.0
0.1406250000003115 0.156249999999732 0.0
0.1406250000002802 0.1406249999997198 0.0
0.1406250000002491 0.1249999999997077 0.0
0.140625000000218 0.1093749999996955 0.0
0.140625000000187 0.09374999999968327 0.0
0.1406250000001557 0.07812499999967103 0.0
0.1406250000001246 0.06249999999965883 0.0
0.1406250000000935 0.0468749999996466 0.0
0.1406250000000624 0.03124999999963461 0.0
0.1406250000000313 0.01562499999962243 0.0
0.140625 -3.868017017794045e-13 0.0
0.1406249999999689 -0.0156250000003777 0.0
0.1406249999999378 -0.03125000000036549 0.0
0.1406249999999067 -0.04687500000035327 0.0
0.1406249999998757 -0.06250000000034119 0.0
0.1406249999998446 -0.07812500000032907 0.0
0.1406249999998135 -0.09375000000031684 0.0
0.1406249999997822 -0.1093750000003046 0.0
0.1406249999997511 -0.1250000000002925 0.0
0.14062499999972 -0.1406250000002805 0.0
0.1406249999996889 -0.1562500000002683 0.0
0.1406249999996576 -0.171875000000256 0.0
0.1406249999996265 -0.1875000000002438 0.0
0.1406249999995954 -0.2031250000002316 0.0
0.1406249999995643 -0.2187500000002195 0.0
0.1406249999995333 -0.2343750000002072 0.0
0.1406249999994708 -0.265625000000183 0.0
0.1406249999994398 -0.2812500000001708 0.0
0.1406249999994085 -0.2968750000001585 0.0
0.1406249999993776 -0.3125000000001464 0.0
0.1406249999993463 -0.3281250000001341 0.0
0.1406249999993152 -0.3437500000001219 0.0
0.1406249999992841 -0.3593750000001097 0.0
0.1406249999992531 -0.3750000000000974 0.0
0.140624999999222 -0.3906250000000852 0.0
0.1406249999991907 -0.4062500000000732 0.0
0.1406249999991598 -0.421875000000061 0.0
0.1406249999991283 -0.4375000000000487 0.0
0.1406249999990972 -0.4531250000000366 0.0
0.1406249999990662 -0.4687500000000243 0.0
0.140624999999035 -0.4843750000000122 0.0
0.1250000000010071 0.4843749999999892 0.0
0.1250000000009747 0.4687499999999785 0.0
0.1250000000009422 0.4531249999999675 0.0
0.1250000000009096 0.4374999999999565 0.0
0.1250000000008772 0.4218749999999457 0.0
0.1250000000008445 0.4062499999999349 0.0
0.1250000000008121 0.3906249999999242 0.0
0.1250000000007798 0.3749999999999135 0.0
0.1250000000007473 0.3593749999999025 0.0
0.1250000000007149 0.3437499999998916 0.0
0.1250000000006822 0.328124999999881 0.0
0.1250000000006498 0.3124999999998701 0.0
0.1250000000006171 0.2968749999998592 0.0
0.1250000000005847 0.2812499999998486 0.0
0.1250000000005524 0.2656249999998377 0.0
0.1250000000004873 0.2343749999998161 0.0
0.1250000000004548 0.2187499999998053 0.0
0.1250000000004224 0.2031249999997944 0.0
0.1250000000003898 0.1874999999997835 0.0
0.1250000000003573 0.1718749999997726 0.0
0.125000000000325 0.156249999999762 0.0
0.1250000000002925 0.1406249999997511 0.0
0.1250000000002599 0.1249999999997401 0.0
0.1250000000002275 0.1093749999997292 0.0
0.1250000000001948 0.09374999999971857 0.0
0.1250000000001624 0.07812499999970769 0.0
0.12500000000013 0.06249999999969702 0.0
0.1250000000000976 0.04687499999968613 0.0
0.1250000000000649 0.03124999999967527 0.0
0.1250000000000325 0.01562499999966439 0.0
0.1249999999999999 -3.437250484239485e-13 0.0
0.1249999999999675 -0.01562500000033573 0.0
0.1249999999999351 -0.03125000000032485 0.0
0.1249999999999026 -0.04687500000031408 0.0
0.1249999999998702 -0.06250000000030331 0.0
0.1249999999998376 -0.07812500000029245 0.0
0.1249999999998053 -0.09375000000028177 0.0
0.1249999999997729 -0.1093750000002709 0.0
0.1249999999997402 -0.1250000000002599 0.0
0.1249999999997078 -0.1406250000002493 0.0
0.1249999999996753 -0.1562500000002385 0.0
0.1249999999996428 -0.1718750000002275 0.0
0.1249999999996102 -0.1875000000002167 0.0
0.1249999999995778 -0.2031250000002059 0.0
0.1249999999995451 -0.2187500000001951 0.0
0.1249999999995127 -0.2343750000001843 0.0
0.1249999999994479 -0.2656250000001626 0.0
0.1249999999994152 -0.2812500000001518 0.0
0.1249999999993828 -0.2968750000001409 0.0
0.1249999999993502 -0.3125000000001301 0.0
0.1249999999993178 -0.3281250000001192 0.0
0.1249999999992853 -0.3437500000001084 0.0
0.1249999999992529 -0.3593750000000975 0.0
0.1249999999992205 -0.3750000000000867 0.0
0.124999999999188 -0.3906250000000758 0.0
0.1249999999991555 -0.406250000000065 0.0
0.1249999999991228 -0.4218750000000542 0.0
0.1249999999990906 -0.4375000000000433 0.0
0.124999999999058 -0.4531250000000324 0.0
0.1249999999990253 -0.4687500000000215 0.0
0.1249999999989929 -0.4843750000000109 0.0
0.109375000001049 0.4843749999999906 0.0
0.1093750000010153 0.468749999999981 0.0
0.1093750000009814 0.4531249999999714 0.0
0.1093750000009476 0.437499999999962 0.0
0.1093750000009136 0.4218749999999526 0.0
0.1093750000008798 0.4062499999999433 0.0
0.109375000000846 0.3906249999999336 0.0
0.1093750000008123 0.3749999999999243 0.0
0.1093750000007784 0.3593749999999147 0.0
0.1093750000007444 0.3437499999999052 0.0
0.1093750000007107 0.3281249999998959 0.0
0.1093750000006769 0.3124999999998863 0.0
0.1093750000006432 0.296874999999877 0.0
0.1093750000006092 0.2812499999998674 0.0
0.1093750000005752 0.2656249999998581 0.0
0.1093750000005077 0.234374999999839 0.0
0.1093750000004737 0.2187499999998297 0.0
0.10937500000044 0.2031249999998201 0.0
0.1093750000004062 0.1874999999998106 0.0
0.1093750000003722 0.171874999999801 0.0
0.1093750000003385 0.1562499999997917 0.0
0.1093750000003046 0.1406249999997822 0.0
0.1093750000002708 0.1249999999997725 0.0
0.1093750000002368 0.1093749999997632 0.0
0.1093750000002031 0.09374999999975386 0.0
0.1093750000001693 0.07812499999974433 0.0
0.1093750000001353 0.06249999999973477 0.0
0.1093750000001016 0.04687499999972523 0.0
0.1093750000000678 0.03124999999971567 0.0
0.1093750000000339 0.01562499999970635 0.0
0.1093750000000001 -3.007455395831471e-13 0.0
0.1093749999999664 -0.01562500000029378 0.0
0.1093749999999324 -0.03125000000028433 0.0
0.1093749999998986 -0.04687500000027489 0.0
0.1093749999998646 -0.06250000000026536 0.0
0.109374999999831 -0.07812500000025602 0.0
0.109374999999797 -0.09375000000024648 0.0
0.1093749999997633 -0.1093750000002369 0.0
0.1093749999997295 -0.1250000000002276 0.0
0.1093749999996955 -0.1406250000002181 0.0
0.1093749999996617 -0.1562500000002087 0.0
0.1093749999996279 -0.1718750000001992 0.0
0.109374999999594 -0.1875000000001898 0.0
0.1093749999995602 -0.2031250000001801 0.0
0.1093749999995262 -0.2187500000001708 0.0
0.1093749999994925 -0.2343750000001614 0.0
0.1093749999994248 -0.2656250000001423 0.0
0.1093749999993908 -0.2812500000001328 0.0
0.1093749999993573 -0.2968750000001232 0.0
0.1093749999993231 -0.3125000000001138 0.0
0.1093749999992893 -0.3281250000001044 0.0
0.1093749999992556 -0.3437500000000948 0.0
0.1093749999992218 -0.3593750000000852 0.0
0.1093749999991878 -0.3750000000000757 0.0
0.109374999999154 -0.3906250000000664 0.0
0.1093749999991204 -0.4062500000000568 0.0
0.1093749999990864 -0.4218750000000474 0.0
0.1093749999990526 -0.437500000000038 0.0
0.1093749999990187 -0.4531250000000284 0.0
0.1093749999989849 -0.4687500000000189 0.0
0.109374999998951 -0.4843750000000096 0.0
0.09375000000109099 0.484374999999992 0.0
0.09375000000105593 0.4687499999999838 0.0
0.09375000000102063 0.4531249999999755 0.0
0.09375000000098535 0.4374999999999675 0.0
0.09375000000095021 0.4218749999999595 0.0
0.09375000000091513 0.4062499999999513 0.0
0.09375000000087982 0.390624999999943 0.0
0.09375000000084455 0.3749999999999353 0.0
0.09375000000080946 0.3593749999999269 0.0
0.09375000000077441 0.343749999999919 0.0
0.0937500000007391 0.3281249999999107 0.0
0.09375000000070377 0.3124999999999025 0.0
0.09375000000066872 0.2968749999998945 0.0
0.09375000000063363 0.2812499999998863 0.0
0.09375000000059833 0.2656249999998783 0.0
0.09375000000052791 0.2343749999998621 0.0
0.09375000000049286 0.2187499999998539 0.0
0.09375000000045752 0.2031249999998459 0.0
0.09375000000042241 0.1874999999998377 0.0
0.09375000000038711 0.1718749999998295 0.0
0.09375000000035208 0.1562499999998215 0.0
0.09375000000031675 0.1406249999998133 0.0
0.09375000000028166 0.1249999999998052 0.0
0.09375000000024636 0.1093749999997972 0.0
0.09375000000021129 0.09374999999978896 0.0
0.09375000000017598 0.07812499999978074 0.0
0.09375000000014087 0.06249999999977253 0.0
0.0937500000001056 0.04687499999976454 0.0
0.09375000000007049 0.03124999999975654 0.0
0.0937500000000352 0.01562499999974831 0.0
0.09375000000000012 -2.578076641057692e-13 0.0
0.09374999999996482 -0.01562500000025181 0.0
0.09374999999992972 -0.03125000000024369 0.0
0.09374999999989464 -0.04687500000023559 0.0
0.09374999999985935 -0.06250000000022736 0.0
0.09374999999982413 -0.0781250000002194 0.0
0.09374999999978906 -0.09375000000021139 0.0
0.09374999999975364 -0.1093750000002031 0.0
0.09374999999971859 -0.1250000000001949 0.0
0.09374999999968327 -0.140625000000187 0.0
0.09374999999964816 -0.1562500000001789 0.0
0.09374999999961312 -0.1718750000001707 0.0
0.09374999999957774 -0.1875000000001627 0.0
0.09374999999954248 -0.2031250000001544 0.0
0.0937499999995074 -0.2187500000001464 0.0
0.09374999999947235 -0.2343750000001383 0.0
0.0937499999994017 -0.2656250000001221 0.0
0.09374999999936638 -0.2812500000001139 0.0
0.0937499999993315 -0.2968750000001057 0.0
0.0937499999992962 -0.3125000000000976 0.0
0.09374999999926092 -0.3281250000000894 0.0
0.09374999999922581 -0.3437500000000813 0.0
0.09374999999919076 -0.3593750000000731 0.0
0.09374999999915531 -0.3750000000000651 0.0
0.09374999999912023 -0.3906250000000568 0.0
0.09374999999908509 -0.4062500000000487 0.0
0.09374999999904976 -0.4218750000000406 0.0
0.09374999999901487 -0.4375000000000324 0.0
0.09374999999897937 -0.4531250000000243 0.0
0.0937499999989443 -0.4687500000000162 0.0
0.09374999999890897 -0.4843750000000081 0.0
0.07812500000113295 0.4843749999999931 0.0
0.07812500000109632 0.4687499999999862 0.0
0.07812500000105971 0.4531249999999799 0.0
0.07812500000102332 0.437499999999973 0.0
0.07812500000098688 0.4218749999999661 0.0
0.07812500000095027 0.4062499999999593 0.0
0.0781250000009136 0.3906249999999526 0.0
0.07812500000087721 0.374999999999946 0.0
0.07812500000084058 0.3593749999999392 0.0
0.07812500000080391 0.3437499999999323 0.0
0.07812500000076752 0.3281249999999256 0.0
0.07812500000073105 0.312499999999919 0.0
0.07812500000069447 0.2968749999999121 0.0
0.07812500000065778 0.2812499999999054 0.0
0.07812500000062139 0.2656249999998987 0.0
0.07812500000054814 0.234374999999885 0.0
0.0781250000005117 0.2187499999998783 0.0
0.07812500000047504 0.2031249999998717 0.0
0.07812500000043868 0.1874999999998648 0.0
0.07812500000040198 0.1718749999998579 0.0
0.07812500000036557 0.1562499999998512 0.0
0.07812500000032893 0.1406249999998446 0.0
0.07812500000029232 0.1249999999998378 0.0
0.0781250000002559 0.1093749999998309 0.0
0.07812500000021924 0.09374999999982403 0.0
0.07812500000018285 0.07812499999981715 0.0
0.07812500000014622 0.06249999999981071 0.0
0.07812500000010957 0.04687499999980384 0.0
0.07812500000007318 0.03124999999979695 0.0
0.07812500000003653 0.01562499999979028 0.0
0.07812500000000012 -2.148420330527756e-13 0.0
0.07812499999996347 -0.01562500000020983 0.0
0.07812499999992707 -0.03125000000020305 0.0
0.07812499999989043 -0.04687500000019627 0.0
0.07812499999985402 -0.06250000000018953 0.0
0.07812499999981738 -0.07812500000018273 0.0
0.07812499999978076 -0.09375000000017608 0.0
0.07812499999974429 -0.1093750000001694 0.0
0.0781249999997077 -0.1250000000001626 0.0
0.07812499999967124 -0.1406250000001559 0.0
0.07812499999963463 -0.156250000000149 0.0
0.0781249999995982 -0.1718750000001424 0.0
0.07812499999956157 -0.1875000000001356 0.0
0.07812499999952494 -0.2031250000001288 0.0
0.07812499999948852 -0.218750000000122 0.0
0.07812499999945188 -0.2343750000001152 0.0
0.07812499999937883 -0.2656250000001017 0.0
0.07812499999934217 -0.2812500000000948 0.0
0.0781249999993058 -0.2968750000000882 0.0
0.07812499999926914 -0.3125000000000812 0.0
0.0781249999992325 -0.3281250000000745 0.0
0.07812499999919609 -0.3437500000000677 0.0
0.07812499999915945 -0.359375000000061 0.0
0.0781249999991229 -0.3750000000000542 0.0
0.07812499999908618 -0.3906250000000474 0.0
0.07812499999904995 -0.4062500000000406 0.0
0.07812499999901332 -0.4218750000000338 0.0
0.07812499999897693 -0.4375000000000271 0.0
0.0781249999989403 -0.4531250000000202 0.0
0.07812499999890367 -0.4687500000000135 0.0
0.0781249999988672 -0.4843750000000068 0.0
0.06250000000117492 0.4843749999999944 0.0
0.06250000000113701 0.468749999999989 0.0
0.06250000000109901 0.453124999999984 0.0
0.06250000000106129 0.4374999999999782 0.0
0.06250000000102329 0.4218749999999728 0.0
0.06250000000098532 0.4062499999999675 0.0
0.06250000000094746 0.390624999999962 0.0
0.0625000000009096 0.3749999999999566 0.0
0.06250000000087161 0.3593749999999512 0.0
0.06250000000083389 0.343749999999946 0.0
0.06250000000079589 0.3281249999999405 0.0
0.06250000000075792 0.3124999999999352 0.0
0.06250000000072023 0.2968749999999296 0.0
0.06250000000068223 0.2812499999999243 0.0
0.06250000000064423 0.265624999999919 0.0
0.06250000000056855 0.2343749999999081 0.0
0.0625000000005306 0.2187499999999027 0.0
0.06250000000049283 0.2031249999998974 0.0
0.06250000000045483 0.1874999999998919 0.0
0.06250000000041689 0.1718749999998863 0.0
0.06250000000037914 0.156249999999881 0.0
0.0625000000003412 0.1406249999998757 0.0
0.06250000000030317 0.1249999999998702 0.0
0.06250000000026523 0.1093749999998647 0.0
0.06250000000022746 0.09374999999985911 0.0
0.06250000000018954 0.078124999999854 0.0
0.06250000000015155 0.06249999999984845 0.0
0.0625000000001138 0.0468749999998429 0.0
0.06250000000007583 0.03124999999983757 0.0
0.06250000000003786 0.01562499999983225 0.0
0.0624999999999999 -1.71876401999782e-13 0.0
0.06249999999996214 -0.01562500000016788 0.0
0.06249999999992441 -0.03125000000016244 0.0
0.06249999999988644 -0.04687500000015699 0.0
0.06249999999984845 -0.06250000000015166 0.0
0.06249999999981075 -0.07812500000014633 0.0
0.06249999999977275 -0.09375000000014098 0.0
0.06249999999973477 -0.1093750000001355 0.0
0.06249999999969701 -0.1250000000001302 0.0
0.06249999999965902 -0.1406250000001248 0.0
0.06249999999962105 -0.1562500000001192 0.0
0.06249999999958319 -0.1718750000001139 0.0
0.06249999999954538 -0.1875000000001085 0.0
0.06249999999950741 -0.203125000000103 0.0
0.06249999999946942 -0.2187500000000975 0.0
0.06249999999943171 -0.2343750000000922 0.0
0.06249999999935573 -0.2656250000000813 0.0
0.06249999999931777 -0.2812500000000759 0.0
0.06249999999928002 -0.2968750000000705 0.0
0.06249999999924193 -0.3125000000000651 0.0
0.06249999999920411 -0.3281250000000596 0.0
0.06249999999916631 -0.3437500000000542 0.0
0.06249999999912836 -0.3593750000000487 0.0
0.06249999999909064 -0.3750000000000432 0.0
0.0624999999990524 -0.3906250000000379 0.0
0.06249999999901489 -0.4062500000000325 0.0
0.06249999999897669 -0.4218750000000271 0.0
0.06249999999893896 -0.4375000000000216 0.0
0.062499999998901 -0.4531250000000162 0.0
0.06249999999886299 -0.4687500000000108 0.0
0.06249999999882527 -0.4843750000000053 0.0
0.04687500000121694 0.4843749999999959 0.0
0.04687500000117761 0.4687499999999918 0.0
0.04687500000113831 0.4531249999999879 0.0
0.04687500000109926 0.4374999999999838 0.0
0.04687500000105971 0.4218749999999797 0.0
0.0468750000010206 0.4062499999999757 0.0
0.04687500000098135 0.3906249999999715 0.0
0.04687500000094205 0.3749999999999677 0.0
0.04687500000090294 0.3593749999999636 0.0
0.04687500000086361 0.3437499999999594 0.0
0.04687500000082434 0.3281249999999554 0.0
0.04687500000078507 0.3124999999999514 0.0
0.04687500000074571 0.2968749999999472 0.0
0.04687500000070668 0.2812499999999432 0.0
0.04687500000066736 0.2656249999999392 0.0
0.04687500000058895 0.2343749999999312 0.0
0.04687500000054948 0.2187499999999269 0.0
0.0468750000005104 0.203124999999923 0.0
0.04687500000047104 0.187499999999919 0.0
0.04687500000043177 0.1718749999999147 0.0
0.04687500000039269 0.1562499999999107 0.0
0.04687500000035341 0.1406249999999067 0.0
0.04687500000031408 0.1249999999999026 0.0
0.046875000000275 0.1093749999998984 0.0
0.04687500000023545 0.09374999999989464 0.0
0.04687500000019615 0.07812499999989042 0.0
0.0468750000001571 0.0624999999998862 0.0
0.04687500000011779 0.04687499999988243 0.0
0.04687500000007851 0.03124999999987822 0.0
0.04687500000003919 0.01562499999987421 0.0
0.04687500000000011 -1.288968931589807e-13 0.0
0.04687499999996082 -0.01562500000012591 0.0
0.04687499999992149 -0.03125000000012189 0.0
0.04687499999988243 -0.04687500000011779 0.0
0.04687499999984314 -0.0625000000001137 0.0
0.0468749999998038 -0.07812500000010969 0.0
0.04687499999976449 -0.0937500000001057 0.0
0.04687499999972525 -0.1093750000001017 0.0
0.04687499999968611 -0.1250000000000974 0.0
0.04687499999964687 -0.1406250000000935 0.0
0.04687499999960765 -0.1562500000000895 0.0
0.04687499999956832 -0.1718750000000855 0.0
0.0468749999995292 -0.1875000000000814 0.0
0.04687499999948982 -0.2031250000000774 0.0
0.04687499999945051 -0.2187500000000733 0.0
0.04687499999941122 -0.2343750000000691 0.0
0.04687499999933289 -0.2656250000000611 0.0
0.04687499999929357 -0.281250000000057 0.0
0.04687499999925429 -0.2968750000000528 0.0
0.04687499999921495 -0.3125000000000489 0.0
0.04687499999917566 -0.3281250000000447 0.0
0.04687499999913655 -0.3437500000000406 0.0
0.04687499999909726 -0.3593750000000365 0.0
0.04687499999905797 -0.3750000000000325 0.0
0.04687499999901891 -0.3906250000000284 0.0
0.04687499999897959 -0.4062500000000244 0.0
0.04687499999894007 -0.4218750000000203 0.0
0.04687499999890123 -0.4375000000000162 0.0
0.04687499999886166 -0.4531250000000122 0.0
0.0468749999988224 -0.4687500000000082 0.0
0.04687499999878331 -0.484375000000004 0.0
0.03125000000125885 0.4843749999999972 0.0
0.03125000000121803 0.4687499999999946 0.0
0.03125000000117775 0.453124999999992 0.0
0.03125000000113695 0.437499999999989 0.0
0.03125000000109637 0.4218749999999866 0.0
0.03125000000105596 0.4062499999999837 0.0
0.03125000000101508 0.390624999999981 0.0
0.03125000000097466 0.3749999999999784 0.0
0.03125000000093403 0.3593749999999756 0.0
0.0312500000008934 0.3437499999999729 0.0
0.03125000000085276 0.3281249999999702 0.0
0.0312500000008121 0.3124999999999676 0.0
0.03125000000077152 0.2968749999999649 0.0
0.03125000000073083 0.2812499999999623 0.0
0.03125000000069045 0.2656249999999596 0.0
0.03125000000060921 0.2343749999999543 0.0
0.03125000000056855 0.2187499999999514 0.0
0.03125000000052791 0.2031249999999487 0.0
0.0312500000004873 0.187499999999946 0.0
0.03125000000044664 0.1718749999999432 0.0
0.03125000000040604 0.1562499999999405 0.0
0.0312500000003656 0.1406249999999378 0.0
0.03125000000032496 0.1249999999999351 0.0
0.03125000000028433 0.1093749999999322 0.0
0.03125000000024369 0.09374999999992972 0.0
0.03125000000020303 0.07812499999992684 0.0
0.03125000000016245 0.06249999999992439 0.0
0.03125000000012176 0.04687499999992151 0.0
0.03125000000008116 0.03124999999991884 0.0
0.03125000000004073 0.01562499999991619 0.0
0.0312500000000001 -8.594513989379493e-14 0.0
0.03124999999995947 -0.01562500000008393 0.0
0.03124999999991884 -0.03125000000008127 0.0
0.03124999999987822 -0.04687500000007862 0.0
0.0312499999998378 -0.06250000000007583 0.0
0.03124999999979713 -0.07812500000007327 0.0
0.03124999999975656 -0.09375000000007039 0.0
0.03124999999971592 -0.1093750000000677 0.0
0.03124999999967534 -0.1250000000000651 0.0
0.03124999999963474 -0.1406250000000624 0.0
0.0312499999995941 -0.1562500000000598 0.0
0.03124999999955336 -0.1718750000000571 0.0
0.0312499999995127 -0.1875000000000543 0.0
0.03124999999947231 -0.2031250000000517 0.0
0.03124999999943168 -0.218750000000049 0.0
0.03124999999939104 -0.2343750000000462 0.0
0.03124999999930978 -0.2656250000000407 0.0
0.03124999999926917 -0.281250000000038 0.0
0.03124999999922851 -0.2968750000000353 0.0
0.0312499999991879 -0.3125000000000326 0.0
0.03124999999914724 -0.3281250000000299 0.0
0.03124999999910683 -0.3437500000000271 0.0
0.03124999999906621 -0.3593750000000245 0.0
0.03124999999902559 -0.3750000000000218 0.0
0.03124999999898516 -0.390625000000019 0.0
0.0312499999989445 -0.4062500000000162 0.0
0.03124999999890362 -0.4218750000000135 0.0
0.03124999999886303 -0.4375000000000109 0.0
0.03124999999882239 -0.4531250000000081 0.0
0.03124999999878199 -0.4687500000000053 0.0
0.03124999999874133 -0.4843750000000027 0.0
0.01562500000130082 0.4843749999999987 0.0
0.01562500000125888 0.4687499999999972 0.0
0.01562500000121692 0.4531249999999959 0.0
0.01562500000117473 0.4374999999999948 0.0
0.01562500000113295 0.4218749999999932 0.0
0.01562500000109082 0.4062499999999917 0.0
0.01562500000104908 0.3906249999999906 0.0
0.01562500000100708 0.3749999999999892 0.0
0.01562500000096512 0.3593749999999878 0.0
0.01562500000092315 0.3437499999999865 0.0
0.01562500000088121 0.3281249999999851 0.0
0.01562500000083919 0.3124999999999838 0.0
0.01562500000079725 0.2968749999999825 0.0
0.01562500000075528 0.2812499999999811 0.0
0.01562500000071329 0.2656249999999798 0.0
0.01562500000062939 0.2343749999999771 0.0
0.01562500000058742 0.2187499999999758 0.0
0.01562500000054542 0.2031249999999745 0.0
0.01562500000050349 0.1874999999999731 0.0
0.01562500000046152 0.1718749999999716 0.0
0.01562500000041953 0.1562499999999705 0.0
0.01562500000037759 0.1406249999999689 0.0
0.01562500000033584 0.1249999999999675 0.0
0.01562500000029365 0.1093749999999664 0.0
0.01562500000025188 0.0937499999999648 0.0
0.01562500000020972 0.07812499999996347 0.0
0.01562500000016775 0.06249999999996214 0.0
0.01562500000012579 0.04687499999996081 0.0
0.01562500000008404 0.03124999999995948 0.0
0.01562500000004208 0.01562499999995792 0.0
0.01562500000000011 -4.296563105299356e-14 0.0
0.01562499999995814 -0.01562500000004197 0.0
0.01562499999991618 -0.03125000000004063 0.0
0.01562499999987421 -0.0468750000000393 0.0
0.01562499999983225 -0.06250000000003797 0.0
0.01562499999979028 -0.07812500000003662 0.0
0.01562499999974831 -0.09375000000003529 0.0
0.01562499999970646 -0.109375000000034 0.0
0.01562499999966446 -0.1250000000000327 0.0
0.0156249999996225 -0.1406250000000313 0.0
0.01562499999958047 -0.15625000000003 0.0
0.01562499999953848 -0.1718750000000286 0.0
0.01562499999949651 -0.1875000000000273 0.0
0.01562499999945477 -0.2031250000000259 0.0
0.0156249999994128 -0.2187500000000246 0.0
0.01562499999937084 -0.2343750000000233 0.0
0.01562499999928688 -0.2656250000000204 0.0
0.01562499999924471 -0.2812500000000191 0.0
0.01562499999920277 -0.2968750000000178 0.0
0.0156249999991608 -0.3125000000000163 0.0
0.01562499999911902 -0.3281250000000149 0.0
0.01562499999907704 -0.3437500000000135 0.0
0.01562499999903509 -0.3593750000000122 0.0
0.01562499999899315 -0.3750000000000109 0.0
0.01562499999895119 -0.3906250000000096 0.0
0.01562499999890923 -0.4062500000000082 0.0
0.01562499999886704 -0.4218750000000068 0.0
0.01562499999882507 -0.4375000000000054 0.0
0.01562499999878328 -0.4531250000000039 0.0
0.01562499999874136 -0.4687500000000027 0.0
0.0156249999986994 -0.4843750000000013 0.0
1.332156607247725e-12 0.4843749999999999 0.0
1.289218731770347e-12 0.4687500000000001 0.0
1.246197589566123e-12 0.4531249999999999 0.0
1.203259714088745e-12 0.4375000000000001 0.0
1.160294083035751e-12 0.4218749999999999 0.0
1.117328451982758e-12 0.4062500000000001 0.0
1.074362820929764e-12 0.3906249999999999 0.0
1.031258411998692e-12 0.3750000000000001 0.0
9.883205365213144e-13 0.359375 0.0
9.454381721951677e-13 0.34375 0.0
9.023892744153272e-13 0.328125 0.0
8.595069100891806e-13 0.3125000000000002 0.0
8.164857678849557e-13 0.296875 0.0
7.735756479831934e-13 0.2812500000000002 0.0
7.30526750203353e-13 0.2656250000000002 0.0
6.445677325217503e-13 0.2343750000000002 0.0
6.017686349224505e-13 0.2187500000000002 0.0
5.586919815669944e-13 0.2031250000000002 0.0
5.155598170603071e-13 0.1875000000000002 0.0
4.72705208309776e-13 0.171875 0.0
4.296840661055512e-13 0.1562500000000002 0.0
3.868017017794045e-13 0.140625 0.0
3.437250484239485e-13 0.1250000000000001 0.0
3.007316617953393e-13 0.1093750000000001 0.0
2.57821541893577e-13 0.09374999999999989 0.0
2.148559108405834e-13 0.07812500000000011 0.0
1.718902797875899e-13 0.06249999999999989 0.0
1.288968931589807e-13 0.04687500000000011 0.0
8.595901768160275e-14 0.03124999999999989 0.0
4.296563105299356e-14 0.01562500000000011 0.0
0.0 0.0 0.0
-4.307665335545607e-14 -0.015625 0.0
-8.595901768160275e-14 -0.03124999999999999 0.0
-1.287858708565182e-13 -0.046875 0.0
-1.718347686363586e-13 -0.06250000000000001 0.0
-2.149114219918147e-13 -0.07812500000000022 0.0
-2.57821541893577e-13 -0.09375000000000022 0.0
-3.007316617953393e-13 -0.1093750000000002 0.0
-3.438985207715461e-13 -0.1250000000000003 0.0
-3.86766139948147e-13 -0.1406250000000002 0.0
-4.296198813369401e-13 -0.1562500000000002 0.0
-4.726817895428503e-13 -0.1718750000000002 0.0
-5.156985949383852e-13 -0.1875000000000002 0.0
-5.586919815669944e-13 -0.2031250000000002 0.0
-6.016298570443723e-13 -0.2187500000000001 0.0
-6.445677325217503e-13 -0.2343750000000002 0.0
-7.305128724155452e-13 -0.2656250000000002 0.0
-7.734923812563466e-13 -0.2812500000000001 0.0
-8.164857678849557e-13 -0.2968750000000001 0.0
-8.594826239605169e-13 -0.3124999999999999 0.0
-9.023892744153272e-13 -0.328125 0.0
-9.453549054683208e-13 -0.34375 0.0
-9.883344143091222e-13 -0.359375 0.0
-1.031369434301155e-12 -0.3749999999999999 0.0
-1.074369759823668e-12 -0.390625 0.0
-1.117231307468103e-12 -0.40625 0.0
-1.160294083035751e-12 -0.421875 0.0
-1.203273591876552e-12 -0.4375 0.0
-1.246151619394009e-12 -0.453125 0.0
-1.289151944916522e-12 -0.46875 0.0
-1.332158341971201e-12 -0.4843750000000001 0.0
-0.0156249999986994 0.4843750000000013 0.0
-0.01562499999874126 0.4687500000000028 0.0
-0.01562499999878333 0.4531250000000039 0.0
-0.01562499999882527 0.4375000000000054 0.0
-0.01562499999886724 0.4218750000000068 0.0
-0.01562499999890907 0.4062500000000081 0.0
-0.01562499999895109 0.3906250000000097 0.0
-0.015624999998993 0.3750000000000108 0.0
-0.01562499999903499 0.3593750000000122 0.0
-0.01562499999907696 0.3437500000000135 0.0
-0.01562499999911893 0.3281250000000149 0.0
-0.01562499999916087 0.3125000000000164 0.0
-0.01562499999920286 0.2968750000000178 0.0
-0.01562499999924485 0.2812500000000191 0.0
-0.01562499999928679 0.2656250000000204 0.0
-0.0156249999993707 0.2343750000000231 0.0
-0.01562499999941266 0.2187500000000246 0.0
-0.01562499999945463 0.2031250000000258 0.0
-0.01562499999949651 0.1875000000000273 0.0
-0.01562499999953848 0.1718750000000284 0.0
-0.01562499999958047 0.15625000000003 0.0
-0.0156249999996223 0.1406250000000313 0.0
-0.01562499999966441 0.1250000000000325 0.0
-0.01562499999970635 0.1093750000000339 0.0
-0.01562499999974831 0.09375000000003542 0.0
-0.01562499999979017 0.07812500000003653 0.0
-0.01562499999983211 0.06250000000003808 0.0
-0.01562499999987407 0.04687500000003919 0.0
-0.01562499999991607 0.03125000000004075 0.0
-0.01562499999995803 0.01562500000004186 0.0
-0.01562500000000011 4.296563105299356e-14 0.0
-0.01562500000004197 -0.01562499999995803 0.0
-0.01562500000008393 -0.03124999999995948 0.0
-0.01562500000012593 -0.0468749999999608 0.0
-0.015625000000168 -0.06249999999996213 0.0
-0.01562500000020994 -0.07812499999996357 0.0
-0.01562500000025185 -0.09374999999996492 0.0
-0.01562500000029379 -0.1093749999999662 0.0
-0.01562500000033573 -0.1249999999999676 0.0
-0.0156250000003777 -0.1406249999999691 0.0
-0.01562500000041964 -0.1562499999999705 0.0
-0.01562500000046152 -0.1718749999999718 0.0
-0.01562500000050362 -0.1874999999999731 0.0
-0.01562500000054556 -0.2031249999999744 0.0
-0.01562500000058756 -0.2187499999999758 0.0
-0.01562500000062952 -0.2343749999999771 0.0
-0.01562500000071344 -0.2656249999999798 0.0
-0.01562500000075531 -0.2812499999999811 0.0
-0.01562500000079724 -0.2968749999999825 0.0
-0.0156250000008392 -0.3124999999999837 0.0
-0.01562500000088121 -0.3281249999999851 0.0
-0.01562500000092314 -0.3437499999999865 0.0
-0.01562500000096501 -0.3593749999999878 0.0
-0.0156250000010071 -0.3749999999999892 0.0
-0.01562500000104892 -0.3906249999999906 0.0
-0.01562500000109093 -0.4062499999999919 0.0
-0.01562500000113286 -0.4218749999999932 0.0
-0.01562500000117482 -0.4374999999999946 0.0
-0.01562500000121677 -0.4531249999999958 0.0
-0.01562500000125869 -0.4687499999999973 0.0
-0.01562500000130077 -0.4843749999999986 0.0
-0.03124999999874123 0.4843750000000027 0.0
-0.03124999999878189 0.4687500000000056 0.0
-0.03124999999882253 0.453125000000008 0.0
-0.03124999999886313 0.4375000000000108 0.0
-0.03124999999890379 0.4218750000000137 0.0
-0.03124999999894437 0.4062500000000161 0.0
-0.03124999999898492 0.390625000000019 0.0
-0.03124999999902553 0.3750000000000219 0.0
-0.03124999999906622 0.3593750000000244 0.0
-0.03124999999910669 0.3437500000000271 0.0
-0.03124999999914732 0.3281250000000298 0.0
-0.03124999999918798 0.3125000000000326 0.0
-0.03124999999922864 0.2968750000000353 0.0
-0.03124999999926925 0.281250000000038 0.0
-0.0312499999993098 0.2656250000000409 0.0
-0.03124999999939096 0.2343750000000462 0.0
-0.03124999999943159 0.2187500000000488 0.0
-0.03124999999947217 0.2031250000000515 0.0
-0.03124999999951283 0.1875000000000544 0.0
-0.03124999999955336 0.1718750000000568 0.0
-0.03124999999959391 0.1562500000000597 0.0
-0.03124999999963451 0.1406250000000624 0.0
-0.03124999999967515 0.1250000000000652 0.0
-0.03124999999971578 0.1093750000000676 0.0
-0.03124999999975644 0.0937500000000705 0.0
-0.03124999999979702 0.07812500000007316 0.0
-0.03124999999983757 0.06250000000007583 0.0
-0.03124999999987824 0.04687500000007871 0.0
-0.03124999999991873 0.03125000000008116 0.0
-0.03124999999995937 0.01562500000008404 0.0
-0.03125 8.593126210598712e-14 0.0
-0.03125000000004063 -0.01562499999991618 0.0
-0.03125000000008127 -0.03124999999991884 0.0
-0.03125000000012187 -0.04687499999992152 0.0
-0.03125000000016256 -0.06249999999992427 0.0
-0.03125000000020303 -0.07812499999992695 0.0
-0.03125000000024364 -0.09374999999992982 0.0
-0.03125000000028433 -0.1093749999999325 0.0
-0.03125000000032496 -0.1249999999999351 0.0
-0.0312500000003655 -0.1406249999999378 0.0
-0.03125000000040609 -0.1562499999999407 0.0
-0.03125000000044664 -0.1718749999999434 0.0
-0.03125000000048739 -0.187499999999946 0.0
-0.03125000000052802 -0.2031249999999487 0.0
-0.03125000000056863 -0.2187499999999514 0.0
-0.03125000000060905 -0.2343749999999541 0.0
-0.03125000000069031 -0.2656249999999596 0.0
-0.03125000000073085 -0.2812499999999623 0.0
-0.03125000000077151 -0.2968749999999649 0.0
-0.0312500000008121 -0.3124999999999676 0.0
-0.03125000000085276 -0.3281249999999702 0.0
-0.0312500000008934 -0.3437499999999729 0.0
-0.03125000000093395 -0.3593749999999756 0.0
-0.03125000000097466 -0.3749999999999785 0.0
-0.03125000000101519 -0.3906249999999812 0.0
-0.03125000000105581 -0.4062499999999838 0.0
-0.03125000000109637 -0.4218749999999865 0.0
-0.03125000000113697 -0.4374999999999891 0.0
-0.03125000000117756 -0.4531249999999918 0.0
-0.03125000000121815 -0.4687499999999944 0.0
-0.03125000000125875 -0.4843749999999971 0.0
-0.0468749999987832 0.484375000000004 0.0
-0.0468749999988225 0.4687500000000082 0.0
-0.04687499999886177 0.4531250000000124 0.0
-0.0468749999989011 0.4375000000000163 0.0
-0.04687499999894026 0.4218750000000203 0.0
-0.04687499999897951 0.4062500000000245 0.0
-0.04687499999901878 0.3906250000000283 0.0
-0.04687499999905811 0.3750000000000325 0.0
-0.04687499999909742 0.3593750000000364 0.0
-0.04687499999913655 0.3437500000000406 0.0
-0.04687499999917577 0.3281250000000449 0.0
-0.0468749999992151 0.3125000000000488 0.0
-0.04687499999925429 0.2968750000000528 0.0
-0.04687499999929348 0.2812500000000571 0.0
-0.04687499999933273 0.2656250000000611 0.0
-0.04687499999941122 0.2343750000000693 0.0
-0.04687499999945044 0.2187500000000733 0.0
-0.04687499999948974 0.2031250000000773 0.0
-0.04687499999952904 0.1875000000000815 0.0
-0.04687499999956823 0.1718750000000853 0.0
-0.0468749999996074 0.1562500000000895 0.0
-0.04687499999964673 0.1406250000000935 0.0
-0.04687499999968606 0.1250000000000976 0.0
-0.04687499999972536 0.1093750000001014 0.0
-0.04687499999976455 0.09375000000010558 0.0
-0.04687499999980374 0.0781250000001098 0.0
-0.04687499999984301 0.06250000000011358 0.0
-0.04687499999988232 0.04687500000011779 0.0
-0.04687499999992151 0.03125000000012201 0.0
-0.0468749999999607 0.01562500000012579 0.0
-0.046875 1.288968931589807e-13 0.0
-0.0468750000000393 -0.01562499999987421 0.0
-0.0468750000000786 -0.03124999999987821 0.0
-0.04687500000011791 -0.04687499999988232 0.0
-0.04687500000015696 -0.0624999999998863 0.0
-0.0468750000001964 -0.07812499999989055 0.0
-0.04687500000023559 -0.09374999999989454 0.0
-0.04687500000027475 -0.1093749999998985 0.0
-0.04687500000031408 -0.1249999999999027 0.0
-0.04687500000035341 -0.1406249999999068 0.0
-0.04687500000039253 -0.1562499999999107 0.0
-0.04687500000043177 -0.171874999999915 0.0
-0.04687500000047103 -0.187499999999919 0.0
-0.04687500000051024 -0.203124999999923 0.0
-0.04687500000054956 -0.218749999999927 0.0
-0.04687500000058886 -0.234374999999931 0.0
-0.04687500000066736 -0.2656249999999391 0.0
-0.04687500000070655 -0.2812499999999433 0.0
-0.04687500000074572 -0.2968749999999474 0.0
-0.04687500000078509 -0.3124999999999514 0.0
-0.04687500000082434 -0.3281249999999554 0.0
-0.04687500000086363 -0.3437499999999593 0.0
-0.04687500000090283 -0.3593749999999635 0.0
-0.04687500000094214 -0.3749999999999676 0.0
-0.04687500000098124 -0.3906249999999716 0.0
-0.04687500000102051 -0.4062499999999756 0.0
-0.04687500000105983 -0.4218749999999797 0.0
-0.04687500000109913 -0.4374999999999838 0.0
-0.04687500000113845 -0.4531249999999878 0.0
-0.04687500000117761 -0.4687499999999918 0.0
-0.04687500000121678 -0.4843749999999958 0.0
-0.06249999999882516 0.4843750000000053 0.0
-0.06249999999886313 0.4687500000000109 0.0
-0.0624999999989011 0.4531250000000163 0.0
-0.06249999999893885 0.4375000000000216 0.0
-0.06249999999897682 0.421875000000027 0.0
-0.06249999999901465 0.4062500000000325 0.0
-0.06249999999905256 0.3906250000000379 0.0
-0.06249999999909048 0.3750000000000432 0.0
-0.06249999999912836 0.3593750000000488 0.0
-0.06249999999916631 0.3437500000000542 0.0
-0.06249999999920422 0.3281250000000597 0.0
-0.06249999999924216 0.3125000000000651 0.0
-0.06249999999927994 0.2968750000000706 0.0
-0.06249999999931791 0.2812500000000759 0.0
-0.06249999999935585 0.2656250000000813 0.0
-0.06249999999943154 0.2343750000000921 0.0
-0.06249999999946942 0.2187500000000977 0.0
-0.06249999999950728 0.203125000000103 0.0
-0.06249999999954525 0.1875000000001086 0.0
-0.06249999999958311 0.1718750000001137 0.0
-0.062499999999621 0.1562500000001192 0.0
-0.06249999999965894 0.1406250000001246 0.0
-0.06249999999969691 0.12500000000013 0.0
-0.06249999999973466 0.1093750000001356 0.0
-0.06249999999977265 0.09375000000014067 0.0
-0.0624999999998106 0.07812500000014622 0.0
-0.06249999999984845 0.06250000000015177 0.0
-0.06249999999988631 0.04687500000015686 0.0
-0.06249999999992417 0.03125000000016243 0.0
-0.06249999999996225 0.015625000000168 0.0
-0.0625 1.718625242119742e-13 0.0
-0.06250000000003797 -0.01562499999983225 0.0
-0.06250000000007583 -0.03124999999983769 0.0
-0.06250000000011369 -0.04687499999984301 0.0
-0.06250000000015166 -0.06249999999984845 0.0
-0.0625000000001896 -0.0781249999998539 0.0
-0.06250000000022748 -0.09374999999985946 0.0
-0.06250000000026543 -0.1093749999998648 0.0
-0.06250000000030327 -0.1249999999998701 0.0
-0.06250000000034117 -0.1406249999998757 0.0
-0.06250000000037914 -0.156249999999881 0.0
-0.06250000000041689 -0.1718749999998865 0.0
-0.06250000000045483 -0.1874999999998919 0.0
-0.06250000000049274 -0.2031249999998972 0.0
-0.06250000000053058 -0.2187499999999026 0.0
-0.06250000000056855 -0.2343749999999081 0.0
-0.06250000000064437 -0.265624999999919 0.0
-0.06250000000068225 -0.2812499999999243 0.0
-0.06250000000072009 -0.2968749999999297 0.0
-0.06250000000075794 -0.3124999999999352 0.0
-0.0625000000007959 -0.3281249999999405 0.0
-0.06250000000083387 -0.3437499999999458 0.0
-0.06250000000087173 -0.3593749999999513 0.0
-0.06250000000090951 -0.3749999999999567 0.0
-0.06250000000094744 -0.390624999999962 0.0
-0.0625000000009854 -0.4062499999999676 0.0
-0.06250000000102328 -0.4218749999999729 0.0
-0.06250000000106114 -0.4374999999999784 0.0
-0.06250000000109909 -0.4531249999999838 0.0
-0.06250000000113701 -0.4687499999999892 0.0
-0.06250000000117484 -0.4843749999999944 0.0
-0.07812499999886716 0.4843750000000067 0.0
-0.07812499999890377 0.4687500000000135 0.0
-0.07812499999894038 0.4531250000000204 0.0
-0.07812499999897685 0.4375000000000273 0.0
-0.07812499999901346 0.4218750000000338 0.0
-0.07812499999904984 0.4062500000000406 0.0
-0.07812499999908654 0.3906250000000475 0.0
-0.07812499999912292 0.3750000000000544 0.0
-0.07812499999915956 0.3593750000000608 0.0
-0.07812499999919617 0.3437500000000677 0.0
-0.07812499999923259 0.3281250000000746 0.0
-0.07812499999926903 0.3125000000000813 0.0
-0.07812499999930586 0.2968750000000879 0.0
-0.07812499999934228 0.2812500000000948 0.0
-0.07812499999937883 0.2656250000001017 0.0
-0.07812499999945197 0.2343750000001152 0.0
-0.07812499999948844 0.2187500000001219 0.0
-0.07812499999952502 0.2031250000001288 0.0
-0.0781249999995615 0.1875000000001355 0.0
-0.07812499999959802 0.1718750000001421 0.0
-0.07812499999963463 0.156250000000149 0.0
-0.07812499999967118 0.1406250000001559 0.0
-0.07812499999970775 0.1250000000001624 0.0
-0.07812499999974425 0.1093750000001694 0.0
-0.0781249999997808 0.09375000000017605 0.0
-0.07812499999981729 0.07812500000018265 0.0
-0.07812499999985387 0.0625000000001895 0.0
-0.0781249999998905 0.04687500000019638 0.0
-0.07812499999992692 0.03125000000020303 0.0
-0.07812499999996361 0.01562500000020972 0.0
-0.07812500000000003 2.148559108405834e-13 0.0
-0.07812500000003661 -0.01562499999979028 0.0
-0.07812500000007308 -0.03124999999979705 0.0
-0.07812500000010966 -0.04687499999980377 0.0
-0.07812500000014631 -0.0624999999998106 0.0
-0.07812500000018287 -0.07812499999981735 0.0
-0.07812500000021938 -0.09374999999982415 0.0
-0.0781250000002559 -0.1093749999998309 0.0
-0.07812500000029245 -0.1249999999998377 0.0
-0.07812500000032907 -0.1406249999998445 0.0
-0.07812500000036551 -0.1562499999998513 0.0
-0.07812500000040212 -0.1718749999998581 0.0
-0.07812500000043865 -0.1874999999998648 0.0
-0.07812500000047518 -0.2031249999998715 0.0
-0.07812500000051162 -0.2187499999998783 0.0
-0.07812500000054826 -0.2343749999998852 0.0
-0.07812500000062134 -0.2656249999998987 0.0
-0.07812500000065797 -0.2812499999999054 0.0
-0.07812500000069439 -0.2968749999999121 0.0
-0.07812500000073105 -0.312499999999919 0.0
-0.07812500000076758 -0.3281249999999256 0.0
-0.07812500000080405 -0.3437499999999324 0.0
-0.07812500000084062 -0.3593749999999392 0.0
-0.07812500000087721 -0.3749999999999459 0.0
-0.07812500000091369 -0.3906249999999528 0.0
-0.0781250000009503 -0.4062499999999595 0.0
-0.07812500000098682 -0.4218749999999662 0.0
-0.07812500000102332 -0.4374999999999729 0.0
-0.07812500000105997 -0.4531249999999796 0.0
-0.07812500000109639 -0.4687499999999866 0.0
-0.07812500000113304 -0.4843749999999931 0.0
-0.0937499999989091 0.484375000000008 0.0
-0.09374999999894434 0.4687500000000162 0.0
-0.09374999999897951 0.4531250000000244 0.0
-0.09374999999901479 0.4375000000000326 0.0
-0.09374999999904987 0.4218750000000409 0.0
-0.09374999999908512 0.4062500000000486 0.0
-0.09374999999912023 0.3906250000000568 0.0
-0.09374999999915554 0.375000000000065 0.0
-0.09374999999919065 0.3593750000000731 0.0
-0.09374999999922592 0.3437500000000813 0.0
-0.09374999999926101 0.3281250000000893 0.0
-0.09374999999929631 0.3125000000000975 0.0
-0.09374999999933142 0.2968750000001057 0.0
-0.0937499999993665 0.2812500000001139 0.0
-0.0937499999994017 0.2656250000001219 0.0
-0.09374999999947217 0.2343750000001381 0.0
-0.09374999999950748 0.2187500000001463 0.0
-0.09374999999954255 0.2031250000001545 0.0
-0.09374999999957785 0.1875000000001625 0.0
-0.09374999999961289 0.1718750000001705 0.0
-0.09374999999964806 0.1562500000001787 0.0
-0.09374999999968334 0.140625000000187 0.0
-0.09374999999971863 0.1250000000001949 0.0
-0.09374999999975372 0.1093750000002032 0.0
-0.09374999999978888 0.09375000000021141 0.0
-0.09374999999982411 0.07812500000021924 0.0
-0.09374999999985925 0.06250000000022729 0.0
-0.0937499999998945 0.04687500000023545 0.0
-0.0937499999999298 0.03125000000024367 0.0
-0.09374999999996494 0.01562500000025188 0.0
-0.09375000000000003 2.57821541893577e-13 0.0
-0.09375000000003526 -0.01562499999974845 0.0
-0.09375000000007042 -0.03124999999975639 0.0
-0.09375000000010567 -0.04687499999976463 0.0
-0.0937500000001408 -0.06249999999977263 0.0
-0.09375000000017605 -0.07812499999978076 0.0
-0.09375000000021129 -0.09374999999978893 0.0
-0.09375000000024646 -0.109374999999797 0.0
-0.09375000000028157 -0.1249999999998052 0.0
-0.0937500000003169 -0.1406249999998135 0.0
-0.09375000000035195 -0.1562499999998214 0.0
-0.09375000000038725 -0.1718749999998296 0.0
-0.09375000000042237 -0.1874999999998377 0.0
-0.09375000000045762 -0.2031249999998457 0.0
-0.09375000000049274 -0.2187499999998541 0.0
-0.09375000000052797 -0.2343749999998621 0.0
-0.09375000000059831 -0.2656249999998783 0.0
-0.09375000000063351 -0.2812499999998864 0.0
-0.09375000000066872 -0.2968749999998945 0.0
-0.09375000000070402 -0.3124999999999025 0.0
-0.09375000000073924 -0.3281249999999107 0.0
-0.09375000000077435 -0.3437499999999189 0.0
-0.09375000000080955 -0.3593749999999269 0.0
-0.0937500000008446 -0.374999999999935 0.0
-0.09375000000087996 -0.3906249999999432 0.0
-0.09375000000091509 -0.4062499999999513 0.0
-0.0937500000009503 -0.4218749999999594 0.0
-0.09375000000098553 -0.4374999999999675 0.0
-0.09375000000102068 -0.4531249999999755 0.0
-0.09375000000105585 -0.4687499999999837 0.0
-0.0937500000010911 -0.4843749999999918 0.0
-0.109374999998951 0.4843750000000093 0.0
-0.1093749999989849 0.4687500000000189 0.0
-0.1093749999990188 0.4531250000000284 0.0
-0.1093749999990525 0.437500000000038 0.0
-0.1093749999990865 0.4218750000000475 0.0
-0.1093749999991203 0.4062500000000571 0.0
-0.109374999999154 0.3906250000000662 0.0
-0.109374999999188 0.3750000000000757 0.0
-0.1093749999992217 0.3593750000000853 0.0
-0.1093749999992557 0.3437500000000948 0.0
-0.1093749999992894 0.3281250000001044 0.0
-0.1093749999993232 0.3125000000001139 0.0
-0.1093749999993572 0.2968750000001232 0.0
-0.1093749999993909 0.2812500000001328 0.0
-0.1093749999994249 0.2656250000001423 0.0
-0.1093749999994926 0.2343750000001612 0.0
-0.1093749999995264 0.2187500000001707 0.0
-0.1093749999995601 0.2031250000001803 0.0
-0.1093749999995941 0.1875000000001896 0.0
-0.1093749999996278 0.171875000000199 0.0
-0.1093749999996617 0.1562500000002085 0.0
-0.1093749999996956 0.140625000000218 0.0
-0.1093749999997294 0.1250000000002274 0.0
-0.1093749999997633 0.1093750000002369 0.0
-0.109374999999797 0.09375000000024633 0.0
-0.1093749999998308 0.07812500000025592 0.0
-0.1093749999998647 0.06250000000026543 0.0
-0.1093749999998985 0.04687500000027475 0.0
-0.1093749999999325 0.03125000000028408 0.0
-0.1093749999999663 0.01562500000029379 0.0
-0.1093750000000002 3.007316617953393e-13 0.0
-0.1093750000000339 -0.01562499999970635 0.0
-0.1093750000000678 -0.03124999999971595 0.0
-0.1093750000001017 -0.04687499999972533 0.0
-0.1093750000001354 -0.0624999999997348 0.0
-0.1093750000001693 -0.07812499999974432 0.0
-0.109375000000203 -0.09374999999975366 0.0
-0.1093750000002368 -0.1093749999997632 0.0
-0.1093750000002708 -0.1249999999997727 0.0
-0.1093750000003046 -0.1406249999997822 0.0
-0.1093750000003385 -0.1562499999997916 0.0
-0.1093750000003724 -0.1718749999998012 0.0
-0.1093750000004062 -0.1874999999998107 0.0
-0.1093750000004399 -0.2031249999998201 0.0
-0.1093750000004739 -0.2187499999998297 0.0
-0.1093750000005076 -0.2343749999998392 0.0
-0.1093750000005754 -0.2656249999998581 0.0
-0.1093750000006092 -0.2812499999998674 0.0
-0.1093750000006431 -0.296874999999877 0.0
-0.1093750000006768 -0.3124999999998863 0.0
-0.1093750000007108 -0.3281249999998958 0.0
-0.1093750000007445 -0.3437499999999054 0.0
-0.1093750000007784 -0.3593749999999147 0.0
-0.1093750000008122 -0.3749999999999243 0.0
-0.109375000000846 -0.3906249999999336 0.0
-0.1093750000008799 -0.4062499999999432 0.0
-0.1093750000009138 -0.4218749999999528 0.0
-0.1093750000009477 -0.437499999999962 0.0
-0.1093750000009814 -0.4531249999999716 0.0
-0.1093750000010154 -0.468749999999981 0.0
-0.1093750000010491 -0.4843749999999905 0.0
-0.124999999998993 0.4843750000000106 0.0
-0.1249999999990254 0.4687500000000215 0.0
-0.1249999999990581 0.4531250000000324 0.0
-0.1249999999990905 0.4375000000000433 0.0
-0.1249999999991229 0.4218750000000542 0.0
-0.1249999999991554 0.4062500000000651 0.0
-0.124999999999188 0.3906250000000759 0.0
-0.1249999999992204 0.3750000000000868 0.0
-0.1249999999992528 0.3593750000000975 0.0
-0.1249999999992854 0.3437500000001083 0.0
-0.1249999999993179 0.3281250000001192 0.0
-0.1249999999993503 0.3125000000001301 0.0
-0.1249999999993829 0.2968750000001408 0.0
-0.1249999999994152 0.2812500000001517 0.0
-0.1249999999994479 0.2656250000001625 0.0
-0.1249999999995128 0.2343750000001843 0.0
-0.1249999999995453 0.2187500000001952 0.0
-0.1249999999995777 0.2031250000002059 0.0
-0.1249999999996103 0.1875000000002167 0.0
-0.1249999999996426 0.1718750000002274 0.0
-0.1249999999996752 0.1562500000002383 0.0
-0.1249999999997076 0.1406250000002492 0.0
-0.1249999999997402 0.12500000000026 0.0
-0.1249999999997726 0.1093750000002708 0.0
-0.1249999999998051 0.09375000000028147 0.0
-0.1249999999998377 0.0781250000002923 0.0
-0.1249999999998701 0.06250000000030323 0.0
-0.1249999999999027 0.04687500000031407 0.0
-0.1249999999999351 0.0312500000003251 0.0
-0.1249999999999676 0.01562500000033598 0.0
-0.125 3.437250484239485e-13 0.0
-0.1250000000000326 -0.01562499999966441 0.0
-0.125000000000065 -0.03124999999967518 0.0
-0.1250000000000975 -0.04687499999968603 0.0
-0.1250000000001301 -0.06249999999969694 0.0
-0.1250000000001625 -0.07812499999970782 0.0
-0.1250000000001951 -0.0937499999997187 0.0
-0.1250000000002275 -0.1093749999997293 0.0
-0.12500000000026 -0.1249999999997402 0.0
-0.1250000000002923 -0.140624999999751 0.0
-0.125000000000325 -0.1562499999997619 0.0
-0.1250000000003575 -0.1718749999997728 0.0
-0.12500000000039 -0.1874999999997836 0.0
-0.1250000000004224 -0.2031249999997944 0.0
-0.125000000000455 -0.2187499999998052 0.0
-0.1250000000004875 -0.234374999999816 0.0
-0.1250000000005523 -0.2656249999998377 0.0
-0.1250000000005849 -0.2812499999998485 0.0
-0.1250000000006174 -0.2968749999998594 0.0
-0.1250000000006498 -0.3124999999998701 0.0
-0.1250000000006824 -0.328124999999881 0.0
-0.1250000000007148 -0.3437499999998918 0.0
-0.1250000000007472 -0.3593749999999025 0.0
-0.1250000000007798 -0.3749999999999134 0.0
-0.1250000000008122 -0.3906249999999243 0.0
-0.1250000000008447 -0.4062499999999351 0.0
-0.1250000000008773 -0.4218749999999457 0.0
-0.1250000000009097 -0.4374999999999567 0.0
-0.1250000000009422 -0.4531249999999675 0.0
-0.1250000000009746 -0.4687499999999784 0.0
-0.1250000000010072 -0.4843749999999891 0.0
-0.140624999999035 0.4843750000000122 0.0
-0.1406249999990664 0.4687500000000242 0.0
-0.1406249999990974 0.4531250000000369 0.0
-0.1406249999991285 0.4375000000000486 0.0
-0.1406249999991596 0.4218750000000608 0.0
-0.1406249999991906 0.4062500000000731 0.0
-0.140624999999222 0.3906250000000853 0.0
-0.1406249999992531 0.3750000000000975 0.0
-0.1406249999992841 0.3593750000001097 0.0
-0.1406249999993152 0.3437500000001219 0.0
-0.1406249999993463 0.3281250000001341 0.0
-0.1406249999993777 0.3125000000001463 0.0
-0.1406249999994086 0.2968750000001585 0.0
-0.1406249999994398 0.2812500000001708 0.0
-0.1406249999994708 0.265625000000183 0.0
-0.1406249999995332 0.2343750000002074 0.0
-0.1406249999995643 0.2187500000002194 0.0
-0.1406249999995954 0.2031250000002316 0.0
-0.1406249999996265 0.1875000000002438 0.0
-0.1406249999996576 0.1718750000002558 0.0
-0.1406249999996889 0.156250000000268 0.0
-0.1406249999997199 0.1406250000002802 0.0
-0.1406249999997511 0.1250000000002926 0.0
-0.1406249999997822 0.1093750000003046 0.0
-0.1406249999998133 0.09375000000031676 0.0
-0.1406249999998444 0.07812500000032899 0.0
-0.1406249999998757 0.06250000000034096 0.0
-0.1406249999999068 0.04687500000035319 0.0
-0.140624999999938 0.03125000000036546 0.0
-0.1406249999999691 0.0156250000003777 0.0
-0.140625 3.868017017794045e-13 0.0
-0.1406250000000313 -0.01562499999962244 0.0
-0.1406250000000623 -0.03124999999963454 0.0
-0.1406250000000935 -0.04687499999964687 0.0
-0.1406250000001248 -0.06249999999965899 0.0
-0.1406250000001558 -0.07812499999967115 0.0
-0.140625000000187 -0.09374999999968336 0.0
-0.140625000000218 -0.1093749999996955 0.0
-0.1406250000002491 -0.1249999999997077 0.0
-0.1406250000002803 -0.1406249999997199 0.0
-0.1406250000003114 -0.1562499999997321 0.0
-0.1406250000003426 -0.1718749999997445 0.0
-0.1406250000003738 -0.1874999999997565 0.0
-0.1406250000004048 -0.2031249999997689 0.0
-0.140625000000436 -0.2187499999997808 0.0
-0.1406250000004671 -0.234374999999793 0.0
-0.1406250000005294 -0.2656249999998174 0.0
-0.1406250000005606 -0.2812499999998294 0.0
-0.1406250000005916 -0.2968749999998417 0.0
-0.1406250000006228 -0.3124999999998539 0.0
-0.1406250000006539 -0.3281249999998661 0.0
-0.1406250000006851 -0.3437499999998783 0.0
-0.1406250000007162 -0.3593749999998903 0.0
-0.1406250000007474 -0.3749999999999025 0.0
-0.1406250000007785 -0.3906249999999147 0.0
-0.1406250000008095 -0.4062499999999269 0.0
-0.1406250000008406 -0.4218749999999392 0.0
-0.1406250000008718 -0.4374999999999513 0.0
-0.1406250000009029 -0.4531249999999633 0.0
-0.1406250000009341 -0.4687499999999756 0.0
-0.1406250000009652 -0.4843749999999877 0.0
-0.156249999999077 0.4843750000000135 0.0
-0.1562499999991067 0.4687500000000273 0.0
-0.1562499999991367 0.4531250000000409 0.0
-0.1562499999991664 0.4375000000000544 0.0
-0.1562499999991962 0.4218750000000679 0.0
-0.156249999999226 0.4062500000000815 0.0
-0.1562499999992557 0.3906250000000946 0.0
-0.1562499999992854 0.3750000000001086 0.0
-0.1562499999993152 0.3593750000001219 0.0
-0.156249999999345 0.3437500000001355 0.0
-0.1562499999993747 0.328125000000149 0.0
-0.1562499999994045 0.3125000000001626 0.0
-0.1562499999994343 0.2968750000001761 0.0
-0.1562499999994642 0.2812500000001896 0.0
-0.156249999999494 0.2656250000002032 0.0
-0.1562499999995534 0.2343750000002302 0.0
-0.1562499999995832 0.2187500000002438 0.0
-0.156249999999613 0.2031250000002574 0.0
-0.1562499999996427 0.1875000000002709 0.0
-0.1562499999996725 0.1718750000002842 0.0
-0.1562499999997024 0.1562500000002977 0.0
-0.1562499999997322 0.1406250000003113 0.0
-0.1562499999997619 0.1250000000003249 0.0
-0.1562499999997917 0.1093750000003385 0.0
-0.1562499999998215 0.09375000000035208 0.0
-0.1562499999998512 0.07812500000036557 0.0
-0.156249999999881 0.06250000000037916 0.0
-0.1562499999999108 0.04687500000039282 0.0
-0.1562499999999407 0.03125000000040637 0.0
-0.1562499999999704 0.01562500000041978 0.0
-0.1562500000000002 4.296840661055512e-13 0.0
-0.1562500000000299 -0.01562499999958056 0.0
-0.1562500000000597 -0.03124999999959399 0.0
-0.1562500000000895 -0.04687499999960754 0.0
-0.1562500000001192 -0.06249999999962103 0.0
-0.156250000000149 -0.07812499999963468 0.0
-0.1562500000001787 -0.09374999999964828 0.0
-0.1562500000002086 -0.1093749999996617 0.0
-0.1562500000002384 -0.1249999999996752 0.0
-0.1562500000002681 -0.1406249999996888 0.0
-0.156250000000298 -0.1562499999997025 0.0
-0.1562500000003278 -0.1718749999997161 0.0
-0.1562500000003575 -0.1874999999997294 0.0
-0.1562500000003873 -0.203124999999743 0.0
-0.156250000000417 -0.2187499999997564 0.0
-0.1562500000004468 -0.2343749999997702 0.0
-0.1562500000005063 -0.2656249999997971 0.0
-0.1562500000005361 -0.2812499999998106 0.0
-0.156250000000566 -0.2968749999998241 0.0
-0.1562500000005958 -0.3124999999998378 0.0
-0.1562500000006256 -0.3281249999998511 0.0
-0.1562500000006553 -0.3437499999998647 0.0
-0.1562500000006849 -0.3593749999998782 0.0
-0.1562500000007148 -0.3749999999998918 0.0
-0.1562500000007446 -0.3906249999999052 0.0
-0.1562500000007745 -0.4062499999999186 0.0
-0.1562500000008041 -0.4218749999999323 0.0
-0.1562500000008339 -0.4374999999999458 0.0
-0.1562500000008636 -0.4531249999999594 0.0
-0.1562500000008935 -0.4687499999999729 0.0
-0.1562500000009233 -0.4843749999999863 0.0
-0.171874999999119 0.4843750000000149 0.0
-0.1718749999991473 0.46875000000003 0.0
-0.1718749999991758 0.4531250000000449 0.0
-0.1718749999992042 0.4375000000000597 0.0
-0.1718749999992327 0.4218750000000746 0.0
-0.171874999999261 0.4062500000000894 0.0
-0.1718749999992894 0.3906250000001043 0.0
-0.1718749999993179 0.3750000000001192 0.0
-0.1718749999993463 0.3593750000001339 0.0
-0.1718749999993747 0.343750000000149 0.0
-0.1718749999994031 0.3281250000001639 0.0
-0.1718749999994315 0.3125000000001787 0.0
-0.1718749999994602 0.2968750000001936 0.0
-0.1718749999994884 0.2812500000002085 0.0
-0.1718749999995168 0.2656250000002234 0.0
-0.1718749999995737 0.2343750000002534 0.0
-0.1718749999996021 0.2187500000002683 0.0
-0.1718749999996305 0.2031250000002831 0.0
-0.1718749999996589 0.187500000000298 0.0
-0.1718749999996875 0.1718750000003126 0.0
-0.1718749999997159 0.1562500000003275 0.0
-0.1718749999997444 0.1406250000003424 0.0
-0.1718749999997726 0.1250000000003574 0.0
-0.171874999999801 0.1093750000003722 0.0
-0.1718749999998295 0.09375000000038711 0.0
-0.1718749999998581 0.078125000000402 0.0
-0.1718749999998865 0.06250000000041703 0.0
-0.1718749999999149 0.0468750000004319 0.0
-0.1718749999999434 0.03125000000044664 0.0
-0.1718749999999718 0.01562500000046152 0.0
-0.1718750000000002 4.72705208309776e-13 0.0
-0.1718750000000286 -0.01562499999953862 0.0
-0.171875000000057 -0.03124999999955347 0.0
-0.1718750000000855 -0.04687499999956835 0.0
-0.1718750000001139 -0.06249999999958322 0.0
-0.1718750000001423 -0.07812499999959796 0.0
-0.1718750000001708 -0.09374999999961284 0.0
-0.1718750000001992 -0.1093749999996277 0.0
-0.1718750000002277 -0.1249999999996427 0.0
-0.171875000000256 -0.1406249999996578 0.0
-0.1718750000002845 -0.1562499999996728 0.0
-0.1718750000003129 -0.1718749999996876 0.0
-0.1718750000003413 -0.1874999999997023 0.0
-0.1718750000003697 -0.2031249999997173 0.0
-0.1718750000003981 -0.218749999999732 0.0
-0.1718750000004264 -0.234374999999747 0.0
-0.1718750000004834 -0.2656249999997768 0.0
-0.1718750000005119 -0.2812499999997916 0.0
-0.1718750000005403 -0.2968749999998065 0.0
-0.1718750000005688 -0.3124999999998215 0.0
-0.1718750000005971 -0.3281249999998362 0.0
-0.1718750000006256 -0.3437499999998511 0.0
-0.1718750000006538 -0.359374999999866 0.0
-0.1718750000006823 -0.374999999999881 0.0
-0.1718750000007107 -0.3906249999998959 0.0
-0.1718750000007391 -0.4062499999999107 0.0
-0.1718750000007676 -0.4218749999999256 0.0
-0.171875000000796 -0.4374999999999403 0.0
-0.1718750000008245 -0.4531249999999554 0.0
-0.1718750000008529 -0.4687499999999702 0.0
-0.1718750000008813 -0.4843749999999851 0.0
-0.1874999999991609 0.4843750000000163 0.0
-0.187499999999188 0.4687500000000325 0.0
-0.187499999999215 0.4531250000000487 0.0
-0.1874999999992421 0.4375000000000649 0.0
-0.1874999999992691 0.4218750000000812 0.0
-0.1874999999992963 0.4062500000000974 0.0
-0.1874999999993233 0.3906250000001136 0.0
-0.1874999999993504 0.3750000000001301 0.0
-0.1874999999993775 0.3593750000001461 0.0
-0.1874999999994046 0.3437500000001625 0.0
-0.1874999999994316 0.3281250000001787 0.0
-0.1874999999994588 0.3125000000001952 0.0
-0.1874999999994857 0.2968750000002114 0.0
-0.1874999999995128 0.2812500000002276 0.0
-0.1874999999995399 0.2656250000002438 0.0
-0.1874999999995941 0.2343750000002762 0.0
-0.1874999999996212 0.2187500000002924 0.0
-0.1874999999996482 0.2031250000003086 0.0
-0.1874999999996753 0.1875000000003251 0.0
-0.1874999999997023 0.1718750000003413 0.0
-0.1874999999997294 0.1562500000003575 0.0
-0.1874999999997565 0.1406250000003737 0.0
-0.1874999999997836 0.1250000000003898 0.0
-0.1874999999998107 0.109375000000406 0.0
-0.1874999999998377 0.09375000000042222 0.0
-0.1874999999998648 0.07812500000043866 0.0
-0.1874999999998919 0.06250000000045486 0.0
-0.1874999999999188 0.04687500000047104 0.0
-0.187499999999946 0.0312500000004875 0.0
-0.1874999999999731 0.01562500000050371 0.0
-0.1875000000000002 5.156985949383852e-13 0.0
-0.1875000000000272 -0.01562499999949662 0.0
-0.1875000000000543 -0.03124999999951283 0.0
-0.1875000000000814 -0.04687499999952904 0.0
-0.1875000000001085 -0.06249999999954525 0.0
-0.1875000000001356 -0.07812499999956171 0.0
-0.1875000000001626 -0.0937499999995779 0.0
-0.1875000000001897 -0.1093749999995941 0.0
-0.1875000000002168 -0.1249999999996103 0.0
-0.187500000000244 -0.1406249999996266 0.0
-0.1875000000002709 -0.1562499999996427 0.0
-0.187500000000298 -0.1718749999996592 0.0
-0.1875000000003251 -0.1874999999996752 0.0
-0.1875000000003522 -0.2031249999996915 0.0
-0.1875000000003793 -0.2187499999997078 0.0
-0.1875000000004062 -0.234374999999724 0.0
-0.1875000000004604 -0.2656249999997564 0.0
-0.1875000000004875 -0.2812499999997726 0.0
-0.1875000000005146 -0.2968749999997888 0.0
-0.1875000000005417 -0.312499999999805 0.0
-0.1875000000005688 -0.3281249999998214 0.0
-0.1875000000005958 -0.3437499999998375 0.0
-0.1875000000006228 -0.3593749999998537 0.0
-0.1875000000006499 -0.3749999999998701 0.0
-0.1875000000006769 -0.3906249999998863 0.0
-0.187500000000704 -0.4062499999999025 0.0
-0.187500000000731 -0.4218749999999187 0.0
-0.1875000000007582 -0.4374999999999349 0.0
-0.1875000000007852 -0.4531249999999513 0.0
-0.1875000000008123 -0.4687499999999675 0.0
-0.1875000000008394 -0.4843749999999838 0.0
-0.2031249999992029 0.4843750000000177 0.0
-0.2031249999992285 0.4687500000000352 0.0
-0.2031249999992542 0.4531250000000527 0.0
-0.20312499999928 0.4375000000000703 0.0
-0.2031249999993058 0.421875000000088 0.0
-0.2031249999993315 0.4062500000001056 0.0
-0.2031249999993571 0.3906250000001232 0.0
-0.2031249999993828 0.3750000000001408 0.0
-0.2031249999994086 0.3593750000001585 0.0
-0.2031249999994344 0.3437500000001761 0.0
-0.20312499999946 0.3281250000001936 0.0
-0.2031249999994857 0.3125000000002112 0.0
-0.2031249999995115 0.2968750000002289 0.0
-0.2031249999995371 0.2812500000002465 0.0
-0.2031249999995629 0.2656250000002642 0.0
-0.2031249999996144 0.2343750000002993 0.0
-0.20312499999964 0.2187500000003168 0.0
-0.2031249999996658 0.2031250000003346 0.0
-0.2031249999996915 0.1875000000003522 0.0
-0.2031249999997172 0.1718750000003697 0.0
-0.203124999999743 0.1562500000003872 0.0
-0.2031249999997686 0.1406250000004048 0.0
-0.2031249999997944 0.1250000000004222 0.0
-0.2031249999998201 0.10937500000044 0.0
-0.2031249999998458 0.09375000000045751 0.0
-0.2031249999998715 0.07812500000047529 0.0
-0.2031249999998973 0.06250000000049283 0.0
-0.2031249999999231 0.04687500000051034 0.0
-0.2031249999999487 0.03125000000052791 0.0
-0.2031249999999745 0.01562500000054545 0.0
-0.2031250000000001 5.586919815669944e-13 0.0
-0.2031250000000259 -0.01562499999945466 0.0
-0.2031250000000516 -0.03124999999947217 0.0
-0.2031250000000773 -0.04687499999948974 0.0
-0.203125000000103 -0.06249999999950728 0.0
-0.2031250000001288 -0.07812499999952494 0.0
-0.2031250000001544 -0.09374999999954259 0.0
-0.2031250000001802 -0.1093749999995601 0.0
-0.2031250000002059 -0.1249999999995778 0.0
-0.2031250000002317 -0.1406249999995955 0.0
-0.2031250000002575 -0.156249999999613 0.0
-0.2031250000002832 -0.1718749999996308 0.0
-0.2031250000003089 -0.1874999999996481 0.0
-0.2031250000003345 -0.2031249999996657 0.0
-0.2031250000003603 -0.2187499999996834 0.0
-0.203125000000386 -0.234374999999701 0.0
-0.2031250000004374 -0.2656249999997362 0.0
-0.2031250000004632 -0.2812499999997538 0.0
-0.2031250000004889 -0.2968749999997713 0.0
-0.2031250000005146 -0.3124999999997888 0.0
-0.2031250000005403 -0.3281249999998065 0.0
-0.203125000000566 -0.343749999999824 0.0
-0.2031250000005916 -0.3593749999998416 0.0
-0.2031250000006174 -0.3749999999998592 0.0
-0.2031250000006432 -0.3906249999998768 0.0
-0.2031250000006689 -0.4062499999998944 0.0
-0.2031250000006947 -0.4218749999999121 0.0
-0.2031250000007204 -0.4374999999999296 0.0
-0.203125000000746 -0.4531249999999472 0.0
-0.2031250000007717 -0.4687499999999647 0.0
-0.2031250000007975 -0.4843749999999823 0.0
-0.2187499999992447 0.484375000000019 0.0
-0.2187499999992691 0.4687500000000379 0.0
-0.2187499999992935 0.4531250000000567 0.0
-0.2187499999993179 0.4375000000000758 0.0
-0.2187499999993422 0.4218750000000947 0.0
-0.2187499999993666 0.4062500000001138 0.0
-0.218749999999391 0.3906250000001326 0.0
-0.2187499999994154 0.3750000000001515 0.0
-0.2187499999994397 0.3593750000001705 0.0
-0.2187499999994641 0.3437500000001896 0.0
-0.2187499999994885 0.3281250000002085 0.0
-0.2187499999995128 0.3125000000002276 0.0
-0.2187499999995372 0.2968750000002465 0.0
-0.2187499999995616 0.2812500000002656 0.0
-0.2187499999995859 0.2656250000002844 0.0
-0.2187499999996347 0.2343750000003224 0.0
-0.2187499999996591 0.2187500000003413 0.0
-0.2187499999996834 0.2031250000003602 0.0
-0.2187499999997078 0.1875000000003793 0.0
-0.2187499999997321 0.1718750000003981 0.0
-0.2187499999997565 0.156250000000417 0.0
-0.2187499999997808 0.1406250000004361 0.0
-0.2187499999998052 0.1250000000004549 0.0
-0.2187499999998296 0.109375000000474 0.0
-0.218749999999854 0.09375000000049284 0.0
-0.2187499999998783 0.0781250000005117 0.0
-0.2187499999999027 0.06250000000053058 0.0
-0.2187499999999271 0.04687500000054945 0.0
-0.2187499999999515 0.03125000000056855 0.0
-0.2187499999999758 0.01562500000058764 0.0
-0.2187500000000001 6.016298570443723e-13 0.0
-0.2187500000000245 -0.01562499999941269 0.0
-0.2187500000000488 -0.03124999999943159 0.0
-0.2187500000000733 -0.04687499999945055 0.0
-0.2187500000000976 -0.06249999999946942 0.0
-0.218750000000122 -0.07812499999948841 0.0
-0.2187500000001465 -0.0937499999995075 0.0
-0.2187500000001707 -0.1093749999995264 0.0
-0.2187500000001951 -0.1249999999995452 0.0
-0.2187500000002195 -0.1406249999995643 0.0
-0.2187500000002439 -0.1562499999995833 0.0
-0.2187500000002683 -0.1718749999996024 0.0
-0.2187500000002925 -0.1874999999996211 0.0
-0.218750000000317 -0.2031249999996401 0.0
-0.2187500000003413 -0.2187499999996591 0.0
-0.2187500000003657 -0.2343749999996779 0.0
-0.2187500000004145 -0.2656249999997158 0.0
-0.2187500000004388 -0.2812499999997348 0.0
-0.2187500000004632 -0.2968749999997538 0.0
-0.2187500000004876 -0.3124999999997726 0.0
-0.2187500000005119 -0.3281249999997915 0.0
-0.2187500000005363 -0.3437499999998105 0.0
-0.2187500000005605 -0.3593749999998295 0.0
-0.2187500000005851 -0.3749999999998483 0.0
-0.2187500000006093 -0.3906249999998674 0.0
-0.2187500000006337 -0.4062499999998863 0.0
-0.2187500000006581 -0.4218749999999052 0.0
-0.2187500000006825 -0.4374999999999242 0.0
-0.2187500000007068 -0.4531249999999432 0.0
-0.2187500000007312 -0.468749999999962 0.0
-0.2187500000007555 -0.484374999999981 0.0
-0.2343749999992867 0.4843750000000203 0.0
-0.2343749999993098 0.4687500000000405 0.0
-0.2343749999993328 0.453125000000061 0.0
-0.2343749999993557 0.4375000000000814 0.0
-0.2343749999993787 0.4218750000001016 0.0
-0.2343749999994017 0.4062500000001218 0.0
-0.2343749999994248 0.390625000000142 0.0
-0.2343749999994479 0.3750000000001624 0.0
-0.2343749999994708 0.3593750000001827 0.0
-0.2343749999994938 0.3437500000002032 0.0
-0.234374999999517 0.3281250000002234 0.0
-0.2343749999995399 0.3125000000002438 0.0
-0.2343749999995629 0.296875000000264 0.0
-0.2343749999995859 0.2812500000002844 0.0
-0.2343749999996089 0.2656250000003049 0.0
-0.2343749999996549 0.2343750000003455 0.0
-0.2343749999996779 0.2187500000003657 0.0
-0.234374999999701 0.2031250000003859 0.0
-0.234374999999724 0.1875000000004061 0.0
-0.234374999999747 0.1718750000004265 0.0
-0.23437499999977 0.1562500000004468 0.0
-0.2343749999997929 0.1406250000004672 0.0
-0.234374999999816 0.1250000000004875 0.0
-0.234374999999839 0.1093750000005077 0.0
-0.234374999999862 0.09375000000052791 0.0
-0.2343749999998851 0.07812500000054812 0.0
-0.2343749999999082 0.06250000000056855 0.0
-0.2343749999999312 0.04687500000058897 0.0
-0.2343749999999541 0.03125000000060918 0.0
-0.2343749999999772 0.01562500000062939 0.0
-0.2343750000000001 6.445677325217503e-13 0.0
-0.2343750000000232 -0.0156249999993707 0.0
-0.2343750000000462 -0.03124999999939093 0.0
-0.2343750000000692 -0.04687499999941122 0.0
-0.2343750000000923 -0.06249999999943157 0.0
-0.2343750000001153 -0.078124999999452 0.0
-0.2343750000001382 -0.0937499999994722 0.0
-0.2343750000001613 -0.1093749999994926 0.0
-0.2343750000001843 -0.1249999999995128 0.0
-0.2343750000002073 -0.1406249999995333 0.0
-0.2343750000002304 -0.1562499999995535 0.0
-0.2343750000002532 -0.1718749999995739 0.0
-0.2343750000002763 -0.1874999999995939 0.0
-0.2343750000002994 -0.2031249999996144 0.0
-0.2343750000003224 -0.2187499999996347 0.0
-0.2343750000003454 -0.2343749999996549 0.0
-0.2343750000003914 -0.2656249999996956 0.0
-0.2343750000004145 -0.2812499999997157 0.0
-0.2343750000004374 -0.2968749999997361 0.0
-0.2343750000004605 -0.3124999999997564 0.0
-0.2343750000004834 -0.3281249999997766 0.0
-0.2343750000005065 -0.3437499999997969 0.0
-0.2343750000005294 -0.3593749999998173 0.0
-0.2343750000005524 -0.3749999999998376 0.0
-0.2343750000005754 -0.3906249999998579 0.0
-0.2343750000005985 -0.4062499999998781 0.0
-0.2343750000006216 -0.4218749999998986 0.0
-0.2343750000006446 -0.4374999999999187 0.0
-0.2343750000006676 -0.453124999999939 0.0
-0.2343750000006906 -0.4687499999999594 0.0
-0.2343750000007136 -0.4843749999999795 0.0
-0.2499999999993286 0.4843750000000216 0.0
-0.2499999999993503 0.4687500000000432 0.0
-0.249999999999372 0.4531250000000652 0.0
-0.2499999999993936 0.4375000000000867 0.0
-0.2499999999994154 0.4218750000001082 0.0
-0.2499999999994369 0.4062500000001298 0.0
-0.2499999999994587 0.3906250000001515 0.0
-0.2499999999994803 0.3750000000001732 0.0
-0.249999999999502 0.359375000000195 0.0
-0.2499999999995236 0.3437500000002165 0.0
-0.2499999999995453 0.3281250000002383 0.0
-0.249999999999567 0.31250000000026 0.0
-0.2499999999995886 0.2968750000002818 0.0
-0.2499999999996103 0.2812500000003033 0.0
-0.2499999999996319 0.2656250000003251 0.0
-0.2500000000003684 -0.2656249999996751 0.0
-0.2500000000003901 -0.2812499999996969 0.0
-0.2500000000004117 -0.2968749999997184 0.0
-0.2500000000004334 -0.3124999999997402 0.0
-0.2500000000004551 -0.3281249999997617 0.0
-0.2500000000004767 -0.3437499999997834 0.0
-0.2500000000004984 -0.359374999999805 0.0
-0.25000000000052 -0.3749999999998269 0.0
-0.2500000000005417 -0.3906249999998483 0.0
-0.2500000000005633 -0.4062499999998702 0.0
-0.250000000000585 -0.4218749999998916 0.0
-0.2500000000006067 -0.4374999999999135 0.0
-0.2500000000006284 -0.4531249999999349 0.0
-0.25000000000065 -0.4687499999999567 0.0
-0.2500000000006717 -0.4843749999999782 0.0
-0.2656249999993706 0.484375000000023 0.0
-0.2656249999993909 0.4687500000000459 0.0
-0.2656249999994112 0.4531250000000692 0.0
-0.2656249999994316 0.437500000000092 0.0
-0.2656249999994518 0.421875000000115 0.0
-0.2656249999994721 0.406250000000138 0.0
-0.2656249999994925 0.3906250000001611 0.0
-0.2656249999995129 0.3750000000001839 0.0
-0.265624999999533 0.3593750000002072 0.0
-0.2656249999995534 0.3437500000002303 0.0
-0.2656249999995737 0.3281250000002534 0.0
-0.265624999999594 0.3125000000002762 0.0
-0.2656249999996143 0.2968750000002993 0.0
-0.2656249999996346 0.2812500000003224 0.0
-0.2656249999996549 0.2656250000003455 0.0
-0.2656249999996753 0.2500000000003684 0.0
-0.2656249999996956 0.2343750000003915 0.0
-0.2656249999997159 0.2187500000004145 0.0
-0.2656249999997362 0.2031250000004374 0.0
-0.2656249999997564 0.1875000000004603 0.0
-0.2656249999997767 0.1718750000004832 0.0
-0.2656249999997971 0.1562500000005062 0.0
-0.2656249999998174 0.1406250000005294 0.0
-0.2656249999998377 0.1250000000005523 0.0
-0.265624999999858 0.1093750000005752 0.0
-0.2656249999998783 0.0937500000005983 0.0
-0.2656249999998985 0.07812500000062136 0.0
-0.265624999999919 0.06250000000064423 0.0
-0.2656249999999393 0.04687500000066713 0.0
-0.2656249999999596 0.03125000000069045 0.0
-0.2656249999999798 0.01562500000071329 0.0
-0.2656250000000002 7.304989946277374e-13 0.0
-0.2656250000000204 -0.01562499999928676 0.0
-0.2656250000000407 -0.03124999999930977 0.0
-0.2656250000000611 -0.04687499999933276 0.0
-0.2656250000000814 -0.06249999999935585 0.0
-0.2656250000001017 -0.07812499999937872 0.0
-0.265625000000122 -0.0937499999994017 0.0
-0.2656250000001423 -0.1093749999994249 0.0
-0.2656250000001626 -0.1249999999994477 0.0
-0.265625000000183 -0.1406249999994709 0.0
-0.2656250000002032 -0.156249999999494 0.0
-0.2656250000002235 -0.171874999999517 0.0
-0.2656250000002438 -0.1874999999995399 0.0
-0.2656250000002642 -0.203124999999563 0.0
-0.2656250000002844 -0.2187499999995859 0.0
-0.2656250000003048 -0.2343749999996089 0.0
-0.2656250000003251 -0.2499999999996318 0.0
-0.2656250000003452 -0.2656249999996549 0.0
-0.2656250000003658 -0.2812499999996779 0.0
-0.265625000000386 -0.296874999999701 0.0
-0.2656250000004064 -0.3124999999997238 0.0
-0.2656250000004265 -0.3281249999997469 0.0
-0.265625000000447 -0.3437499999997698 0.0
-0.2656250000004672 -0.3593749999997928 0.0
-0.2656250000004874 -0.3749999999998159 0.0
-0.2656250000005078 -0.390624999999839 0.0
-0.2656250000005281 -0.4062499999998618 0.0
-0.2656250000005485 -0.421874999999885 0.0
-0.2656250000005688 -0.4374999999999079 0.0
-0.2656250000005891 -0.4531249999999309 0.0
-0.2656250000006095 -0.4687499999999539 0.0
-0.2656250000006297 -0.4843749999999769 0.0
-0.2812499999994126 0.4843750000000243 0.0
-0.2812499999994316 0.4687500000000487 0.0
-0.2812499999994504 0.4531250000000732 0.0
-0.2812499999994694 0.4375000000000974 0.0
-0.2812499999994884 0.4218750000001218 0.0
-0.2812499999995073 0.4062500000001462 0.0
-0.2812499999995263 0.3906250000001704 0.0
-0.2812499999995453 0.3750000000001951 0.0
-0.2812499999995641 0.3593750000002194 0.0
-0.2812499999995831 0.3437500000002436 0.0
-0.2812499999996021 0.3281250000002682 0.0
-0.2812499999996211 0.3125000000002924 0.0
-0.2812499999996401 0.2968750000003169 0.0
-0.2812499999996589 0.2812500000003413 0.0
-0.2812499999996779 0.2656250000003657 0.0
-0.2812499999996969 0.2500000000003901 0.0
-0.2812499999997158 0.2343750000004143 0.0
-0.2812499999997348 0.218750000000439 0.0
-0.2812499999997538 0.2031250000004632 0.0
-0.2812499999997726 0.1875000000004874 0.0
-0.2812499999997916 0.1718750000005118 0.0
-0.2812499999998106 0.1562500000005362 0.0
-0.2812499999998294 0.1406250000005604 0.0
-0.2812499999998486 0.1250000000005847 0.0
-0.2812499999998674 0.1093750000006092 0.0
-0.2812499999998864 0.0937500000006336 0.0
-0.2812499999999054 0.07812500000065778 0.0
-0.2812499999999243 0.06250000000068223 0.0
-0.2812499999999433 0.04687500000070666 0.0
-0.2812499999999623 0.03125000000073086 0.0
-0.2812499999999811 0.01562500000075531 0.0
-0.2812500000000002 7.734923812563466e-13 0.0
-0.2812500000000191 -0.01562499999924483 0.0
-0.281250000000038 -0.03124999999926922 0.0
-0.2812500000000571 -0.04687499999929357 0.0
-0.2812500000000759 -0.06249999999931791 0.0
-0.2812500000000949 -0.07812499999934228 0.0
-0.2812500000001139 -0.09374999999936673 0.0
-0.2812500000001328 -0.1093749999993909 0.0
-0.2812500000001518 -0.1249999999994154 0.0
-0.2812500000001708 -0.1406249999994398 0.0
-0.2812500000001896 -0.1562499999994643 0.0
-0.2812500000002087 -0.1718749999994884 0.0
-0.2812500000002277 -0.1874999999995128 0.0
-0.2812500000002466 -0.2031249999995371 0.0
-0.2812500000002655 -0.2187499999995615 0.0
-0.2812500000002844 -0.2343749999995859 0.0
-0.2812500000003033 -0.2499999999996103 0.0
-0.2812500000003225 -0.2656249999996346 0.0
-0.2812500000003412 -0.2812499999996589 0.0
-0.2812500000003603 -0.2968749999996833 0.0
-0.2812500000003791 -0.3124999999997076 0.0
-0.2812500000003981 -0.3281249999997319 0.0
-0.2812500000004172 -0.3437499999997563 0.0
-0.2812500000004362 -0.3593749999997806 0.0
-0.281250000000455 -0.374999999999805 0.0
-0.281250000000474 -0.3906249999998295 0.0
-0.2812500000004931 -0.4062499999998538 0.0
-0.2812500000005119 -0.4218749999998781 0.0
-0.2812500000005308 -0.4374999999999025 0.0
-0.2812500000005497 -0.4531249999999269 0.0
-0.2812500000005688 -0.4687499999999513 0.0
-0.2812500000005878 -0.4843749999999756 0.0
-0.2968749999994544 0.4843750000000256 0.0
-0.2968749999994721 0.4687500000000514 0.0
-0.2968749999994898 0.4531250000000772 0.0
-0.2968749999995073 0.4375000000001029 0.0
-0.2968749999995248 0.4218750000001287 0.0
-0.2968749999995425 0.4062500000001542 0.0
-0.2968749999995601 0.39062500000018 0.0
-0.2968749999995777 0.3750000000002057 0.0
-0.2968749999995953 0.3593750000002314 0.0
-0.2968749999996129 0.3437500000002573 0.0
-0.2968749999996305 0.3281250000002829 0.0
-0.2968749999996481 0.3125000000003089 0.0
-0.2968749999996657 0.2968750000003346 0.0
-0.2968749999996834 0.2812500000003602 0.0
-0.2968749999997009 0.2656250000003859 0.0
-0.2968749999997184 0.2500000000004117 0.0
-0.2968749999997361 0.2343750000004374 0.0
-0.2968749999997538 0.2187500000004632 0.0
-0.2968749999997713 0.2031250000004889 0.0
-0.2968749999997889 0.1875000000005145 0.0
-0.2968749999998065 0.1718750000005402 0.0
-0.2968749999998241 0.156250000000566 0.0
-0.2968749999998417 0.1406250000005915 0.0
-0.2968749999998593 0.1250000000006172 0.0
-0.296874999999877 0.1093750000006432 0.0
-0.2968749999998945 0.09375000000066869 0.0
-0.2968749999999121 0.07812500000069444 0.0
-0.2968749999999297 0.06250000000072017 0.0
-0.2968749999999473 0.04687500000074574 0.0
-0.2968749999999649 0.03125000000077152 0.0
-0.2968749999999825 0.01562500000079722 0.0
-0.2968750000000001 8.164857678849557e-13 0.0
-0.2968750000000178 -0.01562499999920286 0.0
-0.2968750000000353 -0.03124999999922851 0.0
-0.296875000000053 -0.04687499999925426 0.0
-0.2968750000000705 -0.06249999999928002 0.0
-0.2968750000000882 -0.07812499999930564 0.0
-0.2968750000001057 -0.09374999999933145 0.0
-0.2968750000001233 -0.1093749999993572 0.0
-0.2968750000001409 -0.1249999999993829 0.0
-0.2968750000001585 -0.1406249999994087 0.0
-0.296875000000176 -0.1562499999994345 0.0
-0.2968750000001938 -0.1718749999994599 0.0
-0.2968750000002114 -0.1874999999994857 0.0
-0.2968750000002289 -0.2031249999995115 0.0
-0.2968750000002465 -0.2187499999995371 0.0
-0.2968750000002641 -0.2343749999995628 0.0
-0.2968750000002818 -0.2499999999995885 0.0
-0.2968750000002993 -0.2656249999996143 0.0
-0.2968750000003169 -0.2812499999996401 0.0
-0.2968750000003347 -0.2968749999996657 0.0
-0.2968750000003522 -0.3124999999996914 0.0
-0.2968750000003697 -0.3281249999997171 0.0
-0.2968750000003874 -0.3437499999997429 0.0
-0.2968750000004048 -0.3593749999997685 0.0
-0.2968750000004226 -0.3749999999997942 0.0
-0.2968750000004401 -0.3906249999998199 0.0
-0.2968750000004577 -0.4062499999998457 0.0
-0.2968750000004752 -0.4218749999998715 0.0
-0.2968750000004931 -0.4374999999998972 0.0
-0.2968750000005104 -0.4531249999999228 0.0
-0.2968750000005281 -0.4687499999999485 0.0
-0.2968750000005458 -0.4843749999999742 0.0
-0.3124999999994964 0.484375000000027 0.0
-0.3124999999995126 0.4687500000000542 0.0
-0.3124999999995289 0.453125000000081 0.0
-0.3124999999995453 0.4375000000001084 0.0
-0.3124999999995615 0.4218750000001352 0.0
-0.3124999999995777 0.4062500000001625 0.0
-0.3124999999995939 0.3906250000001895 0.0
-0.3124999999996101 0.3750000000002167 0.0
-0.3124999999996264 0.3593750000002438 0.0
-0.3124999999996428 0.3437500000002708 0.0
-0.3124999999996589 0.3281250000002979 0.0
-0.3124999999996751 0.3125000000003252 0.0
-0.3124999999996914 0.2968750000003521 0.0
-0.3124999999997075 0.2812500000003793 0.0
-0.3124999999997239 0.2656250000004063 0.0
-0.3124999999997402 0.2500000000004334 0.0
-0.3124999999997564 0.2343750000004605 0.0
-0.3124999999997726 0.2187500000004874 0.0
-0.3124999999997888 0.2031250000005148 0.0
-0.312499999999805 0.1875000000005416 0.0
-0.3124999999998214 0.1718750000005686 0.0
-0.3124999999998377 0.1562500000005957 0.0
-0.312499999999854 0.1406250000006226 0.0
-0.3124999999998701 0.1250000000006498 0.0
-0.3124999999998863 0.1093750000006769 0.0
-0.3124999999999026 0.0937500000007038 0.0
-0.3124999999999188 0.07812500000073111 0.0
-0.3124999999999352 0.06250000000075787 0.0
-0.3124999999999514 0.04687500000078523 0.0
-0.3124999999999676 0.0312500000008121 0.0
-0.3124999999999838 0.01562500000083919 0.0
-0.3125000000000001 8.592848654842555e-13 0.0
-0.3125000000000164 -0.01562499999916089 0.0
-0.3125000000000326 -0.03124999999918801 0.0
-0.3125000000000488 -0.04687499999921507 0.0
-0.3125000000000651 -0.06249999999924211 0.0
-0.3125000000000813 -0.07812499999926922 0.0
-0.3125000000000976 -0.09374999999929631 0.0
-0.3125000000001137 -0.1093749999993232 0.0
-0.3125000000001301 -0.1249999999993503 0.0
-0.3125000000001464 -0.1406249999993777 0.0
-0.3125000000001625 -0.1562499999994044 0.0
-0.3125000000001787 -0.1718749999994316 0.0
-0.3125000000001951 -0.1874999999994587 0.0
-0.3125000000002113 -0.2031249999994858 0.0
-0.3125000000002277 -0.2187499999995127 0.0
-0.3125000000002438 -0.2343749999995398 0.0
-0.3125000000002601 -0.2499999999995668 0.0
-0.3125000000002762 -0.265624999999594 0.0
-0.3125000000002925 -0.281249999999621 0.0
-0.3125000000003088 -0.2968749999996481 0.0
-0.3125000000003249 -0.3124999999996751 0.0
-0.3125000000003413 -0.3281249999997022 0.0
-0.3125000000003575 -0.3437499999997292 0.0
-0.3125000000003736 -0.3593749999997564 0.0
-0.31250000000039 -0.3749999999997835 0.0
-0.3125000000004062 -0.3906249999998106 0.0
-0.3125000000004226 -0.4062499999998376 0.0
-0.3125000000004388 -0.4218749999998646 0.0
-0.312500000000455 -0.4374999999998916 0.0
-0.3125000000004712 -0.4531249999999188 0.0
-0.3125000000004875 -0.4687499999999458 0.0
-0.3125000000005038 -0.4843749999999727 0.0
-0.3281249999995384 0.4843750000000283 0.0
-0.3281249999995532 0.468750000000057 0.0
-0.3281249999995681 0.4531250000000854 0.0
-0.3281249999995829 0.4375000000001138 0.0
-0.328124999999598 0.421875000000142 0.0
-0.3281249999996129 0.4062500000001706 0.0
-0.3281249999996277 0.3906250000001988 0.0
-0.3281249999996426 0.3750000000002275 0.0
-0.3281249999996575 0.3593750000002558 0.0
-0.3281249999996724 0.3437500000002844 0.0
-0.3281249999996874 0.3281250000003126 0.0
-0.3281249999997022 0.3125000000003413 0.0
-0.3281249999997171 0.2968750000003697 0.0
-0.328124999999732 0.2812500000003981 0.0
-0.3281249999997469 0.2656250000004268 0.0
-0.3281249999997617 0.250000000000455 0.0
-0.3281249999997766 0.2343750000004834 0.0
-0.3281249999997914 0.2187500000005118 0.0
-0.3281249999998064 0.2031250000005403 0.0
-0.3281249999998214 0.1875000000005687 0.0
-0.3281249999998362 0.1718750000005971 0.0
-0.3281249999998511 0.1562500000006255 0.0
-0.328124999999866 0.1406250000006539 0.0
-0.3281249999998809 0.1250000000006825 0.0
-0.3281249999998959 0.1093750000007107 0.0
-0.3281249999999107 0.09375000000073908 0.0
-0.3281249999999256 0.0781250000007675 0.0
-0.3281249999999405 0.06250000000079592 0.0
-0.3281249999999554 0.04687500000082434 0.0
-0.3281249999999702 0.03125000000085279 0.0
-0.3281249999999851 0.01562500000088121 0.0
-0.328125 9.023892744153272e-13 0.0
-0.328125000000015 -0.01562499999911893 0.0
-0.3281250000000299 -0.03124999999914735 0.0
-0.3281250000000447 -0.04687499999917577 0.0
-0.3281250000000596 -0.06249999999920419 0.0
-0.3281250000000746 -0.07812499999923253 0.0
-0.3281250000000895 -0.09374999999926106 0.0
-0.3281250000001042 -0.1093749999992895 0.0
-0.3281250000001192 -0.1249999999993179 0.0
-0.3281250000001341 -0.1406249999993466 0.0
-0.328125000000149 -0.1562499999993747 0.0
-0.3281250000001639 -0.1718749999994031 0.0
-0.3281250000001787 -0.1874999999994318 0.0
-0.3281250000001935 -0.2031249999994602 0.0
-0.3281250000002084 -0.2187499999994885 0.0
-0.3281250000002233 -0.2343749999995168 0.0
-0.3281250000002384 -0.2499999999995453 0.0
-0.3281250000002534 -0.2656249999995737 0.0
-0.3281250000002681 -0.2812499999996021 0.0
-0.3281250000002831 -0.2968749999996305 0.0
-0.3281250000002979 -0.3124999999996589 0.0
-0.3281250000003127 -0.3281249999996874 0.0
-0.3281250000003278 -0.3437499999997156 0.0
-0.3281250000003426 -0.3593749999997441 0.0
-0.3281250000003576 -0.3749999999997726 0.0
-0.3281250000003724 -0.390624999999801 0.0
-0.3281250000003872 -0.4062499999998295 0.0
-0.3281250000004021 -0.4218749999998579 0.0
-0.3281250000004171 -0.4374999999998864 0.0
-0.3281250000004321 -0.4531249999999147 0.0
-0.3281250000004469 -0.468749999999943 0.0
-0.3281250000004616 -0.4843749999999715 0.0
-0.3437499999995803 0.4843750000000296 0.0
-0.3437499999995939 0.4687500000000596 0.0
-0.3437499999996074 0.4531250000000894 0.0
-0.343749999999621 0.4375000000001191 0.0
-0.3437499999996345 0.4218750000001489 0.0
-0.3437499999996481 0.4062500000001786 0.0
-0.3437499999996616 0.3906250000002084 0.0
-0.3437499999996751 0.3750000000002381 0.0
-0.3437499999996887 0.359375000000268 0.0
-0.3437499999997022 0.3437500000002978 0.0
-0.3437499999997158 0.3281250000003277 0.0
-0.3437499999997293 0.3125000000003575 0.0
-0.3437499999997429 0.2968750000003872 0.0
-0.3437499999997563 0.281250000000417 0.0
-0.3437499999997699 0.2656250000004468 0.0
-0.3437499999997835 0.2500000000004767 0.0
-0.3437499999997969 0.2343750000005065 0.0
-0.3437499999998105 0.2187500000005363 0.0
-0.343749999999824 0.2031250000005662 0.0
-0.3437499999998376 0.1875000000005957 0.0
-0.3437499999998511 0.1718750000006255 0.0
-0.3437499999998647 0.1562500000006553 0.0
-0.3437499999998782 0.140625000000685 0.0
-0.3437499999998918 0.1250000000007148 0.0
-0.3437499999999052 0.1093750000007444 0.0
-0.3437499999999187 0.09375000000077438 0.0
-0.3437499999999324 0.07812500000080391 0.0
-0.3437499999999458 0.06250000000083386 0.0
-0.3437499999999594 0.04687500000086345 0.0
-0.3437499999999729 0.0312500000008934 0.0
-0.3437499999999865 0.01562500000092312 0.0
-0.34375 9.453826610439364e-13 0.0
-0.3437500000000135 -0.01562499999907696 0.0
-0.3437500000000271 -0.03124999999910671 0.0
-0.3437500000000406 -0.04687499999913647 0.0
-0.3437500000000542 -0.06249999999916622 0.0
-0.3437500000000677 -0.07812499999919598 0.0
-0.3437500000000813 -0.09374999999922573 0.0
-0.3437500000000948 -0.1093749999992556 0.0
-0.3437500000001083 -0.1249999999992855 0.0
-0.3437500000001219 -0.1406249999993152 0.0
-0.3437500000001354 -0.1562499999993449 0.0
-0.343750000000149 -0.1718749999993747 0.0
-0.3437500000001625 -0.1874999999994047 0.0
-0.3437500000001761 -0.2031249999994344 0.0
-0.3437500000001896 -0.2187499999994642 0.0
-0.3437500000002031 -0.2343749999994939 0.0
-0.3437500000002167 -0.2499999999995237 0.0
-0.3437500000002302 -0.2656249999995534 0.0
-0.3437500000002437 -0.2812499999995831 0.0
-0.3437500000002572 -0.296874999999613 0.0
-0.3437500000002708 -0.3124999999996428 0.0
-0.3437500000002844 -0.3281249999996724 0.0
-0.3437500000002979 -0.3437499999997022 0.0
-0.3437500000003114 -0.3593749999997319 0.0
-0.3437500000003249 -0.3749999999997617 0.0
-0.3437500000003385 -0.3906249999997915 0.0
-0.3437500000003522 -0.4062499999998212 0.0
-0.3437500000003657 -0.421874999999851 0.0
-0.3437500000003791 -0.4374999999998808 0.0
-0.3437500000003928 -0.4531249999999105 0.0
-0.3437500000004063 -0.4687499999999403 0.0
-0.3437500000004198 -0.4843749999999701 0.0
-0.3593749999996223 0.484375000000031 0.0
-0.3593749999996345 0.4687500000000623 0.0
-0.3593749999996466 0.4531250000000936 0.0
-0.3593749999996588 0.4375000000001245 0.0
-0.359374999999671 0.4218750000001558 0.0
-0.3593749999996831 0.4062500000001869 0.0
-0.3593749999996954 0.3906250000002179 0.0
-0.3593749999997076 0.3750000000002492 0.0
-0.3593749999997198 0.3593750000002802 0.0
-0.359374999999732 0.3437500000003115 0.0
-0.3593749999997441 0.3281250000003426 0.0
-0.3593749999997563 0.3125000000003737 0.0
-0.3593749999997685 0.296875000000405 0.0
-0.3593749999997806 0.2812500000004359 0.0
-0.3593749999997928 0.2656250000004672 0.0
-0.359374999999805 0.2500000000004985 0.0
-0.3593749999998173 0.2343750000005294 0.0
-0.3593749999998295 0.2187500000005607 0.0
-0.3593749999998417 0.2031250000005917 0.0
-0.3593749999998538 0.1875000000006228 0.0
-0.359374999999866 0.1718750000006537 0.0
-0.3593749999998781 0.156250000000685 0.0
-0.3593749999998903 0.1406250000007161 0.0
-0.3593749999999025 0.1250000000007473 0.0
-0.3593749999999147 0.1093750000007782 0.0
-0.3593749999999269 0.09375000000080946 0.0
-0.3593749999999392 0.07812500000084052 0.0
-0.3593749999999513 0.06250000000087164 0.0
-0.3593749999999635 0.04687500000090294 0.0
-0.3593749999999756 0.03125000000093378 0.0
-0.3593749999999878 0.01562500000096512 0.0
-0.359375 9.883205365213144e-13 0.0
-0.3593750000000122 -0.01562499999903499 0.0
-0.3593750000000244 -0.03124999999906608 0.0
-0.3593750000000366 -0.04687499999909728 0.0
-0.3593750000000487 -0.06249999999912836 0.0
-0.359375000000061 -0.07812499999915956 0.0
-0.3593750000000732 -0.09374999999919068 0.0
-0.3593750000000852 -0.1093749999992217 0.0
-0.3593750000000975 -0.1249999999992528 0.0
-0.3593750000001097 -0.1406249999992842 0.0
-0.3593750000001219 -0.1562499999993152 0.0
-0.3593750000001341 -0.1718749999993461 0.0
-0.3593750000001463 -0.1874999999993776 0.0
-0.3593750000001584 -0.2031249999994087 0.0
-0.3593750000001705 -0.2187499999994397 0.0
-0.3593750000001827 -0.2343749999994709 0.0
-0.359375000000195 -0.249999999999502 0.0
-0.3593750000002072 -0.265624999999533 0.0
-0.3593750000002193 -0.2812499999995641 0.0
-0.3593750000002315 -0.2968749999995953 0.0
-0.3593750000002437 -0.3124999999996264 0.0
-0.3593750000002559 -0.3281249999996575 0.0
-0.3593750000002681 -0.3437499999996887 0.0
-0.3593750000002802 -0.3593749999997198 0.0
-0.3593750000002923 -0.374999999999751 0.0
-0.3593750000003046 -0.3906249999997821 0.0
-0.3593750000003169 -0.4062499999998133 0.0
-0.3593750000003291 -0.4218749999998443 0.0
-0.3593750000003411 -0.4374999999998754 0.0
-0.3593750000003534 -0.4531249999999065 0.0
-0.3593750000003657 -0.4687499999999376 0.0
-0.3593750000003776 -0.4843749999999687 0.0
-0.3749999999996642 0.4843750000000323 0.0
-0.3749999999996751 0.4687500000000649 0.0
-0.374999999999686 0.4531250000000975 0.0
-0.3749999999996968 0.43750000000013 0.0
-0.3749999999997077 0.4218750000001624 0.0
-0.3749999999997184 0.4062500000001951 0.0
-0.3749999999997293 0.3906250000002273 0.0
-0.3749999999997401 0.3750000000002599 0.0
-0.374999999999751 0.3593750000002924 0.0
-0.3749999999997617 0.3437500000003249 0.0
-0.3749999999997726 0.3281250000003575 0.0
-0.3749999999997836 0.3125000000003901 0.0
-0.3749999999997943 0.2968750000004226 0.0
-0.374999999999805 0.281250000000455 0.0
-0.3749999999998159 0.2656250000004876 0.0
-0.3749999999998269 0.25000000000052 0.0
-0.3749999999998375 0.2343750000005524 0.0
-0.3749999999998485 0.2187500000005851 0.0
-0.3749999999998592 0.2031250000006173 0.0
-0.3749999999998701 0.1875000000006499 0.0
-0.374999999999881 0.1718750000006821 0.0
-0.3749999999998918 0.1562500000007148 0.0
-0.3749999999999025 0.1406250000007472 0.0
-0.3749999999999134 0.1250000000007797 0.0
-0.3749999999999243 0.1093750000008121 0.0
-0.3749999999999351 0.09375000000084444 0.0
-0.3749999999999459 0.07812500000087708 0.0
-0.3749999999999567 0.06250000000090963 0.0
-0.3749999999999676 0.04687500000094202 0.0
-0.3749999999999785 0.03125000000097469 0.0
-0.3749999999999892 0.01562500000100708 0.0
-0.375 1.031369434301155e-12 0.0
-0.3750000000000109 -0.015624999998993 0.0
-0.3750000000000216 -0.03124999999902559 0.0
-0.3750000000000325 -0.04687499999905811 0.0
-0.3750000000000434 -0.06249999999909048 0.0
-0.3750000000000542 -0.07812499999912295 0.0
-0.3750000000000651 -0.09374999999915559 0.0
-0.3750000000000758 -0.109374999999188 0.0
-0.3750000000000867 -0.1249999999992204 0.0
-0.3750000000000975 -0.1406249999992531 0.0
-0.3750000000001084 -0.1562499999992853 0.0
-0.3750000000001191 -0.1718749999993179 0.0
-0.3750000000001301 -0.1874999999993504 0.0
-0.3750000000001408 -0.2031249999993829 0.0
-0.3750000000001517 -0.2187499999994154 0.0
-0.3750000000001626 -0.2343749999994478 0.0
-0.3750000000001733 -0.2499999999994802 0.0
-0.3750000000001843 -0.2656249999995127 0.0
-0.375000000000195 -0.2812499999995453 0.0
-0.3750000000002058 -0.2968749999995777 0.0
-0.3750000000002166 -0.3124999999996101 0.0
-0.3750000000002274 -0.3281249999996426 0.0
-0.3750000000002384 -0.3437499999996751 0.0
-0.375000000000249 -0.3593749999997076 0.0
-0.3750000000002601 -0.3749999999997402 0.0
-0.3750000000002708 -0.3906249999997726 0.0
-0.3750000000002816 -0.406249999999805 0.0
-0.3750000000002924 -0.4218749999998376 0.0
-0.3750000000003034 -0.43749999999987 0.0
-0.3750000000003141 -0.4531249999999025 0.0
-0.3750000000003249 -0.468749999999935 0.0
-0.3750000000003357 -0.4843749999999674 0.0
-0.3906249999997062 0.4843750000000339 0.0
-0.3906249999997158 0.4687500000000675 0.0
-0.3906249999997252 0.4531250000001015 0.0
-0.3906249999997347 0.4375000000001354 0.0
-0.3906249999997442 0.4218750000001689 0.0
-0.3906249999997536 0.4062500000002029 0.0
-0.3906249999997631 0.3906250000002369 0.0
-0.3906249999997726 0.3750000000002709 0.0
-0.3906249999997821 0.3593750000003046 0.0
-0.3906249999997914 0.3437500000003386 0.0
-0.390624999999801 0.3281250000003724 0.0
-0.3906249999998105 0.3125000000004062 0.0
-0.3906249999998199 0.29687500000044 0.0
-0.3906249999998295 0.281250000000474 0.0
-0.3906249999998389 0.2656250000005079 0.0
-0.3906249999998483 0.2500000000005417 0.0
-0.3906249999998579 0.2343750000005754 0.0
-0.3906249999998675 0.2187500000006094 0.0
-0.3906249999998769 0.2031250000006431 0.0
-0.3906249999998863 0.1875000000006769 0.0
-0.3906249999998959 0.1718750000007107 0.0
-0.3906249999999053 0.1562500000007444 0.0
-0.3906249999999147 0.1406250000007785 0.0
-0.3906249999999243 0.125000000000812 0.0
-0.3906249999999337 0.109375000000846 0.0
-0.3906249999999432 0.09375000000087996 0.0
-0.3906249999999527 0.0781250000009136 0.0
-0.3906249999999621 0.06250000000094755 0.0
-0.3906249999999716 0.04687500000098133 0.0
-0.390624999999981 0.0312500000010151 0.0
-0.3906249999999906 0.01562500000104908 0.0
-0.390625 1.074362820929764e-12 0.0
-0.3906250000000095 -0.01562499999895109 0.0
-0.390625000000019 -0.03124999999898492 0.0
-0.3906250000000284 -0.04687499999901878 0.0
-0.3906250000000379 -0.06249999999905254 0.0
-0.3906250000000474 -0.07812499999908651 0.0
-0.3906250000000568 -0.09374999999912029 0.0
-0.3906250000000664 -0.109374999999154 0.0
-0.3906250000000758 -0.124999999999188 0.0
-0.3906250000000852 -0.1406249999992218 0.0
-0.3906250000000948 -0.1562499999992557 0.0
-0.3906250000001042 -0.1718749999992895 0.0
-0.3906250000001137 -0.1874999999993234 0.0
-0.3906250000001232 -0.2031249999993571 0.0
-0.3906250000001327 -0.2187499999993909 0.0
-0.3906250000001421 -0.2343749999994247 0.0
-0.3906250000001516 -0.2499999999994587 0.0
-0.3906250000001611 -0.2656249999994924 0.0
-0.3906250000001706 -0.2812499999995263 0.0
-0.3906250000001801 -0.2968749999995601 0.0
-0.3906250000001896 -0.3124999999995939 0.0
-0.3906250000001991 -0.3281249999996277 0.0
-0.3906250000002085 -0.3437499999996616 0.0
-0.3906250000002179 -0.3593749999996954 0.0
-0.3906250000002274 -0.3749999999997292 0.0
-0.390625000000237 -0.3906249999997631 0.0
-0.3906250000002464 -0.4062499999997969 0.0
-0.3906250000002558 -0.4218749999998308 0.0
-0.3906250000002653 -0.4374999999998646 0.0
-0.3906250000002749 -0.4531249999998984 0.0
-0.3906250000002842 -0.4687499999999323 0.0
-0.3906250000002938 -0.484374999999966 0.0
-0.4062499999997482 0.4843750000000352 0.0
-0.4062499999997565 0.4687500000000703 0.0
-0.4062499999997644 0.4531250000001056 0.0
-0.4062499999997727 0.4375000000001409 0.0
-0.4062499999997807 0.421875000000176 0.0
-0.4062499999997888 0.4062500000002111 0.0
-0.4062499999997969 0.3906250000002464 0.0
-0.406249999999805 0.3750000000002817 0.0
-0.4062499999998133 0.3593750000003169 0.0
-0.4062499999998213 0.343750000000352 0.0
-0.4062499999998295 0.3281250000003872 0.0
-0.4062499999998376 0.3125000000004226 0.0
-0.4062499999998457 0.2968750000004579 0.0
-0.4062499999998538 0.2812500000004929 0.0
-0.4062499999998618 0.265625000000528 0.0
-0.4062499999998701 0.2500000000005633 0.0
-0.4062499999998782 0.2343750000005986 0.0
-0.4062499999998863 0.2187500000006337 0.0
-0.4062499999998944 0.2031250000006688 0.0
-0.4062499999999025 0.1875000000007041 0.0
-0.4062499999999107 0.1718750000007392 0.0
-0.4062499999999187 0.1562500000007742 0.0
-0.4062499999999269 0.1406250000008095 0.0
-0.4062499999999351 0.1250000000008445 0.0
-0.4062499999999432 0.1093750000008799 0.0
-0.4062499999999513 0.09375000000091513 0.0
-0.4062499999999594 0.07812500000095024 0.0
-0.4062499999999675 0.06250000000098532 0.0
-0.4062499999999756 0.0468750000010206 0.0
-0.4062499999999838 0.03125000000105591 0.0
-0.4062499999999919 0.01562500000109102 0.0
-0.40625 1.117328451982758e-12 0.0
-0.4062500000000081 -0.01562499999890923 0.0
-0.4062500000000162 -0.03124999999894437 0.0
-0.4062500000000244 -0.04687499999897948 0.0
-0.4062500000000325 -0.06249999999901482 0.0
-0.4062500000000406 -0.07812499999904987 0.0
-0.4062500000000487 -0.09374999999908518 0.0
-0.4062500000000568 -0.1093749999991203 0.0
-0.4062500000000651 -0.1249999999991556 0.0
-0.4062500000000731 -0.1406249999991906 0.0
-0.4062500000000813 -0.156249999999226 0.0
-0.4062500000000894 -0.171874999999261 0.0
-0.4062500000000975 -0.1874999999992963 0.0
-0.4062500000001056 -0.2031249999993314 0.0
-0.4062500000001137 -0.2187499999993666 0.0
-0.406250000000122 -0.2343749999994018 0.0
-0.4062500000001299 -0.2499999999994369 0.0
-0.4062500000001381 -0.2656249999994722 0.0
-0.4062500000001462 -0.2812499999995073 0.0
-0.4062500000001543 -0.2968749999995425 0.0
-0.4062500000001624 -0.3124999999995777 0.0
-0.4062500000001706 -0.3281249999996129 0.0
-0.4062500000001786 -0.3437499999996481 0.0
-0.4062500000001869 -0.3593749999996831 0.0
-0.406250000000195 -0.3749999999997184 0.0
-0.4062500000002031 -0.3906249999997536 0.0
-0.4062500000002112 -0.4062499999997888 0.0
-0.4062500000002194 -0.4218749999998239 0.0
-0.4062500000002275 -0.4374999999998592 0.0
-0.4062500000002356 -0.4531249999998943 0.0
-0.4062500000002437 -0.4687499999999296 0.0
-0.406250000000252 -0.4843749999999646 0.0
-0.4218749999997902 0.4843750000000365 0.0
-0.4218749999997969 0.4687500000000729 0.0
-0.4218749999998037 0.4531250000001096 0.0
-0.4218749999998105 0.4375000000001462 0.0
-0.4218749999998173 0.4218750000001829 0.0
-0.421874999999824 0.4062500000002193 0.0
-0.4218749999998308 0.3906250000002557 0.0
-0.4218749999998376 0.3750000000002923 0.0
-0.4218749999998443 0.359375000000329 0.0
-0.4218749999998511 0.3437500000003657 0.0
-0.4218749999998579 0.3281250000004021 0.0
-0.4218749999998646 0.3125000000004388 0.0
-0.4218749999998714 0.2968750000004752 0.0
-0.4218749999998781 0.2812500000005118 0.0
-0.421874999999885 0.2656250000005485 0.0
-0.4218749999998916 0.2500000000005851 0.0
-0.4218749999998986 0.2343750000006215 0.0
-0.4218749999999052 0.2187500000006579 0.0
-0.4218749999999121 0.2031250000006946 0.0
-0.4218749999999187 0.1875000000007312 0.0
-0.4218749999999256 0.1718750000007676 0.0
-0.4218749999999322 0.156250000000804 0.0
-0.421874999999939 0.1406250000008407 0.0
-0.4218749999999458 0.1250000000008772 0.0
-0.4218749999999526 0.1093750000009136 0.0
-0.4218749999999594 0.09375000000095024 0.0
-0.4218749999999661 0.0781250000009869 0.0
-0.4218749999999729 0.06250000000102329 0.0
-0.4218749999999797 0.04687500000105971 0.0
-0.4218749999999865 0.03125000000109635 0.0
-0.4218749999999932 0.01562500000113295 0.0
-0.421875 1.160294083035751e-12 0.0
-0.4218750000000068 -0.01562499999886713 0.0
-0.4218750000000135 -0.03124999999890377 0.0
-0.4218750000000203 -0.04687499999894029 0.0
-0.4218750000000271 -0.06249999999897682 0.0
-0.4218750000000338 -0.07812499999901348 0.0
-0.4218750000000406 -0.09374999999904987 0.0
-0.4218750000000474 -0.1093749999990865 0.0
-0.4218750000000542 -0.1249999999991229 0.0
-0.421875000000061 -0.1406249999991595 0.0
-0.4218750000000677 -0.1562499999991962 0.0
-0.4218750000000745 -0.1718749999992326 0.0
-0.4218750000000813 -0.1874999999992692 0.0
-0.4218750000000879 -0.2031249999993057 0.0
-0.4218750000000948 -0.2187499999993422 0.0
-0.4218750000001014 -0.2343749999993788 0.0
-0.4218750000001084 -0.2499999999994154 0.0
-0.4218750000001152 -0.2656249999994518 0.0
-0.421875000000122 -0.2812499999994884 0.0
-0.4218750000001285 -0.296874999999525 0.0
-0.4218750000001353 -0.3124999999995616 0.0
-0.4218750000001422 -0.328124999999598 0.0
-0.4218750000001491 -0.3437499999996345 0.0
-0.4218750000001557 -0.3593749999996711 0.0
-0.4218750000001625 -0.3749999999997076 0.0
-0.4218750000001693 -0.3906249999997443 0.0
-0.4218750000001761 -0.4062499999997807 0.0
-0.4218750000001827 -0.4218749999998173 0.0
-0.4218750000001895 -0.4374999999998537 0.0
-0.4218750000001963 -0.4531249999998903 0.0
-0.421875000000203 -0.4687499999999269 0.0
-0.4218750000002098 -0.4843749999999634 0.0
-0.4374999999998322 0.4843750000000379 0.0
-0.4374999999998376 0.4687500000000756 0.0
-0.4374999999998429 0.4531250000001139 0.0
-0.4374999999998483 0.4375000000001515 0.0
-0.4374999999998538 0.4218750000001895 0.0
-0.4374999999998592 0.4062500000002275 0.0
-0.4374999999998646 0.3906250000002655 0.0
-0.4374999999998699 0.3750000000003034 0.0
-0.4374999999998754 0.3593750000003411 0.0
-0.4374999999998809 0.343750000000379 0.0
-0.4374999999998864 0.328125000000417 0.0
-0.4374999999998916 0.312500000000455 0.0
-0.4374999999998971 0.2968750000004929 0.0
-0.4374999999999025 0.2812500000005309 0.0
-0.437499999999908 0.2656250000005689 0.0
-0.4374999999999135 0.2500000000006066 0.0
-0.4374999999999187 0.2343750000006446 0.0
-0.4374999999999242 0.2187500000006823 0.0
-0.4374999999999296 0.2031250000007203 0.0
-0.4374999999999349 0.1875000000007583 0.0
-0.4374999999999404 0.171875000000796 0.0
-0.4374999999999458 0.1562500000008338 0.0
-0.4374999999999513 0.1406250000008717 0.0
-0.4374999999999567 0.1250000000009096 0.0
-0.437499999999962 0.1093750000009476 0.0
-0.4374999999999675 0.09375000000098535 0.0
-0.4374999999999729 0.07812500000102329 0.0
-0.4374999999999784 0.06250000000106126 0.0
-0.4374999999999838 0.04687500000109923 0.0
-0.4374999999999891 0.03125000000113695 0.0
-0.4374999999999946 0.01562500000117473 0.0
-0.4375 1.203259714088745e-12 0.0
-0.4375000000000054 -0.01562499999882519 0.0
-0.4375000000000109 -0.03124999999886313 0.0
-0.4375000000000162 -0.04687499999890096 0.0
-0.4375000000000216 -0.06249999999893885 0.0
-0.4375000000000271 -0.07812499999897682 0.0
-0.4375000000000325 -0.09374999999901476 0.0
-0.4375000000000379 -0.1093749999990525 0.0
-0.4375000000000433 -0.1249999999990905 0.0
-0.4375000000000487 -0.1406249999991285 0.0
-0.4375000000000542 -0.1562499999991665 0.0
-0.4375000000000595 -0.1718749999992042 0.0
-0.4375000000000649 -0.187499999999242 0.0
-0.4375000000000704 -0.20312499999928 0.0
-0.4375000000000758 -0.2187499999993179 0.0
-0.4375000000000812 -0.2343749999993558 0.0
-0.4375000000000866 -0.2499999999993936 0.0
-0.437500000000092 -0.2656249999994316 0.0
-0.4375000000000975 -0.2812499999994694 0.0
-0.4375000000001029 -0.2968749999995073 0.0
-0.4375000000001082 -0.3124999999995453 0.0
-0.4375000000001136 -0.328124999999583 0.0
-0.437500000000119 -0.343749999999621 0.0
-0.4375000000001246 -0.3593749999996588 0.0
-0.4375000000001299 -0.3749999999996968 0.0
-0.4375000000001354 -0.3906249999997347 0.0
-0.4375000000001408 -0.4062499999997726 0.0
-0.4375000000001462 -0.4218749999998105 0.0
-0.4375000000001517 -0.4374999999998483 0.0
-0.4375000000001571 -0.4531249999998862 0.0
-0.4375000000001625 -0.4687499999999242 0.0
-0.4375000000001678 -0.4843749999999619 0.0
-0.4531249999998742 0.4843750000000391 0.0
-0.4531249999998781 0.4687500000000784 0.0
-0.4531249999998822 0.4531250000001177 0.0
-0.4531249999998861 0.437500000000157 0.0
-0.4531249999998903 0.4218750000001963 0.0
-0.4531249999998943 0.4062500000002356 0.0
-0.4531249999998984 0.3906250000002749 0.0
-0.4531249999999025 0.3750000000003142 0.0
-0.4531249999999065 0.3593750000003533 0.0
-0.4531249999999106 0.3437500000003926 0.0
-0.4531249999999147 0.3281250000004318 0.0
-0.4531249999999187 0.3125000000004712 0.0
-0.4531249999999228 0.2968750000005105 0.0
-0.4531249999999268 0.2812500000005498 0.0
-0.4531249999999309 0.2656250000005891 0.0
-0.4531249999999349 0.2500000000006284 0.0
-0.453124999999939 0.2343750000006675 0.0
-0.4531249999999432 0.2187500000007067 0.0
-0.4531249999999472 0.2031250000007461 0.0
-0.4531249999999513 0.1875000000007853 0.0
-0.4531249999999553 0.1718750000008245 0.0
-0.4531249999999594 0.1562500000008635 0.0
-0.4531249999999634 0.1406250000009028 0.0
-0.4531249999999675 0.1250000000009422 0.0
-0.4531249999999716 0.1093750000009815 0.0
-0.4531249999999756 0.09375000000102066 0.0
-0.4531249999999797 0.0781250000010599 0.0
-0.4531249999999838 0.06250000000109898 0.0
-0.4531249999999878 0.04687500000113831 0.0
-0.4531249999999919 0.03125000000117761 0.0
-0.4531249999999959 0.01562500000121692 0.0
-0.453125 1.246308611868585e-12 0.0
-0.453125000000004 -0.01562499999878317 0.0
-0.4531250000000081 -0.0312499999988225 0.0
-0.4531250000000121 -0.04687499999886183 0.0
-0.4531250000000161 -0.06249999999890099 0.0
-0.4531250000000203 -0.07812499999894018 0.0
-0.4531250000000245 -0.09374999999897951 0.0
-0.4531250000000285 -0.1093749999990188 0.0
-0.4531250000000325 -0.124999999999058 0.0
-0.4531250000000365 -0.1406249999990973 0.0
-0.4531250000000406 -0.1562499999991366 0.0
-0.4531250000000446 -0.1718749999991758 0.0
-0.4531250000000487 -0.187499999999215 0.0
-0.4531250000000527 -0.2031249999992542 0.0
-0.4531250000000568 -0.2187499999992936 0.0
-0.453125000000061 -0.2343749999993328 0.0
-0.4531250000000649 -0.2499999999993721 0.0
-0.4531250000000692 -0.2656249999994112 0.0
-0.4531250000000732 -0.2812499999994504 0.0
-0.4531250000000772 -0.2968749999994897 0.0
-0.4531250000000813 -0.3124999999995289 0.0
-0.4531250000000853 -0.3281249999995681 0.0
-0.4531250000000894 -0.3437499999996074 0.0
-0.4531250000000935 -0.3593749999996466 0.0
-0.4531250000000975 -0.374999999999686 0.0
-0.4531250000001014 -0.3906249999997253 0.0
-0.4531250000001056 -0.4062499999997644 0.0
-0.4531250000001097 -0.4218749999998037 0.0
-0.4531250000001138 -0.437499999999843 0.0
-0.4531250000001179 -0.4531249999998821 0.0
-0.4531250000001219 -0.4687499999999214 0.0
-0.4531250000001259 -0.4843749999999607 0.0
-0.468749999999916 0.4843750000000407 0.0
-0.4687499999999187 0.468750000000081 0.0
-0.4687499999999214 0.4531250000001221 0.0
-0.4687499999999242 0.4375000000001623 0.0
-0.4687499999999268 0.4218750000002029 0.0
-0.4687499999999295 0.4062500000002437 0.0
-0.4687499999999323 0.3906250000002841 0.0
-0.4687499999999349 0.375000000000325 0.0
-0.4687499999999377 0.3593750000003655 0.0
-0.4687499999999403 0.3437500000004061 0.0
-0.468749999999943 0.3281250000004468 0.0
-0.4687499999999458 0.3125000000004874 0.0
-0.4687499999999484 0.296875000000528 0.0
-0.4687499999999513 0.2812500000005687 0.0
-0.4687499999999539 0.2656250000006093 0.0
-0.4687499999999566 0.2500000000006499 0.0
-0.4687499999999594 0.2343750000006906 0.0
-0.468749999999962 0.2187500000007312 0.0
-0.4687499999999648 0.2031250000007718 0.0
-0.4687499999999675 0.1875000000008125 0.0
-0.4687499999999701 0.1718750000008529 0.0
-0.468749999999973 0.1562500000008935 0.0
-0.4687499999999756 0.1406250000009339 0.0
-0.4687499999999784 0.1250000000009746 0.0
-0.468749999999981 0.1093750000010153 0.0
-0.4687499999999837 0.09375000000105596 0.0
-0.4687499999999865 0.07812500000109654 0.0
-0.4687499999999891 0.06250000000113698 0.0
-0.4687499999999919 0.04687500000117761 0.0
-0.4687499999999946 0.03125000000121825 0.0
-0.4687499999999972 0.01562500000125863 0.0
-0.46875 1.289190976194732e-12 0.0
-0.4687500000000027 -0.01562499999874126 0.0
-0.4687500000000054 -0.03124999999878189 0.0
-0.4687500000000083 -0.04687499999882247 0.0
-0.4687500000000108 -0.0624999999988631 0.0
-0.4687500000000135 -0.07812499999890377 0.0
-0.4687500000000162 -0.0937499999989444 0.0
-0.4687500000000189 -0.1093749999989848 0.0
-0.4687500000000216 -0.1249999999990254 0.0
-0.4687500000000244 -0.1406249999990663 0.0
-0.468750000000027 -0.1562499999991067 0.0
-0.4687500000000298 -0.1718749999991474 0.0
-0.4687500000000324 -0.187499999999188 0.0
-0.4687500000000352 -0.2031249999992285 0.0
-0.4687500000000379 -0.2187499999992691 0.0
-0.4687500000000406 -0.2343749999993097 0.0
-0.4687500000000434 -0.2499999999993502 0.0
-0.4687500000000461 -0.2656249999993909 0.0
-0.4687500000000487 -0.2812499999994315 0.0
-0.4687500000000514 -0.2968749999994721 0.0
-0.4687500000000541 -0.3124999999995126 0.0
-0.4687500000000568 -0.3281249999995532 0.0
-0.4687500000000596 -0.3437499999995939 0.0
-0.4687500000000623 -0.3593749999996345 0.0
-0.468750000000065 -0.3749999999996752 0.0
-0.4687500000000677 -0.3906249999997158 0.0
-0.4687500000000704 -0.4062499999997564 0.0
-0.4687500000000732 -0.4218749999997968 0.0
-0.4687500000000759 -0.4374999999998374 0.0
-0.4687500000000784 -0.453124999999878 0.0
-0.4687500000000813 -0.4687499999999187 0.0
-0.4687500000000839 -0.4843749999999594 0.0
-0.4843749999999579 0.4843750000000421 0.0
-0.4843749999999592 0.468750000000084 0.0
-0.4843749999999607 0.453125000000126 0.0
-0.484374999999962 0.437500000000168 0.0
-0.4843749999999634 0.4218750000002099 0.0
-0.4843749999999647 0.406250000000252 0.0
-0.484374999999966 0.3906250000002939 0.0
-0.4843749999999675 0.3750000000003358 0.0
-0.4843749999999688 0.3593750000003777 0.0
-0.4843749999999701 0.3437500000004199 0.0
-0.4843749999999715 0.3281250000004619 0.0
-0.4843749999999728 0.3125000000005038 0.0
-0.4843749999999742 0.2968750000005458 0.0
-0.4843749999999756 0.2812500000005878 0.0
-0.4843749999999769 0.2656250000006297 0.0
-0.4843749999999782 0.2500000000006717 0.0
-0.4843749999999796 0.2343750000007137 0.0
-0.484374999999981 0.2187500000007556 0.0
-0.4843749999999823 0.2031250000007976 0.0
-0.4843749999999837 0.1875000000008395 0.0
-0.484374999999985 0.1718750000008813 0.0
-0.4843749999999865 0.1562500000009232 0.0
-0.4843749999999878 0.1406250000009652 0.0
-0.4843749999999891 0.1250000000010071 0.0
-0.4843749999999905 0.109375000001049 0.0
-0.4843749999999918 0.09375000000109099 0.0
-0.4843749999999933 0.07812500000113298 0.0
-0.4843749999999946 0.06250000000117495 0.0
-0.4843749999999959 0.04687500000121694 0.0
-0.4843749999999972 0.03125000000125885 0.0
-0.4843749999999987 0.01562500000130088 0.0
-0.484375 1.332156607247725e-12 0.0
-0.4843750000000013 -0.01562499999869937 0.0
-0.4843750000000027 -0.03124999999874123 0.0
-0.484375000000004 -0.0468749999987832 0.0
-0.4843750000000054 -0.06249999999882519 0.0
-0.4843750000000067 -0.07812499999886716 0.0
-0.4843750000000081 -0.0937499999989091 0.0
-0.4843750000000094 -0.109374999998951 0.0
-0.4843750000000107 -0.1249999999989931 0.0
-0.4843750000000123 -0.1406249999990349 0.0
-0.4843750000000134 -0.156249999999077 0.0
-0.4843750000000149 -0.171874999999119 0.0
-0.4843750000000162 -0.1874999999991609 0.0
-0.4843750000000175 -0.2031249999992027 0.0
-0.4843750000000189 -0.2187499999992448 0.0
-0.4843750000000204 -0.2343749999992866 0.0
-0.4843750000000216 -0.2499999999993287 0.0
-0.484375000000023 -0.2656249999993706 0.0
-0.4843750000000244 -0.2812499999994126 0.0
-0.4843750000000257 -0.2968749999994544 0.0
-0.4843750000000271 -0.3124999999994964 0.0
-0.4843750000000284 -0.3281249999995384 0.0
-0.4843750000000298 -0.3437499999995803 0.0
-0.4843750000000311 -0.3593749999996223 0.0
-0.4843750000000325 -0.3749999999996642 0.0
-0.4843750000000339 -0.3906249999997062 0.0
-0.4843750000000352 -0.4062499999997482 0.0
-0.4843750000000365 -0.4218749999997902 0.0
-0.4843750000000379 -0.4374999999998322 0.0
-0.4843750000000393 -0.4531249999998741 0.0
-0.4843750000000407 -0.4687499999999159 0.0
-0.4843750000000419 -0.484374999999958 0.0
-0.5 -0.4843749999999566 0.0
-0.5 -0.4687499999999133 0.0
-0.5 -0.45312499999987 0.0
-0.5 -0.4374999999998267 0.0
-0.5 -0.4218749999997834 0.0
-0.5 -0.4062499999997401 0.0
-0.5 -0.3906249999996968 0.0
-0.5 -0.3749999999996535 0.0
-0.5 -0.3593749999996101 0.0
-0.5 -0.3437499999995668 0.0
-0.5 -0.3281249999995235 0.0
-0.5 -0.3124999999994802 0.0
-0.5 -0.2968749999994369 0.0
-0.5 -0.2812499999993936 0.0
-0.5 -0.2656249999993503 0.0
-0.5 -0.249999999999307 0.0
-0.5 -0.2343749999992637 0.0
-0.5 -0.2187499999992204 0.0
-0.5 -0.2031249999991771 0.0
-0.5 -0.1874999999991338 0.0
-0.5 -0.1718749999990905 0.0
-0.5 -0.1562499999990472 0.0
-0.5 -0.1406249999990039 0.0
-0.5 -0.1249999999989605 0.0
-0.5 -0.1093749999989172 0.0
-0.5 -0.0937499999988739 0.0
-0.5 -0.0781249999988306 0.0
-0.5 -0.0624999999987873 0.0
-0.5 -0.046874999998744 0.0
-0.5 -0.03124999999870071 0.0
-0.5 -0.01562499999865741 0.0
-0.5 1.375122238300719e-12 0.0
-0.5 0.0156250000013427 0.0
-0.5 0.03125000000129941 0.0
-0.5 0.04687500000125611 0.0
-0.5 0.06250000000121281 0.0
-0.5 0.07812500000116956 0.0
-0.5 0.09375000000112627 0.0
-0.5 0.109375000001083 0.0
-0.5 0.1250000000010397 0.0
-0.5 0.1406250000009964 0.0
-0.5 0.1562500000009531 0.0
-0.5 0.1718750000009098 0.0
-0.5 0.1875000000008665 0.0
-0.5 0.2031250000008232 0.0
-0.5 0.2187500000007799 0.0
-0.5 0.2343750000007366 0.0
-0.5 0.2500000000006933 0.0
-0.5 0.26562500000065 0.0
-0.5 0.2812500000006066 0.0
-0.5 0.2968750000005633 0.0
-0.5 0.31250000000052 0.0
-0.5 0.3281250000004766 0.0
-0.5 0.3437500000004333 0.0
-0.5 0.3593750000003899 0.0
-0.5 0.3750000000003466 0.0
-0.5 0.3906250000003033 0.0
-0.5 0.4062500000002599 0.0
-0.5 0.4218750000002166 0.0
-0.5 0.4375000000001733 0.0
-0.5 0.45312500000013 0.0
-0.5 0.4687500000000867 0.0
-0.5 0.4843750000000433 0.0
-0.4843749999999566 0.5 0.0
-0.4687499999999133 0.5 0.0
-0.45312499999987 0.5 0.0
-0.4374999999998267 0.5 0.0
-0.4218749999997834 0.5 0.0
-0.4062499999997401 0.5 0.0
-0.3906249999996968 0.5 0.0
-0.3749999999996535 0.5 0.0
-0.3593749999996101 0.5 0.0
-0.3437499999995668 0.5 0.0
-0.3281249999995235 0.5 0.0
-0.3124999999994802 0.5 0.0
-0.2968749999994369 0.5 0.0
-0.2812499999993936 0.5 0.0
-0.2656249999993503 0.5 0.0
-0.249999999999307 0.5 0.0
-0.2343749999992637 0.5 0.0
-0.2187499999992204 0.5 0.0
-0.2031249999991771 0.5 0.0
-0.1874999999991338 0.5 0.0
-0.1718749999990905 0.5 0.0
-0.1562499999990472 0.5 0.0
-0.1406249999990039 0.5 0.0
-0.1249999999989605 0.5 0.0
-0.1093749999989172 0.5 0.0
-0.0937499999988739 0.5 0.0
-0.0781249999988306 0.5 0.0
-0.0624999999987873 0.5 0.0
-0.046874999998744 0.5 0.0
-0.03124999999870071 0.5 0.0
-0.01562499999865741 0.5 0.0
1.375122238300719e-12 0.5 0.0
0.0156250000013427 0.5 0.0
0.03125000000129941 0.5 0.0
0.04687500000125611 0.5 0.0
0.06250000000121281 0.5 0.0
0.07812500000116956 0.5 0.0
0.09375000000112627 0.5 0.0
0.109375000001083 0.5 0.0
0.1250000000010397 0.5 0.0
0.1406250000009964 0.5 0.0
0.1562500000009531 0.5 0.0
0.1718750000009098 0.5 0.0
0.1875000000008665 0.5 0.0
0.2031250000008232 0.5 0.0
0.2187500000007799 0.5 0.0
0.2343750000007366 0.5 0.0
0.2500000000006933 0.5 0.0
0.26562500000065 0.5 0.0
0.2812500000006066 0.5 0.0
0.2968750000005633 0.5 0.0
0.31250000000052 0.5 0.0
0.3281250000004766 0.5 0.0
0.3437500000004333 0.5 0.0
0.3593750000003899 0.5 0.0
0.3750000000003466 0.5 0.0
0.3906250000003033 0.5 0.0
0.4062500000002599 0.5 0.0
0.4218750000002166 0.5 0.0
0.4375000000001733 0.5 0.0
0.45312500000013 0.5 0.0
0.4687500000000867 0.5 0.0
0.4843750000000433 0.5 0.0
0.5 0.4843749999999566 0.0
0.5 0.4687499999999133 0.0
0.5 0.45312499999987 0.0
0.5 0.4374999999998267 0.0
0.5 0.4218749999997834 0.0
0.5 0.4062499999997401 0.0
0.5 0.3906249999996968 0.0
0.5 0.3749999999996535 0.0
0.5 0.3593749999996101 0.0
0.5 0.3437499999995668 0.0
0.5 0.3281249999995235 0.0
0.5 0.3124999999994802 0.0
0.5 0.2968749999994369 0.0
0.5 0.2812499999993936 0.0
0.5 0.2656249999993503 0.0
0.5 0.249999999999307 0.0
0.5 0.2343749999992637 0.0
0.5 0.2187499999992204 0.0
0.5 0.2031249999991771 0.0
0.5 0.1874999999991338 0.0
0.5 0.1718749999990905 0.0
0.5 0.1562499999990472 0.0
0.5 0.1406249999990039 0.0
0.5 0.1249999999989605 0.0
0.5 0.1093749999989172 0.0
0.5 0.0937499999988739 0.0
0.5 0.0781249999988306 0.0
0.5 0.0624999999987873 0.0
0.5 0.046874999998744 0.0
0.5 0.03124999999870071 0.0
0.5 0.01562499999865741 0.0
0.5 -1.375122238300719e-12 0.0
0.5 -0.0156250000013427 0.0
0.5 -0.03125000000129941 0.0
0.5 -0.04687500000125611 0.0
0.5 -0.06250000000121281 0.0
0.5 -0.07812500000116956 0.0
0.5 -0.09375000000112627 0.0
0.5 -0.109375000001083 0.0
0.5 -0.1250000000010397 0.0
0.5 -0.1406250000009964 0.0
0.5 -0.1562500000009531 0.0
0.5 -0.1718750000009098 0.0
0.5 -0.1875000000008665 0.0
0.5 -0.2031250000008232 0.0
0.5 -0.2187500000007799 0.0
0.5 -0.2343750000007366 0.0
0.5 -0.2500000000006933 0.0
0.5 -0.26562500000065 0.0
0.5 -0.2812500000006066 0.0
0.5 -0.2968750000005633 0.0
0.5 -0.31250000000052 0.0
0.5 -0.3281250000004766 0.0
0.5 -0.3437500000004333 0.0
0.5 -0.3593750000003899 0.0
0.5 -0.3750000000003466 0.0
0.5 -0.3906250000003033 0.0
0.5 -0.4062500000002599 0.0
0.5 -0.4218750000002166 0.0
0.5 -0.4375000000001733 0.0
0.5 -0.45312500000013 0.0
0.5 -0.4687500000000867 0.0
0.5 -0.4843750000000433 0.0
0.4843749999999566 -0.5 0.0
0.4687499999999133 -0.5 0.0
0.45312499999987 -0.5 0.0
0.4374999999998267 -0.5 0.0
0.4218749999997834 -0.5 0.0
0.4062499999997401 -0.5 0.0
0.3906249999996968 -0.5 0.0
0.3749999999996535 -0.5 0.0
0.3593749999996101 -0.5 0.0
0.3437499999995668 -0.5 0.0
0.3281249999995235 -0.5 0.0
0.3124999999994802 -0.5 0.0
0.2968749999994369 -0.5 0.0
0.2812499999993936 -0.5 0.0
0.2656249999993503 -0.5 0.0
0.249999999999307 -0.5 0.0
0.2343749999992637 -0.5 0.0
0.2187499999992204 -0.5 0.0
0.2031249999991771 -0.5 0.0
0.1874999999991338 -0.5 0.0
0.1718749999990905 -0.5 0.0
0.1562499999990472 -0.5 0.0
0.1406249999990039 -0.5 0.0
0.1249999999989605 -0.5 0.0
0.1093749999989172 -0.5 0.0
0.0937499999988739 -0.5 0.0
0.0781249999988306 -0.5 0.0
0.0624999999987873 -0.5 0.0
0.046874999998744 -0.5 0.0
0.03124999999870071 -0.5 0.0
0.01562499999865741 -0.5 0.0
-1.375122238300719e-12 -0.5 0.0
-0.0156250000013427 -0.5 0.0
-0.03125000000129941 -0.5 0.0
-0.04687500000125611 -0.5 0.0
-0.06250000000121281 -0.5 0.0
-0.07812500000116956 -0.5 0.0
-0.09375000000112627 -0.5 0.0
-0.109375000001083 -0.5 0.0
-0.1250000000010397 -0.5 0.0
-0.1406250000009964 -0.5 0.0
-0.1562500000009531 -0.5 0.0
-0.1718750000009098 -0.5 0.0
-0.1875000000008665 -0.5 0.0
-0.2031250000008232 -0.5 0.0
-0.2187500000007799 -0.5 0.0
-0.2343750000007366 -0.5 0.0
-0.2500000000006933 -0.5 0.0
-0.26562500000065 -0.5 0.0
-0.2812500000006066 -0.5 0.0
-0.2968750000005633 -0.5 0.0
-0.31250000000052 -0.5 0.0
-0.3281250000004766 -0.5 0.0
-0.3437500000004333 -0.5 0.0
-0.3593750000003899 -0.5 0.0
-0.3750000000003466 -0.5 0.0
-0.3906250000003033 -0.5 0.0
-0.4062500000002599 -0.5 0.0
-0.4218750000002166 -0.5 0.0
-0.4375000000001733 -0.5 0.0
-0.45312500000013 -0.5 0.0
-0.4687500000000867 -0.5 0.0
-0.4843750000000433 -0.5 0.0
-0.5 0.5 0.0
0.5 0.5 0.0
0.5 -0.5 0.0
-0.5 -0.5 0.0
-0.2500000000003467 -0.2499999999996536 0.0
-0.2500000000003251 -0.234374999999632 0.0
-0.2500000000003034 -0.2187499999996103 0.0
-0.2500000000002818 -0.2031249999995886 0.0
-0.25000000000026 -0.187499999999567 0.0
-0.2500000000002385 -0.1718749999995452 0.0
-0.2500000000002168 -0.1562499999995238 0.0
-0.2500000000001952 -0.140624999999502 0.0
-0.2500000000001734 -0.1249999999994804 0.0
-0.2500000000001519 -0.1093749999994587 0.0
-0.2500000000001301 -0.0937499999994369 0.0
-0.2500000000001085 -0.07812499999941525 0.0
-0.2500000000000868 -0.0624999999993936 0.0
-0.2500000000000652 -0.04687499999937206 0.0
-0.2500000000000435 -0.03124999999935041 0.0
-0.2500000000000218 -0.01562499999932876 0.0
-0.2500000000000002 6.875333635747438e-13 0.0
-0.2499999999999785 0.01562500000067135 0.0
-0.2499999999999568 0.03125000000064959 0.0
-0.2499999999999352 0.04687500000062803 0.0
-0.2499999999999135 0.06250000000060651 0.0
-0.2499999999998919 0.07812500000058475 0.0
-0.2499999999998702 0.09375000000056302 0.0
-0.2499999999998485 0.1093750000005414 0.0
-0.2499999999998269 0.1250000000005199 0.0
-0.2499999999998052 0.1406250000004983 0.0
-0.2499999999997835 0.1562500000004767 0.0
-0.2499999999997619 0.1718750000004547 0.0
-0.2499999999997402 0.1875000000004332 0.0
-0.2499999999997185 0.2031250000004116 0.0
-0.2499999999996969 0.2187500000003901 0.0
-0.2499999999996753 0.2343750000003684 0.0
-0.2499999999996536 0.2500000000003468 0.0
-0.2343750000003684 -0.2499999999996753 0.0
-0.234374999999632 0.2500000000003251 0.0
-0.21875000000039 -0.2499999999996969 0.0
-0.2187499999996103 0.2500000000003035 0.0
-0.2031250000004116 -0.2499999999997186 0.0
-0.2031249999995887 0.2500000000002818 0.0
-0.1875000000004333 -0.2499999999997402 0.0
-0.187499999999567 0.25000000000026 0.0
-0.1718750000004549 -0.249999999999762 0.0
-0.1718749999995452 0.2500000000002383 0.0
-0.1562500000004766 -0.2499999999997835 0.0
-0.1562499999995237 0.2500000000002167 0.0
-0.1406250000004982 -0.2499999999998053 0.0
-0.140624999999502 0.2500000000001952 0.0
-0.1250000000005198 -0.2499999999998269 0.0
-0.1249999999994804 0.2500000000001734 0.0
-0.1093750000005415 -0.2499999999998486 0.0
-0.1093749999994586 0.2500000000001517 0.0
-0.09375000000056312 -0.2499999999998702 0.0
-0.09374999999943709 0.2500000000001301 0.0
-0.07812500000058475 -0.2499999999998919 0.0
-0.07812499999941536 0.2500000000001086 0.0
-0.06250000000060638 -0.2499999999999136 0.0
-0.06249999999939357 0.2500000000000868 0.0
-0.04687500000062817 -0.2499999999999352 0.0
-0.04687499999937206 0.2500000000000651 0.0
-0.03125000000064968 -0.249999999999957 0.0
-0.03124999999935033 0.2500000000000435 0.0
-0.01562500000067146 -0.2499999999999785 0.0
-0.01562499999932876 0.2500000000000218 0.0
-6.875333635747438e-13 -0.2500000000000002 0.0
6.874500968478969e-13 0.2500000000000002 0.0
0.01562499999932885 -0.2500000000000218 0.0
0.01562500000067138 0.2499999999999785 0.0
0.03124999999935041 -0.2500000000000435 0.0
0.03125000000064959 0.2499999999999567 0.0
0.04687499999937214 -0.2500000000000652 0.0
0.04687500000062803 0.2499999999999352 0.0
0.06249999999939371 -0.2500000000000868 0.0
0.06250000000060651 0.2499999999999136 0.0
0.07812499999941525 -0.2500000000001085 0.0
0.07812500000058478 0.2499999999998919 0.0
0.093749999999437 -0.2500000000001301 0.0
0.09375000000056322 0.2499999999998701 0.0
0.1093749999994588 -0.2500000000001518 0.0
0.1093750000005414 0.2499999999998486 0.0
0.1249999999994803 -0.2500000000001734 0.0
0.12500000000052 0.2499999999998268 0.0
0.140624999999502 -0.2500000000001952 0.0
0.1406250000004982 0.2499999999998053 0.0
0.1562499999995237 -0.2500000000002167 0.0
0.1562500000004765 0.2499999999997835 0.0
0.1718749999995453 -0.2500000000002385 0.0
0.1718750000004549 0.2499999999997617 0.0
0.187499999999567 -0.2500000000002601 0.0
0.1875000000004332 0.2499999999997402 0.0
0.2031249999995886 -0.2500000000002818 0.0
0.2031250000004117 0.2499999999997187 0.0
0.2187499999996103 -0.2500000000003034 0.0
0.2187500000003902 0.2499999999996969 0.0
0.2343749999996319 -0.2500000000003251 0.0
0.2343750000003684 0.2499999999996751 0.0
0.2499999999996536 -0.2500000000003467 0.0
0.2499999999996751 -0.2343750000003684 0.0
0.2499999999996969 -0.21875000000039 0.0
0.2499999999997184 -0.2031250000004117 0.0
0.2499999999997402 -0.1875000000004333 0.0
0.2499999999997619 -0.1718750000004549 0.0
0.2499999999997835 -0.1562500000004766 0.0
0.2499999999998052 -0.1406250000004983 0.0
0.2499999999998268 -0.1250000000005199 0.0
0.2499999999998485 -0.1093750000005415 0.0
0.24999999999987 -0.0937500000005631 0.0
0.2499999999998919 -0.07812500000058487 0.0
0.2499999999999136 -0.0625000000006064 0.0
0.2499999999999352 -0.04687500000062817 0.0
0.2499999999999569 -0.0312500000006497 0.0
0.2499999999999785 -0.01562500000067137 0.0
0.2500000000000002 -6.875472413625516e-13 0.0
0.2500000000000218 0.01562499999932863 0.0
0.2500000000000435 0.03124999999935019 0.0
0.2500000000000651 0.04687499999937218 0.0
0.2500000000000868 0.06249999999939371 0.0
0.2500000000001084 0.07812499999941525 0.0
0.2500000000001301 0.093749999999437 0.0
0.2500000000001517 0.1093749999994588 0.0
0.2500000000001734 0.1249999999994803 0.0
0.2500000000001952 0.140624999999502 0.0
0.2500000000002167 0.1562499999995237 0.0
0.2500000000002385 0.1718749999995453 0.0
0.25000000000026 0.187499999999567 0.0
0.2500000000002818 0.2031249999995887 0.0
0.2500000000003035 0.2187499999996103 0.0
0.2500000000003251 0.2343749999996319 0.0
0.2500000000003466 0.2499999999996536 0.0
-0.2500000000003467 -0.2499999999996536 0.0
-0.2500000000003251 -0.234374999999632 0.0
-0.2500000000003034 -0.2187499999996103 0.0
-0.2500000000002818 -0.2031249999995886 0.0
-0.25000000000026 -0.187499999999567 0.0
-0.2500000000002385 -0.1718749999995452 0.0
-0.2500000000002168 -0.1562499999995238 0.0
-0.2500000000001952 -0.140624999999502 0.0
-0.2500000000001734 -0.1249999999994804 0.0
-0.2500000000001519 -0.1093749999994587 0.0
-0.2500000000001301 -0.0937499999994369 0.0
-0.2500000000001085 -0.07812499999941525 0.0
-0.2500000000000868 -0.0624999999993936 0.0
-0.2500000000000652 -0.04687499999937206 0.0
-0.2500000000000435 -0.03124999999935041 0.0
-0.2500000000000218 -0.01562499999932876 0.0
-0.2500000000000002 6.875333635747438e-13 0.0
-0.2499999999999785 0.01562500000067135 0.0
-0.2499999999999568 0.03125000000064959 0.0
-0.2499999999999352 0.04687500000062803 0.0
-0.2499999999999135 0.06250000000060651 0.0
-0.2499999999998919 0.07812500000058475 0.0
-0.2499999999998702 0.09375000000056302 0.0
-0.2499999999998485 0.1093750000005414 0.0
-0.2499999999998269 0.1250000000005199 0.0
-0.2499999999998052 0.1406250000004983 0.0
-0.2499999999997835 0.1562500000004767 0.0
-0.2499999999997619 0.1718750000004547 0.0
-0.2499999999997402 0.1875000000004332 0.0
-0.2499999999997185 0.2031250000004116 0.0
-0.2499999999996969 0.2187500000003901 0.0
-0.2499999999996753 0.2343750000003684 0.0
-0.2499999999996536 0.2500000000003468 0.0
-0.2343750000003684 -0.2499999999996753 0.0
-0.234374999999632 0.2500000000003251 0.0
-0.21875000000039 -0.2499999999996969 0.0
-0.2187499999996103 0.2500000000003035 0.0
-0.2031250000004116 -0.2499999999997186 0.0
-0.2031249999995887 0.2500000000002818 0.0
-0.1875000000004333 -0.2499999999997402 0.0
-0.187499999999567 0.25000000000026 0.0
-0.1718750000004549 -0.249999999999762 0.0
-0.1718749999995452 0.2500000000002383 0.0
-0.1562500000004766 -0.2499999999997835 0.0
-0.1562499999995237 0.2500000000002167 0.0
-0.1406250000004982 -0.2499999999998053 0.0
-0.140624999999502 0.2500000000001952 0.0
-0.1250000000005198 -0.2499999999998269 0.0
-0.1249999999994804 0.2500000000001734 0.0
-0.1093750000005415 -0.2499999999998486 0.0
-0.1093749999994586 0.2500000000001517 0.0
-0.09375000000056312 -0.2499999999998702 0.0
-0.09374999999943709 0.2500000000001301 0.0
-0.07812500000058475 -0.2499999999998919 0.0
-0.07812499999941536 0.2500000000001086 0.0
-0.06250000000060638 -0.2499999999999136 0.0
-0.06249999999939357 0.2500000000000868 0.0
-0.04687500000062817 -0.2499999999999352 0.0
-0.04687499999937206 0.2500000000000651 0.0
-0.03125000000064968 -0.249999999999957 0.0
-0.03124999999935033 0.2500000000000435 0.0
-0.01562500000067146 -0.2499999999999785 0.0
-0.01562499999932876 0.2500000000000218 0.0
-6.875333635747438e-13 -0.2500000000000002 0.0
6.874500968478969e-13 0.2500000000000002 0.0
0.01562499999932885 -0.2500000000000218 0.0
0.01562500000067138 0.2499999999999785 0.0
0.03124999999935041 -0.2500000000000435 0.0
0.03125000000064959 0.2499999999999567 0.0
0.04687499999937214 -0.2500000000000652 0.0
0.04687500000062803 0.2499999999999352 0.0
0.06249999999939371 -0.2500000000000868 0.0
0.06250000000060651 0.2499999999999136 0.0
0.07812499999941525 -0.2500000000001085 0.0
0.07812500000058478 0.2499999999998919 0.0
0.093749999999437 -0.2500000000001301 0.0
0.09375000000056322 0.2499999999998701 0.0
0.1093749999994588 -0.2500000000001518 0.0
0.1093750000005414 0.2499999999998486 0.0
0.1249999999994803 -0.2500000000001734 0.0
0.12500000000052 0.2499999999998268 0.0
0.140624999999502 -0.2500000000001952 0.0
0.1406250000004982 0.2499999999998053 0.0
0.1562499999995237 -0.2500000000002167 0.0
0.1562500000004765 0.2499999999997835 0.0
0.1718749999995453 -0.2500000000002385 0.0
0.1718750000004549 0.2499999999997617 0.0
0.187499999999567 -0.2500000000002601 0.0
0.1875000000004332 0.2499999999997402 0.0
0.2031249999995886 -0.2500000000002818 0.0
0.2031250000004117 0.2499999999997187 0.0
0.2187499999996103 -0.2500000000003034 0.0
0.2187500000003902 0.2499999999996969 0.0
0.2343749999996319 -0.2500000000003251 0.0
0.2343750000003684 0.2499999999996751 0.0
0.2499999999996536 -0.2500000000003467 0.0
0.2499999999996751 -0.2343750000003684 0.0
0.2499999999996969 -0.21875000000039 0.0
0.2499999999997184 -0.2031250000004117 0.0
0.2499999999997402 -0.1875000000004333 0.0
0.2499999999997619 -0.1718750000004549 0.0
0.2499999999997835 -0.1562500000004766 0.0
0.2499999999998052 -0.1406250000004983 0.0
0.2499999999998268 -0.1250000000005199 0.0
0.2499999999998485 -0.1093750000005415 0.0
0.24999999999987 -0.0937500000005631 0.0
0.2499999999998919 -0.07812500000058487 0.0
0.2499999999999136 -0.0625000000006064 0.0
0.2499999999999352 -0.04687500000062817 0.0
0.2499999999999569 -0.0312500000006497 0.0
0.2499999999999785 -0.01562500000067137 0.0
0.2500000000000002 -6.875472413625516e-13 0.0
0.2500000000000218 0.01562499999932863 0.0
0.2500000000000435 0.03124999999935019 0.0
0.2500000000000651 0.04687499999937218 0.0
0.2500000000000868 0.06249999999939371 0.0
0.2500000000001084 0.07812499999941525 0.0
0.2500000000001301 0.093749999999437 0.0
0.2500000000001517 0.1093749999994588 0.0
0.2500000000001734 0.1249999999994803 0.0
0.2500000000001952 0.140624999999502 0.0
0.2500000000002167 0.1562499999995237 0.0
0.2500000000002385 0.1718749999995453 0.0
0.25000000000026 0.187499999999567 0.0
0.2500000000002818 0.2031249999995887 0.0
0.2500000000003035 0.2187499999996103 0.0
0.2500000000003251 0.2343749999996319 0.0
0.2500000000003466 0.2499999999996536 0.0

CELLS 4096 20480
4 4096 4092 3840 3841
4 3841 3840 3839 3842
4 3842 3839 3838 3843
4 3843 3838 3837 3844
4 3844 3837 3836 3845
4 3845 3836 3835 3846
4 3846 3835 3834 3847
4 3847 3834 3833 3848
4 3848 3833 3832 3849
4 3849 3832 3831 3850
4 3850 3831 3830 3851
4 3851 3830 3829 3852
4 3852 3829 3828 3853
4 3853 3828 3827 3854
4 3854 3827 3826 3855
4 3855 3826 3825 3856
4 3856 3825 3824 3857
4 3857 3824 3823 3858
4 3858 3823 3822 3859
4 3859 3822 3821 3860
4 3860 3821 3820 3861
4 3861 3820 3819 3862
4 3862 3819 3818 3863
4 3863 3818 3817 3864
4 3864 3817 3816 3865
4 3865 3816 3815 3866
4 3866 3815 3814 3867
4 3867 3814 3813 3868
4 3868 3813 3812 3869
4 3869 3812 3811 3870
4 3870 3811 3810 3871
4 3871 3810 3809 3872
4 3872 3809 3808 3873
4 3873 3808 3807 3874
4 3874 3807 3806 3875
4 3875 3806 3805 3876
4 3876 3805 3804 3877
4 3877 3804 3803 3878
4 3878 3803 3802 3879
4 3879 3802 3801 3880
4 3880 3801 3800 3881
4 3881 3800 3799 3882
4 3882 3799 3798 3883
4 3883 3798 3797 3884
4 3884 3797 3796 3885
4 3885 3796 3795 3886
4 3886 3795 3794 3887
4 3887 3794 3793 3888
4 3888 3793 3792 3889
4 3889 3792 3791 3890
4 3890 3791 3790 3891
4 3891 3790 3789 3892
4 3892 3789 3788 3893
4 3893 3788 3787 3894
4 3894 3787 3786 3895
4 3895 3786 3785 3896
4 3896 3785 3784 3897
4 3897 3784 3783 3898
4 3898 3783 3782 3899
4 3899 3782 3781 3900
4 3900 3781 3780 3901
4 3901 3780 3779 3902
4 3902 3779 3778 3903
4 3903 3778 3904 4093
4 4092 4091 3777 3840
4 3840 3777 3776 3839
4 3839 3776 3775 3838
4 3838 3775 3774 3837
4 3837 3774 3773 3836
4 3836 3773 3772 3835
4 3835 3772 3771 3834
4 3834 3771 3770 3833
4 3833 3770 3769 3832
4 3832 3769 3768 3831
4 3831 3768 3767 3830
4 3830 3767 3766 3829
4 3829 3766 3765 3828
4 3828 3765 3764 3827
4 3827 3764 3763 3826
4 3826 3763 3762 3825
4 3825 3762 3761 3824
4 3824 3761 3760 3823
4 3823 3760 3759 3822
4 3822 3759 3758 3821
4 3821 3758 3757 3820
4 3820 3757 3756 3819
4 3819 3756 3755 3818
4 3818 3755 3754 3817
4 3817 3754 3753 3816
4 3816 3753 3752 3815
4 3815 3752 3751 3814
4 3814 3751 3750 3813
4 3813 3750 3749 3812
4 3812 3749 3748 3811
4 3811 3748 3747 3810
4 3810 3747 3746 3809
4 3809 3746 3745 3808
4 3808 3745 3744 3807
4 3807 3744 3743 3806
4 3806 3743 3742 3805
4 3805 3742 3741 3804
4 3804 3741 3740 3803
4 3803 3740 3739 3802
4 3802 3739 3738 3801
4 3801 3738 3737 3800
4 3800 3737 3736 3799
4 3799 3736 3735 3798
4 3798 3735 3734 3797
4 3797 3734 3733 3796
4 3796 3733 3732 3795
4 3795 3732 3731 3794
4 3794 3731 3730 3793
4 3793 3730 3729 3792
4 3792 3729 3728 3791
4 3791 3728 3727 3790
4 3790 3727 3726 3789
4 3789 3726 3725 3788
4 3788 3725 3724 3787
4 3787 3724 3723 3786
4 3786 3723 3722 3785
4 3785 3722 3721 3784
4 3784 3721 3720 3783
4 3783 3720 3719 3782
4 3782 3719 3718 3781
4 3781 3718 3717 3780
4 3780 3717 3716 3779
4 3779 3716 3715 3778
4 3778 3715 3905 3904
4 4091 4090 3714 3777
4 3777 3714 3713 3776
4 3776 3713 3712 3775
4 3775 3712 3711 3774
4 3774 3711 3710 3773
4 3773 3710 3709 3772
4 3772 3709 3708 3771
4 3771 3708 3707 3770
4 3770 3707 3706 3769
4 3769 3706 3705 3768
4 3768 3705 3704 3767
4 3767 3704 3703 3766
4 3766 3703 3702 3765
4 3765 3702 3701 3764
4 3764 3701 3700 3763
4 3763 3700 3699 3762
4 3762 3699 3698 3761
4 3761 3698 3697 3760
4 3760 3697 3696 3759
4 3759 3696 3695 3758
4 3758 3695 3694 3757
4 3757 3694 3693 3756
4 3756 3693 3692 3755
4 3755 3692 3691 3754
4 3754 3691 3690 3753
4 3753 3690 3689 3752
4 3752 3689 3688 3751
4 3751 3688 3687 3750
4 3750 3687 3686 3749
4 3749 3686 3685 3748
4 3748 3685 3684 3747
4 3747 3684 3683 3746
4 3746 3683 3682 3745
4 3745 3682 3681 3744
4 3744 3681 3680 3743
4 3743 3680 3679 3742
4 3742 3679 3678 3741
4 3741 3678 3677 3740
4 3740 3677 3676 3739
4 3739 3676 3675 3738
4 3738 3675 3674 3737
4 3737 3674 3673 3736
4 3736 3673 3672 3735
4 3735 3672 3671 3734
4 3734 3671 3670 3733
4 3733 3670 3669 3732
4 3732 3669 3668 3731
4 3731 3668 3667 3730
4 3730 3667 3666 3729
4 3729 3666 3665 3728
4 3728 3665 3664 3727
4 3727 3664 3663 3726
4 3726 3663 3662 3725
4 3725 3662 3661 3724
4 3724 3661 3660 3723
4 3723 3660 3659 3722
4 3722 3659 3658 3721
4 3721 3658 3657 3720
4 3720 3657 3656 3719
4 3719 3656 3655 3718
4 3718 3655 3654 3717
4 3717 3654 3653 3716
4 3716 3653 3652 3715
4 3715 3652 3906 3905
4 4090 4089 3651 3714
4 3714 3651 3650 3713
4 3713 3650 3649 3712
4 3712 3649 3648 3711
4 3711 3648 3647 3710
4 3710 3647 3646 3709
4 3709 3646 3645 3708
4 3708 3645 3644 3707
4 3707 3644 3643 3706
4 3706 3643 3642 3705
4 3705 3642 3641 3704
4 3704 3641 3640 3703
4 3703 3640 3639 3702
4 3702 3639 3638 3701
4 3701 3638 3637 3700
4 3700 3637 3636 3699
4 3699 3636 3635 3698
4 3698 3635 3634 3697
4 3697 3634 3633 3696
4 3696 3633 3632 3695
4 3695 3632 3631 3694
4 3694 3631 3630 3693
4 3693 3630 3629 3692
4 3692 3629 3628 3691
4 3691 3628 3627 3690
4 3690 3627 3626 3689
4 3689 3626 3625 3688
4 3688 3625 3624 3687
4 3687 3624 3623 3686
4 3686 3623 3622 3685
4 3685 3622 3621 3684
4 3684 3621 3620 3683
4 3683 3620 3619 3682
4 3682 3619 3618 3681
4 3681 3618 3617 3680
4 3680 3617 3616 3679
4 3679 3616 3615 3678
4 3678 3615 3614 3677
4 3677 3614 3613 3676
4 3676 3613 3612 3675
4 3675 3612 3611 3674
4 3674 3611 3610 3673
4 3673 3610 3609 3672
4 3672 3609 3608 3671
4 3671 3608 3607 3670
4 3670 3607 3606 3669
4 3669 3606 3605 3668
4 3668 3605 3604 3667
4 3667 3604 3603 3666
4 3666 3603 3602 3665
4 3665 3602 3601 3664
4 3664 3601 3600 3663
4 3663 3600 3599 3662
4 3662 3599 3598 3661
4 3661 3598 3597 3660
4 3660 3597 3596 3659
4 3659 3596 3595 3658
4 3658 3595 3594 3657
4 3657 3594 3593 3656
4 3656 3593 3592 3655
4 3655 3592 3591 3654
4 3654 3591 3590 3653
4 3653 3590 3589 3652
4 3652 3589 3907 3906
4 4089 4088 3588 3651
4 3651 3588 3587 3650
4 3650 3587 3586 3649
4 3649 3586 3585 3648
4 3648 3585 3584 3647
4 3647 3584 3583 3646
4 3646 3583 3582 3645
4 3645 3582 3581 3644
4 3644 3581 3580 3643
4 3643 3580 3579 3642
4 3642 3579 3578 3641
4 3641 3578 3577 3640
4 3640 3577 3576 3639
4 3639 3576 3575 3638
4 3638 3575 3574 3637
4 3637 3574 3573 3636
4 3636 3573 3572 3635
4 3635 3572 3571 3634
4 3634 3571 3570 3633
4 3633 3570 3569 3632
4 3632 3569 3568 3631
4 3631 3568 3567 3630
4 3630 3567 3566 3629
4 3629 3566 3565 3628
4 3628 3565 3564 3627
4 3627 3564 3563 3626
4 3626 3563 3562 3625
4 3625 3562 3561 3624
4 3624 3561 3560 3623
4 3623 3560 3559 3622
4 3622 3559 3558 3621
4 3621 3558 3557 3620
4 3620 3557 3556 3619
4 3619 3556 3555 3618
4 3618 3555 3554 3617
4 3617 3554 3553 3616
4 3616 3553 3552 3615
4 3615 3552 3551 3614
4 3614 3551 3550 3613
4 3613 3550 3549 3612
4 3612 3549 3548 3611
4 3611 3548 3547 3610
4 3610 3547 3546 3609
4 3609 3546 3545 3608
4 3608 3545 3544 3607
4 3607 3544 3543 3606
4 3606 3543 3542 3605
4 3605 3542 3541 3604
4 3604 3541 3540 3603
4 3603 3540 3539 3602
4 3602 3539 3538 3601
4 3601 3538 3537 3600
4 3600 3537 3536 3599
4 3599 3536 3535 3598
4 3598 3535 3534 3597
4 3597 3534 3533 3596
4 3596 3533 3532 3595
4 3595 3532 3531 3594
4 3594 3531 3530 3593
4 3593 3530 3529 3592
4 3592 3529 3528 3591
4 3591 3528 3527 3590
4 3590 3527 3526 3589
4 3589 3526 3908 3907
4 4088 4087 3525 3588
4 3588 3525 3524 3587
4 3587 3524 3523 3586
4 3586 3523 3522 3585
4 3585 3522 3521 3584
4 3584 3521 3520 3583
4 3583 3520 3519 3582
4 3582 3519 3518 3581
4 3581 3518 3517 3580
4 3580 3517 3516 3579
4 3579 3516 3515 3578
4 3578 3515 3514 3577
4 3577 3514 3513 3576
4 3576 3513 3512 3575
4 3575 3512 3511 3574
4 3574 3511 3510 3573
4 3573 3510 3509 3572
4 3572 3509 3508 3571
4 3571 3508 3507 3570
4 3570 3507 3506 3569
4 3569 3506 3505 3568
4 3568 3505 3504 3567
4 3567 3504 3503 3566
4 3566 3503 3502 3565
4 3565 3502 3501 3564
4 3564 3501 3500 3563
4 3563 3500 3499 3562
4 3562 3499 3498 3561
4 3561 3498 3497 3560
4 3560 3497 3496 3559
4 3559 3496 3495 3558
4 3558 3495 3494 3557
4 3557 3494 3493 3556
4 3556 3493 3492 3555
4 3555 3492 3491 3554
4 3554 3491 3490 3553
4 3553 3490 3489 3552
4 3552 3489 3488 3551
4 3551 3488 3487 3550
4 3550 3487 3486 3549
4 3549 3486 3485 3548
4 3548 3485 3484 3547
4 3547 3484 3483 3546
4 3546 3483 3482 3545
4 3545 3482 3481 3544
4 3544 3481 3480 3543
4 3543 3480 3479 3542
4 3542 3479 3478 3541
4 3541 3478 3477 3540
4 3540 3477 3476 3539
4 3539 3476 3475 3538
4 3538 3475 3474 3537
4 3537 3474 3473 3536
4 3536 3473 3472 3535
4 3535 3472 3471 3534
4 3534 3471 3470 3533
4 3533 3470 3469 3532
4 3532 3469 3468 3531
4 3531 3468 3467 3530
4 3530 3467 3466 3529
4 3529 3466 3465 3528
4 3528 3465 3464 3527
4 3527 3464 3463 3526
4 3526 3463 3909 3908
4 4087 4086 3462 3525
4 3525 3462 3461 3524
4 3524 3461 3460 3523
4 3523 3460 3459 3522
4 3522 3459 3458 3521
4 3521 3458 3457 3520
4 3520 3457 3456 3519
4 3519 3456 3455 3518
4 3518 3455 3454 3517
4 3517 3454 3453 3516
4 3516 3453 3452 3515
4 3515 3452 3451 3514
4 3514 3451 3450 3513
4 3513 3450 3449 3512
4 3512 3449 3448 3511
4 3511 3448 3447 3510
4 3510 3447 3446 3509
4 3509 3446 3445 3508
4 3508 3445 3444 3507
4 3507 3444 3443 3506
4 3506 3443 3442 3505
4 3505 3442 3441 3504
4 3504 3441 3440 3503
4 3503 3440 3439 3502
4 3502 3439 3438 3501
4 3501 3438 3437 3500
4 3500 3437 3436 3499
4 3499 3436 3435 3498
4 3498 3435 3434 3497
4 3497 3434 3433 3496
4 3496 3433 3432 3495
4 3495 3432 3431 3494
4 3494 3431 3430 3493
4 3493 3430 3429 3492
4 3492 3429 3428 3491
4 3491 3428 3427 3490
4 3490 3427 3426 3489
4 3489 3426 3425 3488
4 3488 3425 3424 3487
4 3487 3424 3423 3486
4 3486 3423 3422 3485
4 3485 3422 3421 3484
4 3484 3421 3420 3483
4 3483 3420 3419 3482
4 3482 3419 3418 3481
4 3481 3418 3417 3480
4 3480 3417 3416 3479
4 3479 3416 3415 3478
4 3478 3415 3414 3477
4 3477 3414 3413 3476
4 3476 3413 3412 3475
4 3475 3412 3411 3474
4 3474 3411 3410 3473
4 3473 3410 3409 3472
4 3472 3409 3408 3471
4 3471 3408 3407 3470
4 3470 3407 3406 3469
4 3469 3406 3405 3468
4 3468 3405 3404 3467
4 3467 3404 3403 3466
4 3466 3403 3402 3465
4 3465 3402 3401 3464
4 3464 3401 3400 3463
4 3463 3400 3910 3909
4 4086 4085 3399 3462
4 3462 3399 3398 3461
4 3461 3398 3397 3460
4 3460 3397 3396 3459
4 3459 3396 3395 3458
4 3458 3395 3394 3457
4 3457 3394 3393 3456
4 3456 3393 3392 3455
4 3455 3392 3391 3454
4 3454 3391 3390 3453
4 3453 3390 3389 3452
4 3452 3389 3388 3451
4 3451 3388 3387 3450
4 3450 3387 3386 3449
4 3449 3386 3385 3448
4 3448 3385 3384 3447
4 3447 3384 3383 3446
4 3446 3383 3382 3445
4 3445 3382 3381 3444
4 3444 3381 3380 3443
4 3443 3380 3379 3442
4 3442 3379 3378 3441
4 3441 3378 3377 3440
4 3440 3377 3376 3439
4 3439 3376 3375 3438
4 3438 3375 3374 3437
4 3437 3374 3373 3436
4 3436 3373 3372 3435
4 3435 3372 3371 3434
4 3434 3371 3370 3433
4 3433 3370 3369 3432
4 3432 3369 3368 3431
4 3431 3368 3367 3430
4 3430 3367 3366 3429
4 3429 3366 3365 3428
4 3428 3365 3364 3427
4 3427 3364 3363 3426
4 3426 3363 3362 3425
4 3425 3362 3361 3424
4 3424 3361 3360 3423
4 3423 3360 3359 3422
4 3422 3359 3358 3421
4 3421 3358 3357 3420
4 3420 3357 3356 3419
4 3419 3356 3355 3418
4 3418 3355 3354 3417
4 3417 3354 3353 3416
4 3416 3353 3352 3415
4 3415 3352 3351 3414
4 3414 3351 3350 3413
4 3413 3350 3349 3412
4 3412 3349 3348 3411
4 3411 3348 3347 3410
4 3410 3347 3346 3409
4 3409 3346 3345 3408
4 3408 3345 3344 3407
4 3407 3344 3343 3406
4 3406 3343 3342 3405
4 3405 3342 3341 3404
4 3404 3341 3340 3403
4 3403 3340 3339 3402
4 3402 3339 3338 3401
4 3401 3338 3337 3400
4 3400 3337 3911 3910
4 4085 4084 3336 3399
4 3399 3336 3335 3398
4 3398 3335 3334 3397
4 3397 3334 3333 3396
4 3396 3333 3332 3395
4 3395 3332 3331 3394
4 3394 3331 3330 3393
4 3393 3330 3329 3392
4 3392 3329 3328 3391
4 3391 3328 3327 3390
4 3390 3327 3326 3389
4 3389 3326 3325 3388
4 3388 3325 3324 3387
4 3387 3324 3323 3386
4 3386 3323 3322 3385
4 3385 3322 3321 3384
4 3384 3321 3320 3383
4 3383 3320 3319 3382
4 3382 3319 3318 3381
4 3381 3318 3317 3380
4 3380 3317 3316 3379
4 3379 3316 3315 3378
4 3378 3315 3314 3377
4 3377 3314 3313 3376
4 3376 3313 3312 3375
4 3375 3312 3311 3374
4 3374 3311 3310 3373
4 3373 3310 3309 3372
4 3372 3309 3308 3371
4 3371 3308 3307 3370
4 3370 3307 3306 3369
4 3369 3306 3305 3368
4 3368 3305 3304 3367
4 3367 3304 3303 3366
4 3366 3303 3302 3365
4 3365 3302 3301 3364
4 3364 3301 3300 3363
4 3363 3300 3299 3362
4 3362 3299 3298 3361
4 3361 3298 3297 3360
4 3360 3297 3296 3359
4 3359 3296 3295 3358
4 3358 3295 3294 3357
4 3357 3294 3293 3356
4 3356 3293 3292 3355
4 3355 3292 3291 3354
4 3354 3291 3290 3353
4 3353 3290 3289 3352
4 3352 3289 3288 3351
4 3351 3288 3287 3350
4 3350 3287 3286 3349
4 3349 3286 3285 3348
4 3348 3285 3284 3347
4 3347 3284 3283 3346
4 3346 3283 3282 3345
4 3345 3282 3281 3344
4 3344 3281 3280 3343
4 3343 3280 3279 3342
4 3342 3279 3278 3341
4 3341 3278 3277 3340
4 3340 3277 3276 3339
4 3339 3276 3275 3338
4 3338 3275 3274 3337
4 3337 3274 3912 3911
4 4084 4083 3273 3336
4 3336 3273 3272 3335
4 3335 3272 3271 3334
4 3334 3271 3270 3333
4 3333 3270 3269 3332
4 3332 3269 3268 3331
4 3331 3268 3267 3330
4 3330 3267 3266 3329
4 3329 3266 3265 3328
4 3328 3265 3264 3327
4 3327 3264 3263 3326
4 3326 3263 3262 3325
4 3325 3262 3261 3324
4 3324 3261 3260 3323
4 3323 3260 3259 3322
4 3322 3259 3258 3321
4 3321 3258 3257 3320
4 3320 3257 3256 3319
4 3319 3256 3255 3318
4 3318 3255 3254 3317
4 3317 3254 3253 3316
4 3316 3253 3252 3315
4 3315 3252 3251 3314
4 3314 3251 3250 3313
4 3313 3250 3249 3312
4 3312 3249 3248 3311
4 3311 3248 3247 3310
4 3310 3247 3246 3309
4 3309 3246 3245 3308
4 3308 3245 3244 3307
4 3307 3244 3243 3306
4 3306 3243 3242 3305
4 3305 3242 3241 3304
4 3304 3241 3240 3303
4 3303 3240 3239 3302
4 3302 3239 3238 3301
4 3301 3238 3237 3300
4 3300 3237 3236 3299
4 3299 3236 3235 3298
4 3298 3235 3234 3297
4 3297 3234 3233 3296
4 3296 3233 3232 3295
4 3295 3232 3231 3294
4 3294 3231 3230 3293
4 3293 3230 3229 3292
4 3292 3229 3228 3291
4 3291 3228 3227 3290
4 3290 3227 3226 3289
4 3289 3226 3225 3288
4 3288 3225 3224 3287
4 3287 3224 3223 3286
4 3286 3223 3222 3285
4 3285 3222 3221 3284
4 3284 3221 3220 3283
4 3283 3220 3219 3282
4 3282 3219 3218 3281
4 3281 3218 3217 3280
4 3280 3217 3216 3279
4 3279 3216 3215 3278
4 3278 3215 3214 3277
4 3277 3214 3213 3276
4 3276 3213 3212 3275
4 3275 3212 3211 3274
4 3274 3211 3913 3912
4 4083 4082 3210 3273
4 3273 3210 3209 3272
4 3272 3209 3208 3271
4 3271 3208 3207 3270
4 3270 3207 3206 3269
4 3269 3206 3205 3268
4 3268 3205 3204 3267
4 3267 3204 3203 3266
4 3266 3203 3202 3265
4 3265 3202 3201 3264
4 3264 3201 3200 3263
4 3263 3200 3199 3262
4 3262 3199 3198 3261
4 3261 3198 3197 3260
4 3260 3197 3196 3259
4 3259 3196 3195 3258
4 3258 3195 3194 3257
4 3257 3194 3193 3256
4 3256 3193 3192 3255
4 3255 3192 3191 3254
4 3254 3191 3190 3253
4 3253 3190 3189 3252
4 3252 3189 3188 3251
4 3251 3188 3187 3250
4 3250 3187 3186 3249
4 3249 3186 3185 3248
4 3248 3185 3184 3247
4 3247 3184 3183 3246
4 3246 3183 3182 3245
4 3245 3182 3181 3244
4 3244 3181 3180 3243
4 3243 3180 3179 3242
4 3242 3179 3178 3241
4 3241 3178 3177 3240
4 3240 3177 3176 3239
4 3239 3176 3175 3238
4 3238 3175 3174 3237
4 3237 3174 3173 3236
4 3236 3173 3172 3235
4 3235 3172 3171 3234
4 3234 3171 3170 3233
4 3233 3170 3169 3232
4 3232 3169 3168 3231
4 3231 3168 3167 3230
4 3230 3167 3166 3229
4 3229 3166 3165 3228
4 3228 3165 3164 3227
4 3227 3164 3163 3226
4 3226 3163 3162 3225
4 3225 3162 3161 3224
4 3224 3161 3160 3223
4 3223 3160 3159 3222
4 3222 3159 3158 3221
4 3221 3158 3157 3220
4 3220 3157 3156 3219
4 3219 3156 3155 3218
4 3218 3155 3154 3217
4 3217 3154 3153 3216
4 3216 3153 3152 3215
4 3215 3152 3151 3214
4 3214 3151 3150 3213
4 3213 3150 3149 3212
4 3212 3149 3148 3211
4 3211 3148 3914 3913
4 4082 4081 3147 3210
4 3210 3147 3146 3209
4 3209 3146 3145 3208
4 3208 3145 3144 3207
4 3207 3144 3143 3206
4 3206 3143 3142 3205
4 3205 3142 3141 3204
4 3204 3141 3140 3203
4 3203 3140 3139 3202
4 3202 3139 3138 3201
4 3201 3138 3137 3200
4 3200 3137 3136 3199
4 3199 3136 3135 3198
4 3198 3135 3134 3197
4 3197 3134 3133 3196
4 3196 3133 3132 3195
4 3195 3132 3131 3194
4 3194 3131 3130 3193
4 3193 3130 3129 3192
4 3192 3129 3128 3191
4 3191 3128 3127 3190
4 3190 3127 3126 3189
4 3189 3126 3125 3188
4 3188 3125 3124 3187
4 3187 3124 3123 3186
4 3186 3123 3122 3185
4 3185 3122 3121 3184
4 3184 3121 3120 3183
4 3183 3120 3119 3182
4 3182 3119 3118 3181
4 3181 3118 3117 3180
4 3180 3117 3116 3179
4 3179 3116 3115 3178
4 3178 3115 3114 3177
4 3177 3114 3113 3176
4 3176 3113 3112 3175
4 3175 3112 3111 3174
4 3174 3111 3110 3173
4 3173 3110 3109 3172
4 3172 3109 3108 3171
4 3171 3108 3107 3170
4 3170 3107 3106 3169
4 3169 3106 3105 3168
4 3168 3105 3104 3167
4 3167 3104 3103 3166
4 3166 3103 3102 3165
4 3165 3102 3101 3164
4 3164 3101 3100 3163
4 3163 3100 3099 3162
4 3162 3099 3098 3161
4 3161 3098 3097 3160
4 3160 3097 3096 3159
4 3159 3096 3095 3158
4 3158 3095 3094 3157
4 3157 3094 3093 3156
4 3156 3093 3092 3155
4 3155 3092 3091 3154
4 3154 3091 3090 3153
4 3153 3090 3089 3152
4 3152 3089 3088 3151
4 3151 3088 3087 3150
4 3150 3087 3086 3149
4 3149 3086 3085 3148
4 3148 3085 3915 3914
4 4081 4080 3084 3147
4 3147 3084 3083 3146
4 3146 3083 3082 3145
4 3145 3082 3081 3144
4 3144 3081 3080 3143
4 3143 3080 3079 3142
4 3142 3079 3078 3141
4 3141 3078 3077 3140
4 3140 3077 3076 3139
4 3139 3076 3075 3138
4 3138 3075 3074 3137
4 3137 3074 3073 3136
4 3136 3073 3072 3135
4 3135 3072 3071 3134
4 3134 3071 3070 3133
4 3133 3070 3069 3132
4 3132 3069 3068 3131
4 3131 3068 3067 3130
4 3130 3067 3066 3129
4 3129 3066 3065 3128
4 3128 3065 3064 3127
4 3127 3064 3063 3126
4 3126 3063 3062 3125
4 3125 3062 3061 3124
4 3124 3061 3060 3123
4 3123 3060 3059 3122
4 3122 3059 3058 3121
4 3121 3058 3057 3120
4 3120 3057 3056 3119
4 3119 3056 3055 3118
4 3118 3055 3054 3117
4 3117 3054 3053 3116
4 3116 3053 3052 3115
4 3115 3052 3051 3114
4 3114 3051 3050 3113
4 3113 3050 3049 3112
4 3112 3049 3048 3111
4 3111 3048 3047 3110
4 3110 3047 3046 3109
4 3109 3046 3045 3108
4 3108 3045 3044 3107
4 3107 3044 3043 3106
4 3106 3043 3042 3105
4 3105 3042 3041 3104
4 3104 3041 3040 3103
4 3103 3040 3039 3102
4 3102 3039 3038 3101
4 3101 3038 3037 3100
4 3100 3037 3036 3099
4 3099 3036 3035 3098
4 3098 3035 3034 3097
4 3097 3034 3033 3096
4 3096 3033 3032 3095
4 3095 3032 3031 3094
4 3094 3031 3030 3093
4 3093 3030 3029 3092
4 3092 3029 3028 3091
4 3091 3028 3027 3090
4 3090 3027 3026 3089
4 3089 3026 3025 3088
4 3088 3025 3024 3087
4 3087 3024 3023 3086
4 3086 3023 3022 3085
4 3085 3022 3916 3915
4 4080 4079 3021 3084
4 3084 3021 3020 3083
4 3083 3020 3019 3082
4 3082 3019 3018 3081
4 3081 3018 3017 3080
4 3080 3017 3016 3079
4 3079 3016 3015 3078
4 3078 3015 3014 3077
4 3077 3014 3013 3076
4 3076 3013 3012 3075
4 3075 3012 3011 3074
4 3074 3011 3010 3073
4 3073 3010 3009 3072
4 3072 3009 3008 3071
4 3071 3008 3007 3070
4 3070 3007 3006 3069
4 3069 3006 3005 3068
4 3068 3005 3004 3067
4 3067 3004 3003 3066
4 3066 3003 3002 3065
4 3065 3002 3001 3064
4 3064 3001 3000 3063
4 3063 3000 2999 3062
4 3062 2999 2998 3061
4 3061 2998 2997 3060
4 3060 2997 2996 3059
4 3059 2996 2995 3058
4 3058 2995 2994 3057
4 3057 2994 2993 3056
4 3056 2993 2992 3055
4 3055 2992 2991 3054
4 3054 2991 2990 3053
4 3053 2990 2989 3052
4 3052 2989 2988 3051
4 3051 2988 2987 3050
4 3050 2987 2986 3049
4 3049 2986 2985 3048
4 3048 2985 2984 3047
4 3047 2984 2983 3046
4 3046 2983 2982 3045
4 3045 2982 2981 3044
4 3044 2981 2980 3043
4 3043 2980 2979 3042
4 3042 2979 2978 3041
4 3041 2978 2977 3040
4 3040 2977 2976 3039
4 3039 2976 2975 3038
4 3038 2975 2974 3037
4 3037 2974 2973 3036
4 3036 2973 2972 3035
4 3035 2972 2971 3034
4 3034 2971 2970 3033
4 3033 2970 2969 3032
4 3032 2969 2968 3031
4 3031 2968 2967 3030
4 3030 2967 2966 3029
4 3029 2966 2965 3028
4 3028 2965 2964 3027
4 3027 2964 2963 3026
4 3026 2963 2962 3025
4 3025 2962 2961 3024
4 3024 2961 2960 3023
4 3023 2960 2959 3022
4 3022 2959 3917 3916
4 4079 4078 2958 3021
4 3021 2958 2957 3020
4 3020 2957 2956 3019
4 3019 2956 2955 3018
4 3018 2955 2954 3017
4 3017 2954 2953 3016
4 3016 2953 2952 3015
4 3015 2952 2951 3014
4 3014 2951 2950 3013
4 3013 2950 2949 3012
4 3012 2949 2948 3011
4 3011 2948 2947 3010
4 3010 2947 2946 3009
4 3009 2946 2945 3008
4 3008 2945 2944 3007
4 3007 2944 2943 3006
4 3006 2943 2942 3005
4 3005 2942 2941 3004
4 3004 2941 2940 3003
4 3003 2940 2939 3002
4 3002 2939 2938 3001
4 3001 2938 2937 3000
4 3000 2937 2936 2999
4 2999 2936 2935 2998
4 2998 2935 2934 2997
4 2997 2934 2933 2996
4 2996 2933 2932 2995
4 2995 2932 2931 2994
4 2994 2931 2930 2993
4 2993 2930 2929 2992
4 2992 2929 2928 2991
4 2991 2928 2927 2990
4 2990 2927 2926 2989
4 2989 2926 2925 2988
4 2988 2925 2924 2987
4 2987 2924 2923 2986
4 2986 2923 2922 2985
4 2985 2922 2921 2984
4 2984 2921 2920 2983
4 2983 2920 2919 2982
4 2982 2919 2918 2981
4 2981 2918 2917 2980
4 2980 2917 2916 2979
4 2979 2916 2915 2978
4 2978 2915 2914 2977
4 2977 2914 2913 2976
4 2976 2913 2912 2975
4 2975 2912 2911 2974
4 2974 2911 2910 2973
4 2973 2910 2909 2972
4 2972 2909 2908 2971
4 2971 2908 2907 2970
4 2970 2907 2906 2969
4 2969 2906 2905 2968
4 2968 2905 2904 2967
4 2967 2904 2903 2966
4 2966 2903 2902 2965
4 2965 2902 2901 2964
4 2964 2901 2900 2963
4 2963 2900 2899 2962
4 2962 2899 2898 2961
4 2961 2898 2897 2960
4 2960 2897 2896 2959
4 2959 2896 3918 3917
4 4078 4077 2895 2958
4 2958 2895 2894 2957
4 2957 2894 2893 2956
4 2956 2893 2892 2955
4 2955 2892 2891 2954
4 2954 2891 2890 2953
4 2953 2890 2889 2952
4 2952 2889 2888 2951
4 2951 2888 2887 2950
4 2950 2887 2886 2949
4 2949 2886 2885 2948
4 2948 2885 2884 2947
4 2947 2884 2883 2946
4 2946 2883 2882 2945
4 2945 2882 2881 2944
4 2944 2881 4097 2943
4 3071 4225 4098 2942
4 3070 4226 4099 2941
4 3069 4227 4100 2940
4 3068 4228 4101 2939
4 3067 4229 4102 2938
4 3066 4230 4103 2937
4 3065 4231 4104 2936
4 3064 4232 4105 2935
4 3063 4233 4106 2934
4 3062 4234 4107 2933
4 3061 4235 4108 2932
4 3060 4236 4109 2931
4 3059 4237 4110 2930
4 3058 4238 4111 2929
4 3057 4239 4112 2928
4 3056 4240 4113 2927
4 3055 4241 4114 2926
4 3054 4242 4115 2925
4 3053 4243 4116 2924
4 3052 4244 4117 2923
4 3051 4245 4118 2922
4 3050 4246 4119 2921
4 3049 4247 4120 2920
4 3048 4248 4121 2919
4 3047 4249 4122 2918
4 3046 4250 4123 2917
4 3045 4251 4124 2916
4 3044 4252 4125 2915
4 3043 4253 4126 2914
4 3042 4254 4127 2913
4 3041 4255 4128 2912
4 3040 4256 4129 2911
4 2911 4129 2880 2910
4 2910 2880 2879 2909
4 2909 2879 2878 2908
4 2908 2878 2877 2907
4 2907 2877 2876 2906
4 2906 2876 2875 2905
4 2905 2875 2874 2904
4 2904 2874 2873 2903
4 2903 2873 2872 2902
4 2902 2872 2871 2901
4 2901 2871 2870 2900
4 2900 2870 2869 2899
4 2899 2869 2868 2898
4 2898 2868 2867 2897
4 2897 2867 2866 2896
4 2896 2866 3919 3918
4 4077 4076 2865 2895
4 2895 2865 2864 2894
4 2894 2864 2863 2893
4 2893 2863 2862 2892
4 2892 2862 2861 2891
4 2891 2861 2860 2890
4 2890 2860 2859 2889
4 2889 2859 2858 2888
4 2888 2858 2857 2887
4 2887 2857 2856 2886
4 2886 2856 2855 2885
4 2885 2855 2854 2884
4 2884 2854 2853 2883
4 2883 2853 2852 2882
4 2882 2852 2851 2881
4 3009 2979 4130 4097
4 4097 4130 2850 4098
4 4098 2850 2849 4099
4 4099 2849 2848 4100
4 4100 2848 2847 4101
4 4101 2847 2846 4102
4 4102 2846 2845 4103
4 4103 2845 2844 4104
4 4104 2844 2843 4105
4 4105 2843 2842 4106
4 4106 2842 2841 4107
4 4107 2841 2840 4108
4 4108 2840 2839 4109
4 4109 2839 2838 4110
4 4110 2838 2837 4111
4 4111 2837 2836 4112
4 4112 2836 2835 4113
4 4113 2835 2834 4114
4 4114 2834 2833 4115
4 4115 2833 2832 4116
4 4116 2832 2831 4117
4 4117 2831 2830 4118
4 4118 2830 2829 4119
4 4119 2829 2828 4120
4 4120 2828 2827 4121
4 4121 2827 2826 4122
4 4122 2826 2825 4123
4 4123 2825 2824 4124
4 4124 2824 2823 4125
4 4125 2823 2822 4126
4 4126 2822 2821 4127
4 4127 2821 2820 4128
4 4128 2820 4131 4129
4 4257 4259 2819 2880
4 2880 2819 2818 2879
4 2879 2818 2817 2878
4 2878 2817 2816 2877
4 2877 2816 2815 2876
4 2876 2815 2814 2875
4 2875 2814 2813 2874
4 2874 2813 2812 2873
4 2873 2812 2811 2872
4 2872 2811 2810 2871
4 2871 2810 2809 2870
4 2870 2809 2808 2869
4 2869 2808 2807 2868
4 2868 2807 2806 2867
4 2867 2806 2805 2866
4 2866 2805 3920 3919
4 4076 4075 2804 2865
4 2865 2804 2803 2864
4 2864 2803 2802 2863
4 2863 2802 2801 2862
4 2862 2801 2800 2861
4 2861 2800 2799 2860
4 2860 2799 2798 2859
4 2859 2798 2797 2858
4 2858 2797 2796 2857
4 2857 2796 2795 2856
4 2856 2795 2794 2855
4 2855 2794 2793 2854
4 2854 2793 2792 2853
4 2853 2792 2791 2852
4 2852 2791 2790 2851
4 2979 2918 4132 4130
4 4130 4132 2789 2850
4 2850 2789 2788 2849
4 2849 2788 2787 2848
4 2848 2787 2786 2847
4 2847 2786 2785 2846
4 2846 2785 2784 2845
4 2845 2784 2783 2844
4 2844 2783 2782 2843
4 2843 2782 2781 2842
4 2842 2781 2780 2841
4 2841 2780 2779 2840
4 2840 2779 2778 2839
4 2839 2778 2777 2838
4 2838 2777 2776 2837
4 2837 2776 2775 2836
4 2836 2775 2774 2835
4 2835 2774 2773 2834
4 2834 2773 2772 2833
4 2833 2772 2771 2832
4 2832 2771 2770 2831
4 2831 2770 2769 2830
4 2830 2769 2768 2829
4 2829 2768 2767 2828
4 2828 2767 2766 2827
4 2827 2766 2765 2826
4 2826 2765 2764 2825
4 2825 2764 2763 2824
4 2824 2763 2762 2823
4 2823 2762 2761 2822
4 2822 2761 2760 2821
4 2821 2760 2759 2820
4 2820 2759 4133 4131
4 4259 4261 2758 2819
4 2819 2758 2757 2818
4 2818 2757 2756 2817
4 2817 2756 2755 2816
4 2816 2755 2754 2815
4 2815 2754 2753 2814
4 2814 2753 2752 2813
4 2813 2752 2751 2812
4 2812 2751 2750 2811
4 2811 2750 2749 2810
4 2810 2749 2748 2809
4 2809 2748 2747 2808
4 2808 2747 2746 2807
4 2807 2746 2745 2806
4 2806 2745 2744 2805
4 2805 2744 3921 3920
4 4075 4074 2743 2804
4 2804 2743 2742 2803
4 2803 2742 2741 2802
4 2802 2741 2740 2801
4 2801 2740 2739 2800
4 2800 2739 2738 2799
4 2799 2738 2737 2798
4 2798 2737 2736 2797
4 2797 2736 2735 2796
4 2796 2735 2734 2795
4 2795 2734 2733 2794
4 2794 2733 2732 2793
4 2793 2732 2731 2792
4 2792 2731 2730 2791
4 2791 2730 2729 2790
4 2918 2857 4134 4132
4 4132 4134 2728 2789
4 2789 2728 2727 2788
4 2788 2727 2726 2787
4 2787 2726 2725 2786
4 2786 2725 2724 2785
4 2785 2724 2723 2784
4 2784 2723 2722 2783
4 2783 2722 2721 2782
4 2782 2721 2720 2781
4 2781 2720 2719 2780
4 2780 2719 2718 2779
4 2779 2718 2717 2778
4 2778 2717 2716 2777
4 2777 2716 2715 2776
4 2776 2715 2714 2775
4 2775 2714 2713 2774
4 2774 2713 2712 2773
4 2773 2712 2711 2772
4 2772 2711 2710 2771
4 2771 2710 2709 2770
4 2770 2709 2708 2769
4 2769 2708 2707 2768
4 2768 2707 2706 2767
4 2767 2706 2705 2766
4 2766 2705 2704 2765
4 2765 2704 2703 2764
4 2764 2703 2702 2763
4 2763 2702 2701 2762
4 2762 2701 2700 2761
4 2761 2700 2699 2760
4 2760 2699 2698 2759
4 2759 2698 4135 4133
4 4261 4263 2697 2758
4 2758 2697 2696 2757
4 2757 2696 2695 2756
4 2756 2695 2694 2755
4 2755 2694 2693 2754
4 2754 2693 2692 2753
4 2753 2692 2691 2752
4 2752 2691 2690 2751
4 2751 2690 2689 2750
4 2750 2689 2688 2749
4 2749 2688 2687 2748
4 2748 2687 2686 2747
4 2747 2686 2685 2746
4 2746 2685 2684 2745
4 2745 2684 2683 2744
4 2744 2683 3922 3921
4 4074 4073 2682 2743
4 2743 2682 2681 2742
4 2742 2681 2680 2741
4 2741 2680 2679 2740
4 2740 2679 2678 2739
4 2739 2678 2677 2738
4 2738 2677 2676 2737
4 2737 2676 2675 2736
4 2736 2675 2674 2735
4 2735 2674 2673 2734
4 2734 2673 2672 2733
4 2733 2672 2671 2732
4 2732 2671 2670 2731
4 2731 2670 2669 2730
4 2730 2669 2668 2729
4 2857 2796 4136 4134
4 4134 4136 2667 2728
4 2728 2667 2666 2727
4 2727 2666 2665 2726
4 2726 2665 2664 2725
4 2725 2664 2663 2724
4 2724 2663 2662 2723
4 2723 2662 2661 2722
4 2722 2661 2660 2721
4 2721 2660 2659 2720
4 2720 2659 2658 2719
4 2719 2658 2657 2718
4 2718 2657 2656 2717
4 2717 2656 2655 2716
4 2716 2655 2654 2715
4 2715 2654 2653 2714
4 2714 2653 2652 2713
4 2713 2652 2651 2712
4 2712 2651 2650 2711
4 2711 2650 2649 2710
4 2710 2649 2648 2709
4 2709 2648 2647 2708
4 2708 2647 2646 2707
4 2707 2646 2645 2706
4 2706 2645 2644 2705
4 2705 2644 2643 2704
4 2704 2643 2642 2703
4 2703 2642 2641 2702
4 2702 2641 2640 2701
4 2701 2640 2639 2700
4 2700 2639 2638 2699
4 2699 2638 2637 2698
4 2698 2637 4137 4135
4 4263 4265 2636 2697
4 2697 2636 2635 2696
4 2696 2635 2634 2695
4 2695 2634 2633 2694
4 2694 2633 2632 2693
4 2693 2632 2631 2692
4 2692 2631 2630 2691
4 2691 2630 2629 2690
4 2690 2629 2628 2689
4 2689 2628 2627 2688
4 2688 2627 2626 2687
4 2687 2626 2625 2686
4 2686 2625 2624 2685
4 2685 2624 2623 2684
4 2684 2623 2622 2683
4 2683 2622 3923 3922
4 4073 4072 2621 2682
4 2682 2621 2620 2681
4 2681 2620 2619 2680
4 2680 2619 2618 2679
4 2679 2618 2617 2678
4 2678 2617 2616 2677
4 2677 2616 2615 2676
4 2676 2615 2614 2675
4 2675 2614 2613 2674
4 2674 2613 2612 2673
4 2673 2612 2611 2672
4 2672 2611 2610 2671
4 2671 2610 2609 2670
4 2670 2609 2608 2669
4 2669 2608 2607 2668
4 2796 2735 4138 4136
4 4136 4138 2606 2667
4 2667 2606 2605 2666
4 2666 2605 2604 2665
4 2665 2604 2603 2664
4 2664 2603 2602 2663
4 2663 2602 2601 2662
4 2662 2601 2600 2661
4 2661 2600 2599 2660
4 2660 2599 2598 2659
4 2659 2598 2597 2658
4 2658 2597 2596 2657
4 2657 2596 2595 2656
4 2656 2595 2594 2655
4 2655 2594 2593 2654
4 2654 2593 2592 2653
4 2653 2592 2591 2652
4 2652 2591 2590 2651
4 2651 2590 2589 2650
4 2650 2589 2588 2649
4 2649 2588 2587 2648
4 2648 2587 2586 2647
4 2647 2586 2585 2646
4 2646 2585 2584 2645
4 2645 2584 2583 2644
4 2644 2583 2582 2643
4 2643 2582 2581 2642
4 2642 2581 2580 2641
4 2641 2580 2579 2640
4 2640 2579 2578 2639
4 2639 2578 2577 2638
4 2638 2577 2576 2637
4 2637 2576 4139 4137
4 4265 4267 2575 2636
4 2636 2575 2574 2635
4 2635 2574 2573 2634
4 2634 2573 2572 2633
4 2633 2572 2571 2632
4 2632 2571 2570 2631
4 2631 2570 2569 2630
4 2630 2569 2568 2629
4 2629 2568 2567 2628
4 2628 2567 2566 2627
4 2627 2566 2565 2626
4 2626 2565 2564 2625
4 2625 2564 2563 2624
4 2624 2563 2562 2623
4 2623 2562 2561 2622
4 2622 2561 3924 3923
4 4072 4071 2560 2621
4 2621 2560 2559 2620
4 2620 2559 2558 2619
4 2619 2558 2557 2618
4 2618 2557 2556 2617
4 2617 2556 2555 2616
4 2616 2555 2554 2615
4 2615 2554 2553 2614
4 2614 2553 2552 2613
4 2613 2552 2551 2612
4 2612 2551 2550 2611
4 2611 2550 2549 2610
4 2610 2549 2548 2609
4 2609 2548 2547 2608
4 2608 2547 2546 2607
4 2735 2674 4140 4138
4 4138 4140 2545 2606
4 2606 2545 2544 2605
4 2605 2544 2543 2604
4 2604 2543 2542 2603
4 2603 2542 2541 2602
4 2602 2541 2540 2601
4 2601 2540 2539 2600
4 2600 2539 2538 2599
4 2599 2538 2537 2598
4 2598 2537 2536 2597
4 2597 2536 2535 2596
4 2596 2535 2534 2595
4 2595 2534 2533 2594
4 2594 2533 2532 2593
4 2593 2532 2531 2592
4 2592 2531 2530 2591
4 2591 2530 2529 2590
4 2590 2529 2528 2589
4 2589 2528 2527 2588
4 2588 2527 2526 2587
4 2587 2526 2525 2586
4 2586 2525 2524 2585
4 2585 2524 2523 2584
4 2584 2523 2522 2583
4 2583 2522 2521 2582
4 2582 2521 2520 2581
4 2581 2520 2519 2580
4 2580 2519 2518 2579
4 2579 2518 2517 2578
4 2578 2517 2516 2577
4 2577 2516 2515 2576
4 2576 2515 4141 4139
4 4267 4269 2514 2575
4 2575 2514 2513 2574
4 2574 2513 2512 2573
4 2573 2512 2511 2572
4 2572 2511 2510 2571
4 2571 2510 2509 2570
4 2570 2509 2508 2569
4 2569 2508 2507 2568
4 2568 2507 2506 2567
4 2567 2506 2505 2566
4 2566 2505 2504 2565
4 2565 2504 2503 2564
4 2564 2503 2502 2563
4 2563 2502 2501 2562
4 2562 2501 2500 2561
4 2561 2500 3925 3924
4 4071 4070 2499 2560
4 2560 2499 2498 2559
4 2559 2498 2497 2558
4 2558 2497 2496 2557
4 2557 2496 2495 2556
4 2556 2495 2494 2555
4 2555 2494 2493 2554
4 2554 2493 2492 2553
4 2553 2492 2491 2552
4 2552 2491 2490 2551
4 2551 2490 2489 2550
4 2550 2489 2488 2549
4 2549 2488 2487 2548
4 2548 2487 2486 2547
4 2547 2486 2485 2546
4 2674 2613 4142 4140
4 4140 4142 2484 2545
4 2545 2484 2483 2544
4 2544 2483 2482 2543
4 2543 2482 2481 2542
4 2542 2481 2480 2541
4 2541 2480 2479 2540
4 2540 2479 2478 2539
4 2539 2478 2477 2538
4 2538 2477 2476 2537
4 2537 2476 2475 2536
4 2536 2475 2474 2535
4 2535 2474 2473 2534
4 2534 2473 2472 2533
4 2533 2472 2471 2532
4 2532 2471 2470 2531
4 2531 2470 2469 2530
4 2530 2469 2468 2529
4 2529 2468 2467 2528
4 2528 2467 2466 2527
4 2527 2466 2465 2526
4 2526 2465 2464 2525
4 2525 2464 2463 2524
4 2524 2463 2462 2523
4 2523 2462 2461 2522
4 2522 2461 2460 2521
4 2521 2460 2459 2520
4 2520 2459 2458 2519
4 2519 2458 2457 2518
4 2518 2457 2456 2517
4 2517 2456 2455 2516
4 2516 2455 2454 2515
4 2515 2454 4143 4141
4 4269 4271 2453 2514
4 2514 2453 2452 2513
4 2513 2452 2451 2512
4 2512 2451 2450 2511
4 2511 2450 2449 2510
4 2510 2449 2448 2509
4 2509 2448 2447 2508
4 2508 2447 2446 2507
4 2507 2446 2445 2506
4 2506 2445 2444 2505
4 2505 2444 2443 2504
4 2504 2443 2442 2503
4 2503 2442 2441 2502
4 2502 2441 2440 2501
4 2501 2440 2439 2500
4 2500 2439 3926 3925
4 4070 4069 2438 2499
4 2499 2438 2437 2498
4 2498 2437 2436 2497
4 2497 2436 2435 2496
4 2496 2435 2434 2495
4 2495 2434 2433 2494
4 2494 2433 2432 2493
4 2493 2432 2431 2492
4 2492 2431 2430 2491
4 2491 2430 2429 2490
4 2490 2429 2428 2489
4 2489 2428 2427 2488
4 2488 2427 2426 2487
4 2487 2426 2425 2486
4 2486 2425 2424 2485
4 2613 2552 4144 4142
4 4142 4144 2423 2484
4 2484 2423 2422 2483
4 2483 2422 2421 2482
4 2482 2421 2420 2481
4 2481 2420 2419 2480
4 2480 2419 2418 2479
4 2479 2418 2417 2478
4 2478 2417 2416 2477
4 2477 2416 2415 2476
4 2476 2415 2414 2475
4 2475 2414 2413 2474
4 2474 2413 2412 2473
4 2473 2412 2411 2472
4 2472 2411 2410 2471
4 2471 2410 2409 2470
4 2470 2409 2408 2469
4 2469 2408 2407 2468
4 2468 2407 2406 2467
4 2467 2406 2405 2466
4 2466 2405 2404 2465
4 2465 2404 2403 2464
4 2464 2403 2402 2463
4 2463 2402 2401 2462
4 2462 2401 2400 2461
4 2461 2400 2399 2460
4 2460 2399 2398 2459
4 2459 2398 2397 2458
4 2458 2397 2396 2457
4 2457 2396 2395 2456
4 2456 2395 2394 2455
4 2455 2394 2393 2454
4 2454 2393 4145 4143
4 4271 4273 2392 2453
4 2453 2392 2391 2452
4 2452 2391 2390 2451
4 2451 2390 2389 2450
4 2450 2389 2388 2449
4 2449 2388 2387 2448
4 2448 2387 2386 2447
4 2447 2386 2385 2446
4 2446 2385 2384 2445
4 2445 2384 2383 2444
4 2444 2383 2382 2443
4 2443 2382 2381 2442
4 2442 2381 2380 2441
4 2441 2380 2379 2440
4 2440 2379 2378 2439
4 2439 2378 3927 3926
4 4069 4068 2377 2438
4 2438 2377 2376 2437
4 2437 2376 2375 2436
4 2436 2375 2374 2435
4 2435 2374 2373 2434
4 2434 2373 2372 2433
4 2433 2372 2371 2432
4 2432 2371 2370 2431
4 2431 2370 2369 2430
4 2430 2369 2368 2429
4 2429 2368 2367 2428
4 2428 2367 2366 2427
4 2427 2366 2365 2426
4 2426 2365 2364 2425
4 2425 2364 2363 2424
4 2552 2491 4146 4144
4 4144 4146 2362 2423
4 2423 2362 2361 2422
4 2422 2361 2360 2421
4 2421 2360 2359 2420
4 2420 2359 2358 2419
4 2419 2358 2357 2418
4 2418 2357 2356 2417
4 2417 2356 2355 2416
4 2416 2355 2354 2415
4 2415 2354 2353 2414
4 2414 2353 2352 2413
4 2413 2352 2351 2412
4 2412 2351 2350 2411
4 2411 2350 2349 2410
4 2410 2349 2348 2409
4 2409 2348 2347 2408
4 2408 2347 2346 2407
4 2407 2346 2345 2406
4 2406 2345 2344 2405
4 2405 2344 2343 2404
4 2404 2343 2342 2403
4 2403 2342 2341 2402
4 2402 2341 2340 2401
4 2401 2340 2339 2400
4 2400 2339 2338 2399
4 2399 2338 2337 2398
4 2398 2337 2336 2397
4 2397 2336 2335 2396
4 2396 2335 2334 2395
4 2395 2334 2333 2394
4 2394 2333 2332 2393
4 2393 2332 4147 4145
4 4273 4275 2331 2392
4 2392 2331 2330 2391
4 2391 2330 2329 2390
4 2390 2329 2328 2389
4 2389 2328 2327 2388
4 2388 2327 2326 2387
4 2387 2326 2325 2386
4 2386 2325 2324 2385
4 2385 2324 2323 2384
4 2384 2323 2322 2383
4 2383 2322 2321 2382
4 2382 2321 2320 2381
4 2381 2320 2319 2380
4 2380 2319 2318 2379
4 2379 2318 2317 2378
4 2378 2317 3928 3927
4 4068 4067 2316 2377
4 2377 2316 2315 2376
4 2376 2315 2314 2375
4 2375 2314 2313 2374
4 2374 2313 2312 2373
4 2373 2312 2311 2372
4 2372 2311 2310 2371
4 2371 2310 2309 2370
4 2370 2309 2308 2369
4 2369 2308 2307 2368
4 2368 2307 2306 2367
4 2367 2306 2305 2366
4 2366 2305 2304 2365
4 2365 2304 2303 2364
4 2364 2303 2302 2363
4 2491 2430 4148 4146
4 4146 4148 2301 2362
4 2362 2301 2300 2361
4 2361 2300 2299 2360
4 2360 2299 2298 2359
4 2359 2298 2297 2358
4 2358 2297 2296 2357
4 2357 2296 2295 2356
4 2356 2295 2294 2355
4 2355 2294 2293 2354
4 2354 2293 2292 2353
4 2353 2292 2291 2352
4 2352 2291 2290 2351
4 2351 2290 2289 2350
4 2350 2289 2288 2349
4 2349 2288 2287 2348
4 2348 2287 2286 2347
4 2347 2286 2285 2346
4 2346 2285 2284 2345
4 2345 2284 2283 2344
4 2344 2283 2282 2343
4 2343 2282 2281 2342
4 2342 2281 2280 2341
4 2341 2280 2279 2340
4 2340 2279 2278 2339
4 2339 2278 2277 2338
4 2338 2277 2276 2337
4 2337 2276 2275 2336
4 2336 2275 2274 2335
4 2335 2274 2273 2334
4 2334 2273 2272 2333
4 2333 2272 2271 2332
4 2332 2271 4149 4147
4 4275 4277 2270 2331
4 2331 2270 2269 2330
4 2330 2269 2268 2329
4 2329 2268 2267 2328
4 2328 2267 2266 2327
4 2327 2266 2265 2326
4 2326 2265 2264 2325
4 2325 2264 2263 2324
4 2324 2263 2262 2323
4 2323 2262 2261 2322
4 2322 2261 2260 2321
4 2321 2260 2259 2320
4 2320 2259 2258 2319
4 2319 2258 2257 2318
4 2318 2257 2256 2317
4 2317 2256 3929 3928
4 4067 4066 2255 2316
4 2316 2255 2254 2315
4 2315 2254 2253 2314
4 2314 2253 2252 2313
4 2313 2252 2251 2312
4 2312 2251 2250 2311
4 2311 2250 2249 2310
4 2310 2249 2248 2309
4 2309 2248 2247 2308
4 2308 2247 2246 2307
4 2307 2246 2245 2306
4 2306 2245 2244 2305
4 2305 2244 2243 2304
4 2304 2243 2242 2303
4 2303 2242 2241 2302
4 2430 2369 4150 4148
4 4148 4150 2240 2301
4 2301 2240 2239 2300
4 2300 2239 2238 2299
4 2299 2238 2237 2298
4 2298 2237 2236 2297
4 2297 2236 2235 2296
4 2296 2235 2234 2295
4 2295 2234 2233 2294
4 2294 2233 2232 2293
4 2293 2232 2231 2292
4 2292 2231 2230 2291
4 2291 2230 2229 2290
4 2290 2229 2228 2289
4 2289 2228 2227 2288
4 2288 2227 2226 2287
4 2287 2226 2225 2286
4 2286 2225 2224 2285
4 2285 2224 2223 2284
4 2284 2223 2222 2283
4 2283 2222 2221 2282
4 2282 2221 2220 2281
4 2281 2220 2219 2280
4 2280 2219 2218 2279
4 2279 2218 2217 2278
4 2278 2217 2216 2277
4 2277 2216 2215 2276
4 2276 2215 2214 2275
4 2275 2214 2213 2274
4 2274 2213 2212 2273
4 2273 2212 2211 2272
4 2272 2211 2210 2271
4 2271 2210 4151 4149
4 4277 4279 2209 2270
4 2270 2209 2208 2269
4 2269 2208 2207 2268
4 2268 2207 2206 2267
4 2267 2206 2205 2266
4 2266 2205 2204 2265
4 2265 2204 2203 2264
4 2264 2203 2202 2263
4 2263 2202 2201 2262
4 2262 2201 2200 2261
4 2261 2200 2199 2260
4 2260 2199 2198 2259
4 2259 2198 2197 2258
4 2258 2197 2196 2257
4 2257 2196 2195 2256
4 2256 2195 3930 3929
4 4066 4065 2194 2255
4 2255 2194 2193 2254
4 2254 2193 2192 2253
4 2253 2192 2191 2252
4 2252 2191 2190 2251
4 2251 2190 2189 2250
4 2250 2189 2188 2249
4 2249 2188 2187 2248
4 2248 2187 2186 2247
4 2247 2186 2185 2246
4 2246 2185 2184 2245
4 2245 2184 2183 2244
4 2244 2183 2182 2243
4 2243 2182 2181 2242
4 2242 2181 2180 2241
4 2369 2308 4152 4150
4 4150 4152 2179 2240
4 2240 2179 2178 2239
4 2239 2178 2177 2238
4 2238 2177 2176 2237
4 2237 2176 2175 2236
4 2236 2175 2174 2235
4 2235 2174 2173 2234
4 2234 2173 2172 2233
4 2233 2172 2171 2232
4 2232 2171 2170 2231
4 2231 2170 2169 2230
4 2230 2169 2168 2229
4 2229 2168 2167 2228
4 2228 2167 2166 2227
4 2227 2166 2165 2226
4 2226 2165 2164 2225
4 2225 2164 2163 2224
4 2224 2163 2162 2223
4 2223 2162 2161 2222
4 2222 2161 2160 2221
4 2221 2160 2159 2220
4 2220 2159 2158 2219
4 2219 2158 2157 2218
4 2218 2157 2156 2217
4 2217 2156 2155 2216
4 2216 2155 2154 2215
4 2215 2154 2153 2214
4 2214 2153 2152 2213
4 2213 2152 2151 2212
4 2212 2151 2150 2211
4 2211 2150 2149 2210
4 2210 2149 4153 4151
4 4279 4281 2148 2209
4 2209 2148 2147 2208
4 2208 2147 2146 2207
4 2207 2146 2145 2206
4 2206 2145 2144 2205
4 2205 2144 2143 2204
4 2204 2143 2142 2203
4 2203 2142 2141 2202
4 2202 2141 2140 2201
4 2201 2140 2139 2200
4 2200 2139 2138 2199
4 2199 2138 2137 2198
4 2198 2137 2136 2197
4 2197 2136 2135 2196
4 2196 2135 2134 2195
4 2195 2134 3931 3930
4 4065 4064 2133 2194
4 2194 2133 2132 2193
4 2193 2132 2131 2192
4 2192 2131 2130 2191
4 2191 2130 2129 2190
4 2190 2129 2128 2189
4 2189 2128 2127 2188
4 2188 2127 2126 2187
4 2187 2126 2125 2186
4 2186 2125 2124 2185
4 2185 2124 2123 2184
4 2184 2123 2122 2183
4 2183 2122 2121 2182
4 2182 2121 2120 2181
4 2181 2120 2119 2180
4 2308 2247 4154 4152
4 4152 4154 2118 2179
4 2179 2118 2117 2178
4 2178 2117 2116 2177
4 2177 2116 2115 2176
4 2176 2115 2114 2175
4 2175 2114 2113 2174
4 2174 2113 2112 2173
4 2173 2112 2111 2172
4 2172 2111 2110 2171
4 2171 2110 2109 2170
4 2170 2109 2108 2169
4 2169 2108 2107 2168
4 2168 2107 2106 2167
4 2167 2106 2105 2166
4 2166 2105 2104 2165
4 2165 2104 2103 2164
4 2164 2103 2102 2163
4 2163 2102 2101 2162
4 2162 2101 2100 2161
4 2161 2100 2099 2160
4 2160 2099 2098 2159
4 2159 2098 2097 2158
4 2158 2097 2096 2157
4 2157 2096 2095 2156
4 2156 2095 2094 2155
4 2155 2094 2093 2154
4 2154 2093 2092 2153
4 2153 2092 2091 2152
4 2152 2091 2090 2151
4 2151 2090 2089 2150
4 2150 2089 2088 2149
4 2149 2088 4155 4153
4 4281 4283 2087 2148
4 2148 2087 2086 2147
4 2147 2086 2085 2146
4 2146 2085 2084 2145
4 2145 2084 2083 2144
4 2144 2083 2082 2143
4 2143 2082 2081 2142
4 2142 2081 2080 2141
4 2141 2080 2079 2140
4 2140 2079 2078 2139
4 2139 2078 2077 2138
4 2138 2077 2076 2137
4 2137 2076 2075 2136
4 2136 2075 2074 2135
4 2135 2074 2073 2134
4 2134 2073 3932 3931
4 4064 4063 2072 2133
4 2133 2072 2071 2132
4 2132 2071 2070 2131
4 2131 2070 2069 2130
4 2130 2069 2068 2129
4 2129 2068 2067 2128
4 2128 2067 2066 2127
4 2127 2066 2065 2126
4 2126 2065 2064 2125
4 2125 2064 2063 2124
4 2124 2063 2062 2123
4 2123 2062 2061 2122
4 2122 2061 2060 2121
4 2121 2060 2059 2120
4 2120 2059 2058 2119
4 2247 2186 4156 4154
4 4154 4156 2057 2118
4 2118 2057 2056 2117
4 2117 2056 2055 2116
4 2116 2055 2054 2115
4 2115 2054 2053 2114
4 2114 2053 2052 2113
4 2113 2052 2051 2112
4 2112 2051 2050 2111
4 2111 2050 2049 2110
4 2110 2049 2048 2109
4 2109 2048 2047 2108
4 2108 2047 2046 2107
4 2107 2046 2045 2106
4 2106 2045 2044 2105
4 2105 2044 2043 2104
4 2104 2043 2042 2103
4 2103 2042 2041 2102
4 2102 2041 2040 2101
4 2101 2040 2039 2100
4 2100 2039 2038 2099
4 2099 2038 2037 2098
4 2098 2037 2036 2097
4 2097 2036 2035 2096
4 2096 2035 2034 2095
4 2095 2034 2033 2094
4 2094 2033 2032 2093
4 2093 2032 2031 2092
4 2092 2031 2030 2091
4 2091 2030 2029 2090
4 2090 2029 2028 2089
4 2089 2028 2027 2088
4 2088 2027 4157 4155
4 4283 4285 2026 2087
4 2087 2026 2025 2086
4 2086 2025 2024 2085
4 2085 2024 2023 2084
4 2084 2023 2022 2083
4 2083 2022 2021 2082
4 2082 2021 2020 2081
4 2081 2020 2019 2080
4 2080 2019 2018 2079
4 2079 2018 2017 2078
4 2078 2017 2016 2077
4 2077 2016 2015 2076
4 2076 2015 2014 2075
4 2075 2014 2013 2074
4 2074 2013 2012 2073
4 2073 2012 3933 3932
4 4063 4062 2011 2072
4 2072 2011 2010 2071
4 2071 2010 2009 2070
4 2070 2009 2008 2069
4 2069 2008 2007 2068
4 2068 2007 2006 2067
4 2067 2006 2005 2066
4 2066 2005 2004 2065
4 2065 2004 2003 2064
4 2064 2003 2002 2063
4 2063 2002 2001 2062
4 2062 2001 2000 2061
4 2061 2000 1999 2060
4 2060 1999 1998 2059
4 2059 1998 1997 2058
4 2186 2125 4158 4156
4 4156 4158 1996 2057
4 2057 1996 1995 2056
4 2056 1995 1994 2055
4 2055 1994 1993 2054
4 2054 1993 1992 2053
4 2053 1992 1991 2052
4 2052 1991 1990 2051
4 2051 1990 1989 2050
4 2050 1989 1988 2049
4 2049 1988 1987 2048
4 2048 1987 1986 2047
4 2047 1986 1985 2046
4 2046 1985 1984 2045
4 2045 1984 1983 2044
4 2044 1983 1982 2043
4 2043 1982 1981 2042
4 2042 1981 1980 2041
4 2041 1980 1979 2040
4 2040 1979 1978 2039
4 2039 1978 1977 2038
4 2038 1977 1976 2037
4 2037 1976 1975 2036
4 2036 1975 1974 2035
4 2035 1974 1973 2034
4 2034 1973 1972 2033
4 2033 1972 1971 2032
4 2032 1971 1970 2031
4 2031 1970 1969 2030
4 2030 1969 1968 2029
4 2029 1968 1967 2028
4 2028 1967 1966 2027
4 2027 1966 4159 4157
4 4285 4287 1965 2026
4 2026 1965 1964 2025
4 2025 1964 1963 2024
4 2024 1963 1962 2023
4 2023 1962 1961 2022
4 2022 1961 1960 2021
4 2021 1960 1959 2020
4 2020 1959 1958 2019
4 2019 1958 1957 2018
4 2018 1957 1956 2017
4 2017 1956 1955 2016
4 2016 1955 1954 2015
4 2015 1954 1953 2014
4 2014 1953 1952 2013
4 2013 1952 1951 2012
4 2012 1951 3934 3933
4 4062 4061 1950 2011
4 2011 1950 1949 2010
4 2010 1949 1948 2009
4 2009 1948 1947 2008
4 2008 1947 1946 2007
4 2007 1946 1945 2006
4 2006 1945 1944 2005
4 2005 1944 1943 2004
4 2004 1943 1942 2003
4 2003 1942 1941 2002
4 2002 1941 1940 2001
4 2001 1940 1939 2000
4 2000 1939 1938 1999
4 1999 1938 1937 1998
4 1998 1937 1936 1997
4 2125 2064 4160 4158
4 4158 4160 1935 1996
4 1996 1935 1934 1995
4 1995 1934 1933 1994
4 1994 1933 1932 1993
4 1993 1932 1931 1992
4 1992 1931 1930 1991
4 1991 1930 1929 1990
4 1990 1929 1928 1989
4 1989 1928 1927 1988
4 1988 1927 1926 1987
4 1987 1926 1925 1986
4 1986 1925 1924 1985
4 1985 1924 1923 1984
4 1984 1923 1922 1983
4 1983 1922 1921 1982
4 1982 1921 1920 1981
4 1981 1920 1919 1980
4 1980 1919 1918 1979
4 1979 1918 1917 1978
4 1978 1917 1916 1977
4 1977 1916 1915 1976
4 1976 1915 1914 1975
4 1975 1914 1913 1974
4 1974 1913 1912 1973
4 1973 1912 1911 1972
4 1972 1911 1910 1971
4 1971 1910 1909 1970
4 1970 1909 1908 1969
4 1969 1908 1907 1968
4 1968 1907 1906 1967
4 1967 1906 1905 1966
4 1966 1905 4161 4159
4 4287 4289 1904 1965
4 1965 1904 1903 1964
4 1964 1903 1902 1963
4 1963 1902 1901 1962
4 1962 1901 1900 1961
4 1961 1900 1899 1960
4 1960 1899 1898 1959
4 1959 1898 1897 1958
4 1958 1897 1896 1957
4 1957 1896 1895 1956
4 1956 1895 1894 1955
4 1955 1894 1893 1954
4 1954 1893 1892 1953
4 1953 1892 1891 1952
4 1952 1891 1890 1951
4 1951 1890 3935 3934
4 4061 4060 1889 1950
4 1950 1889 1888 1949
4 1949 1888 1887 1948
4 1948 1887 1886 1947
4 1947 1886 1885 1946
4 1946 1885 1884 1945
4 1945 1884 1883 1944
4 1944 1883 1882 1943
4 1943 1882 1881 1942
4 1942 1881 1880 1941
4 1941 1880 1879 1940
4 1940 1879 1878 1939
4 1939 1878 1877 1938
4 1938 1877 1876 1937
4 1937 1876 1875 1936
4 2064 2003 4162 4160
4 4160 4162 1874 1935
4 1935 1874 1873 1934
4 1934 1873 1872 1933
4 1933 1872 1871 1932
4 1932 1871 1870 1931
4 1931 1870 1869 1930
4 1930 1869 1868 1929
4 1929 1868 1867 1928
4 1928 1867 1866 1927
4 1927 1866 1865 1926
4 1926 1865 1864 1925
4 1925 1864 1863 1924
4 1924 1863 1862 1923
4 1923 1862 1861 1922
4 1922 1861 1860 1921
4 1921 1860 1859 1920
4 1920 1859 1858 1919
4 1919 1858 1857 1918
4 1918 1857 1856 1917
4 1917 1856 1855 1916
4 1916 1855 1854 1915
4 1915 1854 1853 1914
4 1914 1853 1852 1913
4 1913 1852 1851 1912
4 1912 1851 1850 1911
4 1911 1850 1849 1910
4 1910 1849 1848 1909
4 1909 1848 1847 1908
4 1908 1847 1846 1907
4 1907 1846 1845 1906
4 1906 1845 1844 1905
4 1905 1844 4163 4161
4 4289 4291 1843 1904
4 1904 1843 1842 1903
4 1903 1842 1841 1902
4 1902 1841 1840 1901
4 1901 1840 1839 1900
4 1900 1839 1838 1899
4 1899 1838 1837 1898
4 1898 1837 1836 1897
4 1897 1836 1835 1896
4 1896 1835 1834 1895
4 1895 1834 1833 1894
4 1894 1833 1832 1893
4 1893 1832 1831 1892
4 1892 1831 1830 1891
4 1891 1830 1829 1890
4 1890 1829 3936 3935
4 4060 4059 1828 1889
4 1889 1828 1827 1888
4 1888 1827 1826 1887
4 1887 1826 1825 1886
4 1886 1825 1824 1885
4 1885 1824 1823 1884
4 1884 1823 1822 1883
4 1883 1822 1821 1882
4 1882 1821 1820 1881
4 1881 1820 1819 1880
4 1880 1819 1818 1879
4 1879 1818 1817 1878
4 1878 1817 1816 1877
4 1877 1816 1815 1876
4 1876 1815 1814 1875
4 2003 1942 4164 4162
4 4162 4164 1813 1874
4 1874 1813 1812 1873
4 1873 1812 1811 1872
4 1872 1811 1810 1871
4 1871 1810 1809 1870
4 1870 1809 1808 1869
4 1869 1808 1807 1868
4 1868 1807 1806 1867
4 1867 1806 1805 1866
4 1866 1805 1804 1865
4 1865 1804 1803 1864
4 1864 1803 1802 1863
4 1863 1802 1801 1862
4 1862 1801 1800 1861
4 1861 1800 1799 1860
4 1860 1799 1798 1859
4 1859 1798 1797 1858
4 1858 1797 1796 1857
4 1857 1796 1795 1856
4 1856 1795 1794 1855
4 1855 1794 1793 1854
4 1854 1793 1792 1853
4 1853 1792 1791 1852
4 1852 1791 1790 1851
4 1851 1790 1789 1850
4 1850 1789 1788 1849
4 1849 1788 1787 1848
4 1848 1787 1786 1847
4 1847 1786 1785 1846
4 1846 1785 1784 1845
4 1845 1784 1783 1844
4 1844 1783 4165 4163
4 4291 4293 1782 1843
4 1843 1782 1781 1842
4 1842 1781 1780 1841
4 1841 1780 1779 1840
4 1840 1779 1778 1839
4 1839 1778 1777 1838
4 1838 1777 1776 1837
4 1837 1776 1775 1836
4 1836 1775 1774 1835
4 1835 1774 1773 1834
4 1834 1773 1772 1833
4 1833 1772 1771 1832
4 1832 1771 1770 1831
4 1831 1770 1769 1830
4 1830 1769 1768 1829
4 1829 1768 3937 3936
4 4059 4058 1767 1828
4 1828 1767 1766 1827
4 1827 1766 1765 1826
4 1826 1765 1764 1825
4 1825 1764 1763 1824
4 1824 1763 1762 1823
4 1823 1762 1761 1822
4 1822 1761 1760 1821
4 1821 1760 1759 1820
4 1820 1759 1758 1819
4 1819 1758 1757 1818
4 1818 1757 1756 1817
4 1817 1756 1755 1816
4 1816 1755 1754 1815
4 1815 1754 1753 1814
4 1942 1881 4166 4164
4 4164 4166 1752 1813
4 1813 1752 1751 1812
4 1812 1751 1750 1811
4 1811 1750 1749 1810
4 1810 1749 1748 1809
4 1809 1748 1747 1808
4 1808 1747 1746 1807
4 1807 1746 1745 1806
4 1806 1745 1744 1805
4 1805 1744 1743 1804
4 1804 1743 1742 1803
4 1803 1742 1741 1802
4 1802 1741 1740 1801
4 1801 1740 1739 1800
4 1800 1739 1738 1799
4 1799 1738 1737 1798
4 1798 1737 1736 1797
4 1797 1736 1735 1796
4 1796 1735 1734 1795
4 1795 1734 1733 1794
4 1794 1733 1732 1793
4 1793 1732 1731 1792
4 1792 1731 1730 1791
4 1791 1730 1729 1790
4 1790 1729 1728 1789
4 1789 1728 1727 1788
4 1788 1727 1726 1787
4 1787 1726 1725 1786
4 1786 1725 1724 1785
4 1785 1724 1723 1784
4 1784 1723 1722 1783
4 1783 1722 4167 4165
4 4293 4295 1721 1782
4 1782 1721 1720 1781
4 1781 1720 1719 1780
4 1780 1719 1718 1779
4 1779 1718 1717 1778
4 1778 1717 1716 1777
4 1777 1716 1715 1776
4 1776 1715 1714 1775
4 1775 1714 1713 1774
4 1774 1713 1712 1773
4 1773 1712 1711 1772
4 1772 1711 1710 1771
4 1771 1710 1709 1770
4 1770 1709 1708 1769
4 1769 1708 1707 1768
4 1768 1707 3938 3937
4 4058 4057 1706 1767
4 1767 1706 1705 1766
4 1766 1705 1704 1765
4 1765 1704 1703 1764
4 1764 1703 1702 1763
4 1763 1702 1701 1762
4 1762 1701 1700 1761
4 1761 1700 1699 1760
4 1760 1699 1698 1759
4 1759 1698 1697 1758
4 1758 1697 1696 1757
4 1757 1696 1695 1756
4 1756 1695 1694 1755
4 1755 1694 1693 1754
4 1754 1693 1692 1753
4 1881 1820 4168 4166
4 4166 4168 1691 1752
4 1752 1691 1690 1751
4 1751 1690 1689 1750
4 1750 1689 1688 1749
4 1749 1688 1687 1748
4 1748 1687 1686 1747
4 1747 1686 1685 1746
4 1746 1685 1684 1745
4 1745 1684 1683 1744
4 1744 1683 1682 1743
4 1743 1682 1681 1742
4 1742 1681 1680 1741
4 1741 1680 1679 1740
4 1740 1679 1678 1739
4 1739 1678 1677 1738
4 1738 1677 1676 1737
4 1737 1676 1675 1736
4 1736 1675 1674 1735
4 1735 1674 1673 1734
4 1734 1673 1672 1733
4 1733 1672 1671 1732
4 1732 1671 1670 1731
4 1731 1670 1669 1730
4 1730 1669 1668 1729
4 1729 1668 1667 1728
4 1728 1667 1666 1727
4 1727 1666 1665 1726
4 1726 1665 1664 1725
4 1725 1664 1663 1724
4 1724 1663 1662 1723
4 1723 1662 1661 1722
4 1722 1661 4169 4167
4 4295 4297 1660 1721
4 1721 1660 1659 1720
4 1720 1659 1658 1719
4 1719 1658 1657 1718
4 1718 1657 1656 1717
4 1717 1656 1655 1716
4 1716 1655 1654 1715
4 1715 1654 1653 1714
4 1714 1653 1652 1713
4 1713 1652 1651 1712
4 1712 1651 1650 1711
4 1711 1650 1649 1710
4 1710 1649 1648 1709
4 1709 1648 1647 1708
4 1708 1647 1646 1707
4 1707 1646 3939 3938
4 4057 4056 1645 1706
4 1706 1645 1644 1705
4 1705 1644 1643 1704
4 1704 1643 1642 1703
4 1703 1642 1641 1702
4 1702 1641 1640 1701
4 1701 1640 1639 1700
4 1700 1639 1638 1699
4 1699 1638 1637 1698
4 1698 1637 1636 1697
4 1697 1636 1635 1696
4 1696 1635 1634 1695
4 1695 1634 1633 1694
4 1694 1633 1632 1693
4 1693 1632 1631 1692
4 1820 1759 4170 4168
4 4168 4170 1630 1691
4 1691 1630 1629 1690
4 1690 1629 1628 1689
4 1689 1628 1627 1688
4 1688 1627 1626 1687
4 1687 1626 1625 1686
4 1686 1625 1624 1685
4 1685 1624 1623 1684
4 1684 1623 1622 1683
4 1683 1622 1621 1682
4 1682 1621 1620 1681
4 1681 1620 1619 1680
4 1680 1619 1618 1679
4 1679 1618 1617 1678
4 1678 1617 1616 1677
4 1677 1616 1615 1676
4 1676 1615 1614 1675
4 1675 1614 1613 1674
4 1674 1613 1612 1673
4 1673 1612 1611 1672
4 1672 1611 1610 1671
4 1671 1610 1609 1670
4 1670 1609 1608 1669
4 1669 1608 1607 1668
4 1668 1607 1606 1667
4 1667 1606 1605 1666
4 1666 1605 1604 1665
4 1665 1604 1603 1664
4 1664 1603 1602 1663
4 1663 1602 1601 1662
4 1662 1601 1600 1661
4 1661 1600 4171 4169
4 4297 4299 1599 1660
4 1660 1599 1598 1659
4 1659 1598 1597 1658
4 1658 1597 1596 1657
4 1657 1596 1595 1656
4 1656 1595 1594 1655
4 1655 1594 1593 1654
4 1654 1593 1592 1653
4 1653 1592 1591 1652
4 1652 1591 1590 1651
4 1651 1590 1589 1650
4 1650 1589 1588 1649
4 1649 1588 1587 1648
4 1648 1587 1586 1647
4 1647 1586 1585 1646
4 1646 1585 3940 3939
4 4056 4055 1584 1645
4 1645 1584 1583 1644
4 1644 1583 1582 1643
4 1643 1582 1581 1642
4 1642 1581 1580 1641
4 1641 1580 1579 1640
4 1640 1579 1578 1639
4 1639 1578 1577 1638
4 1638 1577 1576 1637
4 1637 1576 1575 1636
4 1636 1575 1574 1635
4 1635 1574 1573 1634
4 1634 1573 1572 1633
4 1633 1572 1571 1632
4 1632 1571 1570 1631
4 1759 1698 4172 4170
4 4170 4172 1569 1630
4 1630 1569 1568 1629
4 1629 1568 1567 1628
4 1628 1567 1566 1627
4 1627 1566 1565 1626
4 1626 1565 1564 1625
4 1625 1564 1563 1624
4 1624 1563 1562 1623
4 1623 1562 1561 1622
4 1622 1561 1560 1621
4 1621 1560 1559 1620
4 1620 1559 1558 1619
4 1619 1558 1557 1618
4 1618 1557 1556 1617
4 1617 1556 1555 1616
4 1616 1555 1554 1615
4 1615 1554 1553 1614
4 1614 1553 1552 1613
4 1613 1552 1551 1612
4 1612 1551 1550 1611
4 1611 1550 1549 1610
4 1610 1549 1548 1609
4 1609 1548 1547 1608
4 1608 1547 1546 1607
4 1607 1546 1545 1606
4 1606 1545 1544 1605
4 1605 1544 1543 1604
4 1604 1543 1542 1603
4 1603 1542 1541 1602
4 1602 1541 1540 1601
4 1601 1540 1539 1600
4 1600 1539 4173 4171
4 4299 4301 1538 1599
4 1599 1538 1537 1598
4 1598 1537 1536 1597
4 1597 1536 1535 1596
4 1596 1535 1534 1595
4 1595 1534 1533 1594
4 1594 1533 1532 1593
4 1593 1532 1531 1592
4 1592 1531 1530 1591
4 1591 1530 1529 1590
4 1590 1529 1528 1589
4 1589 1528 1527 1588
4 1588 1527 1526 1587
4 1587 1526 1525 1586
4 1586 1525 1524 1585
4 1585 1524 3941 3940
4 4055 4054 1523 1584
4 1584 1523 1522 1583
4 1583 1522 1521 1582
4 1582 1521 1520 1581
4 1581 1520 1519 1580
4 1580 1519 1518 1579
4 1579 1518 1517 1578
4 1578 1517 1516 1577
4 1577 1516 1515 1576
4 1576 1515 1514 1575
4 1575 1514 1513 1574
4 1574 1513 1512 1573
4 1573 1512 1511 1572
4 1572 1511 1510 1571
4 1571 1510 1509 1570
4 1698 1637 4174 4172
4 4172 4174 1508 1569
4 1569 1508 1507 1568
4 1568 1507 1506 1567
4 1567 1506 1505 1566
4 1566 1505 1504 1565
4 1565 1504 1503 1564
4 1564 1503 1502 1563
4 1563 1502 1501 1562
4 1562 1501 1500 1561
4 1561 1500 1499 1560
4 1560 1499 1498 1559
4 1559 1498 1497 1558
4 1558 1497 1496 1557
4 1557 1496 1495 1556
4 1556 1495 1494 1555
4 1555 1494 1493 1554
4 1554 1493 1492 1553
4 1553 1492 1491 1552
4 1552 1491 1490 1551
4 1551 1490 1489 1550
4 1550 1489 1488 1549
4 1549 1488 1487 1548
4 1548 1487 1486 1547
4 1547 1486 1485 1546
4 1546 1485 1484 1545
4 1545 1484 1483 1544
4 1544 1483 1482 1543
4 1543 1482 1481 1542
4 1542 1481 1480 1541
4 1541 1480 1479 1540
4 1540 1479 1478 1539
4 1539 1478 4175 4173
4 4301 4303 1477 1538
4 1538 1477 1476 1537
4 1537 1476 1475 1536
4 1536 1475 1474 1535
4 1535 1474 1473 1534
4 1534 1473 1472 1533
4 1533 1472 1471 1532
4 1532 1471 1470 1531
4 1531 1470 1469 1530
4 1530 1469 1468 1529
4 1529 1468 1467 1528
4 1528 1467 1466 1527
4 1527 1466 1465 1526
4 1526 1465 1464 1525
4 1525 1464 1463 1524
4 1524 1463 3942 3941
4 4054 4053 1462 1523
4 1523 1462 1461 1522
4 1522 1461 1460 1521
4 1521 1460 1459 1520
4 1520 1459 1458 1519
4 1519 1458 1457 1518
4 1518 1457 1456 1517
4 1517 1456 1455 1516
4 1516 1455 1454 1515
4 1515 1454 1453 1514
4 1514 1453 1452 1513
4 1513 1452 1451 1512
4 1512 1451 1450 1511
4 1511 1450 1449 1510
4 1510 1449 1448 1509
4 1637 1576 4176 4174
4 4174 4176 1447 1508
4 1508 1447 1446 1507
4 1507 1446 1445 1506
4 1506 1445 1444 1505
4 1505 1444 1443 1504
4 1504 1443 1442 1503
4 1503 1442 1441 1502
4 1502 1441 1440 1501
4 1501 1440 1439 1500
4 1500 1439 1438 1499
4 1499 1438 1437 1498
4 1498 1437 1436 1497
4 1497 1436 1435 1496
4 1496 1435 1434 1495
4 1495 1434 1433 1494
4 1494 1433 1432 1493
4 1493 1432 1431 1492
4 1492 1431 1430 1491
4 1491 1430 1429 1490
4 1490 1429 1428 1489
4 1489 1428 1427 1488
4 1488 1427 1426 1487
4 1487 1426 1425 1486
4 1486 1425 1424 1485
4 1485 1424 1423 1484
4 1484 1423 1422 1483
4 1483 1422 1421 1482
4 1482 1421 1420 1481
4 1481 1420 1419 1480
4 1480 1419 1418 1479
4 1479 1418 1417 1478
4 1478 1417 4177 4175
4 4303 4305 1416 1477
4 1477 1416 1415 1476
4 1476 1415 1414 1475
4 1475 1414 1413 1474
4 1474 1413 1412 1473
4 1473 1412 1411 1472
4 1472 1411 1410 1471
4 1471 1410 1409 1470
4 1470 1409 1408 1469
4 1469 1408 1407 1468
4 1468 1407 1406 1467
4 1467 1406 1405 1466
4 1466 1405 1404 1465
4 1465 1404 1403 1464
4 1464 1403 1402 1463
4 1463 1402 3943 3942
4 4053 4052 1401 1462
4 1462 1401 1400 1461
4 1461 1400 1399 1460
4 1460 1399 1398 1459
4 1459 1398 1397 1458
4 1458 1397 1396 1457
4 1457 1396 1395 1456
4 1456 1395 1394 1455
4 1455 1394 1393 1454
4 1454 1393 1392 1453
4 1453 1392 1391 1452
4 1452 1391 1390 1451
4 1451 1390 1389 1450
4 1450 1389 1388 1449
4 1449 1388 1387 1448
4 1576 1515 4178 4176
4 4176 4178 1386 1447
4 1447 1386 1385 1446
4 1446 1385 1384 1445
4 1445 1384 1383 1444
4 1444 1383 1382 1443
4 1443 1382 1381 1442
4 1442 1381 1380 1441
4 1441 1380 1379 1440
4 1440 1379 1378 1439
4 1439 1378 1377 1438
4 1438 1377 1376 1437
4 1437 1376 1375 1436
4 1436 1375 1374 1435
4 1435 1374 1373 1434
4 1434 1373 1372 1433
4 1433 1372 1371 1432
4 1432 1371 1370 1431
4 1431 1370 1369 1430
4 1430 1369 1368 1429
4 1429 1368 1367 1428
4 1428 1367 1366 1427
4 1427 1366 1365 1426
4 1426 1365 1364 1425
4 1425 1364 1363 1424
4 1424 1363 1362 1423
4 1423 1362 1361 1422
4 1422 1361 1360 1421
4 1421 1360 1359 1420
4 1420 1359 1358 1419
4 1419 1358 1357 1418
4 1418 1357 1356 1417
4 1417 1356 4179 4177
4 4305 4307 1355 1416
4 1416 1355 1354 1415
4 1415 1354 1353 1414
4 1414 1353 1352 1413
4 1413 1352 1351 1412
4 1412 1351 1350 1411
4 1411 1350 1349 1410
4 1410 1349 1348 1409
4 1409 1348 1347 1408
4 1408 1347 1346 1407
4 1407 1346 1345 1406
4 1406 1345 1344 1405
4 1405 1344 1343 1404
4 1404 1343 1342 1403
4 1403 1342 1341 1402
4 1402 1341 3944 3943
4 4052 4051 1340 1401
4 1401 1340 1339 1400
4 1400 1339 1338 1399
4 1399 1338 1337 1398
4 1398 1337 1336 1397
4 1397 1336 1335 1396
4 1396 1335 1334 1395
4 1395 1334 1333 1394
4 1394 1333 1332 1393
4 1393 1332 1331 1392
4 1392 1331 1330 1391
4 1391 1330 1329 1390
4 1390 1329 1328 1389
4 1389 1328 1327 1388
4 1388 1327 1326 1387
4 1515 1454 4180 4178
4 4178 4180 1325 1386
4 1386 1325 1324 1385
4 1385 1324 1323 1384
4 1384 1323 1322 1383
4 1383 1322 1321 1382
4 1382 1321 1320 1381
4 1381 1320 1319 1380
4 1380 1319 1318 1379
4 1379 1318 1317 1378
4 1378 1317 1316 1377
4 1377 1316 1315 1376
4 1376 1315 1314 1375
4 1375 1314 1313 1374
4 1374 1313 1312 1373
4 1373 1312 1311 1372
4 1372 1311 1310 1371
4 1371 1310 1309 1370
4 1370 1309 1308 1369
4 1369 1308 1307 1368
4 1368 1307 1306 1367
4 1367 1306 1305 1366
4 1366 1305 1304 1365
4 1365 1304 1303 1364
4 1364 1303 1302 1363
4 1363 1302 1301 1362
4 1362 1301 1300 1361
4 1361 1300 1299 1360
4 1360 1299 1298 1359
4 1359 1298 1297 1358
4 1358 1297 1296 1357
4 1357 1296 1295 1356
4 1356 1295 4181 4179
4 4307 4309 1294 1355
4 1355 1294 1293 1354
4 1354 1293 1292 1353
4 1353 1292 1291 1352
4 1352 1291 1290 1351
4 1351 1290 1289 1350
4 1350 1289 1288 1349
4 1349 1288 1287 1348
4 1348 1287 1286 1347
4 1347 1286 1285 1346
4 1346 1285 1284 1345
4 1345 1284 1283 1344
4 1344 1283 1282 1343
4 1343 1282 1281 1342
4 1342 1281 1280 1341
4 1341 1280 3945 3944
4 4051 4050 1279 1340
4 1340 1279 1278 1339
4 1339 1278 1277 1338
4 1338 1277 1276 1337
4 1337 1276 1275 1336
4 1336 1275 1274 1335
4 1335 1274 1273 1334
4 1334 1273 1272 1333
4 1333 1272 1271 1332
4 1332 1271 1270 1331
4 1331 1270 1269 1330
4 1330 1269 1268 1329
4 1329 1268 1267 1328
4 1328 1267 1266 1327
4 1327 1266 1265 1326
4 1454 1393 4182 4180
4 4180 4182 1264 1325
4 1325 1264 1263 1324
4 1324 1263 1262 1323
4 1323 1262 1261 1322
4 1322 1261 1260 1321
4 1321 1260 1259 1320
4 1320 1259 1258 1319
4 1319 1258 1257 1318
4 1318 1257 1256 1317
4 1317 1256 1255 1316
4 1316 1255 1254 1315
4 1315 1254 1253 1314
4 1314 1253 1252 1313
4 1313 1252 1251 1312
4 1312 1251 1250 1311
4 1311 1250 1249 1310
4 1310 1249 1248 1309
4 1309 1248 1247 1308
4 1308 1247 1246 1307
4 1307 1246 1245 1306
4 1306 1245 1244 1305
4 1305 1244 1243 1304
4 1304 1243 1242 1303
4 1303 1242 1241 1302
4 1302 1241 1240 1301
4 1301 1240 1239 1300
4 1300 1239 1238 1299
4 1299 1238 1237 1298
4 1298 1237 1236 1297
4 1297 1236 1235 1296
4 1296 1235 1234 1295
4 1295 1234 4183 4181
4 4309 4311 1233 1294
4 1294 1233 1232 1293
4 1293 1232 1231 1292
4 1292 1231 1230 1291
4 1291 1230 1229 1290
4 1290 1229 1228 1289
4 1289 1228 1227 1288
4 1288 1227 1226 1287
4 1287 1226 1225 1286
4 1286 1225 1224 1285
4 1285 1224 1223 1284
4 1284 1223 1222 1283
4 1283 1222 1221 1282
4 1282 1221 1220 1281
4 1281 1220 1219 1280
4 1280 1219 3946 3945
4 4050 4049 1218 1279
4 1279 1218 1217 1278
4 1278 1217 1216 1277
4 1277 1216 1215 1276
4 1276 1215 1214 1275
4 1275 1214 1213 1274
4 1274 1213 1212 1273
4 1273 1212 1211 1272
4 1272 1211 1210 1271
4 1271 1210 1209 1270
4 1270 1209 1208 1269
4 1269 1208 1207 1268
4 1268 1207 1206 1267
4 1267 1206 1205 1266
4 1266 1205 1204 1265
4 1393 1332 4184 4182
4 4182 4184 1203 1264
4 1264 1203 1202 1263
4 1263 1202 1201 1262
4 1262 1201 1200 1261
4 1261 1200 1199 1260
4 1260 1199 1198 1259
4 1259 1198 1197 1258
4 1258 1197 1196 1257
4 1257 1196 1195 1256
4 1256 1195 1194 1255
4 1255 1194 1193 1254
4 1254 1193 1192 1253
4 1253 1192 1191 1252
4 1252 1191 1190 1251
4 1251 1190 1189 1250
4 1250 1189 1188 1249
4 1249 1188 1187 1248
4 1248 1187 1186 1247
4 1247 1186 1185 1246
4 1246 1185 1184 1245
4 1245 1184 1183 1244
4 1244 1183 1182 1243
4 1243 1182 1181 1242
4 1242 1181 1180 1241
4 1241 1180 1179 1240
4 1240 1179 1178 1239
4 1239 1178 1177 1238
4 1238 1177 1176 1237
4 1237 1176 1175 1236
4 1236 1175 1174 1235
4 1235 1174 1173 1234
4 1234 1173 4185 4183
4 4311 4313 1172 1233
4 1233 1172 1171 1232
4 1232 1171 1170 1231
4 1231 1170 1169 1230
4 1230 1169 1168 1229
4 1229 1168 1167 1228
4 1228 1167 1166 1227
4 1227 1166 1165 1226
4 1226 1165 1164 1225
4 1225 1164 1163 1224
4 1224 1163 1162 1223
4 1223 1162 1161 1222
4 1222 1161 1160 1221
4 1221 1160 1159 1220
4 1220 1159 1158 1219
4 1219 1158 3947 3946
4 4049 4048 1157 1218
4 1218 1157 1156 1217
4 1217 1156 1155 1216
4 1216 1155 1154 1215
4 1215 1154 1153 1214
4 1214 1153 1152 1213
4 1213 1152 1151 1212
4 1212 1151 1150 1211
4 1211 1150 1149 1210
4 1210 1149 1148 1209
4 1209 1148 1147 1208
4 1208 1147 1146 1207
4 1207 1146 1145 1206
4 1206 1145 1144 1205
4 1205 1144 1143 1204
4 1332 1271 4186 4184
4 4184 4186 1142 1203
4 1203 1142 1141 1202
4 1202 1141 1140 1201
4 1201 1140 1139 1200
4 1200 1139 1138 1199
4 1199 1138 1137 1198
4 1198 1137 1136 1197
4 1197 1136 1135 1196
4 1196 1135 1134 1195
4 1195 1134 1133 1194
4 1194 1133 1132 1193
4 1193 1132 1131 1192
4 1192 1131 1130 1191
4 1191 1130 1129 1190
4 1190 1129 1128 1189
4 1189 1128 1127 1188
4 1188 1127 1126 1187
4 1187 1126 1125 1186
4 1186 1125 1124 1185
4 1185 1124 1123 1184
4 1184 1123 1122 1183
4 1183 1122 1121 1182
4 1182 1121 1120 1181
4 1181 1120 1119 1180
4 1180 1119 1118 1179
4 1179 1118 1117 1178
4 1178 1117 1116 1177
4 1177 1116 1115 1176
4 1176 1115 1114 1175
4 1175 1114 1113 1174
4 1174 1113 1112 1173
4 1173 1112 4187 4185
4 4313 4315 1111 1172
4 1172 1111 1110 1171
4 1171 1110 1109 1170
4 1170 1109 1108 1169
4 1169 1108 1107 1168
4 1168 1107 1106 1167
4 1167 1106 1105 1166
4 1166 1105 1104 1165
4 1165 1104 1103 1164
4 1164 1103 1102 1163
4 1163 1102 1101 1162
4 1162 1101 1100 1161
4 1161 1100 1099 1160
4 1160 1099 1098 1159
4 1159 1098 1097 1158
4 1158 1097 3948 3947
4 4048 4047 1096 1157
4 1157 1096 1095 1156
4 1156 1095 1094 1155
4 1155 1094 1093 1154
4 1154 1093 1092 1153
4 1153 1092 1091 1152
4 1152 1091 1090 1151
4 1151 1090 1089 1150
4 1150 1089 1088 1149
4 1149 1088 1087 1148
4 1148 1087 1086 1147
4 1147 1086 1085 1146
4 1146 1085 1084 1145
4 1145 1084 1083 1144
4 1144 1083 1082 1143
4 1271 1210 4188 4186
4 4186 4188 1081 1142
4 1142 1081 1080 1141
4 1141 1080 1079 1140
4 1140 1079 1078 1139
4 1139 1078 1077 1138
4 1138 1077 1076 1137
4 1137 1076 1075 1136
4 1136 1075 1074 1135
4 1135 1074 1073 1134
4 1134 1073 1072 1133
4 1133 1072 1071 1132
4 1132 1071 1070 1131
4 1131 1070 1069 1130
4 1130 1069 1068 1129
4 1129 1068 1067 1128
4 1128 1067 1066 1127
4 1127 1066 1065 1126
4 1126 1065 1064 1125
4 1125 1064 1063 1124
4 1124 1063 1062 1123
4 1123 1062 1061 1122
4 1122 1061 1060 1121
4 1121 1060 1059 1120
4 1120 1059 1058 1119
4 1119 1058 1057 1118
4 1118 1057 1056 1117
4 1117 1056 1055 1116
4 1116 1055 1054 1115
4 1115 1054 1053 1114
4 1114 1053 1052 1113
4 1113 1052 1051 1112
4 1112 1051 4189 4187
4 4315 4317 1050 1111
4 1111 1050 1049 1110
4 1110 1049 1048 1109
4 1109 1048 1047 1108
4 1108 1047 1046 1107
4 1107 1046 1045 1106
4 1106 1045 1044 1105
4 1105 1044 1043 1104
4 1104 1043 1042 1103
4 1103 1042 1041 1102
4 1102 1041 1040 1101
4 1101 1040 1039 1100
4 1100 1039 1038 1099
4 1099 1038 1037 1098
4 1098 1037 1036 1097
4 1097 1036 3949 3948
4 4047 4046 1035 1096
4 1096 1035 1034 1095
4 1095 1034 1033 1094
4 1094 1033 1032 1093
4 1093 1032 1031 1092
4 1092 1031 1030 1091
4 1091 1030 1029 1090
4 1090 1029 1028 1089
4 1089 1028 1027 1088
4 1088 1027 1026 1087
4 1087 1026 1025 1086
4 1086 1025 1024 1085
4 1085 1024 1023 1084
4 1084 1023 1022 1083
4 1083 1022 1021 1082
4 1210 1149 4190 4188
4 4188 4190 1020 1081
4 1081 1020 1019 1080
4 1080 1019 1018 1079
4 1079 1018 1017 1078
4 1078 1017 1016 1077
4 1077 1016 1015 1076
4 1076 1015 1014 1075
4 1075 1014 1013 1074
4 1074 1013 1012 1073
4 1073 1012 1011 1072
4 1072 1011 1010 1071
4 1071 1010 1009 1070
4 1070 1009 1008 1069
4 1069 1008 1007 1068
4 1068 1007 1006 1067
4 1067 1006 1005 1066
4 1066 1005 1004 1065
4 1065 1004 1003 1064
4 1064 1003 1002 1063
4 1063 1002 1001 1062
4 1062 1001 1000 1061
4 1061 1000 999 1060
4 1060 999 998 1059
4 1059 998 997 1058
4 1058 997 996 1057
4 1057 996 995 1056
4 1056 995 994 1055
4 1055 994 993 1054
4 1054 993 992 1053
4 1053 992 991 1052
4 1052 991 990 1051
4 1051 990 4191 4189
4 4317 4319 989 1050
4 1050 989 988 1049
4 1049 988 987 1048
4 1048 987 986 1047
4 1047 986 985 1046
4 1046 985 984 1045
4 1045 984 983 1044
4 1044 983 982 1043
4 1043 982 981 1042
4 1042 981 980 1041
4 1041 980 979 1040
4 1040 979 978 1039
4 1039 978 977 1038
4 1038 977 976 1037
4 1037 976 975 1036
4 1036 975 3950 3949
4 4046 4045 974 1035
4 1035 974 973 1034
4 1034 973 972 1033
4 1033 972 971 1032
4 1032 971 970 1031
4 1031 970 969 1030
4 1030 969 968 1029
4 1029 968 967 1028
4 1028 967 966 1027
4 1027 966 965 1026
4 1026 965 964 1025
4 1025 964 963 1024
4 1024 963 962 1023
4 1023 962 961 1022
4 1022 961 960 1021
4 1149 1088 4192 4190
4 4190 4192 4193 1020
4 1020 4193 4194 1019
4 1019 4194 4195 1018
4 1018 4195 4196 1017
4 1017 4196 4197 1016
4 1016 4197 4198 1015
4 1015 4198 4199 1014
4 1014 4199 4200 1013
4 1013 4200 4201 1012
4 1012 4201 4202 1011
4 1011 4202 4203 1010
4 1010 4203 4204 1009
4 1009 4204 4205 1008
4 1008 4205 4206 1007
4 1007 4206 4207 1006
4 1006 4207 4208 1005
4 1005 4208 4209 1004
4 1004 4209 4210 1003
4 1003 4210 4211 1002
4 1002 4211 4212 1001
4 1001 4212 4213 1000
4 1000 4213 4214 999
4 999 4214 4215 998
4 998 4215 4216 997
4 997 4216 4217 996
4 996 4217 4218 995
4 995 4218 4219 994
4 994 4219 4220 993
4 993 4220 4221 992
4 992 4221 4222 991
4 991 4222 4223 990
4 990 4223 4224 4191
4 4319 4352 959 989
4 989 959 958 988
4 988 958 957 987
4 987 957 956 986
4 986 956 955 985
4 985 955 954 984
4 984 954 953 983
4 983 953 952 982
4 982 952 951 981
4 981 951 950 980
4 980 950 949 979
4 979 949 948 978
4 978 948 947 977
4 977 947 946 976
4 976 946 945 975
4 975 945 3951 3950
4 4045 4044 944 974
4 974 944 943 973
4 973 943 942 972
4 972 942 941 971
4 971 941 940 970
4 970 940 939 969
4 969 939 938 968
4 968 938 937 967
4 967 937 936 966
4 966 936 935 965
4 965 935 934 964
4 964 934 933 963
4 963 933 932 962
4 962 932 931 961
4 961 931 930 960
4 960 930 929 4192
4 4320 1057 928 4193
4 4321 1056 927 4194
4 4322 1055 926 4195
4 4323 1054 925 4196
4 4324 1053 924 4197
4 4325 1052 923 4198
4 4326 1051 922 4199
4 4327 1050 921 4200
4 4328 1049 920 4201
4 4329 1048 919 4202
4 4330 1047 918 4203
4 4331 1046 917 4204
4 4332 1045 916 4205
4 4333 1044 915 4206
4 4334 1043 914 4207
4 4335 1042 913 4208
4 4336 1041 912 4209
4 4337 1040 911 4210
4 4338 1039 910 4211
4 4339 1038 909 4212
4 4340 1037 908 4213
4 4341 1036 907 4214
4 4342 1035 906 4215
4 4343 1034 905 4216
4 4344 1033 904 4217
4 4345 1032 903 4218
4 4346 1031 902 4219
4 4347 1030 901 4220
4 4348 1029 900 4221
4 4349 1028 899 4222
4 4350 1027 898 4223
4 4351 1026 897 4224
4 4224 897 896 959
4 959 896 895 958
4 958 895 894 957
4 957 894 893 956
4 956 893 892 955
4 955 892 891 954
4 954 891 890 953
4 953 890 889 952
4 952 889 888 951
4 951 888 887 950
4 950 887 886 949
4 949 886 885 948
4 948 885 884 947
4 947 884 883 946
4 946 883 882 945
4 945 882 3952 3951
4 4044 4043 881 944
4 944 881 880 943
4 943 880 879 942
4 942 879 878 941
4 941 878 877 940
4 940 877 876 939
4 939 876 875 938
4 938 875 874 937
4 937 874 873 936
4 936 873 872 935
4 935 872 871 934
4 934 871 870 933
4 933 870 869 932
4 932 869 868 931
4 931 868 867 930
4 930 867 866 929
4 929 866 865 928
4 928 865 864 927
4 927 864 863 926
4 926 863 862 925
4 925 862 861 924
4 924 861 860 923
4 923 860 859 922
4 922 859 858 921
4 921 858 857 920
4 920 857 856 919
4 919 856 855 918
4 918 855 854 917
4 917 854 853 916
4 916 853 852 915
4 915 852 851 914
4 914 851 850 913
4 913 850 849 912
4 912 849 848 911
4 911 848 847 910
4 910 847 846 909
4 909 846 845 908
4 908 845 844 907
4 907 844 843 906
4 906 843 842 905
4 905 842 841 904
4 904 841 840 903
4 903 840 839 902
4 902 839 838 901
4 901 838 837 900
4 900 837 836 899
4 899 836 835 898
4 898 835 834 897
4 897 834 833 896
4 896 833 832 895
4 895 832 831 894
4 894 831 830 893
4 893 830 829 892
4 892 829 828 891
4 891 828 827 890
4 890 827 826 889
4 889 826 825 888
4 888 825 824 887
4 887 824 823 886
4 886 823 822 885
4 885 822 821 884
4 884 821 820 883
4 883 820 819 882
4 882 819 3953 3952
4 4043 4042 818 881
4 881 818 817 880
4 880 817 816 879
4 879 816 815 878
4 878 815 814 877
4 877 814 813 876
4 876 813 812 875
4 875 812 811 874
4 874 811 810 873
4 873 810 809 872
4 872 809 808 871
4 871 808 807 870
4 870 807 806 869
4 869 806 805 868
4 868 805 804 867
4 867 804 803 866
4 866 803 802 865
4 865 802 801 864
4 864 801 800 863
4 863 800 799 862
4 862 799 798 861
4 861 798 797 860
4 860 797 796 859
4 859 796 795 858
4 858 795 794 857
4 857 794 793 856
4 856 793 792 855
4 855 792 791 854
4 854 791 790 853
4 853 790 789 852
4 852 789 788 851
4 851 788 787 850
4 850 787 786 849
4 849 786 785 848
4 848 785 784 847
4 847 784 783 846
4 846 783 782 845
4 845 782 781 844
4 844 781 780 843
4 843 780 779 842
4 842 779 778 841
4 841 778 777 840
4 840 777 776 839
4 839 776 775 838
4 838 775 774 837
4 837 774 773 836
4 836 773 772 835
4 835 772 771 834
4 834 771 770 833
4 833 770 769 832
4 832 769 768 831
4 831 768 767 830
4 830 767 766 829
4 829 766 765 828
4 828 765 764 827
4 827 764 763 826
4 826 763 762 825
4 825 762 761 824
4 824 761 760 823
4 823 760 759 822
4 822 759 758 821
4 821 758 757 820
4 820 757 756 819
4 819 756 3954 3953
4 4042 4041 755 818
4 818 755 754 817
4 817 754 753 816
4 816 753 752 815
4 815 752 751 814
4 814 751 750 813
4 813 750 749 812
4 812 749 748 811
4 811 748 747 810
4 810 747 746 809
4 809 746 745 808
4 808 745 744 807
4 807 744 743 806
4 806 743 742 805
4 805 742 741 804
4 804 741 740 803
4 803 740 739 802
4 802 739 738 801
4 801 738 737 800
4 800 737 736 799
4 799 736 735 798
4 798 735 734 797
4 797 734 733 796
4 796 733 732 795
4 795 732 731 794
4 794 731 730 793
4 793 730 729 792
4 792 729 728 791
4 791 728 727 790
4 790 727 726 789
4 789 726 725 788
4 788 725 724 787
4 787 724 723 786
4 786 723 722 785
4 785 722 721 784
4 784 721 720 783
4 783 720 719 782
4 782 719 718 781
4 781 718 717 780
4 780 717 716 779
4 779 716 715 778
4 778 715 714 777
4 777 714 713 776
4 776 713 712 775
4 775 712 711 774
4 774 711 710 773
4 773 710 709 772
4 772 709 708 771
4 771 708 707 770
4 770 707 706 769
4 769 706 705 768
4 768 705 704 767
4 767 704 703 766
4 766 703 702 765
4 765 702 701 764
4 764 701 700 763
4 763 700 699 762
4 762 699 698 761
4 761 698 697 760
4 760 697 696 759
4 759 696 695 758
4 758 695 694 757
4 757 694 693 756
4 756 693 3955 3954
4 4041 4040 692 755
4 755 692 691 754
4 754 691 690 753
4 753 690 689 752
4 752 689 688 751
4 751 688 687 750
4 750 687 686 749
4 749 686 685 748
4 748 685 684 747
4 747 684 683 746
4 746 683 682 745
4 745 682 681 744
4 744 681 680 743
4 743 680 679 742
4 742 679 678 741
4 741 678 677 740
4 740 677 676 739
4 739 676 675 738
4 738 675 674 737
4 737 674 673 736
4 736 673 672 735
4 735 672 671 734
4 734 671 670 733
4 733 670 669 732
4 732 669 668 731
4 731 668 667 730
4 730 667 666 729
4 729 666 665 728
4 728 665 664 727
4 727 664 663 726
4 726 663 662 725
4 725 662 661 724
4 724 661 660 723
4 723 660 659 722
4 722 659 658 721
4 721 658 657 720
4 720 657 656 719
4 719 656 655 718
4 718 655 654 717
4 717 654 653 716
4 716 653 652 715
4 715 652 651 714
4 714 651 650 713
4 713 650 649 712
4 712 649 648 711
4 711 648 647 710
4 710 647 646 709
4 709 646 645 708
4 708 645 644 707
4 707 644 643 706
4 706 643 642 705
4 705 642 641 704
4 704 641 640 703
4 703 640 639 702
4 702 639 638 701
4 701 638 637 700
4 700 637 636 699
4 699 636 635 698
4 698 635 634 697
4 697 634 633 696
4 696 633 632 695
4 695 632 631 694
4 694 631 630 693
4 693 630 3956 3955
4 4040 4039 629 692
4 692 629 628 691
4 691 628 627 690
4 690 627 626 689
4 689 626 625 688
4 688 625 624 687
4 687 624 623 686
4 686 623 622 685
4 685 622 621 684
4 684 621 620 683
4 683 620 619 682
4 682 619 618 681
4 681 618 617 680
4 680 617 616 679
4 679 616 615 678
4 678 615 614 677
4 677 614 613 676
4 676 613 612 675
4 675 612 611 674
4 674 611 610 673
4 673 610 609 672
4 672 609 608 671
4 671 608 607 670
4 670 607 606 669
4 669 606 605 668
4 668 605 604 667
4 667 604 603 666
4 666 603 602 665
4 665 602 601 664
4 664 601 600 663
4 663 600 599 662
4 662 599 598 661
4 661 598 597 660
4 660 597 596 659
4 659 596 595 658
4 658 595 594 657
4 657 594 593 656
4 656 593 592 655
4 655 592 591 654
4 654 591 590 653
4 653 590 589 652
4 652 589 588 651
4 651 588 587 650
4 650 587 586 649
4 649 586 585 648
4 648 585 584 647
4 647 584 583 646
4 646 583 582 645
4 645 582 581 644
4 644 581 580 643
4 643 580 579 642
4 642 579 578 641
4 641 578 577 640
4 640 577 576 639
4 639 576 575 638
4 638 575 574 637
4 637 574 573 636
4 636 573 572 635
4 635 572 571 634
4 634 571 570 633
4 633 570 569 632
4 632 569 568 631
4 631 568 567 630
4 630 567 3957 3956
4 4039 4038 566 629
4 629 566 565 628
4 628 565 564 627
4 627 564 563 626
4 626 563 562 625
4 625 562 561 624
4 624 561 560 623
4 623 560 559 622
4 622 559 558 621
4 621 558 557 620
4 620 557 556 619
4 619 556 555 618
4 618 555 554 617
4 617 554 553 616
4 616 553 552 615
4 615 552 551 614
4 614 551 550 613
4 613 550 549 612
4 612 549 548 611
4 611 548 547 610
4 610 547 546 609
4 609 546 545 608
4 608 545 544 607
4 607 544 543 606
4 606 543 542 605
4 605 542 541 604
4 604 541 540 603
4 603 540 539 602
4 602 539 538 601
4 601 538 537 600
4 600 537 536 599
4 599 536 535 598
4 598 535 534 597
4 597 534 533 596
4 596 533 532 595
4 595 532 531 594
4 594 531 530 593
4 593 530 529 592
4 592 529 528 591
4 591 528 527 590
4 590 527 526 589
4 589 526 525 588
4 588 525 524 587
4 587 524 523 586
4 586 523 522 585
4 585 522 521 584
4 584 521 520 583
4 583 520 519 582
4 582 519 518 581
4 581 518 517 580
4 580 517 516 579
4 579 516 515 578
4 578 515 514 577
4 577 514 513 576
4 576 513 512 575
4 575 512 511 574
4 574 511 510 573
4 573 510 509 572
4 572 509 508 571
4 571 508 507 570
4 570 507 506 569
4 569 506 505 568
4 568 505 504 567
4 567 504 3958 3957
4 4038 4037 503 566
4 566 503 502 565
4 565 502 501 564
4 564 501 500 563
4 563 500 499 562
4 562 499 498 561
4 561 498 497 560
4 560 497 496 559
4 559 496 495 558
4 558 495 494 557
4 557 494 493 556
4 556 493 492 555
4 555 492 491 554
4 554 491 490 553
4 553 490 489 552
4 552 489 488 551
4 551 488 487 550
4 550 487 486 549
4 549 486 485 548
4 548 485 484 547
4 547 484 483 546
4 546 483 482 545
4 545 482 481 544
4 544 481 480 543
4 543 480 479 542
4 542 479 478 541
4 541 478 477 540
4 540 477 476 539
4 539 476 475 538
4 538 475 474 537
4 537 474 473 536
4 536 473 472 535
4 535 472 471 534
4 534 471 470 533
4 533 470 469 532
4 532 469 468 531
4 531 468 467 530
4 530 467 466 529
4 529 466 465 528
4 528 465 464 527
4 527 464 463 526
4 526 463 462 525
4 525 462 461 524
4 524 461 460 523
4 523 460 459 522
4 522 459 458 521
4 521 458 457 520
4 520 457 456 519
4 519 456 455 518
4 518 455 454 517
4 517 454 453 516
4 516 453 452 515
4 515 452 451 514
4 514 451 450 513
4 513 450 449 512
4 512 449 448 511
4 511 448 447 510
4 510 447 446 509
4 509 446 445 508
4 508 445 444 507
4 507 444 443 506
4 506 443 442 505
4 505 442 441 504
4 504 441 3959 3958
4 4037 4036 440 503
4 503 440 439 502
4 502 439 438 501
4 501 438 437 500
4 500 437 436 499
4 499 436 435 498
4 498 435 434 497
4 497 434 433 496
4 496 433 432 495
4 495 432 431 494
4 494 431 430 493
4 493 430 429 492
4 492 429 428 491
4 491 428 427 490
4 490 427 426 489
4 489 426 425 488
4 488 425 424 487
4 487 424 423 486
4 486 423 422 485
4 485 422 421 484
4 484 421 420 483
4 483 420 419 482
4 482 419 418 481
4 481 418 417 480
4 480 417 416 479
4 479 416 415 478
4 478 415 414 477
4 477 414 413 476
4 476 413 412 475
4 475 412 411 474
4 474 411 410 473
4 473 410 409 472
4 472 409 408 471
4 471 408 407 470
4 470 407 406 469
4 469 406 405 468
4 468 405 404 467
4 467 404 403 466
4 466 403 402 465
4 465 402 401 464
4 464 401 400 463
4 463 400 399 462
4 462 399 398 461
4 461 398 397 460
4 460 397 396 459
4 459 396 395 458
4 458 395 394 457
4 457 394 393 456
4 456 393 392 455
4 455 392 391 454
4 454 391 390 453
4 453 390 389 452
4 452 389 388 451
4 451 388 387 450
4 450 387 386 449
4 449 386 385 448
4 448 385 384 447
4 447 384 383 446
4 446 383 382 445
4 445 382 381 444
4 444 381 380 443
4 443 380 379 442
4 442 379 378 441
4 441 378 3960 3959
4 4036 4035 377 440
4 440 377 376 439
4 439 376 375 438
4 438 375 374 437
4 437 374 373 436
4 436 373 372 435
4 435 372 371 434
4 434 371 370 433
4 433 370 369 432
4 432 369 368 431
4 431 368 367 430
4 430 367 366 429
4 429 366 365 428
4 428 365 364 427
4 427 364 363 426
4 426 363 362 425
4 425 362 361 424
4 424 361 360 423
4 423 360 359 422
4 422 359 358 421
4 421 358 357 420
4 420 357 356 419
4 419 356 355 418
4 418 355 354 417
4 417 354 353 416
4 416 353 352 415
4 415 352 351 414
4 414 351 350 413
4 413 350 349 412
4 412 349 348 411
4 411 348 347 410
4 410 347 346 409
4 409 346 345 408
4 408 345 344 407
4 407 344 343 406
4 406 343 342 405
4 405 342 341 404
4 404 341 340 403
4 403 340 339 402
4 402 339 338 401
4 401 338 337 400
4 400 337 336 399
4 399 336 335 398
4 398 335 334 397
4 397 334 333 396
4 396 333 332 395
4 395 332 331 394
4 394 331 330 393
4 393 330 329 392
4 392 329 328 391
4 391 328 327 390
4 390 327 326 389
4 389 326 325 388
4 388 325 324 387
4 387 324 323 386
4 386 323 322 385
4 385 322 321 384
4 384 321 320 383
4 383 320 319 382
4 382 319 318 381
4 381 318 317 380
4 380 317 316 379
4 379 316 315 378
4 378 315 3961 3960
4 4035 4034 314 377
4 377 314 313 376
4 376 313 312 375
4 375 312 311 374
4 374 311 310 373
4 373 310 309 372
4 372 309 308 371
4 371 308 307 370
4 370 307 306 369
4 369 306 305 368
4 368 305 304 367
4 367 304 303 366
4 366 303 302 365
4 365 302 301 364
4 364 301 300 363
4 363 300 299 362
4 362 299 298 361
4 361 298 297 360
4 360 297 296 359
4 359 296 295 358
4 358 295 294 357
4 357 294 293 356
4 356 293 292 355
4 355 292 291 354
4 354 291 290 353
4 353 290 289 352
4 352 289 288 351
4 351 288 287 350
4 350 287 286 349
4 349 286 285 348
4 348 285 284 347
4 347 284 283 346
4 346 283 282 345
4 345 282 281 344
4 344 281 280 343
4 343 280 279 342
4 342 279 278 341
4 341 278 277 340
4 340 277 276 339
4 339 276 275 338
4 338 275 274 337
4 337 274 273 336
4 336 273 272 335
4 335 272 271 334
4 334 271 270 333
4 333 270 269 332
4 332 269 268 331
4 331 268 267 330
4 330 267 266 329
4 329 266 265 328
4 328 265 264 327
4 327 264 263 326
4 326 263 262 325
4 325 262 261 324
4 324 261 260 323
4 323 260 259 322
4 322 259 258 321
4 321 258 257 320
4 320 257 256 319
4 319 256 255 318
4 318 255 254 317
4 317 254 253 316
4 316 253 252 315
4 315 252 3962 3961
4 4034 4033 251 314
4 314 251 250 313
4 313 250 249 312
4 312 249 248 311
4 311 248 247 310
4 310 247 246 309
4 309 246 245 308
4 308 245 244 307
4 307 244 243 306
4 306 243 242 305
4 305 242 241 304
4 304 241 240 303
4 303 240 239 302
4 302 239 238 301
4 301 238 237 300
4 300 237 236 299
4 299 236 235 298
4 298 235 234 297
4 297 234 233 296
4 296 233 232 295
4 295 232 231 294
4 294 231 230 293
4 293 230 229 292
4 292 229 228 291
4 291 228 227 290
4 290 227 226 289
4 289 226 225 288
4 288 225 224 287
4 287 224 223 286
4 286 223 222 285
4 285 222 221 284
4 284 221 220 283
4 283 220 219 282
4 282 219 218 281
4 281 218 217 280
4 280 217 216 279
4 279 216 215 278
4 278 215 214 277
4 277 214 213 276
4 276 213 212 275
4 275 212 211 274
4 274 211 210 273
4 273 210 209 272
4 272 209 208 271
4 271 208 207 270
4 270 207 206 269
4 269 206 205 268
4 268 205 204 267
4 267 204 203 266
4 266 203 202 265
4 265 202 201 264
4 264 201 200 263
4 263 200 199 262
4 262 199 198 261
4 261 198 197 260
4 260 197 196 259
4 259 196 195 258
4 258 195 194 257
4 257 194 193 256
4 256 193 192 255
4 255 192 191 254
4 254 191 190 253
4 253 190 189 252
4 252 189 3963 3962
4 4033 4032 188 251
4 251 188 187 250
4 250 187 186 249
4 249 186 185 248
4 248 185 184 247
4 247 184 183 246
4 246 183 182 245
4 245 182 181 244
4 244 181 180 243
4 243 180 179 242
4 242 179 178 241
4 241 178 177 240
4 240 177 176 239
4 239 176 175 238
4 238 175 174 237
4 237 174 173 236
4 236 173 172 235
4 235 172 171 234
4 234 171 170 233
4 233 170 169 232
4 232 169 168 231
4 231 168 167 230
4 230 167 166 229
4 229 166 165 228
4 228 165 164 227
4 227 164 163 226
4 226 163 162 225
4 225 162 161 224
4 224 161 160 223
4 223 160 159 222
4 222 159 158 221
4 221 158 157 220
4 220 157 156 219
4 219 156 155 218
4 218 155 154 217
4 217 154 153 216
4 216 153 152 215
4 215 152 151 214
4 214 151 150 213
4 213 150 149 212
4 212 149 148 211
4 211 148 147 210
4 210 147 146 209
4 209 146 145 208
4 208 145 144 207
4 207 144 143 206
4 206 143 142 205
4 205 142 141 204
4 204 141 140 203
4 203 140 139 202
4 202 139 138 201
4 201 138 137 200
4 200 137 136 199
4 199 136 135 198
4 198 135 134 197
4 197 134 133 196
4 196 133 132 195
4 195 132 131 194
4 194 131 130 193
4 193 130 129 192
4 192 129 128 191
4 191 128 127 190
4 190 127 126 189
4 189 126 3964 3963
4 4032 4031 125 188
4 188 125 124 187
4 187 124 123 186
4 186 123 122 185
4 185 122 121 184
4 184 121 120 183
4 183 120 119 182
4 182 119 118 181
4 181 118 117 180
4 180 117 116 179
4 179 116 115 178
4 178 115 114 177
4 177 114 113 176
4 176 113 112 175
4 175 112 111 174
4 174 111 110 173
4 173 110 109 172
4 172 109 108 171
4 171 108 107 170
4 170 107 106 169
4 169 106 105 168
4 168 105 104 167
4 167 104 103 166
4 166 103 102 165
4 165 102 101 164
4 164 101 100 163
4 163 100 99 162
4 162 99 98 161
4 161 98 97 160
4 160 97 96 159
4 159 96 95 158
4 158 95 94 157
4 157 94 93 156
4 156 93 92 155
4 155 92 91 154
4 154 91 90 153
4 153 90 89 152
4 152 89 88 151
4 151 88 87 150
4 150 87 86 149
4 149 86 85 148
4 148 85 84 147
4 147 84 83 146
4 146 83 82 145
4 145 82 81 144
4 144 81 80 143
4 143 80 79 142
4 142 79 78 141
4 141 78 77 140
4 140 77 76 139
4 139 76 75 138
4 138 75 74 137
4 137 74 73 136
4 136 73 72 135
4 135 72 71 134
4 134 71 70 133
4 133 70 69 132
4 132 69 68 131
4 131 68 67 130
4 130 67 66 129
4 129 66 65 128
4 128 65 64 127
4 127 64 63 126
4 126 63 3965 3964
4 4031 4030 62 125
4 125 62 61 124
4 124 61 60 123
4 123 60 59 122
4 122 59 58 121
4 121 58 57 120
4 120 57 56 119
4 119 56 55 118
4 118 55 54 117
4 117 54 53 116
4 116 53 52 115
4 115 52 51 114
4 114 51 50 113
4 113 50 49 112
4 112 49 48 111
4 111 48 47 110
4 110 47 46 109
4 109 46 45 108
4 108 45 44 107
4 107 44 43 106
4 106 43 42 105
4 105 42 41 104
4 104 41 40 103
4 103 40 39 102
4 102 39 38 101
4 101 38 37 100
4 100 37 36 99
4 99 36 35 98
4 98 35 34 97
4 97 34 33 96
4 96 33 32 95
4 95 32 31 94
4 94 31 30 93
4 93 30 29 92
4 92 29 28 91
4 91 28 27 90
4 90 27 26 89
4 89 26 25 88
4 88 25 24 87
4 87 24 23 86
4 86 23 22 85
4 85 22 21 84
4 84 21 20 83
4 83 20 19 82
4 82 19 18 81
4 81 18 17 80
4 80 17 16 79
4 79 16 15 78
4 78 15 14 77
4 77 14 13 76
4 76 13 12 75
4 75 12 11 74
4 74 11 10 73
4 73 10 9 72
4 72 9 8 71
4 71 8 7 70
4 70 7 6 69
4 69 6 5 68
4 68 5 4 67
4 67 4 3 66
4 66 3 2 65
4 65 2 1 64
4 64 1 0 63
4 63 0 3966 3965
4 4030 4095 4029 62
4 62 4029 4028 61
4 61 4028 4027 60
4 60 4027 4026 59
4 59 4026 4025 58
4 58 4025 4024 57
4 57 4024 4023 56
4 56 4023 4022 55
4 55 4022 4021 54
4 54 4021 4020 53
4 53 4020 4019 52
4 52 4019 4018 51
4 51 4018 4017 50
4 50 4017 4016 49
4 49 4016 4015 48
4 48 4015 4014 47
4 47 4014 4013 46
4 46 4013 4012 45
4 45 4012 4011 44
4 44 4011 4010 43
4 43 4010 4009 42
4 42 4009 4008 41
4 41 4008 4007 40
4 40 4007 4006 39
4 39 4006 4005 38
4 38 4005 4004 37
4 37 4004 4003 36
4 36 4003 4002 35
4 35 4002 4001 34
4 34 4001 4000 33
4 33 4000 3999 32
4 32 3999 3998 31
4 31 3998 3997 30
4 30 3997 3996 29
4 29 3996 3995 28
4 28 3995 3994 27
4 27 3994 3993 26
4 26 3993 3992 25
4 25 3992 3991 24
4 24 3991 3990 23
4 23 3990 3989 22
4 22 3989 3988 21
4 21 3988 3987 20
4 20 3987 3986 19
4 19 3986 3985 18
4 18 3985 3984 17
4 17 3984 3983 16
4 16 3983 3982 15
4 15 3982 3981 14
4 14 3981 3980 13
4 13 3980 3979 12
4 12 3979 3978 11
4 11 3978 3977 10
4 10 3977 3976 9
4 9 3976 3975 8
4 8 3975 3974 7
4 7 3974 3973 6
4 6 3973 3972 5
4 5 3972 3971 4
4 4 3971 3970 3
4 3 3970 3969 2
4 2 3969 3968 1
4 1 3968 3967 0
4 0 3967 4094 3966

CELL_TYPES 4096
9
9
9
9
9
9
9
9
9
9
9
9
9
9
9
9
9
9
9
9
9
9
9
9
9
9
9
9
9
9
9
9
9
9
9
9
9
9
9
9
9
9
9
9
9
9
9
9
9
9
9
9
9
9
9
9
9
9
9
9
9
9
9
9
9
9
9
9
9
9
9
9
9
9
9
9
9
9
9
9
9
9
9
9
9
9
9
9
9
9
9
9
9
9
9
9
9
9
9
9
9
9
9
9
9
9
9
9
9
9
9
9
9
9
9
9
9
9
9
9
9
9
9
9
9
9
9
9
9
9
9
9
9
9
9
9
9
9
9
9
9
9
9
9
9
9
9
9
9
9
9
9
9
9
9
9
9
9
9
9
9
9
9
9
9
9
9
9
9
9
9
9
9
9
9
9
9
9
9
9
9
9
9
9
9
9
9
9
9
9
9
9
9
9
9
9
9
9
9
9
9
9
9
9
9
9
9
9
9
9
9
9
9
9
9
9
9
9
9
9
9
9
9
9
9
9
9
9
9
9
9
9
9
9
9
9
9
9
9
9
9
9
9
9
9
9
9
9
9
9
9
9
9
9
9
9
9
9
9
9
9
9
9
9
9
9
9
9
9
9
9
9
9
9
9
9
9
9
9
9
9
9
9
9
9
9
9
9
9
9
9
9
9
9
9
9
9
9
9
9
9
9
9
9
9
9
9
9
9
9
9
9
9
9
9
9
9
9
9
9
9
9
9
9
9
9
9
9
9
9
9
9
9
9
9
9
9
9
9
9
9
9
9
9
9
9
9
9
9
9
9
9
9
9
9
9
9
9
9
9
9
9
9
9
9
9
9
9
9
9
9
9
9
9
9
9
9
9
9
9
9
9
9
9
9
9
9
9
9
9
9
9
9
9
9
9
9
9
9
9
9
9
9
9
9
9
9
9
9
9
9
9
9
9
9
9
9
9
9
9
9
9
9
9
9
9
9
9
9
9
9
9
9
9
9
9
9
9
9
9
9
9
9
9
9
9
9
9
9
9
9
9
9
9
9
9
9
9
9
9
9
9
9
9
9
9
9
9
9
9
9
9
9
9
9
9
9
9
9
9
9
9
9
9
9
9
9
9
9
9
9
9
9
9
9
9
9
9
9
9
9
9
9
9
9
9
9
9
9
9
9
9
9
9
9
9
9
9
9
9
9
9
9
9
9
9
9
9
9
9
9
9
9
9
9
9
9
9
9
9
9
9
9
9
9
9
9
9
9
9
9
9
9
9
9
9
9
9
9
9
9
9
9
9
9
9
9
9
9
9
9
9
9
9
9
9
9
9
9
9
9
9
9
9
9
9
9
9
9
9
9
9
9
9
9
9
9
9
9
9
9
9
9
9
9
9
9
9
9
9
9
9
9
9
9
9
9
9
9
9
9
9
9
9
9
9
9
9
9
9
9
9
9
9
9
9
9
9
9
9
9
9
9
9
9
9
9
9
9
9
9
9
9
9
9
9
9
9
9
9
9
9
9
9
9
9
9
9
9
9
9
9
9
9
9
9
9
9
9
9
9
9
9
9
9
9
9
9
9
9
9
9
9
9
9
9
9
9
9
9
9
9
9
9
9
9
9
9
9
9
9
9
9
9
9
9
9
9
9
9
9
9
9
9
9
9
9
9
9
9
9
9
9
9
9
9
9
9
9
9
9
9
9
9
9
9
9
9
9
9
9
9
9
9
9
9
9
9
9
9
9
9
9
9
9
9
9
9
9
9
9
9
9
9
9
9
9
9
9
9
9
9
9
9
9
9
9
9
9
9
9
9
9
9
9
9
9
9
9
9
9
9
9
9
9
9
9
9
9
9
9
9
9
9
9
9
9
9
9
9
9
9
9
9
9
9
9
9
9
9
9
9
9
9
9
9
9
9
9
9
9
9
9
9
9
9
9
9
9
9
9
9
9
9
9
9
9
9
9
9
9
9
9
9
9
9
9
9
9
9
9
9
9
9
9
9
9
9
9
9
9
9
9
9
9
9
9
9
9
9
9
9
9
9
9
9
9
9
9
9
9
9
9
9
9
9
9
9
9
9
9
9
9
9
9
9
9
9
9
9
9
9
9
9
9
9
9
9
9
9
9
9
9
9
9
9
9
9
9
9
9
9
9
9
9
9
9
9
9
9
9
9
9
9
9
9
9
9
9
9
9
9
9
9
9
9
9
9
9
9
9
9
9
9
9
9
9
9
9
9
9
9
9
9
9
9
9
9
9
9
9
9
9
9
9
9
9
9
9
9
9
9
9
9
9
9
9
9
9
9
9
9
9
9
9
9
9
9
9
9
9
9
9
9
9
9
9
9
9
9
9
9
9
9
9
9
9
9
9
9
9
9
9
9
9
9
9
9
9
9
9
9
9
9
9
9
9
9
9
9
9
9
9
9
9
9
9
9
9
9
9
9
9
9
9
9
9
9
9
9
9
9
9
9
9
9
9
9
9
9
9
9
9
9
9
9
9
9
9
9
9
9
9
9
9
9
9
9
9
9
9
9
9
9
9
9
9
9
9
9
9
9
9
9
9
9
9
9
9
9
9
9
9
9
9
9
9
9
9
9
9
9
9
9
9
9
9
9
9
9
9
9
9
9
9
9
9
9
9
9
9
9
9
9
9
9
9
9
9
9
9
9
9
9
9
9
9
9
9
9
9
9
9
9
9
9
9
9
9
9
9
9
9
9
9
9
9
9
9
9
9
9
9
9
9
9
9
9
9
9
9
9
9
9
9
9
9
9
9
9
9
9
9
9
9
9
9
9
9
9
9
9
9
9
9
9
9
9
9
9
9
9
9
9
9
9
9
9
9
9
9
9
9
9
9
9
9
9
9
9
9
9
9
9
9
9
9
9
9
9
9
9
9
9
9
9
9
9
9
9
9
9
9
9
9
9
9
9
9
9
9
9
9
9
9
9
9
9
9
9
9
9
9
9
9
9
9
9
9
9
9
9
9
9
9
9
9
9
9
9
9
9
9
9
9
9
9
9
9
9
9
9
9
9
9
9
9
9
9
9
9
9
9
9
9
9
9
9
9
9
9
9
9
9
9
9
9
9
9
9
9
9
9
9
9
9
9
9
9
9
9
9
9
9
9
9
9
9
9
9
9
9
9
9
9
9
9
9
9
9
9
9
9
9
9
9
9
9
9
9
9
9
9
9
9
9
9
9
9
9
9
9
9
9
9
9
9
9
9
9
9
9
9
9
9
9
9
9
9
9
9
9
9
9
9
9
9
9
9
9
9
9
9
9
9
9
9
9
9
9
9
9
9
9
9
9
9
9
9
9
9
9
9
9
9
9
9
9
9
9
9
9
9
9
9
9
9
9
9
9
9
9
9
9
9
9
9
9
9
9
9
9
9
9
9
9
9
9
9
9
9
9
9
9
9
9
9
9
9
9
9
9
9
9
9
9
9
9
9
9
9
9
9
9
9
9
9
9
9
9
9
9
9
9
9
9
9
9
9
9
9
9
9
9
9
9
9
9
9
9
9
9
9
9
9
9
9
9
9
9
9
9
9
9
9
9
9
9
9
9
9
9
9
9
9
9
9
9
9
9
9
9
9
9
9
9
9
9
9
9
9
9
9
9
9
9
9
9
9
9
9
9
9
9
9
9
9
9
9
9
9
9
9
9
9
9
9
9
9
9
9
9
9
9
9
9
9
9
9
9
9
9
9
9
9
9
9
9
9
9
9
9
9
9
9
9
9
9
9
9
9
9
9
9
9
9
9
9
9
9
9
9
9
9
9
9
9
9
9
9
9
9
9
9
9
9
9
9
9
9
9
9
9
9
9
9
9
9
9
9
9
9
9
9
9
9
9
9
9
9
9
9
9
9
9
9
9
9
9
9
9
9
9
9
9
9
9
9
9
9
9
9
9
9
9
9
9
9
9
9
9
9
9
9
9
9
9
9
9
9
9
9
9
9
9
9
9
9
9
9
9
9
9
9
9
9
9
9
9
9
9
9
9
9
9
9
9
9
9
9
9
9
9
9
9
9
9
9
9
9
9
9
9
9
9
9
9
9
9
9
9
9
9
9
9
9
9
9
9
9
9
9
9
9
9
9
9
9
9
9
9
9
9
9
9
9
9
9
9
9
9
9
9
9
9
9
9
9
9
9
9
9
9
9
9
9
9
9
9
9
9
9
9
9
9
9
9
9
9
9
9
9
9
9
9
9
9
9
9
9
9
9
9
9
9
9
9
9
9
9
9
9
9
9
9
9
9
9
9
9
9
9
9
9
9
9
9
9
9
9
9
9
9
9
9
9
9
9
9
9
9
9
9
9
9
9
9
9
9
9
9
9
9
9
9
9
9
9
9
9
9
9
9
9
9
9
9
9
9
9
9
9
9
9
9
9
9
9
9
9
9
9
9
9
9
9
9
9
9
9
9
9
9
9
9
9
9
9
9
9
9
9
9
9
9
9
9
9
9
9
9
9
9
9
9
9
9
9
9
9
9
9
9
9
9
9
9
9
9
9
9
9
9
9
9
9
9
9
9
9
9
9
9
9
9
9
9
9
9
9
9
9
9
9
9
9
9
9
9
9
9
9
9
9
9
9
9
9
9
9
9
9
9
9
9
9
9
9
9
9
9
9
9
9
9
9
9
9
9
9
9
9
9
9
9
9
9
9
9
9
9
9
9
9
9
9
9
9
9
9
9
9
9
9
9
9
9
9
9
9
9
9
9
9
9
9
9
9
9
9
9
9
9
9
9
9
9
9
9
9
9
9
9
9
9
9
9
9
9
9
9
9
9
9
9
9
9
9
9
9
9
9
9
9
9
9
9
9
9
9
9
9
9
9
9
9
9
9
9
9
9
9
9
9
9
9
9
9
9
9
9
9
9
9
9
9
9
9
9
9
9
9
9
9
9
9
9
9
9
9
9
9
9
9
9
9
9
9
9
9
9
9
9
9
9
9
9
9
9
9
9
9
9
9
9
9
9
9
9
9
9
9
9
9
9
9
9
9
9
9
9
9
9
9
9
9
9
9
9
9
9
9
9
9
9
9
9
9
9
9
9
9
9
9
9
9
9
9
9
9
9
9
9
9
9
9
9
9
9
9
9
9
9
9
9
9
9
9
9
9
9
9
9
9
9
9
9
9
9
9
9
9
9
9
9
9
9
9
9
9
9
9
9
9
9
9
9
9
9
9
9
9
9
9
9
9
9
9
9
9
9
9
9
9
9
9
9
9
9
9
9
9
9
9
9
9
9
9
9
9
9
9
9
9
9
9
9
9
9
9
9
9
9
9
9
9
9
9
9
9
9
9
9
9
9
9
9
9
9
9
9
9
9
9
9
9
9
9
9
9
9
9
9
9
9
9
9
9
9
9
9
9
9
9
9
9
9
9
9
9
9
9
9
9
9
9
9
9
9
9
9
9
9
9
9
9
9
9
9
9
9
9
9
9
9
9
9
9
9
9
9
9
9
9
9
9
9
9
9
9
9
9
9
9
9
9
9
9
9
9
9
9
9
9
9
9
9
9
9
9
9
9
9
9
9
9
9
9
9
9
9
9
9
9
9
9
9
9
9
9
9
9
9
9
9
9
9
9
9
9
9
9
9
9
9
9
9
9
9
9
9
9
9
9
9
9
9
9
9
9
9
9
9
9
9
9
9
9
9
9
9
9
9
9
9
9
9
9
9
9
9
9
9
9
9
9
9
9
9
9
9
9
9
9
9
9
9
9
9
9
9
9
9
9
9
9
9
9
9
9
9
9
9
9
9
9
9
9
9
9
9
9
9
9
9
9
9
9
9
9
9
9
9
9
9
9
9
9
9
9
9
9
9
9
9
9
9
9
9
9
9
9
9
9
9
9
9
9
9
9
9
9
9
9
9
9
9
9
9
9
9
9
9
9
9
9
9
9
9
9
9
9
9
9
9
9
9
9
9
9
9
9
9
9
9
9
9
9
9
9
9
9
9
9
9
9
9
9
9
9
9
9
9
9
9
9
9
9
9
9
9
9
9
9
9
9
9
9
9
9
9
9
9
9
9
9
9
9
9
9
9
9
9
9
9
9
9
9
9
9
9
9
9
9
9
9
9
9
9
9
9
9
9
9
9
9
9
9
9
9
9
9
9
9
9
9
9
9
9
9
9
9
9
9
9
9
9
9
9
9
9
9
9
9
9
9
9
9
9
9
9
9
9
9
9
9
9
9
9
9
9
9
9
9
9
9
9
9
9
9
9
9
9
9
9
9
9
9
9
9
9
9
9
9
9
9
9
9
9
9
9
9
9
9
9
9
9
9
9
9
9
9
9
9
9
9
9
9
9
9
9
9
9
9
9
9
9
9
9
9
9
9
9
9
9
9
9
9
9
9
9
9
9
9
9
9
9
9
9
9
9
9
9
9
9
9
9
9
9
9
9
9
9
9
9
9
9
9
9
9
9
9
9
9
9
9
9
9
9
9
9
9
9
9
9
9
9
9
9
9
9
9
9
9
9
9
9
9
9
9
9
9
9
9
9
9
9
9
9
9
9
9
9
9
9
9
9
9
9
9
9
9
9
9
9
9
9
9
9
9
9
9
9
9
9
9
9
9
9
9
9
9
9
9
9
9
9
9
9
9
9
9
9
9
9
9
9
9
9
9
9
9
9
9
9
9
9
9
9
9
9
9
9
9
9
9
9
9
9
9
9
9
9
9
9
9
9
9
9
9
9
9
9
9
9
9
9
9
9
9
9
9
9
9
9
9
9
9
9
9
9
9
9
9
9
9
9
9
9
9
9
9
9
9
9
9
9
9
9
9
9
9
9
9
9
9
9
9
9
9
9
9
9
9
9
9
9
9
9
9
9
9
9
9
9
9
9
9
9
9
9
9
9
9
9
9
9
9
9
9
9
9
9
9
9
9
9
9
9
9
9
9
9
9
9
9
9
9
9
9
9
9
9
9
9
9
9
9
9
9
9
9
9
9
9
9
9
9
9
9
9
9
9
9
9
9
9
9
9
9
9
9
9
9
9
9
9
9
9
9
9
9
9
9
9
9
9
9
9
9
9
9
9
9
9
9
9
9
9
9
9
9
9
9
9
9
9
9
9
9
9
9
9
9
9
9
9
9
9
9
9
9
9
9
9
9
9
9
9
9
9
9
9
9
9
9
9
9
9
9
9
9
9
9
9
9
9
9
9
9
9
9
9
9
9
9
9
9
9
9
9
9
9
9
9
9
9
9
9
9
9
9
9
9
9
9
9
9
9
9
9
9
9
9
9
9
9
9
9
9
9
9
9
9
9
9
9
9
9
9
9
9
9
9
9
9
9
9
9
9
9
9
9
9
9
9
9
9
9
9
9
9
9
9
9
9
9
9
9
9
9
9
9
9
9
9
9
9
9
9
9
9
9
9
9
9
9
9
9
9
9
9
9
9
9
9
9
9
9
9
9
9
9
9
9
9
9
9
9
9
9
9
9
9
9
9
9
9
9
9
9
9
9
9
9
9
9
9
9
9
9
9
9
9
9
9
9
9
9
9
9
9
9
9
9
9
9
9
9
9
9
9
9
9
9
9
9
9
9
9
9
9
9
9
9
9
9
9
9
9
9
9
9
9
9
9
9
9
9
9
9
9
9
9
9
9
9
9
9
9
9
9
9
9
9
9
9
9
9
9
9
9
9
9
9
9
9
9
9
9
9
9
9
9
9
9
9
9
9
9
9
9
9
9
9
9
9
9
9
9
9
9
9
9
9
9
9
9
9
9
9
9
9
9
9
9
9
9
9
9
9
9
9
9
9
9
9
9
9
9
9
9
9
9
9
9
9
9
9
9
9
9
9
9
9
9
9
9
9
9
9
9
9
9
9
9
9
9
9
9
9
9
9
9
9
9
9
9
9
9
9
9
9
9
9
9
9
9
9
9
9
9
9
9
9
9
9
9
9
9
9
9
9
9
9
9
9
9
9
9
9
9
9
9
9
9
9
9
9
9
9
9
9
9
9
9
9
9
9
9
9
9
9
9
9
9
9
9
9
9
9
9
9
9
9
9
9
9
9
9
9
9
9
9
9
9
9
9
9
9
9
9
9
9
9
9
9
9
9
9
9
9
9
9
9
9
9
9
9
9
9
9
9
9
9
9
9
9
9
9
9
9
9
9
9
9
9
9
9
9
9
9
9
9
9
9
9
9
9
9
9
9
9
9
9
9
9
9
9
9
9
9
9
9
9
9
9
9
9
9
9
9
9
9
9
9
9
9
9
9
9
9
9
9
9
9
9
9
9
9
9
9
9
9
9
9
9
9
9
9
9
9
9
9
9
9
9
9
9
9
9
9
9
9
9
9
9
9
9
9
9
9
9
9
9
9
9
9
9
9
9
9
9
9
9
9
9
9
9
9
9
9
9
9
9
9
9
9
9
9
9
9
9
9
9
9
9
9
9
9
9
9
9
9
9
9
9
9
9
9
9
9
9
9
9
9
9
9
9
9
9
9
9
9
9
9
9
9
9
9
9
9
9
9
9
9
9
9
9
9
9
9
9
9
9
9
9
9
9
9
9
9
9
9
9
9
9
9
9
9
9
9
9
9
9
9
9
9
9
9
9
9
9
9
9
9
9
9
9
9
9
9
9
9
9
9
9
9
9
9
9
9
9
9
9
9
9
9
9
9
9
9
9
9
9
9
9
9
9
9
9
9
9
9
9
9
9
9
9
9
9
9
9
9
9
9
9
9
9
9
9
9
9
9
9
9
9
9
9
9
9
9
9
9
9
9
9
9
9
9
9
9
9
9
9
9
9
9
9
9
9
9
9
9
9
9
9
9
9
9
9
9
9
9
9
9
9
9
9
9
9
9
9
9
9
9
9
9
9
9
9
9
9
9
9
9
9
9
9
9
9
9
9
9
9
9
9
9
9
9
9
9
9
9
9
9
9
9
9
9
9
9
9
9
9
9
9
9
9
9
9
9
9
9
9
9
9
9
9
9
9
9
9
9
9
9
9
9
9
9
9
9
9
9
9
9
9
9
9
9
9
9
9
9
9
9
9
9
9
9
9
9
9
9
9
9
9
9
9
9
9
9
9
9
9
9
9
9
9
9
9
9
9
9
9
9
9
9
9
9
9
9
9
9
9
9
9
9
9
9
9
9
9
9
9
9
9
9
9
9
9
9
9
9
9
9
9
9
9
9
9
9
9
9
9
9
9
9
9
9
9
9
9
9
9
9
9
9
9
9
9
9
9
9
9
9
9
9
9
9
9
9
9
9
9
9
9
9
9
9
9
9
9
9
9
9

POINT_DATA 4353
SCALARS U float
LOOKUP_TABLE default
7.799048112597254e-14
0.014892578125110743
0.029296875000140905
0.0432128906251688
0.056640625000194254
0.06958007812521685
0.08203125000023757
0.09399414062525621
0.10546875000027256
0.11645507812528608
0.12695312500029782
0.1369628906253074
0.1464843750003144
0.15551757812531944
0.16406250000032263
0.17211914062532338
0.1796875000003223
0.18676757812531872
0.1933593750003128
0.1994628906253051
0.20507812500029438
0.2102050781252812
0.21484375000026598
0.21899414062524813
0.22265625000022718
0.22583007812520417
0.22851562500017805
0.23071289062514966
0.23242187500011852
0.2336425781250845
0.23437500000004774
0.23461914062500822
0.23437499999996864
0.2336425781249315
0.232421874999897
0.23071289062486502
0.22851562499983533
0.22583007812480846
0.22265624999978437
0.21899414062476252
0.21484374999974343
0.21020507812472727
0.20507812499971306
0.19946289062470182
0.19335937499969238
0.1867675781246859
0.1796874999996812
0.17211914062467956
0.1640624999996799
0.15551757812468237
0.14648437499968736
0.13696289062469383
0.12695312499970374
0.11645507812471469
0.10546874999972841
0.09399414062474479
0.08203124999976273
0.06958007812478337
0.05664062499980584
0.04321289062483137
0.029296874999858964
0.014892578124889685
-7.785588610821266e-14
-0.014892578124889347
1.3733685795826423e-13
0.01440429687516156
0.02832031250018321
0.04174804687520365
0.05468750000022122
0.06713867187523713
0.07910156250025074
0.09057617187526247
0.10156250000027248
0.112060546875281
0.12207031250028777
0.1315917968752927
0.14062500000029635
0.14916992187529823
0.15722656250029896
0.16479492187529765
0.17187500000029507
0.17846679687529035
0.18457031250028347
0.1901855468752752
0.1953125000002641
0.19995117187525088
0.20410156250023534
0.20776367187521738
0.21093750000019712
0.2136230468751738
0.215820312500148
0.21752929687511954
0.21875000000008799
0.21948242187505396
0.21972656250001704
0.2194824218749795
0.2187499999999447
0.2175292968749119
0.21582031249988173
0.21362304687485423
0.210937499999829
0.2077636718748062
0.20410156249978567
0.19995117187476802
0.19531249999975245
0.19018554687473968
0.18457031249972897
0.17846679687472036
0.17187499999971415
0.1647949218747097
0.15722656249970768
0.14916992187470673
0.14062499999970793
0.13159179687471134
0.12207031249971576
0.11206054687472236
0.10156249999972985
0.09057617187474014
0.07910156249975174
0.06713867187476415
0.054687499999780315
0.041748046874797044
0.028320312499817334
0.01440429687483889
-1.367306367102862e-13
-0.01489257812511026
-0.029296874999859328
-0.01440429687483893
1.7993223249698345e-13
0.013916015625196152
0.027343750000209967
0.040283203125222426
0.05273437500023313
0.06469726562524204
0.07617187500024995
0.08715820312525585
0.09765625000026142
0.10766601562526561
0.11718750000026895
0.12622070312527098
0.13476562500027245
0.14282226562527264
0.15039062500027156
0.1574707031252691
0.16406250000026582
0.17016601562526087
0.17578125000025432
0.18090820312524591
0.18554687500023553
0.18969726562522238
0.19335937500020725
0.19653320312518946
0.19921875000016917
0.20141601562514633
0.20312500000012018
0.20434570312509173
0.20507812500006
0.2053222656250255
0.20507812499999067
0.2043457031249581
0.20312499999992764
0.2014160156248991
0.1992187499998732
0.19653320312484965
0.19335937499982842
0.1896972656248098
0.1855468749997934
0.1809082031247791
0.17578124999976746
0.17016601562475805
0.16406249999975023
0.15747070312474462
0.1503906249997402
0.14282226562473763
0.13476562499973602
0.12622070312473604
0.11718749999973772
0.10766601562473976
0.09765624999974297
0.08715820312474702
0.0761718749997531
0.06469726562475989
0.05273437499976895
0.04028320312477969
0.02734374999979159
0.01391601562480542
-1.7874833247041648e-13
-0.014404296875160549
-0.02929687500014069
-0.0432128906248316
-0.02832031249981773
-0.013916015624805569
2.0519612495201288e-13
0.013427734375213126
0.02636718750022067
0.03881835937522593
0.050781250000230656
0.06225585937523402
0.0732421875002366
0.0837402343752387
0.09375000000024053
0.10327148437524167
0.11230468750024186
0.12084960937524235
0.12890625000024292
0.13647460937524253
0.14355468750024147
0.1501464843752391
0.1562500000002366
0.16186523437523226
0.16699218750022615
0.17163085937521813
0.17578125000020828
0.17944335937519623
0.18261718750018135
0.18530273437516406
0.18750000000014397
0.1892089843751213
0.19042968750009545
0.19116210937506645
0.1914062500000346
0.19116210937500233
0.19042968749997172
0.18920898437494332
0.18749999999991707
0.1853027343748928
0.18261718749987105
0.17944335937485134
0.17578124999983444
0.1716308593748198
0.16699218749980713
0.16186523437479666
0.1562499999997882
0.1501464843747812
0.14355468749977646
0.1364746093747727
0.1289062499997704
0.12084960937476781
0.11230468749976692
0.10327148437476594
0.0937499999997659
0.08374023437476724
0.07324218749976828
0.06225585937477024
0.05078124999977324
0.03881835937477701
0.026367187499782233
0.013427734374788076
-2.0329605916833667e-13
-0.013916015625193338
-0.028320312500181223
-0.04321289062516816
-0.056640624999807404
-0.04174804687479947
-0.027343749999793592
-0.013427734374788874
2.1379679694671475e-13
0.01293945312521565
0.025390625000215532
0.03735351562521533
0.04882812500021455
0.05981445312521331
0.07031250000021148
0.0803222656252106
0.08984375000020996
0.09887695312520954
0.10742187500020965
0.11547851562520986
0.12304687500021044
0.13012695312521091
0.1367187500002105
0.14282226562520975
0.14843750000020825
0.15356445312520514
0.15820312500020034
0.16235351562519343
0.16601562500018469
0.1691894531251735
0.17187500000015926
0.17407226562514228
0.17578125000012246
0.1770019531250996
0.1777343750000734
0.17797851562504421
0.17773437500001446
0.17700195312498637
0.17578124999995978
0.17407226562493522
0.1718749999999131
0.16918945312489292
0.16601562499987507
0.16235351562485978
0.15820312499984673
0.15356445312483577
0.148437499999827
0.14282226562482025
0.136718749999815
0.130126953124811
0.12304687499980764
0.11547851562480525
0.10742187499980298
0.09887695312480088
0.08984374999979891
0.08032226562479726
0.07031249999979508
0.05981445312479222
0.04882812499978992
0.03735351562478874
0.02539062499978725
0.012939453124787663
-2.1197569065786395e-13
-0.013427734375208751
-0.02734375000020516
-0.04174804687519974
-0.05664062500019265
-0.0695800781247852
-0.05468749999978363
-0.040283203124784416
-0.026367187499785966
-0.012939453124789625
2.0689353281274217e-13
0.0124511718752021
0.02441406250019627
0.035888671875191056
0.0468750000001857
0.05737304687518126
0.06738281250017794
0.07690429687517485
0.08593750000017315
0.0944824218751729
0.10253906250017333
0.11010742187517482
0.11718750000017705
0.12377929687517901
0.129882812500181
0.1354980468751824
0.1406250000001828
0.14526367187518133
0.14941406250017808
0.15307617187517283
0.15625000000016492
0.15893554687515446
0.16113281250014092
0.16284179687512432
0.16406250000010442
0.16479492187508119
0.16503906250005485
0.1647949218750273
0.16406250000000114
0.1628417968749769
0.1611328124999543
0.15893554687493355
0.15624999999991543
0.15307617187489928
0.14941406249988573
0.1452636718748744
0.14062499999986555
0.13549804687485875
0.12988281249985376
0.1237792968748502
0.11718749999984779
0.11010742187484573
0.10253906249984403
0.09448242187484175
0.08593749999983909
0.07690429687483608
0.06738281249983163
0.05737304687482681
0.046874999999820297
0.03588867187481448
0.024414062499808386
0.012451171874801756
-2.0315898857797344e-13
-0.012939453125208479
-0.026367187500212042
-0.04028320312521463
-0.054687500000215584
-0.06958007812521387
-0.08203124999976645
-0.06713867187477107
-0.05273437499977798
-0.03881835937478551
-0.02539062499979538
-0.012451171874805808
1.8379311533921341e-13
0.011962890625173733
0.023437500000163456
0.03442382812515354
0.04492187500014538
0.054931640625139465
0.06445312500013471
0.07348632812513146
0.08203125000013115
0.09008789062513262
0.09765625000013532
0.10473632812513986
0.11132812500014494
0.11743164062514955
0.12304687500015467
0.12817382812515896
0.13281250000016098
0.13696289062516195
0.1406250000001605
0.1437988281251565
0.14648437500014996
0.14868164062513994
0.15039062500012698
0.15161132812511013
0.15234375000008976
0.15258789062506617
0.15234375000004102
0.15161132812501707
0.15039062499999448
0.14868164062497358
0.14648437499995468
0.143798828124938
0.14062499999992384
0.13696289062491215
0.13281249999990308
0.12817382812489658
0.12304687499989211
0.11743164062488945
0.1113281249998882
0.1047363281248876
0.09765624999988723
0.09008789062488665
0.08203124999988468
0.07348632812488153
0.06445312499987728
0.054931640624870694
0.04492187499986267
0.03442382812485289
0.02343749999984317
0.011962890624831298
-1.7949164603665807e-13
-0.012451171875190608
-0.02539062500020149
-0.038818359375211324
-0.052734375000219595
-0.06713867187522732
-0.08203125000023274
-0.09399414062475013
-0.07910156249976208
-0.06469726562477544
-0.05078124999978925
-0.03735351562480499
-0.02441406249982124
-0.011962890624838043
1.4586892969944325e-13
0.01147460937513098
0.022460937500116802
0.03295898437510464
0.04296875000009545
0.05249023437508856
0.061523437500084883
0.07006835937508382
0.0781250000000863
0.08569335937509118
0.09277343750009835
0.0993652343751068
0.10546875000011548
0.11108398437512453
0.11621093750013292
0.12084960937514008
0.12500000000014522
0.12866210937514858
0.13183593750014866
0.1345214843751462
0.13671875000014017
0.13842773437513053
0.13964843750011705
0.14038085937509975
0.14062500000007877
0.14038085937505587
0.1396484375000339
0.13842773437501305
0.13671874999999356
0.1345214843749761
0.13183593749996103
0.1286621093749485
0.12499999999993885
0.12084960937493196
0.11621093749992796
0.11108398437492631
0.1054687499999267
0.09936523437492807
0.09277343749993065
0.08569335937493243
0.07812499999993373
0.0700683593749327
0.06152343749992978
0.05249023437492383
0.04296874999991542
0.0329589843749043
0.022460937499890796
0.011474609374875714
-1.4045954796978016e-13
-0.011962890625157107
-0.02441406250017435
-0.03735351562519099
-0.05078125000020728
-0.0646972656252225
-0.07910156250023656
-0.093994140625249
-0.1054687499997369
-0.09057617187475588
-0.07617187499977549
-0.062255859374796975
-0.04882812499981886
-0.0358886718748414
-0.023437499999864015
-0.011474609374886226
9.319705659924526e-14
0.010986328125073865
0.021484375000057145
0.03149414062504417
0.0410156250000352
0.050048828125030594
0.05859375000003013
0.06665039062503413
0.07421875000004172
0.08129882812505242
0.08789062500006518
0.09399414062507885
0.0996093750000925
0.10473632812510557
0.10937500000011757
0.11352539062512827
0.11718750000013609
0.12036132812514132
0.12304687500014308
0.12524414062514133
0.12695312500013567
0.12817382812512593
0.12890625000011158
0.129150390625093
0.1289062500000722
0.12817382812505176
0.12695312500003209
0.1252441406250137
0.12304687499999727
0.12036132812498351
0.11718749999997273
0.1135253906249651
0.10937499999996082
0.10473632812495966
0.09960937499996125
0.09399414062496524
0.0878906249999708
0.08129882812497673
0.07421874999998236
0.06665039062498575
0.05859374999998678
0.050048828124983825
0.04101562499997718
0.0314941406249665
0.021484374999951827
0.010986328124934325
-8.603016611325568e-14
-0.011474609375107424
-0.023437500000130743
-0.03588867187515379
-0.04882812500017707
-0.062255859375200666
-0.07617187500022267
-0.09057617187524324
-0.10546875000026311
-0.11645507812472597
-0.10156249999975231
-0.08715820312477877
-0.07324218749980772
-0.059814453124836145
-0.046874999999865906
-0.034423828124895264
-0.022460937499923776
-0.01098632812495024
2.4568566291481166e-14
0.01049804687500331
0.02050781249998578
0.030029296874974295
0.03906249999996828
0.04760742187496872
0.05566406249997505
0.06323242187498627
0.07031250000000132
0.07690429687501929
0.08300781250003839
0.08862304687505781
0.09375000000007679
0.09838867187509456
0.1025390625001107
0.1062011718751242
0.10937500000013481
0.11206054687514164
0.11425781250014469
0.11596679687514308
0.117187500000137
0.11791992187512558
0.11816406250010952
0.11791992187509039
0.11718750000007098
0.11596679687505207
0.11425781250003425
0.11206054687501861
0.10937500000000572
0.1062011718749963
0.1025390624999908
0.09838867187498926
0.09374999999999147
0.08862304687499706
0.08300781250000545
0.07690429687501571
0.07031250000002677
0.06323242187503693
0.055664062500044235
0.04760742187504779
0.03906250000004574
0.030029296875038077
0.020507812500024727
0.010498046875006328
-1.6272724169098278e-14
-0.010986328125041933
-0.02246093750006963
-0.03442382812509949
-0.046875000000129896
-0.05981445312515986
-0.0732421875001902
-0.08715820312521866
-0.1015625000002467
-0.1164550781252734
-0.12695312499971834
-0.11206054687475159
-0.09765624999978535
-0.08374023437482157
-0.0703124999998576
-0.057373046874894036
-0.044921874999930736
-0.03295898437496687
-0.0214843750000007
-0.010498046875031718
-5.914761156264566e-14
0.010009765624919325
0.019531249999903733
0.028564453124896735
0.03710937499989766
0.04516601562490719
0.05273437499992359
0.059814453124944995
0.06640624999996936
0.07250976562499509
0.07812500000002108
0.08325195312504637
0.08789062500007071
0.0920410156250929
0.09570312500011265
0.09887695312512908
0.10156250000014162
0.10375976562514971
0.10546875000015324
0.1066894531251509
0.10742187500014294
0.10766601562512891
0.1074218750001109
0.10668945312509187
0.1054687500000729
0.10375976562505498
0.10156250000003908
0.09887695312502687
0.09570312500001847
0.09204101562501513
0.08789062500001632
0.08325195312502233
0.07812500000003261
0.07250976562504641
0.06640625000006317
0.059814453125080796
0.052734375000097373
0.04516601562511025
0.03710937500011737
0.028564453125116684
0.0195312500001082
0.010009765625091628
6.87008547005993e-14
-0.010498046874959414
-0.021484374999991597
-0.03295898437502651
-0.04492187500006341
-0.05737304687510073
-0.0703125000001381
-0.08374023437517528
-0.09765625000021128
-0.11206054687524693
-0.12695312500028055
-0.13696289062471326
-0.12207031249975364
-0.10766601562479548
-0.09374999999983817
-0.08032226562488229
-0.06738281249992614
-0.054931640624971356
-0.04296875000001471
-0.031494140625056864
-0.02050781250009587
-0.010009765625130328
-1.5827241020525502e-13
0.009521484374822024
0.018554687499812705
0.027099609374815356
0.03515624999982924
0.042724609374852666
0.04980468749988273
0.05639648437491526
0.06249999999994877
0.06811523437498178
0.0732421875000145
0.07788085937504596
0.08203125000007569
0.0856933593751023
0.08886718750012507
0.09155273437514379
0.09375000000015786
0.09545898437516662
0.09667968750016917
0.09741210937516434
0.09765625000015186
0.09741210937513431
0.09667968750011471
0.09545898437509467
0.09375000000007545
0.09155273437505866
0.08886718750004578
0.0856933593750383
0.08203125000003678
0.07788085937504143
0.07324218750005189
0.06811523437506725
0.06250000000008758
0.05639648437511206
0.04980468750013844
0.04272460937516461
0.03515625000018557
0.027099609375198258
0.01855468750019957
0.0095214843751894
1.6875918874460192e-13
-0.010009765624860143
-0.020507812499895556
-0.03149414062493534
-0.04296874999997861
-0.054931640625022975
-0.06738281250006843
-0.08032226562511345
-0.09375000000015848
-0.10766601562520249
-0.12207031250024504
-0.13696289062528572
-0.1464843749997118
-0.13159179687475892
-0.11718749999980821
-0.10327148437485854
-0.0898437499999108
-0.07690429687496263
-0.06445312500001604
-0.0524902343750686
-0.04101562500011963
-0.030029296875167977
-0.01953125000021149
-0.009521484375247679
-2.7365398963096537e-13
0.009033203124713552
0.017578124999717514
0.0256347656247382
0.03320312499977302
0.04028320312481498
0.046874999999858134
0.05297851562490023
0.058593749999940666
0.06372070312498088
0.06835937500002065
0.07250976562505893
0.07617187500009343
0.07934570312512328
0.0820312500001484
0.08422851562516893
0.08593750000018432
0.08715820312519286
0.08789062500019186
0.08813476562518037
0.08789062500016165
0.0871582031251399
0.08593750000011736
0.0842285156250955
0.08203125000007598
0.07934570312506152
0.07617187500005425
0.07250976562505486
0.06835937500006325
0.06372070312507837
0.058593750000099656
0.05297851562512695
0.04687500000016082
0.04028320312519947
0.03320312500023966
0.025634765625273354
0.017578125000293945
0.009033203125297483
2.844014061813179e-13
-0.00952148437474187
-0.01953124999977903
-0.030029296874823044
-0.0410156249998725
-0.05249023437492447
-0.06445312499997788
-0.07690429687503186
-0.08984375000008511
-0.10327148437513788
-0.11718750000018922
-0.13159179687523953
-0.1464843750002876
-0.15551757812471179
-0.14062499999976666
-0.12622070312482303
-0.11230468749988158
-0.09887695312494144
-0.08593750000000273
-0.0734863281250645
-0.061523437500127225
-0.05004882812518851
-0.03906250000024804
-0.028564453125302876
-0.01855468750035038
-0.009033203125386158
-4.0515897790616527e-13
0.008544921874598294
0.01660156249962922
0.02416992187468315
0.031249999999744166
0.03784179687480056
0.043945312499850536
0.049560546874897
0.05468749999994429
0.059326171874994255
0.06347656250004344
0.06713867187508761
0.07031250000012426
0.07299804687515497
0.07519531250018263
0.07690429687520733
0.07812500000022474
0.07885742187522875
0.07910156250021672
0.07885742187519348
0.07812500000016717
0.0769042968751414
0.07519531250011526
0.0729980468750901
0.07031250000007155
0.06713867187506396
0.06347656250006725
0.05932617187508053
0.054687500000101516
0.049560546875128446
0.04394531250016242
0.037841796875206425
0.031250000000261104
0.024169921875323127
0.016601562500378756
0.008544921875410859
4.1508272369036725e-13
-0.00903320312460349
-0.01855468749963954
-0.028564453124687354
-0.039062499999742914
-0.05004882812480326
-0.06152343749986552
-0.07348632812492875
-0.08593749999999173
-0.0988769531250541
-0.1123046875001148
-0.12622070312517375
-0.14062500000023145
-0.15551757812528702
-0.1640624999997148
-0.14916992187477673
-0.13476562499984032
-0.12084960937490641
-0.10742187499997495
-0.09448242187504513
-0.0820312500001168
-0.07006835937518993
-0.058593750000263206
-0.04760742187533612
-0.03710937500040472
-0.02709960937546761
-0.017578125000518644
-0.008544921875549987
-5.510776469435081e-13
0.00805664062448591
0.015624999999587792
0.02270507812467775
0.02929687499974744
0.035400390624801985
0.041015624999849336
0.04614257812490246
0.05078124999996517
0.054931640625032
0.05859375000008828
0.061767578125129174
0.06445312500016206
0.06665039062519619
0.06835937500023459
0.0695800781252695
0.07031250000028237
0.07055664062526457
0.07031250000022947
0.06958007812519298
0.0683593750001683
0.06665039062513846
0.0644531250000986
0.061767578125071505
0.05859375000006478
0.0549316406250721
0.050781250000091774
0.04614257812512248
0.04101562500015391
0.03540039062518999
0.029296875000242566
0.02270507812531581
0.015625000000412108
0.008056640625518289
5.590376724521059e-13
-0.008544921874440376
-0.01757812499947139
-0.027099609374521896
-0.03710937499958514
-0.04760742187465496
-0.0585937499997281
-0.07006835937480246
-0.08203124999987613
-0.09448242187494908
-0.10742187500002008
-0.12084960937508941
-0.13476562500015632
-0.14916992187522093
-0.1640625000002841
-0.17211914062472033
-0.15722656249978892
-0.14282226562486014
-0.12890624999993322
-0.11547851562500952
-0.10253906250008914
-0.09008789062517125
-0.078125000000256
-0.06665039062534217
-0.05566406250042997
-0.04516601562551612
-0.03515625000059858
-0.025634765625672115
-0.016601562500728233
-0.008056640625746755
-0.008056640624245413
-0.016601562499261584
-0.02563476562431696
-0.035156249999390335
-0.045166015624473255
-0.055664062499560456
-0.06665039062464861
-0.0781249999997361
-0.09008789062482161
-0.10253906249990496
-0.11547851562498522
-0.12890625000006234
-0.14282226562513675
-0.15722656250020864
-0.17211914062527853
-0.1796874999997279
-0.16479492187480269
-0.1503906249998805
-0.1364746093749613
-0.12304687500004542
-0.11010742187513348
-0.09765625000022601
-0.0856933593753229
-0.07421875000042397
-0.06323242187552826
-0.05273437500063449
-0.04272460937574109
-0.03320312500084445
-0.02416992187593938
-0.01562500000102088
2.0525053044977593e-12
0.07080078125209217
0.13671875000209116
0.19775390625205483
0.2539062500019928
0.3051757812519217
0.35156250000185
0.3930664062517659
0.4296875000016599
0.4614257812515058
0.48828125000134365
0.5102539062511628
0.5273437500009789
0.5395507812507899
0.5468750000005531
0.5493164062502751
0.5468749999999715
0.5395507812496886
0.5273437499994286
0.5102539062491875
0.48828124999891964
0.4614257812486924
0.42968749999851236
0.39306640624834344
0.35156249999821293
0.3051757812481056
0.2539062499980154
0.19775390624793873
0.1367187499978992
0.0708007812479053
-2.049188042495557e-12
-0.01562499999896847
-0.02416992187404857
-0.03320312499914352
-0.04272460937424729
-0.052734374999354246
-0.06323242187446158
-0.07421874999956674
-0.08569335937466863
-0.0976562499997663
-0.11010742187485983
-0.1230468749999489
-0.1364746093750342
-0.15039062500011602
-0.16479492187519484
-0.17968750000027067
-0.1867675781247374
-0.17187499999981798
-0.15747070312490163
-0.1435546874999893
-0.13012695312508124
-0.11718750000017762
-0.10473632812528039
-0.09277343750038909
-0.08129882812550475
-0.070312500000627
-0.05981445312575549
-0.04980468750088942
-0.04028320312602734
-0.031250000001168204
-0.022705078126313036
-0.07080078124839835
1.6852059218907294e-12
0.06591796875173107
0.12695312500174058
0.18310546875172198
0.23437500000168487
0.2807617187516366
0.32226562500156947
0.3588867187514797
0.39062500000135286
0.41748046875121103
0.4394531250010513
0.4565429687508809
0.4687500000006987
0.47607421875048206
0.47851562500023337
0.4760742187499676
0.46874999999971606
0.4565429687494838
0.4394531249992664
0.4174804687490423
0.3906249999988491
0.35888671874869277
0.3222656249985532
0.280761718748448
0.23437499999836758
0.18310546874831138
0.1269531249982769
0.06591796874827958
-1.6757219013375908e-12
-0.07080078125158937
-0.02270507812367087
-0.03124999999881661
-0.040283203123958805
-0.04980468749909764
-0.05981445312423279
-0.07031249999936234
-0.08129882812448536
-0.09277343749960203
-0.10473632812471179
-0.11718749999981541
-0.13012695312491387
-0.14355468750000613
-0.15747070312509465
-0.17187500000017958
-0.18676757812526104
-0.19335937499974887
-0.17846679687483416
-0.16406249999992292
-0.1501464843750158
-0.13671875000011463
-0.12377929687521903
-0.11132812500033133
-0.09936523437545197
-0.08789062500058213
-0.07690429687572224
-0.0664062500008733
-0.05639648437603616
-0.04687500000121051
-0.03784179687639778
-0.02929687500159839
-0.13671874999883735
-0.06591796874870842
1.3800497210694152e-12
0.06103515625143252
0.11718750000145195
0.16845703125144665
0.2148437500014222
0.2563476562513764
0.2929687500013049
0.3247070312512024
0.35156250000108186
0.3735351562509418
0.39062500000078726
0.40283203125061806
0.4101562500004221
0.4125976562502009
0.410156249999968
0.402832031249746
0.3906249999995405
0.37353515624934813
0.3515624999991599
0.3247070312489975
0.29296874999886513
0.2563476562487541
0.21484374999867403
0.1684570312486229
0.11718749999859916
0.06103515624860388
-1.3529614071414542e-12
-0.06591796875126647
-0.136718750001137
-0.029296874998378134
-0.0378417968735842
-0.04687499999877395
-0.05639648437394986
-0.0664062499991139
-0.07690429687426613
-0.08789062499940761
-0.09936523437453867
-0.11132812499966031
-0.12377929687477376
-0.13671874999987949
-0.150146484374979
-0.16406250000007322
-0.17846679687516318
-0.1933593750002497
-0.19946289062476177
-0.18457031249985092
-0.1701660156249432
-0.15625000000004083
-0.14282226562514502
-0.1298828125002564
-0.11743164062537706
-0.10546875000050829
-0.09399414062565234
-0.08300781250080995
-0.07250976562598298
-0.06250000000117409
-0.05297851562638415
-0.0439453125016161
-0.03540039062687217
-0.19775390624926548
-0.1269531249990914
-0.06103515624895925
1.1316001872295443e-12
0.05615234375118796
0.10742187500121325
0.15380859375121345
0.19531250000118833
0.2319335937511367
0.2636718750010573
0.29052734375095723
0.3125000000008365
0.3295898437506995
0.3417968750005465
0.349121093750371
0.35156250000017564
0.3491210937499714
0.3417968749997769
0.32958984374959616
0.3124999999994292
0.29052734374927186
0.2636718749991371
0.23193359374902925
0.19531249999894626
0.1538085937488911
0.1074218749988672
0.05615234374887577
-1.0849896809277586e-12
-0.06103515625100199
-0.12695312500087502
-0.19775390625070152
-0.03540039062310327
-0.04394531249836487
-0.052978515623599724
-0.06249999999881134
-0.07250976562400356
-0.08300781249917809
-0.09399414062433671
-0.10546874999948166
-0.11743164062461413
-0.12988281249973613
-0.14282226562484862
-0.15624999999995406
-0.17016601562505249
-0.18457031250014633
-0.19946289062523684
-0.2050781249997763
-0.19018554687486752
-0.17578124999996253
-0.16186523437506303
-0.14843750000017109
-0.13549804687528783
-0.12304687500041568
-0.111083984375556
-0.09960937500071139
-0.08862304687588454
-0.0781250000010779
-0.06811523437629488
-0.05859375000153839
-0.04956054687681246
-0.041015625002121275
-0.2539062499996833
-0.18310546874945763
-0.11718749999928266
-0.056152343749153386
9.35636910704289e-13
0.05126953125098976
0.09765625000101322
0.13916015625100892
0.17578125000097705
0.2075195312509183
0.2343750000008372
0.2563476562507356
0.27343750000061706
0.2856445312504816
0.2929687500003267
0.29541015625015465
0.2929687499999773
0.28564453124980865
0.2734374999996523
0.25634765624950884
0.23437499999937803
0.2075195312492689
0.1757812499991847
0.13916015624912545
0.09765624999909603
0.05126953124909818
-8.659390822879691e-13
-0.05615234375079209
-0.11718750000067508
-0.18310546875050995
-0.2539062500002943
-0.041015624997858505
-0.04956054687316954
-0.05859374999844514
-0.06811523437368987
-0.07812499999890793
-0.08862304687410269
-0.09960937499927716
-0.11108398437443384
-0.12304687499957567
-0.13549804687470426
-0.14843749999982223
-0.16186523437493142
-0.17578125000003303
-0.19018554687512992
-0.20507812500022254
-0.2102050781247918
-0.19531249999988348
-0.1809082031249798
-0.1669921875000816
-0.1535644531251916
-0.14062500000031164
-0.12817382812544412
-0.11621093750059103
-0.10473632812575598
-0.09375000000094191
-0.08325195312615245
-0.073242187501392
-0.06372070312666492
-0.05468750000197674
-0.04614257812733413
-0.3051757812500645
-0.23437499999979436
-0.16845703124958067
-0.10742187499941745
-0.05126953124929874
7.816937268164809e-13
0.046386718750826894
0.08789062500084172
0.12451171875082832
0.15625000000078815
0.18310546875072545
0.20507812500064224
0.22216796875054137
0.2343750000004235
0.24169921875028905
0.24414062500013925
0.24169921874998543
0.23437499999984
0.22216796874970599
0.2050781249995845
0.18310546874947772
0.15624999999939163
0.12451171874932926
0.08789062499929291
0.04638671874928629
-6.875187884805874e-13
-0.05126953125062584
-0.1074218750005222
-0.16845703125037179
-0.23437500000017059
-0.30517578124991185
-0.046142578122652295
-0.05468749999800686
-0.06372070312331855
-0.07324218749859218
-0.08325195312383286
-0.09374999999904465
-0.10473632812423185
-0.11621093749939812
-0.12817382812454658
-0.14062499999968028
-0.15356445312480152
-0.16699218749991285
-0.18090820312501596
-0.19531250000011383
-0.21020507812520678
-0.2148437499998079
-0.19995117187489891
-0.18554687499999406
-0.17163085937509526
-0.15820312500020525
-0.14526367187532618
-0.13281250000046035
-0.12084960937561129
-0.10937500000078232
-0.09838867187597737
-0.08789062500120097
-0.07788085937645833
-0.06835937500175517
-0.05932617187709845
-0.05078125000249499
-0.35156250000041084
-0.2807617187500985
-0.2148437499998494
-0.15380859374965603
-0.0976562499995113
-0.046386718749408834
6.561255646353702e-13
0.04150390625068864
0.07812500000069192
0.10986328125066891
0.13671875000062206
0.15869140625055542
0.17578125000047112
0.18798828125037054
0.19531250000025493
0.19775390625012576
0.1953124999999939
0.18798828124987008
0.1757812499997568
0.1586914062496565
0.13671874999957065
0.10986328124950473
0.07812499999946144
0.041503906249444465
-5.427068467825155e-13
-0.04638671875049553
-0.09765625000040992
-0.1538085937502808
-0.21484375000010245
-0.2807617187498693
-0.3515624999995732
-0.050781249997491146
-0.059326171872884845
-0.06835937499822758
-0.07788085937352529
-0.0878906249987838
-0.09838867187400856
-0.10937499999920479
-0.12084960937437701
-0.1328124999995293
-0.14526367187466524
-0.1582031249997874
-0.1716308593748988
-0.1855468750000017
-0.19995117187509814
-0.2148437500001906
-0.21899414062482525
-0.20410156249991296
-0.18969726562500522
-0.17578125000010358
-0.16235351562521114
-0.14941406250033012
-0.1369628906254636
-0.12500000000061476
-0.11352539062578756
-0.1025390625009868
-0.09204101562621819
-0.08203125000148755
-0.07250976562680192
-0.06347656250216908
-0.05493164062759583
-0.3930664062506951
-0.3222656250003531
-0.2563476562500774
-0.19531249999986136
-0.1391601562496966
-0.08789062499957717
-0.04150390624949593
5.514187784008494e-13
0.03662109375056919
0.06835937500055912
0.09521484375052759
0.11718750000047594
0.13427734375040723
0.14648437500032258
0.15380859375022485
0.15625000000011527
0.15380859375000355
0.14648437499989933
0.13427734374980466
0.11718749999972258
0.09521484374965487
0.06835937499960643
0.036621093749580676
-4.1964202368838763e-13
-0.04150390625038995
-0.08789062500032545
-0.1391601562502203
-0.19531250000007022
-0.2563476562498667
-0.32226562499960354
-0.39306640624927075
-0.05493164062238254
-0.0634765624978119
-0.07250976562317941
-0.08203124999849504
-0.09204101562376545
-0.10253906249899818
-0.11352539062419896
-0.12499999999937332
-0.13696289062452582
-0.14941406249966074
-0.16235351562478126
-0.17578124999989006
-0.18969726562499042
-0.20410156250008385
-0.2189941406251734
-0.22265624999984335
-0.20776367187492573
-0.19335937500001277
-0.1794433593751064
-0.16601562500020894
-0.15307617187532316
-0.14062500000045178
-0.12866210937559908
-0.11718750000076915
-0.1062011718759673
-0.09570312500119998
-0.0856933593764741
-0.07617187500179835
-0.06713867187718149
-0.05859375000263256
-0.42968750000093087
-0.3588867187505625
-0.2929687500002652
-0.23193359375003136
-0.1757812499998519
-0.12451171874971967
-0.07812499999962705
-0.0366210937495681
4.596661979320716e-13
0.031738281250462394
0.05859375000044305
0.08056640625040427
0.09765625000034968
0.10986328125028062
0.11718750000019894
0.11962890625010746
0.11718750000001414
0.10986328124992698
0.09765624999984929
0.08056640624978288
0.058593749999731416
0.03173828124969726
-3.14469463290252e-13
-0.036621093750301766
-0.07812500000025917
-0.12451171875018167
-0.17578125000006303
-0.23193359374989755
-0.2929687499996754
-0.35888671874939015
-0.4296874999990289
-0.05859374999734485
-0.06713867187279722
-0.07617187499818108
-0.08569335937350675
-0.0957031249987826
-0.1062011718740168
-0.1171874999992165
-0.12866210937438832
-0.14062499999953715
-0.15307617187466743
-0.16601562499978323
-0.17944335937488728
-0.1933593749999824
-0.207763671875071
-0.2226562500001553
-0.2258300781248621
-0.2109374999999376
-0.1965332031250172
-0.18261718750010342
-0.16918945312519804
-0.15625000000030403
-0.14379882812542435
-0.13183593750056366
-0.1203613281257254
-0.10937500000091624
-0.09887695312614264
-0.08886718750141324
-0.07934570312673782
-0.07031250000212753
-0.06176757812759667
-0.461425781251117
-0.39062500000072164
-0.3247070312504092
-0.26367187500016337
-0.20751953124997524
-0.15624999999983535
-0.10986328124973574
-0.06835937499967018
-0.031738281249634286
3.777763764589321e-13
0.02685546875036821
0.048828125000341095
0.06591796875029812
0.07812500000024261
0.08544921875017601
0.0878906250001009
0.08544921875002376
0.07812499999995295
0.06591796874989032
0.04882812499983819
0.026855468749799195
-2.2284248041584256e-13
-0.031738281250224716
-0.06835937500020182
-0.10986328125015149
-0.15625000000006642
-0.2075195312499401
-0.2636718749997679
-0.32470703124953826
-0.39062499999924327
-0.46142578124887157
-0.06176757812238497
-0.07031249999784825
-0.07934570312323903
-0.08886718749856576
-0.09887695312383854
-0.10937499999906708
-0.12036132812425956
-0.13183593749942357
-0.143798828124564
-0.1562499999996862
-0.16918945312479391
-0.18261718749989003
-0.19653320312497782
-0.21093750000005929
-0.22583007812513634
-0.2285156249998814
-0.21362304687494782
-0.19921875000001865
-0.18530273437509462
-0.17187500000017855
-0.15893554687527317
-0.14648437500038164
-0.13452148437550765
-0.12304687500065577
-0.11206054687583189
-0.10156250000104386
-0.0915527343763011
-0.0820312500016146
-0.07299804687699805
-0.06445312500246596
-0.48828125000120165
-0.4174804687508051
-0.3515625000004929
-0.29052734375024775
-0.23437500000006056
-0.18310546874992092
-0.13671874999982117
-0.09521484374975332
-0.05859374999971237
-0.026855468749695022
3.0335698141399563e-13
0.02197265625028444
0.03906250000025239
0.05126953125020927
0.05859375000015608
0.061035156250095764
0.05859375000003371
0.05126953124997714
0.03906249999992737
0.021972656249887413
-1.4082700752677302e-13
-0.026855468750154213
-0.058593750000148784
-0.09521484375012088
-0.1367187500000661
-0.1831054687499782
-0.234374999999851
-0.29052734374967626
-0.3515624999994433
-0.4174804687491398
-0.488281249998751
-0.0644531249974995
-0.07299804687297122
-0.08203124999835923
-0.09155273437367635
-0.10156249999893621
-0.11206054687415051
-0.12304687499932888
-0.13452148437447883
-0.14648437499960662
-0.1589355468747165
-0.17187499999981287
-0.1853027343748987
-0.19921874999997652
-0.21362304687504854
-0.22851562500011657
-0.23071289062490205
-0.21582031249995762
-0.20141601562501693
-0.18750000000008046
-0.17407226562515138
-0.16113281250023176
-0.148681640625324
-0.13671875000043207
-0.12524414062556033
-0.11425781250071475
-0.10375976562590271
-0.0937500000011348
-0.0842285156264238
-0.07519531250178628
-0.06665039062723677
-0.5102539062512061
-0.4394531250008199
-0.37353515625051886
-0.3125000000002861
-0.25634765625010897
-0.20507812499997746
-0.15869140624988273
-0.11718749999981737
-0.08056640624977669
-0.048828124999756216
-0.02197265624975378
2.350951368291051e-13
0.01708984375021241
0.029296875000179492
0.036621093750138556
0.03906250000009148
0.03662109375004347
0.02929687499999964
0.017089843749961406
-6.896037343216068e-14
-0.021972656250088745
-0.04882812500009592
-0.08056640625008658
-0.11718750000005758
-0.15869140625000416
-0.20507812499992
-0.25634765624979905
-0.31249999999963174
-0.37353515624940625
-0.4394531249991076
-0.5102539062487167
-0.06665039062270695
-0.07519531249817744
-0.08422851562354795
-0.0937499999988417
-0.10375976562407674
-0.1142578124992672
-0.12524414062442357
-0.13671874999955366
-0.14868164062466366
-0.16113281249975767
-0.1740722656248398
-0.18749999999991235
-0.20141601562497805
-0.2158203125000387
-0.23071289062509578
-0.23242187499992387
-0.2175292968749669
-0.20312500000001274
-0.1892089843750624
-0.17578125000011777
-0.16284179687518077
-0.15039062500025346
-0.1384277343753394
-0.12695312500044187
-0.11596679687556645
-0.10546875000072053
-0.09545898437591409
-0.08593750000116203
-0.07690429687648564
-0.06835937500191178
-0.527343750001133
-0.45654296875076633
-0.39062500000048916
-0.32958984375027955
-0.27343750000012146
-0.22216796875000577
-0.1757812499999224
-0.13427734374986455
-0.09765624999982725
-0.06591796874980854
-0.039062499999802665
-0.017089843749808153
1.760634935224753e-13
0.012207031250152893
0.019531250000123165
0.021972656250088797
0.019531250000053194
0.012207031250020551
-7.314473656449328e-15
-0.017089843750029213
-0.0390625000000431
-0.06591796875004671
-0.09765625000003714
-0.13427734375001035
-0.17578124999996428
-0.22216796874989211
-0.2734374999997867
-0.32958984374963934
-0.3906249999994385
-0.4565429687491662
-0.5273437499988001
-0.0683593749980403
-0.07690429687348017
-0.0859374999988104
-0.09545898437406254
-0.10546874999925887
-0.11596679687441509
-0.12695312499954184
-0.13842773437464623
-0.15039062499973385
-0.16284179687480843
-0.17578124999987318
-0.18920898437493028
-0.20312499999998176
-0.21752929687502942
-0.23242187500007408
-0.23364257812494701
-0.21874999999997632
-0.2043457031250075
-0.19042968750004122
-0.1770019531250794
-0.16406250000012235
-0.15161132812517264
-0.13964843750023218
-0.12817382812530376
-0.11718750000039171
-0.10668945312550164
-0.09667968750064258
-0.08715820312582855
-0.0781250000010843
-0.06958007812645675
-0.5395507812509639
-0.46875000000063655
-0.40283203125039974
-0.34179687500022676
-0.2856445312501004
-0.23437500000000888
-0.1879882812499433
-0.14648437499989794
-0.10986328124986802
-0.07812499999985205
-0.05126953124984538
-0.029296874999847778
-0.0122070312498566
1.2872411819240162e-13
0.007324218750109576
0.009765625000086786
0.0073242187500630485
4.1112133506485306e-14
-0.012207031249977945
-0.02929687499999263
-0.051269531250002234
-0.07812500000000404
-0.109863281249997
-0.14648437499997835
-0.18798828124994432
-0.23437499999989106
-0.2856445312498116
-0.34179687499969796
-0.4028320312495394
-0.4687499999993175
-0.5395507812490083
-0.06958007812351792
-0.07812499999888928
-0.08715820312414696
-0.09667968749933503
-0.10668945312447795
-0.11718749999958973
-0.12817382812467962
-0.13964843749975317
-0.15161132812481432
-0.1640624999998663
-0.17700195312491124
-0.19042968749995112
-0.20434570312498682
-0.21875000000001962
-0.233642578125051
-0.23437499999997213
-0.21948242187498648
-0.2050781250000019
-0.191162109375019
-0.1777343750000378
-0.16479492187505934
-0.15234375000008504
-0.14038085937511527
-0.12890625000015205
-0.11791992187519756
-0.10742187500025507
-0.09741210937533004
-0.08789062500043172
-0.07885742187557826
-0.07031250000081309
-0.5468750000005916
-0.47607421875037637
-0.41015625000022626
-0.3491210937501192
-0.2929687500000422
-0.2416992187499881
-0.1953124999999479
-0.15380859374991998
-0.11718749999990223
-0.0854492187498905
-0.05859374999988509
-0.036621093749884336
-0.019531249999887534
-0.0073242187498939225
9.701931050849654e-14
0.002441406250085654
7.347099175917544e-14
-0.007324218749938157
-0.019531249999948666
-0.03662109374995734
-0.05859374999996348
-0.08544921874996611
-0.11718749999996415
-0.15380859374995615
-0.19531249999993971
-0.24169921874991268
-0.29296874999987016
-0.3491210937498081
-0.4101562499997165
-0.47607421874958333
-0.5468749999993887
-0.07031249999917376
-0.07885742187440177
-0.08789062499954682
-0.09741210937464874
-0.10742187499972478
-0.1179199218747838
-0.128906249999831
-0.14038085937486958
-0.15234374999990163
-0.16479492187492878
-0.17773437499995232
-0.19116210937497322
-0.2050781249999919
-0.2194824218750094
-0.23437500000002592
-0.2346191406249991
-0.2197265624999985
-0.2053222656249975
-0.19140624999999686
-0.17797851562499595
-0.16503906249999542
-0.15258789062499462
-0.14062499999999428
-0.12915039062499378
-0.1181640624999936
-0.10766601562499377
-0.09765624999999463
-0.08813476562499617
-0.07910156249999983
-0.07055664062500636
-0.5493164062499977
-0.4785156249999861
-0.41259765624997574
-0.3515624999999664
-0.29541015624995776
-0.2441406249999511
-0.1977539062499437
-0.15624999999993788
-0.11962890624993268
-0.08789062499992788
-0.0610351562499243
-0.03906249999992065
-0.02197265624991828
-0.009765624999916187
-0.002441406249915139
8.52720736466274e-14
-0.00244140624991513
-0.00976562499991628
-0.02197265624991818
-0.03906249999992076
-0.06103515624992426
-0.08789062499992807
-0.11962890624993235
-0.1562499999999374
-0.1977539062499422
-0.2441406249999476
-0.29541015624995276
-0.35156249999995853
-0.4125976562499637
-0.47851562499996814
-0.5493164062499736
-0.07055664062498111
-0.0791015624999825
-0.08813476562498375
-0.09765624999998483
-0.10766601562498619
-0.11816406249998745
-0.12915039062498873
-0.14062499999998995
-0.15258789062499123
-0.16503906249999242
-0.17797851562499367
-0.1914062499999949
-0.2053222656249962
-0.2197265624999974
-0.23461914062499883
-0.2343750000000263
-0.21948242187501021
-0.20507812499999298
-0.19116210937497474
-0.17773437499995415
-0.164794921874931
-0.1523437499999045
-0.14038085937487296
-0.12890624999983544
-0.11791992187478939
-0.10742187499973194
-0.09741210937465805
-0.08789062499955902
-0.07885742187441816
-0.07031249999919591
-0.5468749999994127
-0.47607421874960015
-0.4101562499997266
-0.3491210937498143
-0.29296874999987316
-0.24169921874991407
-0.19531249999993974
-0.15380859374995476
-0.11718749999996286
-0.08544921874996529
-0.058593749999962454
-0.036621093749956854
-0.01953124999994816
-0.00732421874993802
7.357500635185554e-14
0.002441406250085699
9.703385422557786e-14
-0.007324218749893748
-0.01953124999988706
-0.03662109374988353
-0.05859374999988407
-0.08544921874988916
-0.11718749999989975
-0.1538085937499177
-0.19531249999994468
-0.24169921874998276
-0.29296875000003575
-0.34912109375010975
-0.41015625000021216
-0.4760742187503563
-0.5468750000005624
-0.07031250000078942
-0.07885742187556331
-0.08789062500042065
-0.097412109375321
-0.10742187500024752
-0.11791992187519103
-0.12890625000014644
-0.1403808593751105
-0.1523437500000811
-0.16479492187505615
-0.177734375000035
-0.1911621093750166
-0.20507812500000003
-0.21948242187498532
-0.23437499999997138
-0.23364257812505135
-0.2187500000000206
-0.20434570312498754
-0.19042968749995218
-0.1770019531249128
-0.16406249999986783
-0.1516113281248164
-0.1396484374997558
-0.1281738281246831
-0.11718749999959444
-0.10668945312448397
-0.09667968749934304
-0.08715820312415754
-0.07812499999890328
-0.06958007812353541
-0.5395507812490206
-0.4687499999993259
-0.4028320312495441
-0.34179687499970063
-0.285644531249811
-0.2343749999998893
-0.18798828124994182
-0.1464843749999756
-0.10986328124999391
-0.07812500000000178
-0.05126953125000009
-0.029296874999991302
-0.012207031249977122
4.156313664825656e-14
0.0073242187500631275
0.009765625000086748
0.007324218750109643
1.2914066330217268e-13
-0.012207031249855805
-0.029296874999846338
-0.05126953124984372
-0.07812499999984969
-0.10986328124986554
-0.14648437499989397
-0.18798828124993852
-0.23437500000000366
-0.28564453125009426
-0.3417968750002188
-0.4028320312503896
-0.46875000000062333
-0.5395507812509452
-0.06958007812644547
-0.07812500000107538
-0.0871582031258203
-0.09667968750063474
-0.10668945312549438
-0.11718750000038505
-0.12817382812529776
-0.139648437500227
-0.1516113281251683
-0.1640625000001186
-0.17700195312507597
-0.19042968750003872
-0.20434570312500536
-0.2187499999999747
-0.23364257812494618
-0.23242187500007436
-0.21752929687502975
-0.20312499999998232
-0.18920898437493075
-0.1757812499998738
-0.1628417968748094
-0.15039062499973507
-0.1384277343746479
-0.1269531249995441
-0.11596679687441844
-0.10546874999926349
-0.0954589843740684
-0.08593749999881839
-0.076904296873491
-0.06835937499805558
-0.5273437499988132
-0.4565429687491735
-0.39062499999944106
-0.32958984374963934
-0.2734374999997839
-0.222167968749888
-0.17578124999995914
-0.13427734375000547
-0.09765625000003139
-0.06591796875004213
-0.03906250000004007
-0.01708984375002695
-6.1367491177536795e-15
0.01220703125002099
0.019531250000053194
0.021972656250088575
0.019531250000123283
0.012207031250153313
1.7719304443890207e-13
-0.01708984374980673
-0.039062499999800104
-0.06591796874980485
-0.09765624999982356
-0.13427734374985983
-0.17578124999991715
-0.22216796875000014
-0.2734375000001173
-0.3295898437502756
-0.3906250000004876
-0.45654296875077005
-0.5273437500011442
-0.06835937500191824
-0.07690429687648369
-0.08593750000115667
-0.09545898437590739
-0.10546875000071348
-0.11596679687555966
-0.12695312500043554
-0.1384277343753336
-0.15039062500024866
-0.1628417968751765
-0.17578125000011421
-0.18920898437505956
-0.20312500000001044
-0.21752929687496533
-0.23242187499992298
-0.2307128906250959
-0.21582031250003877
-0.2014160156249781
-0.1874999999999123
-0.17407226562483966
-0.16113281249975792
-0.14868164062466402
-0.13671874999955425
-0.1252441406244247
-0.11425781249926897
-0.10375976562407932
-0.09374999999884519
-0.08422851562355255
-0.07519531249818331
-0.06665039062271719
-0.5102539062487317
-0.4394531249991145
-0.373535156249407
-0.31249999999962874
-0.2563476562497929
-0.20507812499991251
-0.1586914062499953
-0.11718750000004907
-0.08056640625007964
-0.048828125000089345
-0.02197265625008416
-6.61751559174628e-14
0.017089843749962908
0.029296874999999757
0.036621093750043354
0.03906250000009106
0.036621093750138306
0.0292968750001795
0.017089843750213145
2.3727301942020323e-13
-0.0219726562497504
-0.048828124999752504
-0.08056640624977121
-0.11718749999981057
-0.1586914062498758
-0.20507812499997047
-0.25634765625010325
-0.3125000000002815
-0.373535156250517
-0.439453125000825
-0.5102539062512226
-0.0666503906272511
-0.07519531250178706
-0.08422851562641946
-0.09375000000112828
-0.10375976562589552
-0.1142578125007075
-0.1252441406255537
-0.13671875000042602
-0.14868164062531863
-0.16113281250022712
-0.1740722656251476
-0.18750000000007747
-0.20141601562501418
-0.21582031249995604
-0.2307128906249012
-0.22851562500011646
-0.21362304687504816
-0.19921874999997613
-0.18530273437489828
-0.17187499999981215
-0.1589355468747159
-0.14648437499960582
-0.13452148437447836
-0.12304687499932845
-0.11206054687415062
-0.1015624999989367
-0.09155273437367724
-0.08203124999835996
-0.07299804687297122
-0.06445312499749495
-0.4882812499987349
-0.41748046874912653
-0.35156249999943134
-0.2905273437496639
-0.2343749999998381
-0.1831054687499653
-0.13671875000005368
-0.09521484375010876
-0.05859375000013867
-0.02685546875014588
-1.3490650073478269e-13
0.02197265624989074
0.039062499999928946
0.05126953124997693
0.05859375000003303
0.06103515625009428
0.058593750000155036
0.051269531250208604
0.03906250000025338
0.021972656250286902
3.0677254525450554e-13
-0.02685546874968977
-0.058593749999705624
-0.09521484374974479
-0.1367187499998116
-0.18310546874991193
-0.2343750000000518
-0.29052734375023975
-0.35156250000048617
-0.41748046875080463
-0.4882812500012094
-0.0644531250024693
-0.07299804687699549
-0.0820312500016087
-0.09155273437629353
-0.10156250000103591
-0.11206054687582413
-0.12304687500064837
-0.13452148437550096
-0.14648437500037595
-0.15893554687526829
-0.17187500000017442
-0.18530273437509112
-0.1992187500000157
-0.2136230468749464
-0.22851562499988062
-0.22583007812513592
-0.2109375000000585
-0.19653320312497694
-0.18261718749988892
-0.16918945312479272
-0.15624999999968456
-0.1437988281245621
-0.1318359374994216
-0.12036132812425787
-0.10937499999906537
-0.09887695312383671
-0.08886718749856402
-0.07934570312323697
-0.07031249999784454
-0.06176757812237522
-0.4614257812488487
-0.39062499999922384
-0.32470703124952077
-0.2636718749997493
-0.20751953124992248
-0.15625000000004843
-0.10986328125013457
-0.0683593750001864
-0.03173828125021148
-2.1272337833553368e-13
0.026855468749806703
0.04882812499984207
0.06591796874989148
0.07812499999995234
0.08544921875002191
0.08789062500009805
0.0854492187501737
0.0781250000002413
0.06591796875029853
0.04882812500034316
0.02685546875037275
3.843346182809948e-13
-0.031738281249625126
-0.06835937499965984
-0.10986328124972383
-0.1562499999998216
-0.20751953124996084
-0.2636718750001484
-0.3247070312503922
-0.3906250000007057
-0.4614257812510963
-0.06176757812758645
-0.07031250000211901
-0.07934570312672866
-0.08886718750140371
-0.09887695312613329
-0.10937500000090744
-0.12036132812571726
-0.13183593750055617
-0.1437988281254182
-0.15625000000029848
-0.16918945312519346
-0.1826171875000997
-0.19653320312501446
-0.2109374999999356
-0.22583007812486094
-0.22265625000015468
-0.20776367187506997
-0.193359374999981
-0.17944335937488554
-0.16601562499978118
-0.15307617187466513
-0.14062499999953412
-0.12866210937438508
-0.11718749999921313
-0.10620117187401307
-0.09570312499877874
-0.08569335937350289
-0.07617187499817686
-0.0671386718727925
-0.05859374999734147
-0.4296874999990246
-0.3588867187493784
-0.29296874999966055
-0.23193359374987765
-0.17578125000004194
-0.12451171875015961
-0.07812500000023764
-0.03662109375028209
-2.9772356560264816e-13
0.031738281249710676
0.0585937499997398
0.080566406249787
0.09765624999984956
0.10986328124992506
0.11718750000001003
0.11962890625010292
0.11718750000019465
0.10986328125027772
0.09765625000034929
0.0805664062504066
0.05859375000044796
0.03173828125047019
4.698627096551909e-13
-0.036621093749555696
-0.07812499999961181
-0.12451171874970239
-0.17578124999983438
-0.23193359375001382
-0.29296875000024747
-0.35888671875054534
-0.42968750000091643
-0.05859375000261621
-0.06713867187716746
-0.07617187500178564
-0.08569335937646232
-0.09570312500118897
-0.10620117187595751
-0.11718750000076018
-0.12866210937559105
-0.14062500000044484
-0.15307617187531716
-0.16601562500020417
-0.1794433593751025
-0.19335937500000994
-0.20776367187492384
-0.22265624999984224
-0.21899414062517245
-0.20410156250008274
-0.18969726562498845
-0.17578124999988762
-0.16235351562477818
-0.14941406249965716
-0.13696289062452188
-0.1249999999993687
-0.11352539062419373
-0.10253906249899244
-0.09204101562375953
-0.08203124999848879
-0.07250976562317313
-0.06347656249780582
-0.05493164062237867
-0.3930664062492583
-0.3222656249995855
-0.2563476562498444
-0.1953125000000445
-0.13916015625019343
-0.08789062500029762
-0.041503906250363494
-3.9531484915321447e-13
0.036621093749601125
0.06835937499962269
0.09521484374966538
0.11718749999972586
0.1342773437498036
0.14648437499989433
0.15380859374999678
0.15625000000010766
0.15380859375021802
0.14648437500031775
0.13427734375040515
0.11718750000047785
0.09521484375053288
0.06835937500056852
0.03662109375058122
5.672032110282144e-13
-0.04150390624947718
-0.0878906249995554
-0.1391601562496742
-0.19531249999983843
-0.2563476562500545
-0.32226562500032996
-0.3930664062506715
-0.05493164062757494
-0.06347656250215059
-0.07250976562678599
-0.0820312500014734
-0.09204101562620567
-0.10253906250097573
-0.11352539062577775
-0.125000000000606
-0.13696289062545625
-0.14941406250032402
-0.16235351562520592
-0.1757812500000997
-0.18969726562500197
-0.2041015624999109
-0.21899414062482406
-0.21484375000018988
-0.19995117187509648
-0.18554687499999983
-0.17163085937489556
-0.15820312499978348
-0.14526367187466052
-0.132812499999524
-0.12084960937437078
-0.10937499999919792
-0.09838867187400094
-0.08789062499877567
-0.07788085937351667
-0.06835937499821887
-0.05932617187287628
-0.0507812499974823
-0.35156249999955497
-0.280761718749844
-0.214843750000073
-0.15380859375024847
-0.09765625000037498
-0.046386718750459854
-5.082718182409285e-13
0.0415039062494754
0.0781249999994879
0.1098632812495243
0.13671874999958175
0.15869140624965905
0.17578124999975317
0.18798828124986236
0.1953124999999838
0.19775390625011402
0.1953125000002442
0.18798828125036235
0.17578125000046718
0.1586914062505568
0.13671875000062772
0.10986328125067875
0.07812500000070617
0.04150390625070744
6.793388274812663e-13
-0.04638671874938283
-0.09765624999948405
-0.1538085937496274
-0.21484374999982142
-0.28076171875006817
-0.3515625000003773
-0.05078125000246802
-0.05932617187707616
-0.06835937500173662
-0.07788085937644222
-0.08789062500118697
-0.09838867187596513
-0.1093750000007715
-0.12084960937560207
-0.13281250000045242
-0.14526367187531944
-0.15820312500019984
-0.171630859375091
-0.18554687499999054
-0.19995117187489658
-0.21484374999980693
-0.2102050781252061
-0.19531250000011208
-0.18090820312501385
-0.1669921874999094
-0.15356445312479683
-0.14062499999967457
-0.12817382812453967
-0.11621093749939049
-0.10473632812422312
-0.09374999999903506
-0.08325195312382243
-0.07324218749858115
-0.06372070312330703
-0.05468749999799533
-0.046142578122641824
-0.30517578124989153
-0.23437500000014147
-0.16845703125033665
-0.10742187500048227
-0.051269531250582555
-6.44098050414426e-13
0.04638671874932888
0.08789062499933196
0.12451171874936219
0.15624999999941638
0.18310546874949085
0.20507812499958475
0.22216796874969763
0.23437499999982697
0.24169921874996939
0.24414062500012212
0.2416992187502727
0.23437500000041156
0.22216796875053524
0.2050781250006422
0.18310546875073105
0.15625000000079928
0.12451171875084516
0.08789062500086454
0.046386718750854886
8.132880630749448e-13
-0.051269531249265435
-0.10742187499938456
-0.16845703124954856
-0.23437499999976227
-0.30517578125003175
-0.04614257812730306
-0.05468750000195254
-0.06372070312664474
-0.07324218750137476
-0.0832519531261374
-0.09375000000092884
-0.10473632812574446
-0.11621093750058115
-0.1281738281254354
-0.1406250000003043
-0.1535644531251858
-0.1669921875000768
-0.18090820312497624
-0.19531249999988118
-0.2102050781247904
-0.2050781250002215
-0.190185546875128
-0.17578125000003042
-0.16186523437492709
-0.14843749999981695
-0.13549804687469763
-0.12304687499956754
-0.11108398437442446
-0.09960937499926623
-0.08862304687409088
-0.07812499999889508
-0.0681152343736758
-0.05859374999843009
-0.049560546873154324
-0.041015624997843995
-0.2539062500002687
-0.18310546875047445
-0.11718750000063088
-0.05615234375074242
-8.124029867501489e-13
0.051269531249152664
0.09765624999915049
0.13916015624917488
0.17578124999922606
0.20751953124929992
0.23437499999939326
0.25634765624950523
0.2734374999996386
0.28564453124978983
0.29296874999995515
0.295410156250131
0.2929687500003046
0.2856445312504645
0.2734375000006081
0.25634765625073486
0.23437500000084344
0.20751953125093184
0.17578125000099667
0.13916015625103598
0.09765625000104744
0.05126953125102943
9.765166945416152e-13
-0.05615234374911412
-0.11718749999924619
-0.18310546874942174
-0.25390624999964645
-0.041015625002092555
-0.04956054687678835
-0.058593750001517675
-0.0681152343762769
-0.07812500000106228
-0.0886230468758707
-0.09960937500069944
-0.11108398437554544
-0.1230468750004066
-0.13549804687528028
-0.14843750000016512
-0.16186523437505823
-0.17578124999995914
-0.19018554687486508
-0.20507812499977493
-0.1994628906252357
-0.18457031250014397
-0.17016601562504907
-0.15624999999994862
-0.1428222656248428
-0.1298828124997282
-0.11743164062460477
-0.10546874999947085
-0.09399414062432435
-0.08300781249916414
-0.07250976562398798
-0.062499999998794326
-0.05297851562358089
-0.043945312498345046
-0.035400390623083054
-0.19775390625066477
-0.12695312500082748
-0.061035156250945126
-1.0216573548750364e-12
0.056152343748939036
0.10742187499893431
0.15380859374895897
0.19531249999900926
0.23193359374908296
0.26367187499917727
0.29052734374928835
0.3124999999994195
0.32958984374957384
0.34179687499974876
0.34912109374993977
0.35156250000014116
0.3491210937503391
0.3417968750005221
0.3295898437506861
0.31250000000083333
0.29052734375096245
0.2636718750010715
0.23193359375115757
0.19531250000121853
0.15380859375125525
0.10742187500126313
0.05615234375123699
1.1766396786173456e-12
-0.06103515624892044
-0.12695312499905875
-0.19775390624924036
-0.03540039062684786
-0.04394531250159317
-0.05297851562636333
-0.06250000000115535
-0.07250976562596696
-0.08300781250079535
-0.09399414062563982
-0.10546875000049803
-0.11743164062536804
-0.1298828125002486
-0.1428222656251385
-0.15625000000003608
-0.17016601562494005
-0.1845703124998485
-0.19946289062476075
-0.1933593750002486
-0.17846679687516068
-0.16406250000006922
-0.15014648437497335
-0.13671874999987277
-0.12377929687476506
-0.11132812499965003
-0.09936523437452645
-0.0878906249993936
-0.07690429687424996
-0.0664062499990956
-0.05639648437392955
-0.04687499999875095
-0.037841796873558924
-0.029296874998350327
-0.13671875000109124
-0.0659179687512077
-1.2832961322631173e-12
0.06103515624868106
0.1171874999986775
0.16845703124870504
0.21484374999875852
0.2563476562488355
0.29296874999893224
0.3247070312490491
0.3515624999991781
0.37353515624932737
0.39062499999950573
0.40283203124970596
0.41015624999992456
0.41259765625015293
0.4101562500003779
0.4028320312505843
0.39062500000076855
0.3735351562509366
0.35156250000108813
0.32470703125121964
0.2929687500013279
0.2563476562514107
0.21484375000147318
0.16845703125151035
0.11718750000151336
0.0610351562514845
1.4236725507983343e-12
-0.06591796874867382
-0.13671874999880984
-0.02929687500157667
-0.03784179687637578
-0.04687500000119011
-0.056396484376017776
-0.06640625000085712
-0.0769042968757076
-0.08789062500056942
-0.09936523437544119
-0.11132812500032178
-0.12377929687521123
-0.13671875000010786
-0.15014648437501105
-0.1640624999999195
-0.17846679687483177
-0.19335937499974754
-0.18676757812526
-0.17187500000017641
-0.15747070312509007
-0.14355468750000008
-0.13012695312490574
-0.11718749999980603
-0.10473632812470017
-0.09277343749958815
-0.08129882812446967
-0.07031249999934412
-0.05981445312421202
-0.04980468749907429
-0.040283203123931646
-0.031249999998785864
-0.022705078123636223
-0.07080078125153101
-1.602122534329683e-12
0.06591796874836638
0.1269531249983729
0.18310546874840616
0.23437499999846745
0.28076171874855255
0.32226562499865635
0.35888671874877837
0.3906249999989183
0.4174804687490637
0.4394531249992281
0.4565429687494308
0.4687499999996592
0.4760742187499087
0.4785156250001681
0.4760742187504211
0.4687500000006519
0.4565429687508558
0.439453125001044
0.41748046875121836
0.3906250000013753
0.3588867187515044
0.3222656250016104
0.2807617187516999
0.23437500000176756
0.1831054687518011
0.12695312500180267
0.06591796875178055
1.7237332047529136e-12
-0.0708007812483675
-0.022705078126288792
-0.03125000000114588
-0.04028320312600684
-0.04980468750087072
-0.05981445312573877
-0.07031250000061219
-0.0812988281254918
-0.092773437500378
-0.10473632812527067
-0.11718750000016961
-0.1301269531250742
-0.14355468749998399
-0.1574707031248981
-0.1718749999998156
-0.18676757812473635
-0.17968750000026934
-0.16479492187519149
-0.15039062500011133
-0.13647460937502784
-0.12304687499994088
-0.1101074218748495
-0.09765624999975386
-0.08569335937465392
-0.07421874999954967
-0.06323242187444207
-0.05273437499933128
-0.04272460937422061
-0.033203124999112536
-0.024169921874012606
-0.015624999998927015
-1.980639009577539e-12
0.07080078124799093
0.13671874999800465
0.19775390624805772
0.25390624999812844
0.3051757812482258
0.3515624999983453
0.3930664062484768
0.4296874999986243
0.4614257812487876
0.4882812499989455
0.5102539062491198
0.5273437499993469
0.5395507812496064
0.5468749999998936
0.5493164062501877
0.5468750000004717
0.5395507812507281
0.5273437500009476
0.5102539062511553
0.4882812500013523
0.4614257812515351
0.4296875000016866
0.3930664062518131
0.3515625000019317
0.3051757812520336
0.2539062500020961
0.19775390625212957
0.13671875000214603
0.07080078125213217
2.084072137087351e-12
-0.015625000000995495
-0.024169921875916163
-0.033203125000823744
-0.04272460937572224
-0.052734375000617756
-0.0632324218755134
-0.0742187500004109
-0.0856933593753117
-0.09765625000021666
-0.11010742187512565
-0.123046875000039
-0.13647460937495615
-0.1503906249998767
-0.16479492187480035
-0.17968749999972666
-0.17211914062527706
-0.15722656250020528
-0.14282226562513195
-0.1289062500000555
-0.11547851562497602
-0.10253906249989378
-0.09008789062480856
-0.07812499999972057
-0.06665039062463059
-0.055664062499539174
-0.04516601562444854
-0.035156249999361594
-0.025634765624283243
-0.01660156249922159
-0.008056640624197132
-0.008056640625720573
-0.016601562500704804
-0.025634765625651108
-0.03515625000057993
-0.045166015625499496
-0.05566406250041524
-0.06665039062532935
-0.07812500000024482
-0.09008789062516134
-0.10253906250008102
-0.11547851562500311
-0.12890624999992858
-0.1428222656248562
-0.15722656249978664
-0.17211914062471878
-0.16406250000028236
-0.14916992187521755
-0.134765625000151
-0.12084960937508213
-0.10742187500001123
-0.09448242187493767
-0.08203124999986282
-0.07006835937478609
-0.058593749999709135
-0.04760742187463269
-0.03710937499955954
-0.02709960937449185
-0.017578124999435597
-0.008544921874398339
6.095933580827516e-13
0.008056640625580647
0.01562500000049027
0.022705078125410606
0.029296875000352024
0.03540039062530968
0.04101562500027615
0.046142578125248655
0.05078125000022702
0.05493164062520411
0.05859375000018096
0.06176757812515474
0.06445312500012054
0.06665039062509369
0.06835937500009213
0.06958007812511466
0.07031250000014785
0.07055664062518051
0.07031250000020307
0.06958007812520971
0.06835937500020083
0.0666503906251857
0.06445312500017218
0.06176757812515381
0.05859375000012336
0.05493164062508584
0.05078125000004852
0.04614257812500686
0.04101562499994948
0.03540039062488071
0.029296874999805045
0.02270507812472159
0.015624999999623074
0.008056640624516522
-5.244982696271222e-13
-0.008544921875526362
-0.01757812500049766
-0.027099609375448773
-0.03710937500038843
-0.047607421875321264
-0.05859375000025048
-0.07006835937517909
-0.08203125000010754
-0.0944824218750369
-0.10742187499996808
-0.12084960937490145
-0.13476562499983666
-0.14916992187477454
-0.16406249999971334
-0.15551757812528547
-0.14062500000022787
-0.1262207031251686
-0.1123046875001079
-0.09887695312504434
-0.08593749999998028
-0.07348632812491492
-0.061523437499849176
-0.05004882812478391
-0.03906249999972049
-0.0285644531246612
-0.018554687499608563
-0.009033203124567376
4.574798963995829e-13
0.008544921875461386
0.016601562500438764
0.024169921875394632
0.031250000000344176
0.037841796875299545
0.0439453125002629
0.049560546875233195
0.05468750000020854
0.05932617187518731
0.06347656250016781
0.06713867187514841
0.07031250000012898
0.0729980468751107
0.07519531250009903
0.07690429687509985
0.0781250000001133
0.07885742187513438
0.07910156250015704
0.07885742187517442
0.07812500000018234
0.07690429687518122
0.07519531250017354
0.07299804687516166
0.07031250000014466
0.06713867187512107
0.06347656250009175
0.059326171875057926
0.054687500000018256
0.049560546874970836
0.043945312499915394
0.037841796874853964
0.031249999999787732
0.024169921874718947
0.01660156249965974
0.008544921874625223
-3.815675918693667e-13
-0.009033203125365565
-0.018554687500332158
-0.028564453125286687
-0.039062500000233695
-0.05004882812517588
-0.06152343750011617
-0.07348632812505543
-0.08593749999999468
-0.09887695312493475
-0.11230468749987658
-0.12622070312481928
-0.14062499999976436
-0.15551757812471043
-0.14648437500028583
-0.13159179687523515
-0.11718750000018391
-0.1032714843751308
-0.08984375000007565
-0.07690429687502007
-0.06445312499996385
-0.052490234374907935
-0.04101562499985313
-0.030029296874800715
-0.019531249999752708
-0.009521484374711732
3.1980380827967104e-13
0.009033203125338602
0.017578125000341997
0.025634765625329174
0.03320312500030387
0.04028320312527207
0.04687500000024042
0.05297851562521207
0.05859375000018771
0.06372070312516684
0.06835937500014892
0.07250976562513305
0.0761718750001186
0.07934570312510583
0.08203125000009619
0.08422851562509188
0.08593750000009505
0.08715820312510567
0.08789062500012149
0.08813476562513917
0.08789062500015438
0.08715820312516326
0.08593750000016587
0.08422851562516258
0.08203125000015438
0.07934570312514097
0.07617187500012236
0.07250976562509881
0.06835937500007024
0.06372070312503655
0.05859374999999755
0.05297851562495324
0.04687499999990498
0.04028320312485519
0.033203124999807404
0.02563476562476787
0.01757812499974332
0.009033203124736516
-2.5357292205666855e-13
-0.00952148437522978
-0.019531250000195857
-0.030029296875154207
-0.04101562500010754
-0.05249023437505789
-0.06445312500000693
-0.07690429687495559
-0.08984374999990453
-0.10327148437485364
-0.11718749999980461
-0.13159179687475628
-0.14648437499970965
-0.13696289062528352
-0.12207031250024084
-0.10766601562519658
-0.09375000000015109
-0.08032226562510378
-0.06738281250005661
-0.0549316406250093
-0.04296874999996246
-0.03149414062491664
-0.020507812499873462
-0.010009765624834896
1.9817701145217955e-13
0.009521484375223354
0.01855468750023843
0.02709960937524309
0.035156250000236686
0.04272460937522174
0.04980468750020204
0.056396484375180155
0.06250000000015946
0.06811523437514103
0.07324218750012489
0.07788085937511108
0.0820312500000992
0.08569335937508946
0.08886718750008224
0.09155273437507816
0.09375000000007863
0.09545898437508399
0.09667968750009424
0.09741210937510833
0.09765625000012444
0.09741210937513901
0.0966796875001491
0.09545898437515422
0.09375000000015445
0.0915527343751498
0.08886718750014065
0.08569335937512672
0.08203125000010837
0.07788085937508532
0.07324218750005822
0.06811523437502699
0.06249999999999229
0.05639648437495536
0.049804687499918655
0.04272460937488448
0.035156249999857184
0.02709960937483972
0.018554687499834525
0.009521484374840988
-1.4142819518952605e-13
-0.010009765625115387
-0.020507812500082514
-0.03149414062504546
-0.04296875000000474
-0.054931640624962454
-0.0673828124999195
-0.08032226562487658
-0.09374999999983338
-0.10766601562479224
-0.12207031249975173
-0.1369628906247121
-0.1269531250002791
-0.11206054687524367
-0.09765625000020682
-0.08374023437516898
-0.07031250000012954
-0.057373046875089984
-0.04492187500005001
-0.032958984375011297
-0.021484374999973598
-0.010498046874938749
9.299381571794258e-14
0.01000976562511957
0.019531250000139826
0.028564453125152836
0.0371093750001581
0.045166015625156014
0.05273437500014796
0.059814453125135766
0.06640625000012162
0.07250976562510775
0.07812500000009438
0.08325195312508284
0.0878906250000733
0.09204101562506573
0.0957031250000605
0.09887695312505766
0.10156250000005801
0.10375976562506181
0.10546875000006953
0.10668945312508074
0.10742187500009505
0.10766601562511124
0.10742187500012654
0.1066894531251382
0.10546875000014565
0.10375976562514895
0.10156250000014803
0.09887695312514268
0.09570312500013309
0.09204101562511974
0.08789062500010246
0.08325195312508162
0.07812500000005763
0.07250976562503107
0.0664062500000033
0.05981445312497631
0.05273437499995193
0.04516601562493281
0.03710937499992069
0.028564453124917018
0.019531249999922076
0.010009765624935243
-4.5223577936098564e-14
-0.01049804687501934
-0.021484374999989668
-0.03295898437495712
-0.044921874999922166
-0.05737304687488766
-0.07031249999985206
-0.08374023437481666
-0.09765624999978234
-0.11206054687474876
-0.12695312499971736
-0.11645507812527138
-0.10156250000024299
-0.08715820312521365
-0.07324218750018342
-0.05981445312515149
-0.04687500000011919
-0.03442382812508674
-0.022460937500054925
-0.010986328125024964
3.1805278186938542e-15
0.010498046875028954
0.020507812500050616
0.030029296875067196
0.039062500000078645
0.04760742187508476
0.055664062500085126
0.06323242187508134
0.07031250000007445
0.07690429687506582
0.08300781250005707
0.08862304687504863
0.09375000000004172
0.09838867187503629
0.10253906250003271
0.10620117187503127
0.10937500000003232
0.11206054687503635
0.11425781250004309
0.11596679687505321
0.11718750000006621
0.11791992187508178
0.11816406250009913
0.11791992187511577
0.11718750000012935
0.11596679687513926
0.11425781250014556
0.112060546875148
0.1093750000001466
0.10620117187514135
0.10253906250013253
0.09838867187512053
0.09375000000010546
0.08862304687508789
0.0830078125000684
0.07690429687504825
0.07031250000002864
0.06323242187501124
0.05566406249999785
0.047607421874989314
0.03906249999998708
0.030029296874990764
0.02050781250000094
0.01049804687501637
3.604815365965712e-14
-0.010986328124940572
-0.022460937499914742
-0.03442382812488726
-0.04687499999985948
-0.05981445312483129
-0.07324218749980324
-0.08715820312477586
-0.10156249999974945
-0.1164550781247248
-0.10546875000026124
-0.09057617187523968
-0.07617187500021817
-0.062255859375194546
-0.048828125000169365
-0.035888671875144426
-0.02343750000011852
-0.011474609375094133
-7.079698237485543e-14
0.010986328124952045
0.02148437499997243
0.03149414062498997
0.04101562500000362
0.05004882812501371
0.05859375000001924
0.06665039062502137
0.07421875000002094
0.08129882812501764
0.0878906250000135
0.09399414062500873
0.09960937500000469
0.10473632812500139
0.10937499999999979
0.11352539062499994
0.11718750000000216
0.12036132812500673
0.12304687500001388
0.12524414062502354
0.12695312500003603
0.12817382812505104
0.12890625000006836
0.12915039062508765
0.1289062500001063
0.1281738281251221
0.12695312500013467
0.1252441406251438
0.12304687500014962
0.1203613281251519
0.11718750000015067
0.11352539062514644
0.1093750000001391
0.10473632812512912
0.09960937500011728
0.09399414062510372
0.08789062500008961
0.08129882812507587
0.07421875000006349
0.06665039062505436
0.0585937500000486
0.050048828125047184
0.04101562500005016
0.03149414062505779
0.021484375000069573
0.010986328125084592
1.0203352242592605e-13
-0.011474609374878108
-0.023437499999857104
-0.03588867187483586
-0.04882812499981371
-0.06225585937479348
-0.0761718749997731
-0.0905761718747533
-0.10546874999973566
-0.09399414062524804
-0.0791015625002337
-0.06469726562521907
-0.05078125000020183
-0.03735351562518433
-0.024414062500166048
-0.011962890625146329
-1.2805961497217549e-13
0.011474609374890032
0.02246093749990791
0.032958984374923304
0.04296874999993696
0.052490234374947584
0.06152343749995586
0.07006835937496152
0.07812499999996479
0.08569335937496567
0.09277343749996547
0.09936523437496428
0.10546874999996318
0.11108398437496254
0.1162109374999628
0.12084960937496438
0.12499999999996775
0.12866210937497335
0.13183593749998107
0.13452148437499098
0.13671875000000347
0.13842773437501849
0.1396484375000359
0.1403808593750553
0.14062500000007672
0.1403808593750977
0.13964843750011594
0.13842773437513115
0.13671875000014333
0.1345214843751523
0.13183593750015823
0.12866210937516082
0.12500000000016062
0.1208496093751575
0.1162109375001524
0.11108398437514495
0.10546875000013649
0.09936523437512729
0.0927734375001183
0.08569335937511008
0.07812500000010371
0.07006835937510011
0.06152343750009919
0.052490234375101724
0.04296875000010706
0.032958984375115345
0.022460937500126326
0.011474609375139269
1.533227603977148e-13
-0.011962890624831135
-0.024414062499815918
-0.03735351562480087
-0.050781249999786164
-0.06469726562477257
-0.07910156249976014
-0.0939941406247492
-0.08203125000023193
-0.06713867187522456
-0.052734375000216126
-0.03881835937520632
-0.025390625000194837
-0.01245117187518249
-1.696714778945941e-13
0.011962890624842832
0.02343749999985588
0.03442382812486794
0.04492187499987875
0.05493164062488954
0.06445312499989789
0.07348632812490445
0.08203124999990934
0.09008789062491293
0.09765624999991543
0.10473632812491702
0.1113281249999183
0.11743164062491986
0.12304687499992208
0.1281738281249252
0.1328124999999297
0.1369628906249365
0.1406249999999448
0.14379882812495526
0.14648437499996805
0.1486816406249832
0.15039062500000072
0.15161132812502048
0.1523437500000424
0.15258789062506625
0.1523437500000898
0.1516113281251106
0.15039062500012856
0.14868164062514372
0.1464843750001558
0.14379882812516487
0.14062500000017114
0.1369628906251747
0.1328125000001757
0.12817382812517455
0.1230468750001715
0.11743164062516666
0.11132812500016168
0.10473632812515651
0.09765625000015166
0.09008789062514745
0.08203125000014502
0.07348632812514436
0.06445312500014613
0.054931640625149845
0.04492187500015527
0.03442382812516235
0.023437500000171023
0.011962890625180184
1.8927793082052561e-13
-0.012451171874800377
-0.02539062499979125
-0.038818359374783486
-0.05273437499977599
-0.0671386718747699
-0.08203124999976522
-0.06958007812521301
-0.05468750000021275
-0.040283203125211164
-0.0263671875002076
-0.012939453125202489
-1.962519696390879e-13
0.012451171874810627
0.024414062499817438
0.03588867187482531
0.04687499999983327
0.05737304687484068
0.06738281249984733
0.07690429687485333
0.08593749999985847
0.09448242187486286
0.10253906249986627
0.11010742187486938
0.11718749999987241
0.12377929687487531
0.12988281249987885
0.13549804687488348
0.14062499999988926
0.14526367187489672
0.14941406249990583
0.15307617187491668
0.15624999999992997
0.1589355468749454
0.16113281249996309
0.16284179687498299
0.16406250000000525
0.16479492187502975
0.16503906250005612
0.1647949218750823
0.16406250000010578
0.1628417968751266
0.16113281250014447
0.1589355468751597
0.156250000000172
0.15307617187518155
0.14941406250018865
0.1452636718751933
0.1406250000001954
0.13549804687519612
0.12988281250019518
0.12377929687519323
0.11718750000019074
0.11010742187518834
0.10253906250018595
0.09448242187518466
0.08593750000018421
0.07690429687518484
0.06738281250018657
0.057373046875189175
0.046875000000192873
0.03588867187519777
0.024414062500202522
0.012451171875206973
2.106451137522843e-13
-0.012939453124785406
-0.02636718749978306
-0.04028320312478209
-0.05468749999978279
-0.06958007812478445
-0.056640625000191375
-0.04174804687519768
-0.027343750000202192
-0.013427734375205135
-2.0641164322448363e-13
0.012939453124793632
0.02539062499979453
0.0373535156247964
0.04882812499979975
0.05981445312480316
0.07031249999980667
0.0803222656248104
0.08984374999981398
0.09887695312481709
0.10742187499982034
0.1154785156248233
0.123046874999827
0.13012695312483055
0.13671874999983508
0.14282226562484035
0.1484374999998469
0.1535644531248547
0.15820312499986444
0.16235351562487588
0.16601562499988934
0.16918945312490505
0.17187499999992273
0.17407226562494302
0.1757812499999656
0.1770019531249904
0.17773437500001735
0.17797851562504638
0.17773437500007516
0.17700195312510142
0.17578125000012504
0.17407226562514574
0.17187500000016376
0.1691894531251792
0.16601562500019196
0.16235351562520212
0.1582031250002099
0.15356445312521544
0.14843750000021924
0.14282226562522135
0.13671875000022204
0.13012695312522202
0.12304687500022114
0.11547851562522028
0.10742187500021955
0.09887695312521892
0.08984375000021844
0.08032226562521842
0.07031250000021906
0.05981445312521918
0.04882812500022008
0.03735351562521997
0.025390625000219907
0.012939453125218246
2.163573194421265e-13
-0.013427734374786697
-0.027343749999791347
-0.041748046874798155
-0.05664062499980674
-0.04321289062516723
-0.028320312500180037
-0.013916015625191428
-2.0037009971533573e-13
0.013427734374792468
0.026367187499786233
0.03881835937478264
0.0507812499997793
0.06225585937477758
0.07324218749977673
0.08374023437477661
0.09374999999977673
0.10327148437477783
0.11230468749977986
0.12084960937478144
0.12890624999978442
0.1364746093747875
0.14355468749979217
0.15014648437479738
0.15624999999980363
0.16186523437481182
0.16699218749982164
0.1716308593748334
0.17578124999984704
0.1794433593748627
0.1826171874998808
0.185302734374901
0.18749999999992348
0.18920898437494837
0.19042968749997552
0.1911621093750051
0.19140625000003686
0.19116210937506842
0.19042968750009726
0.18920898437512348
0.1875000000001471
0.18530273437516798
0.1826171875001862
0.1794433593752019
0.1757812500002149
0.1716308593752255
0.166992187500234
0.16186523437524053
0.15625000000024503
0.1501464843752482
0.14355468750025005
0.1364746093752508
0.1289062500002508
0.12084960937525008
0.11230468750024947
0.10327148437524813
0.09375000000024579
0.08374023437524367
0.07324218750024075
0.06225585937523793
0.05078125000023404
0.03881835937522944
0.026367187500222933
0.013427734375215212
2.0638004488646218e-13
-0.013916015624804046
-0.028320312499816893
-0.04321289062483134
-0.029296875000139614
-0.01440429687515928
-1.7643636617129042e-13
0.013916015624807912
0.027343749999794685
0.04028320312478301
0.05273437499977329
0.06469726562476505
0.07617187499975901
0.08715820312475393
0.09765624999974994
0.10766601562474744
0.11718749999974616
0.12622070312474534
0.13476562499974565
0.1428222656247479
0.15039062499975098
0.15747070312475583
0.16406249999976164
0.17016601562476935
0.17578124999977882
0.18090820312479022
0.18554687499980352
0.18969726562481898
0.19335937499983674
0.19653320312485692
0.19921874999987932
0.20141601562490413
0.20312499999993136
0.20434570312496111
0.20507812499999306
0.20532226562502745
0.20507812500006165
0.20434570312509326
0.20312500000012212
0.20141601562514838
0.1992187500001722
0.1965332031251932
0.19335937500021141
0.1896972656252273
0.18554687500024064
0.1809082031252516
0.17578125000026035
0.17016601562526742
0.1640625000002726
0.15747070312527575
0.15039062500027775
0.14282226562527844
0.13476562500027786
0.1262207031252762
0.11718750000027361
0.10766601562527021
0.09765625000026537
0.08715820312526007
0.07617187500025287
0.06469726562524447
0.052734375000235055
0.04028320312522472
0.02734375000021122
0.01391601562519687
1.8097118441956432e-13
-0.014404296874838015
-0.029296874999858735
-0.014892578125110046
-1.3606865842685405e-13
0.014404296874839854
0.028320312499818263
0.041748046874799556
0.05468749999978212
0.06713867187476753
0.07910156249975482
0.09057617187474379
0.10156249999973449
0.11206054687472695
0.12207031249972129
0.1315917968747165
0.14062499999971445
0.1491699218747136
0.15722656249971426
0.1647949218747171
0.17187499999972172
0.17846679687472825
0.18457031249973654
0.19018554687474684
0.1953124999997598
0.19995117187477449
0.20410156249979192
0.20776367187481146
0.21093749999983336
0.21362304687485814
0.2158203124998852
0.21752929687491476
0.2187499999999467
0.21948242187498118
0.21972656250001826
0.21948242187505515
0.21875000000008926
0.21752929687512113
0.21582031250014982
0.21362304687517594
0.2109375000001996
0.20776367187522052
0.2041015625002389
0.19995117187525474
0.19531250000026806
0.19018554687527925
0.18457031250028771
0.17846679687529474
0.1718750000002997
0.1647949218753022
0.15722656250030323
0.1491699218753024
0.14062500000030012
0.1315917968752963
0.1220703125002908
0.11206054687528332
0.10156250000027503
0.09057617187526454
0.07910156250025212
0.06713867187523843
0.05468750000022272
0.041748046875204545
0.028320312500184422
0.014404296875162014
1.3760883894891548e-13
-0.014892578124889304
-7.77204888272551e-14
0.014892578124889687
0.02929687499985949
0.04321289062483188
0.05664062499980689
0.06958007812478391
0.08203124999976408
0.09399414062474598
0.10546874999973037
0.11645507812471671
0.12695312499970554
0.1369628906246966
0.1464843749996895
0.15551757812468525
0.1640624999996828
0.1721191406246828
0.17968749999968528
0.18676757812468944
0.1933593749996957
0.19946289062470482
0.20507812499971642
0.21020507812473038
0.21484374999974654
0.21899414062476535
0.2226562499997869
0.22583007812481096
0.22851562499983769
0.23071289062486672
0.23242187499989822
0.2336425781249326
0.23437499999996964
0.23461914062500916
0.23437500000004852
0.23364257812508546
0.23242187500011938
0.2307128906251508
0.22851562500017952
0.22583007812520564
0.22265625000022896
0.21899414062524963
0.21484375000026812
0.2102050781252833
0.20507812500029646
0.19946289062530703
0.19335937500031486
0.18676757812532085
0.1796875000003248
0.17211914062532582
0.16406250000032496
0.1555175781253217
0.14648437500031647
0.1369628906253091
0.12695312500029907
0.11645507812528788
0.1054687500002741
0.09399414062525722
0.08203125000023892
0.06958007812521819
0.05664062500019493
0.043212890625169524
0.029296875000141553
0.014892578125110946
7.796578941444256e-14
0.01538085937504205
0.030273437500081296
0.04467773437511782
0.05859375000015163
0.07202148437518277
0.08496093750021116
0.09741210937523687
0.10937500000025988
0.12084960937528025
0.13183593750029782
0.1423339843753127
0.15234375000032488
0.16186523437533434
0.17089843750034112
0.17944335937534517
0.1875000000003465
0.19506835937534514
0.20214843750034106
0.2087402343753343
0.21484375000032482
0.22045898437531264
0.22558593750029776
0.23022460937528016
0.23437500000025988
0.23803710937523687
0.24121093750021114
0.24389648437518271
0.2460937500001516
0.24780273437511774
0.2490234375000812
0.24975585937504197
0.25
0.24975585937495803
0.2490234374999188
0.24780273437488223
0.2460937499998484
0.24389648437481726
0.24121093749978884
0.2380371093747631
0.23437499999974007
0.23022460937471975
0.22558593749970215
0.22045898437468725
0.21484374999967507
0.20874023437466557
0.2021484374996588
0.19506835937465472
0.18749999999965336
0.1794433593746547
0.17089843749965877
0.16186523437466552
0.152343749999675
0.14233398437468722
0.1318359374997021
0.12084960937471975
0.10937499999974004
0.09741210937476305
0.08496093749978884
0.07202148437481723
0.058593749999848344
0.04467773437488218
0.030273437499918704
0.015380859374958061
-0.01538085937504205
-0.030273437500081296
-0.04467773437511782
-0.05859375000015163
-0.07202148437518277
-0.08496093750021116
-0.09741210937523687
-0.10937500000025988
-0.12084960937528025
-0.13183593750029782
-0.1423339843753127
-0.15234375000032488
-0.16186523437533434
-0.17089843750034112
-0.17944335937534517
-0.1875000000003465
-0.19506835937534514
-0.20214843750034106
-0.2087402343753343
-0.21484375000032482
-0.22045898437531264
-0.22558593750029776
-0.23022460937528016
-0.23437500000025988
-0.23803710937523687
-0.24121093750021114
-0.24389648437518271
-0.2460937500001516
-0.24780273437511774
-0.2490234375000812
-0.24975585937504197
-0.25
-0.24975585937495803
-0.2490234374999188
-0.24780273437488223
-0.2460937499998484
-0.24389648437481726
-0.24121093749978884
-0.2380371093747631
-0.23437499999974007
-0.23022460937471975
-0.22558593749970215
-0.22045898437468725
-0.21484374999967507
-0.20874023437466557
-0.2021484374996588
-0.19506835937465472
-0.18749999999965336
-0.1794433593746547
-0.17089843749965877
-0.16186523437466552
-0.152343749999675
-0.14233398437468722
-0.1318359374997021
-0.12084960937471975
-0.10937499999974004
-0.09741210937476305
-0.08496093749978884
-0.07202148437481723
-0.058593749999848344
-0.04467773437488218
-0.030273437499918704
-0.015380859374958061
0.01538085937504205
0.030273437500081296
0.04467773437511782
0.05859375000015163
0.07202148437518277
0.08496093750021116
0.09741210937523687
0.10937500000025988
0.12084960937528025
0.13183593750029782
0.1423339843753127
0.15234375000032488
0.16186523437533434
0.17089843750034112
0.17944335937534517
0.1875000000003465
0.19506835937534514
0.20214843750034106
0.2087402343753343
0.21484375000032482
0.22045898437531264
0.22558593750029776
0.23022460937528016
0.23437500000025988
0.23803710937523687
0.24121093750021114
0.24389648437518271
0.2460937500001516
0.24780273437511774
0.2490234375000812
0.24975585937504197
0.25
0.24975585937495803
0.2490234374999188
0.24780273437488223
0.2460937499998484
0.24389648437481726
0.24121093749978884
0.2380371093747631
0.23437499999974007
0.23022460937471975
0.22558593749970215
0.22045898437468725
0.21484374999967507
0.20874023437466557
0.2021484374996588
0.19506835937465472
0.18749999999965336
0.1794433593746547
0.17089843749965877
0.16186523437466552
0.152343749999675
0.14233398437468722
0.1318359374997021
0.12084960937471975
0.10937499999974004
0.09741210937476305
0.08496093749978884
0.07202148437481723
0.058593749999848344
0.04467773437488218
0.030273437499918704
0.015380859374958061
-0.01538085937504205
-0.030273437500081296
-0.04467773437511782
-0.05859375000015163
-0.07202148437518277
-0.08496093750021116
-0.09741210937523687
-0.10937500000025988
-0.12084960937528025
-0.13183593750029782
-0.1423339843753127
-0.15234375000032488
-0.16186523437533434
-0.17089843750034112
-0.17944335937534517
-0.1875000000003465
-0.19506835937534514
-0.20214843750034106
-0.2087402343753343
-0.21484375000032482
-0.22045898437531264
-0.22558593750029776
-0.23022460937528016
-0.23437500000025988
-0.23803710937523687
-0.24121093750021114
-0.24389648437518271
-0.2460937500001516
-0.24780273437511774
-0.2490234375000812
-0.24975585937504197
-0.25
-0.24975585937495803
-0.2490234374999188
-0.24780273437488223
-0.2460937499998484
-0.24389648437481726
-0.24121093749978884
-0.2380371093747631
-0.23437499999974007
-0.23022460937471975
-0.22558593749970215
-0.22045898437468725
-0.21484374999967507
-0.20874023437466557
-0.2021484374996588
-0.19506835937465472
-0.18749999999965336
-0.1794433593746547
-0.17089843749965877
-0.16186523437466552
-0.152343749999675
-0.14233398437468722
-0.1318359374997021
-0.12084960937471975
-0.10937499999974004
-0.09741210937476305
-0.08496093749978884
-0.07202148437481723
-0.058593749999848344
-0.04467773437488218
-0.030273437499918704
-0.015380859374958061
0.0
0.0
0.0
0.0
2.455689763359208e-12
0.07568359375254438
0.14648437500256617
0.21240234375253308
0.2734375000024754
0.32958984375241773
0.38085937500232225
0.427246093752177
0.4687500000020223
0.5053710937518806
0.5371093750017091
0.5639648437514919
0.5859375000012654
0.6030273437510442
0.6152343750008131
0.6225585937505315
0.6250000000002142
0.6225585937498791
0.6152343749995464
0.6030273437492445
0.5859374999989887
0.5639648437488186
0.5371093749986605
0.5053710937484682
0.46874999999829314
0.42724609374813416
0.3808593749979708
0.3295898437478365
0.27343749999772415
0.21240234374761907
0.14648437499755987
0.07568359374756616
-2.363810442500491e-12
-0.0756835937480295
-0.07568359375188725
-0.1464843749985327
-0.14648437500138797
-0.21240234374901315
-0.21240234375090566
-0.2734374999994875
-0.2734375000004336
-0.32958984374993544
-0.32958984374999456
-0.38085937500036937
-0.38085937499957406
-0.42724609375076394
-0.4272460937491922
-0.4687500000010941
-0.4687499999988509
-0.5053710937513679
-0.5053710937485909
-0.5371093750015803
-0.5371093749983834
-0.5639648437517165
-0.5639648437482414
-0.5859375000017302
-0.5859374999982404
-0.6030273437516451
-0.6030273437483259
-0.6152343750014211
-0.6152343749985654
-0.6225585937508932
-0.6225585937491048
-0.6249999999999787
-0.6250000000000108
-0.6225585937490706
-0.6225585937509381
-0.6152343749985509
-0.6152343750014442
-0.6030273437483064
-0.6030273437516148
-0.5859374999982057
-0.5859375000016878
-0.5639648437482655
-0.5639648437516973
-0.5371093749984165
-0.5371093750016095
-0.5053710937485769
-0.5053710937513832
-0.4687499999988517
-0.46875000000111394
-0.4272460937492056
-0.42724609375080214
-0.38085937499958084
-0.3808593750004072
-0.3295898437500052
-0.3295898437499773
-0.27343750000045514
-0.2734374999995064
-0.2124023437509349
-0.21240234374903033
-0.14648437500142814
-0.14648437499855832
-0.07568359375193548
-0.07568359374805686
-2.4219428855787395e-12
0.07568359374747897
0.1464843749974553
0.212402343747489
0.2734374999975737
0.32958984374770306
0.38085937499783246
0.4272460937479594
0.468749999998114
0.5053710937483171
0.5371093749985127
0.5639648437487826
0.5859374999991145
0.6030273437493738
0.615234374999649
0.6225585937499779
0.6250000000003313
0.622558593750649
0.6152343750008993
0.6030273437510799
0.585937500001275
0.5639648437514777
0.5371093750016682
0.5053710937518572
0.46875000000197453
0.4272460937520688
0.3808593750021611
0.3295898437522703
0.27343750000238914
0.21240234375247752
0.14648437500252653
0.07568359375251399
2.4261239295214415e-12
-6.665390044884752e-13
0.007568359374532357
0.014648437499664092
0.021240234374762672
0.027343749999841075
0.03295898437494017
0.03808593750000996
0.04272460937503883
0.04687500000007173
0.05053710937513267
0.0537109375001754
0.056396484375182486
0.058593750000193255
0.06030273437522152
0.06152343750025642
0.062255859375244076
0.06250000000021569
0.06225585937516556
0.061523437500104264
0.060302734375065725
0.05859375000005537
0.05639648437512753
0.053710937500198265
0.050537109375215945
0.04687500000024219
0.04272460937527408
0.038085937500285855
0.03295898437531399
0.02734375000035766
0.021240234375388974
0.014648437500461147
0.007568359375578791
7.586880484499357e-13
-0.0075683593760512875
-0.007568359373866027
-0.014648437501437989
-0.014648437498481638
-0.02124023437679397
-0.021240234373123994
-0.027343750002132402
-0.02734374999778774
-0.03295898437742714
-0.03295898437250204
-0.038085937502702026
-0.03808593749723964
-0.04272460937792201
-0.04272460937203582
-0.04687500000306355
-0.046874999996878004
-0.050537109378139634
-0.050537109371817976
-0.05371093750313721
-0.05371093749682855
-0.05639648437805395
-0.056396484371898266
-0.058593750002824505
-0.05859374999714716
-0.0603027343774933
-0.060302734372474305
-0.061523437502005986
-0.06152343749797796
-0.062255859376208575
-0.06225585937379043
-0.06249999999997749
-0.06250000000000627
-0.06225585937375275
-0.06225585937625638
-0.06152343749796531
-0.06152343750203349
-0.06030273437245853
-0.06030273437745685
-0.05859374999710576
-0.058593750002783676
-0.05639648437192777
-0.056396484378029334
-0.053710937496863315
-0.053710937503173795
-0.05053710937180108
-0.050537109378151084
-0.04687499999688053
-0.04687500000308339
-0.042724609372049166
-0.04272460937796271
-0.038085937497246404
-0.038085937502736075
-0.03295898437251273
-0.032958984377475964
-0.027343749997809117
-0.027343750002146398
-0.021240234373152235
-0.02124023437681262
-0.014648437498523528
-0.014648437501464013
-0.00756835937391259
-0.0075683593760805246
6.99982950990207e-13
0.007568359375491273
0.014648437500356168
0.02124023437525985
0.027343750000202897
0.03295898437518307
0.03808593750014616
0.04272460937509866
0.046875000000057024
0.05053710937506857
0.053710937500043764
0.05639648437508759
0.05859375000019311
0.06030273437519237
0.06152343750021113
0.06225585937526251
0.06250000000033556
0.06225585937536306
0.06152343750034553
0.06030273437525413
0.05859375000020293
0.05639648437516866
0.05371093750013045
0.05053710937511461
0.04687500000002285
0.042724609374930514
0.03808593749984397
0.032958984374789085
0.02734374999975732
0.021240234374706308
0.014648437499625253
0.007568359374501905
-6.952166424264895e-13
