$MeshFormat
2.2 0 8
$EndMeshFormat
$PhysicalNames
5
1 2 "bottom"
1 3 "right "
1 4 "top   "
1 5 "left  "
2 1 "domain"
$EndPhysicalNames
$Nodes
4225
1 -0.5 -0.5 0
2 0.5 -0.5 0
3 0.5 0.5 0
4 -0.5 0.5 0
5 -0.4843750000000433 -0.5 0
6 -0.4687500000000867 -0.5 0
7 -0.45312500000013 -0.5 0
8 -0.4375000000001733 -0.5 0
9 -0.4218750000002166 -0.5 0
10 -0.4062500000002599 -0.5 0
11 -0.3906250000003033 -0.5 0
12 -0.3750000000003466 -0.5 0
13 -0.3593750000003899 -0.5 0
14 -0.3437500000004333 -0.5 0
15 -0.3281250000004766 -0.5 0
16 -0.31250000000052 -0.5 0
17 -0.2968750000005633 -0.5 0
18 -0.2812500000006066 -0.5 0
19 -0.26562500000065 -0.5 0
20 -0.2500000000006933 -0.5 0
21 -0.2343750000007366 -0.5 0
22 -0.2187500000007799 -0.5 0
23 -0.2031250000008232 -0.5 0
24 -0.1875000000008665 -0.5 0
25 -0.1718750000009098 -0.5 0
26 -0.1562500000009531 -0.5 0
27 -0.1406250000009964 -0.5 0
28 -0.1250000000010397 -0.5 0
29 -0.109375000001083 -0.5 0
30 -0.09375000000112627 -0.5 0
31 -0.07812500000116956 -0.5 0
32 -0.06250000000121281 -0.5 0
33 -0.04687500000125611 -0.5 0
34 -0.03125000000129941 -0.5 0
35 -0.0156250000013427 -0.5 0
36 -1.375122238300719e-12 -0.5 0
37 0.01562499999865741 -0.5 0
38 0.03124999999870071 -0.5 0
39 0.046874999998744 -0.5 0
40 0.0624999999987873 -0.5 0
41 0.0781249999988306 -0.5 0
42 0.0937499999988739 -0.5 0
43 0.1093749999989172 -0.5 0
44 0.1249999999989605 -0.5 0
45 0.1406249999990039 -0.5 0
46 0.1562499999990472 -0.5 0
47 0.1718749999990905 -0.5 0
48 0.1874999999991338 -0.5 0
49 0.2031249999991771 -0.5 0
50 0.2187499999992204 -0.5 0
51 0.2343749999992637 -0.5 0
52 0.249999999999307 -0.5 0
53 0.2656249999993503 -0.5 0
54 0.2812499999993936 -0.5 0
55 0.2968749999994369 -0.5 0
56 0.3124999999994802 -0.5 0
57 0.3281249999995235 -0.5 0
58 0.3437499999995668 -0.5 0
59 0.3593749999996101 -0.5 0
60 0.3749999999996535 -0.5 0
61 0.3906249999996968 -0.5 0
62 0.4062499999997401 -0.5 0
63 0.4218749999997834 -0.5 0
64 0.4374999999998267 -0.5 0
65 0.45312499999987 -0.5 0
66 0.4687499999999133 -0.5 0
67 0.4843749999999566 -0.5 0
68 0.5 -0.4843750000000433 0
69 0.5 -0.4687500000000867 0
70 0.5 -0.45312500000013 0
71 0.5 -0.4375000000001733 0
72 0.5 -0.4218750000002166 0
73 0.5 -0.4062500000002599 0
74 0.5 -0.3906250000003033 0
75 0.5 -0.3750000000003466 0
76 0.5 -0.3593750000003899 0
77 0.5 -0.3437500000004333 0
78 0.5 -0.3281250000004766 0
79 0.5 -0.31250000000052 0
80 0.5 -0.2968750000005633 0
81 0.5 -0.2812500000006066 0
82 0.5 -0.26562500000065 0
83 0.5 -0.2500000000006933 0
84 0.5 -0.2343750000007366 0
85 0.5 -0.2187500000007799 0
86 0.5 -0.2031250000008232 0
87 0.5 -0.1875000000008665 0
88 0.5 -0.1718750000009098 0
89 0.5 -0.1562500000009531 0
90 0.5 -0.1406250000009964 0
91 0.5 -0.1250000000010397 0
92 0.5 -0.109375000001083 0
93 0.5 -0.09375000000112627 0
94 0.5 -0.07812500000116956 0
95 0.5 -0.06250000000121281 0
96 0.5 -0.04687500000125611 0
97 0.5 -0.03125000000129941 0
98 0.5 -0.0156250000013427 0
99 0.5 -1.375122238300719e-12 0
100 0.5 0.01562499999865741 0
101 0.5 0.03124999999870071 0
102 0.5 0.046874999998744 0
103 0.5 0.0624999999987873 0
104 0.5 0.0781249999988306 0
105 0.5 0.0937499999988739 0
106 0.5 0.1093749999989172 0
107 0.5 0.1249999999989605 0
108 0.5 0.1406249999990039 0
109 0.5 0.1562499999990472 0
110 0.5 0.1718749999990905 0
111 0.5 0.1874999999991338 0
112 0.5 0.2031249999991771 0
113 0.5 0.2187499999992204 0
114 0.5 0.2343749999992637 0
115 0.5 0.249999999999307 0
116 0.5 0.2656249999993503 0
117 0.5 0.2812499999993936 0
118 0.5 0.2968749999994369 0
119 0.5 0.3124999999994802 0
120 0.5 0.3281249999995235 0
121 0.5 0.3437499999995668 0
122 0.5 0.3593749999996101 0
123 0.5 0.3749999999996535 0
124 0.5 0.3906249999996968 0
125 0.5 0.4062499999997401 0
126 0.5 0.4218749999997834 0
127 0.5 0.4374999999998267 0
128 0.5 0.45312499999987 0
129 0.5 0.4687499999999133 0
130 0.5 0.4843749999999566 0
131 0.4843750000000433 0.5 0
132 0.4687500000000867 0.5 0
133 0.45312500000013 0.5 0
134 0.4375000000001733 0.5 0
135 0.4218750000002166 0.5 0
136 0.4062500000002599 0.5 0
137 0.3906250000003033 0.5 0
138 0.3750000000003466 0.5 0
139 0.3593750000003899 0.5 0
140 0.3437500000004333 0.5 0
141 0.3281250000004766 0.5 0
142 0.31250000000052 0.5 0
143 0.2968750000005633 0.5 0
144 0.2812500000006066 0.5 0
145 0.26562500000065 0.5 0
146 0.2500000000006933 0.5 0
147 0.2343750000007366 0.5 0
148 0.2187500000007799 0.5 0
149 0.2031250000008232 0.5 0
150 0.1875000000008665 0.5 0
151 0.1718750000009098 0.5 0
152 0.1562500000009531 0.5 0
153 0.1406250000009964 0.5 0
154 0.1250000000010397 0.5 0
155 0.109375000001083 0.5 0
156 0.09375000000112627 0.5 0
157 0.07812500000116956 0.5 0
158 0.06250000000121281 0.5 0
159 0.04687500000125611 0.5 0
160 0.03125000000129941 0.5 0
161 0.0156250000013427 0.5 0
162 1.375122238300719e-12 0.5 0
163 -0.01562499999865741 0.5 0
164 -0.03124999999870071 0.5 0
165 -0.046874999998744 0.5 0
166 -0.0624999999987873 0.5 0
167 -0.0781249999988306 0.5 0
168 -0.0937499999988739 0.5 0
169 -0.1093749999989172 0.5 0
170 -0.1249999999989605 0.5 0
171 -0.1406249999990039 0.5 0
172 -0.1562499999990472 0.5 0
173 -0.1718749999990905 0.5 0
174 -0.1874999999991338 0.5 0
175 -0.2031249999991771 0.5 0
176 -0.2187499999992204 0.5 0
177 -0.2343749999992637 0.5 0
178 -0.249999999999307 0.5 0
179 -0.2656249999993503 0.5 0
180 -0.2812499999993936 0.5 0
181 -0.2968749999994369 0.5 0
182 -0.3124999999994802 0.5 0
183 -0.3281249999995235 0.5 0
184 -0.3437499999995668 0.5 0
185 -0.3593749999996101 0.5 0
186 -0.3749999999996535 0.5 0
187 -0.3906249999996968 0.5 0
188 -0.4062499999997401 0.5 0
189 -0.4218749999997834 0.5 0
190 -0.4374999999998267 0.5 0
191 -0.45312499999987 0.5 0
192 -0.4687499999999133 0.5 0
193 -0.4843749999999566 0.5 0
194 -0.5 0.4843750000000433 0
195 -0.5 0.4687500000000867 0
196 -0.5 0.45312500000013 0
197 -0.5 0.4375000000001733 0
198 -0.5 0.4218750000002166 0
199 -0.5 0.4062500000002599 0
200 -0.5 0.3906250000003033 0
201 -0.5 0.3750000000003466 0
202 -0.5 0.3593750000003899 0
203 -0.5 0.3437500000004333 0
204 -0.5 0.3281250000004766 0
205 -0.5 0.31250000000052 0
206 -0.5 0.2968750000005633 0
207 -0.5 0.2812500000006066 0
208 -0.5 0.26562500000065 0
209 -0.5 0.2500000000006933 0
210 -0.5 0.2343750000007366 0
211 -0.5 0.2187500000007799 0
212 -0.5 0.2031250000008232 0
213 -0.5 0.1875000000008665 0
214 -0.5 0.1718750000009098 0
215 -0.5 0.1562500000009531 0
216 -0.5 0.1406250000009964 0
217 -0.5 0.1250000000010397 0
218 -0.5 0.109375000001083 0
219 -0.5 0.09375000000112627 0
220 -0.5 0.07812500000116956 0
221 -0.5 0.06250000000121281 0
222 -0.5 0.04687500000125611 0
223 -0.5 0.03125000000129941 0
224 -0.5 0.0156250000013427 0
225 -0.5 1.375122238300719e-12 0
226 -0.5 -0.01562499999865741 0
227 -0.5 -0.03124999999870071 0
228 -0.5 -0.046874999998744 0
229 -0.5 -0.0624999999987873 0
230 -0.5 -0.0781249999988306 0
231 -0.5 -0.0937499999988739 0
232 -0.5 -0.1093749999989172 0
233 -0.5 -0.1249999999989605 0
234 -0.5 -0.1406249999990039 0
235 -0.5 -0.1562499999990472 0
236 -0.5 -0.1718749999990905 0
237 -0.5 -0.1874999999991338 0
238 -0.5 -0.2031249999991771 0
239 -0.5 -0.2187499999992204 0
240 -0.5 -0.2343749999992637 0
241 -0.5 -0.249999999999307 0
242 -0.5 -0.2656249999993503 0
243 -0.5 -0.2812499999993936 0
244 -0.5 -0.2968749999994369 0
245 -0.5 -0.3124999999994802 0
246 -0.5 -0.3281249999995235 0
247 -0.5 -0.3437499999995668 0
248 -0.5 -0.3593749999996101 0
249 -0.5 -0.3749999999996535 0
250 -0.5 -0.3906249999996968 0
251 -0.5 -0.4062499999997401 0
252 -0.5 -0.4218749999997834 0
253 -0.5 -0.4374999999998267 0
254 -0.5 -0.45312499999987 0
255 -0.5 -0.4687499999999133 0
256 -0.5 -0.4843749999999566 0
257 -0.4843750000000419 -0.484374999999958 0
258 -0.4843750000000407 -0.4687499999999159 0
259 -0.4843750000000393 -0.4531249999998741 0
260 -0.4843750000000379 -0.4374999999998322 0
261 -0.4843750000000365 -0.4218749999997902 0
262 -0.4843750000000352 -0.4062499999997482 0
263 -0.4843750000000339 -0.3906249999997062 0
264 -0.4843750000000325 -0.3749999999996642 0
265 -0.4843750000000311 -0.3593749999996223 0
266 -0.4843750000000298 -0.3437499999995803 0
267 -0.4843750000000284 -0.3281249999995384 0
268 -0.4843750000000271 -0.3124999999994964 0
269 -0.4843750000000257 -0.2968749999994544 0
270 -0.4843750000000244 -0.2812499999994126 0
271 -0.484375000000023 -0.2656249999993706 0
272 -0.4843750000000216 -0.2499999999993287 0
273 -0.4843750000000204 -0.2343749999992866 0
274 -0.4843750000000189 -0.2187499999992448 0
275 -0.4843750000000175 -0.2031249999992027 0
276 -0.4843750000000162 -0.1874999999991609 0
277 -0.4843750000000149 -0.171874999999119 0
278 -0.4843750000000134 -0.156249999999077 0
279 -0.4843750000000123 -0.1406249999990349 0
280 -0.4843750000000107 -0.1249999999989931 0
281 -0.4843750000000094 -0.109374999998951 0
282 -0.4843750000000081 -0.09374999999890909 0
283 -0.4843750000000067 -0.07812499999886716 0
284 -0.4843750000000054 -0.06249999999882519 0
285 -0.484375000000004 -0.0468749999987832 0
286 -0.4843750000000027 -0.03124999999874123 0
287 -0.4843750000000013 -0.01562499999869937 0
288 -0.484375 1.332156607247725e-12 0
289 -0.4843749999999987 0.01562500000130088 0
290 -0.4843749999999972 0.03125000000125885 0
291 -0.4843749999999959 0.04687500000121694 0
292 -0.4843749999999946 0.06250000000117495 0
293 -0.4843749999999933 0.07812500000113298 0
294 -0.4843749999999918 0.09375000000109099 0
295 -0.4843749999999905 0.109375000001049 0
296 -0.4843749999999891 0.1250000000010071 0
297 -0.4843749999999878 0.1406250000009652 0
298 -0.4843749999999865 0.1562500000009232 0
299 -0.484374999999985 0.1718750000008813 0
300 -0.4843749999999837 0.1875000000008395 0
301 -0.4843749999999823 0.2031250000007976 0
302 -0.484374999999981 0.2187500000007556 0
303 -0.4843749999999796 0.2343750000007137 0
304 -0.4843749999999782 0.2500000000006717 0
305 -0.4843749999999769 0.2656250000006297 0
306 -0.4843749999999756 0.2812500000005878 0
307 -0.4843749999999742 0.2968750000005458 0
308 -0.4843749999999728 0.3125000000005038 0
309 -0.4843749999999715 0.3281250000004619 0
310 -0.4843749999999701 0.3437500000004199 0
311 -0.4843749999999688 0.3593750000003777 0
312 -0.4843749999999675 0.3750000000003358 0
313 -0.484374999999966 0.3906250000002939 0
314 -0.4843749999999647 0.406250000000252 0
315 -0.4843749999999634 0.4218750000002099 0
316 -0.484374999999962 0.437500000000168 0
317 -0.4843749999999607 0.453125000000126 0
318 -0.4843749999999592 0.468750000000084 0
319 -0.4843749999999579 0.4843750000000421 0
320 -0.4687500000000839 -0.4843749999999594 0
321 -0.4687500000000813 -0.4687499999999187 0
322 -0.4687500000000784 -0.453124999999878 0
323 -0.4687500000000759 -0.4374999999998374 0
324 -0.4687500000000732 -0.4218749999997968 0
325 -0.4687500000000704 -0.4062499999997564 0
326 -0.4687500000000677 -0.3906249999997158 0
327 -0.468750000000065 -0.3749999999996752 0
328 -0.4687500000000623 -0.3593749999996345 0
329 -0.4687500000000596 -0.3437499999995939 0
330 -0.4687500000000568 -0.3281249999995532 0
331 -0.4687500000000541 -0.3124999999995126 0
332 -0.4687500000000514 -0.2968749999994721 0
333 -0.4687500000000487 -0.2812499999994315 0
334 -0.4687500000000461 -0.2656249999993909 0
335 -0.4687500000000434 -0.2499999999993502 0
336 -0.4687500000000406 -0.2343749999993097 0
337 -0.4687500000000379 -0.2187499999992691 0
338 -0.4687500000000352 -0.2031249999992285 0
339 -0.4687500000000324 -0.187499999999188 0
340 -0.4687500000000298 -0.1718749999991474 0
341 -0.468750000000027 -0.1562499999991067 0
342 -0.4687500000000244 -0.1406249999990663 0
343 -0.4687500000000216 -0.1249999999990254 0
344 -0.4687500000000189 -0.1093749999989848 0
345 -0.4687500000000162 -0.0937499999989444 0
346 -0.4687500000000135 -0.07812499999890377 0
347 -0.4687500000000108 -0.0624999999988631 0
348 -0.4687500000000083 -0.04687499999882247 0
349 -0.4687500000000054 -0.03124999999878189 0
350 -0.4687500000000027 -0.01562499999874126 0
351 -0.46875 1.289190976194732e-12 0
352 -0.4687499999999972 0.01562500000125863 0
353 -0.4687499999999946 0.03125000000121825 0
354 -0.4687499999999919 0.04687500000117761 0
355 -0.4687499999999891 0.06250000000113698 0
356 -0.4687499999999865 0.07812500000109654 0
357 -0.4687499999999837 0.09375000000105596 0
358 -0.468749999999981 0.1093750000010153 0
359 -0.4687499999999784 0.1250000000009746 0
360 -0.4687499999999756 0.1406250000009339 0
361 -0.468749999999973 0.1562500000008935 0
362 -0.4687499999999701 0.1718750000008529 0
363 -0.4687499999999675 0.1875000000008125 0
364 -0.4687499999999648 0.2031250000007718 0
365 -0.468749999999962 0.2187500000007312 0
366 -0.4687499999999594 0.2343750000006906 0
367 -0.4687499999999566 0.2500000000006499 0
368 -0.4687499999999539 0.2656250000006093 0
369 -0.4687499999999513 0.2812500000005687 0
370 -0.4687499999999484 0.296875000000528 0
371 -0.4687499999999458 0.3125000000004874 0
372 -0.468749999999943 0.3281250000004468 0
373 -0.4687499999999403 0.3437500000004061 0
374 -0.4687499999999377 0.3593750000003655 0
375 -0.4687499999999349 0.375000000000325 0
376 -0.4687499999999323 0.3906250000002841 0
377 -0.4687499999999295 0.4062500000002437 0
378 -0.4687499999999268 0.4218750000002029 0
379 -0.4687499999999242 0.4375000000001623 0
380 -0.4687499999999214 0.4531250000001221 0
381 -0.4687499999999187 0.468750000000081 0
382 -0.468749999999916 0.4843750000000407 0
383 -0.4531250000001259 -0.4843749999999607 0
384 -0.4531250000001219 -0.4687499999999214 0
385 -0.4531250000001179 -0.4531249999998821 0
386 -0.4531250000001138 -0.437499999999843 0
387 -0.4531250000001097 -0.4218749999998037 0
388 -0.4531250000001056 -0.4062499999997644 0
389 -0.4531250000001014 -0.3906249999997253 0
390 -0.4531250000000975 -0.374999999999686 0
391 -0.4531250000000935 -0.3593749999996466 0
392 -0.4531250000000894 -0.3437499999996074 0
393 -0.4531250000000853 -0.3281249999995681 0
394 -0.4531250000000813 -0.3124999999995289 0
395 -0.4531250000000772 -0.2968749999994897 0
396 -0.4531250000000732 -0.2812499999994504 0
397 -0.4531250000000692 -0.2656249999994112 0
398 -0.4531250000000649 -0.2499999999993721 0
399 -0.453125000000061 -0.2343749999993328 0
400 -0.4531250000000568 -0.2187499999992936 0
401 -0.4531250000000527 -0.2031249999992542 0
402 -0.4531250000000487 -0.187499999999215 0
403 -0.4531250000000446 -0.1718749999991758 0
404 -0.4531250000000406 -0.1562499999991366 0
405 -0.4531250000000365 -0.1406249999990973 0
406 -0.4531250000000325 -0.124999999999058 0
407 -0.4531250000000285 -0.1093749999990188 0
408 -0.4531250000000245 -0.09374999999897951 0
409 -0.4531250000000203 -0.07812499999894018 0
410 -0.4531250000000161 -0.06249999999890099 0
411 -0.4531250000000121 -0.04687499999886183 0
412 -0.4531250000000081 -0.0312499999988225 0
413 -0.453125000000004 -0.01562499999878317 0
414 -0.453125 1.246308611868585e-12 0
415 -0.4531249999999959 0.01562500000121692 0
416 -0.4531249999999919 0.03125000000117761 0
417 -0.4531249999999878 0.04687500000113831 0
418 -0.4531249999999838 0.06250000000109898 0
419 -0.4531249999999797 0.0781250000010599 0
420 -0.4531249999999756 0.09375000000102066 0
421 -0.4531249999999716 0.1093750000009815 0
422 -0.4531249999999675 0.1250000000009422 0
423 -0.4531249999999634 0.1406250000009028 0
424 -0.4531249999999594 0.1562500000008635 0
425 -0.4531249999999553 0.1718750000008245 0
426 -0.4531249999999513 0.1875000000007853 0
427 -0.4531249999999472 0.2031250000007461 0
428 -0.4531249999999432 0.2187500000007067 0
429 -0.453124999999939 0.2343750000006675 0
430 -0.4531249999999349 0.2500000000006284 0
431 -0.4531249999999309 0.2656250000005891 0
432 -0.4531249999999268 0.2812500000005498 0
433 -0.4531249999999228 0.2968750000005105 0
434 -0.4531249999999187 0.3125000000004712 0
435 -0.4531249999999147 0.3281250000004318 0
436 -0.4531249999999106 0.3437500000003926 0
437 -0.4531249999999065 0.3593750000003533 0
438 -0.4531249999999025 0.3750000000003142 0
439 -0.4531249999998984 0.3906250000002749 0
440 -0.4531249999998943 0.4062500000002356 0
441 -0.4531249999998903 0.4218750000001963 0
442 -0.4531249999998861 0.437500000000157 0
443 -0.4531249999998822 0.4531250000001177 0
444 -0.4531249999998781 0.4687500000000784 0
445 -0.4531249999998742 0.4843750000000391 0
446 -0.4375000000001678 -0.4843749999999619 0
447 -0.4375000000001625 -0.4687499999999242 0
448 -0.4375000000001571 -0.4531249999998862 0
449 -0.4375000000001517 -0.4374999999998483 0
450 -0.4375000000001462 -0.4218749999998105 0
451 -0.4375000000001408 -0.4062499999997726 0
452 -0.4375000000001354 -0.3906249999997347 0
453 -0.4375000000001299 -0.3749999999996968 0
454 -0.4375000000001246 -0.3593749999996588 0
455 -0.437500000000119 -0.343749999999621 0
456 -0.4375000000001136 -0.328124999999583 0
457 -0.4375000000001082 -0.3124999999995453 0
458 -0.4375000000001029 -0.2968749999995073 0
459 -0.4375000000000975 -0.2812499999994694 0
460 -0.437500000000092 -0.2656249999994316 0
461 -0.4375000000000866 -0.2499999999993936 0
462 -0.4375000000000812 -0.2343749999993558 0
463 -0.4375000000000758 -0.2187499999993179 0
464 -0.4375000000000704 -0.20312499999928 0
465 -0.4375000000000649 -0.187499999999242 0
466 -0.4375000000000595 -0.1718749999992042 0
467 -0.4375000000000542 -0.1562499999991665 0
468 -0.4375000000000487 -0.1406249999991285 0
469 -0.4375000000000433 -0.1249999999990905 0
470 -0.4375000000000379 -0.1093749999990525 0
471 -0.4375000000000325 -0.09374999999901476 0
472 -0.4375000000000271 -0.07812499999897682 0
473 -0.4375000000000216 -0.06249999999893885 0
474 -0.4375000000000162 -0.04687499999890096 0
475 -0.4375000000000109 -0.03124999999886313 0
476 -0.4375000000000054 -0.01562499999882519 0
477 -0.4375 1.203259714088745e-12 0
478 -0.4374999999999946 0.01562500000117473 0
479 -0.4374999999999891 0.03125000000113695 0
480 -0.4374999999999838 0.04687500000109923 0
481 -0.4374999999999784 0.06250000000106126 0
482 -0.4374999999999729 0.07812500000102329 0
483 -0.4374999999999675 0.09375000000098535 0
484 -0.437499999999962 0.1093750000009476 0
485 -0.4374999999999567 0.1250000000009096 0
486 -0.4374999999999513 0.1406250000008717 0
487 -0.4374999999999458 0.1562500000008338 0
488 -0.4374999999999404 0.171875000000796 0
489 -0.4374999999999349 0.1875000000007583 0
490 -0.4374999999999296 0.2031250000007203 0
491 -0.4374999999999242 0.2187500000006823 0
492 -0.4374999999999187 0.2343750000006446 0
493 -0.4374999999999135 0.2500000000006066 0
494 -0.437499999999908 0.2656250000005689 0
495 -0.4374999999999025 0.2812500000005309 0
496 -0.4374999999998971 0.2968750000004929 0
497 -0.4374999999998916 0.312500000000455 0
498 -0.4374999999998864 0.328125000000417 0
499 -0.4374999999998809 0.343750000000379 0
500 -0.4374999999998754 0.3593750000003411 0
501 -0.4374999999998699 0.3750000000003034 0
502 -0.4374999999998646 0.3906250000002655 0
503 -0.4374999999998592 0.4062500000002275 0
504 -0.4374999999998538 0.4218750000001895 0
505 -0.4374999999998483 0.4375000000001515 0
506 -0.4374999999998429 0.4531250000001139 0
507 -0.4374999999998376 0.4687500000000756 0
508 -0.4374999999998322 0.4843750000000379 0
509 -0.4218750000002098 -0.4843749999999634 0
510 -0.421875000000203 -0.4687499999999269 0
511 -0.4218750000001963 -0.4531249999998903 0
512 -0.4218750000001895 -0.4374999999998537 0
513 -0.4218750000001827 -0.4218749999998173 0
514 -0.4218750000001761 -0.4062499999997807 0
515 -0.4218750000001693 -0.3906249999997443 0
516 -0.4218750000001625 -0.3749999999997076 0
517 -0.4218750000001557 -0.3593749999996711 0
518 -0.4218750000001491 -0.3437499999996345 0
519 -0.4218750000001422 -0.328124999999598 0
520 -0.4218750000001353 -0.3124999999995616 0
521 -0.4218750000001285 -0.296874999999525 0
522 -0.421875000000122 -0.2812499999994884 0
523 -0.4218750000001152 -0.2656249999994518 0
524 -0.4218750000001084 -0.2499999999994154 0
525 -0.4218750000001014 -0.2343749999993788 0
526 -0.4218750000000948 -0.2187499999993422 0
527 -0.4218750000000879 -0.2031249999993057 0
528 -0.4218750000000813 -0.1874999999992692 0
529 -0.4218750000000745 -0.1718749999992326 0
530 -0.4218750000000677 -0.1562499999991962 0
531 -0.421875000000061 -0.1406249999991595 0
532 -0.4218750000000542 -0.1249999999991229 0
533 -0.4218750000000474 -0.1093749999990865 0
534 -0.4218750000000406 -0.09374999999904987 0
535 -0.4218750000000338 -0.07812499999901348 0
536 -0.4218750000000271 -0.06249999999897682 0
537 -0.4218750000000203 -0.04687499999894029 0
538 -0.4218750000000135 -0.03124999999890377 0
539 -0.4218750000000068 -0.01562499999886713 0
540 -0.421875 1.160294083035751e-12 0
541 -0.4218749999999932 0.01562500000113295 0
542 -0.4218749999999865 0.03125000000109635 0
543 -0.4218749999999797 0.04687500000105971 0
544 -0.4218749999999729 0.06250000000102329 0
545 -0.4218749999999661 0.07812500000098691 0
546 -0.4218749999999594 0.09375000000095024 0
547 -0.4218749999999526 0.1093750000009136 0
548 -0.4218749999999458 0.1250000000008772 0
549 -0.421874999999939 0.1406250000008407 0
550 -0.4218749999999322 0.156250000000804 0
551 -0.4218749999999256 0.1718750000007676 0
552 -0.4218749999999187 0.1875000000007312 0
553 -0.4218749999999121 0.2031250000006946 0
554 -0.4218749999999052 0.2187500000006579 0
555 -0.4218749999998986 0.2343750000006215 0
556 -0.4218749999998916 0.2500000000005851 0
557 -0.421874999999885 0.2656250000005485 0
558 -0.4218749999998781 0.2812500000005118 0
559 -0.4218749999998714 0.2968750000004752 0
560 -0.4218749999998646 0.3125000000004388 0
561 -0.4218749999998579 0.3281250000004021 0
562 -0.4218749999998511 0.3437500000003657 0
563 -0.4218749999998443 0.359375000000329 0
564 -0.4218749999998376 0.3750000000002923 0
565 -0.4218749999998308 0.3906250000002557 0
566 -0.421874999999824 0.4062500000002193 0
567 -0.4218749999998173 0.4218750000001829 0
568 -0.4218749999998105 0.4375000000001462 0
569 -0.4218749999998037 0.4531250000001096 0
570 -0.4218749999997969 0.4687500000000729 0
571 -0.4218749999997902 0.4843750000000365 0
572 -0.406250000000252 -0.4843749999999646 0
573 -0.4062500000002437 -0.4687499999999296 0
574 -0.4062500000002356 -0.4531249999998943 0
575 -0.4062500000002275 -0.4374999999998592 0
576 -0.4062500000002194 -0.4218749999998239 0
577 -0.4062500000002112 -0.4062499999997888 0
578 -0.4062500000002031 -0.3906249999997536 0
579 -0.406250000000195 -0.3749999999997184 0
580 -0.4062500000001869 -0.3593749999996831 0
581 -0.4062500000001786 -0.3437499999996481 0
582 -0.4062500000001706 -0.3281249999996129 0
583 -0.4062500000001624 -0.3124999999995777 0
584 -0.4062500000001543 -0.2968749999995425 0
585 -0.4062500000001462 -0.2812499999995073 0
586 -0.4062500000001381 -0.2656249999994722 0
587 -0.4062500000001299 -0.2499999999994369 0
588 -0.406250000000122 -0.2343749999994018 0
589 -0.4062500000001137 -0.2187499999993666 0
590 -0.4062500000001056 -0.2031249999993314 0
591 -0.4062500000000975 -0.1874999999992963 0
592 -0.4062500000000894 -0.171874999999261 0
593 -0.4062500000000813 -0.156249999999226 0
594 -0.4062500000000731 -0.1406249999991906 0
595 -0.4062500000000651 -0.1249999999991556 0
596 -0.4062500000000568 -0.1093749999991203 0
597 -0.4062500000000487 -0.09374999999908518 0
598 -0.4062500000000406 -0.07812499999904987 0
599 -0.4062500000000325 -0.06249999999901482 0
600 -0.4062500000000244 -0.04687499999897948 0
601 -0.4062500000000162 -0.03124999999894437 0
602 -0.4062500000000081 -0.01562499999890923 0
603 -0.40625 1.117328451982758e-12 0
604 -0.4062499999999919 0.01562500000109102 0
605 -0.4062499999999838 0.03125000000105591 0
606 -0.4062499999999756 0.0468750000010206 0
607 -0.4062499999999675 0.06250000000098532 0
608 -0.4062499999999594 0.07812500000095024 0
609 -0.4062499999999513 0.09375000000091513 0
610 -0.4062499999999432 0.1093750000008799 0
611 -0.4062499999999351 0.1250000000008445 0
612 -0.4062499999999269 0.1406250000008095 0
613 -0.4062499999999187 0.1562500000007742 0
614 -0.4062499999999107 0.1718750000007392 0
615 -0.4062499999999025 0.1875000000007041 0
616 -0.4062499999998944 0.2031250000006688 0
617 -0.4062499999998863 0.2187500000006337 0
618 -0.4062499999998782 0.2343750000005986 0
619 -0.4062499999998701 0.2500000000005633 0
620 -0.4062499999998618 0.265625000000528 0
621 -0.4062499999998538 0.2812500000004929 0
622 -0.4062499999998457 0.2968750000004579 0
623 -0.4062499999998376 0.3125000000004226 0
624 -0.4062499999998295 0.3281250000003872 0
625 -0.4062499999998213 0.343750000000352 0
626 -0.4062499999998133 0.3593750000003169 0
627 -0.406249999999805 0.3750000000002817 0
628 -0.4062499999997969 0.3906250000002464 0
629 -0.4062499999997888 0.4062500000002111 0
630 -0.4062499999997807 0.421875000000176 0
631 -0.4062499999997727 0.4375000000001409 0
632 -0.4062499999997644 0.4531250000001056 0
633 -0.4062499999997565 0.4687500000000703 0
634 -0.4062499999997482 0.4843750000000352 0
635 -0.3906250000002938 -0.484374999999966 0
636 -0.3906250000002842 -0.4687499999999323 0
637 -0.3906250000002749 -0.4531249999998984 0
638 -0.3906250000002653 -0.4374999999998646 0
639 -0.3906250000002558 -0.4218749999998308 0
640 -0.3906250000002464 -0.4062499999997969 0
641 -0.390625000000237 -0.3906249999997631 0
642 -0.3906250000002274 -0.3749999999997292 0
643 -0.3906250000002179 -0.3593749999996954 0
644 -0.3906250000002085 -0.3437499999996616 0
645 -0.3906250000001991 -0.3281249999996277 0
646 -0.3906250000001896 -0.3124999999995939 0
647 -0.3906250000001801 -0.2968749999995601 0
648 -0.3906250000001706 -0.2812499999995263 0
649 -0.3906250000001611 -0.2656249999994924 0
650 -0.3906250000001516 -0.2499999999994587 0
651 -0.3906250000001421 -0.2343749999994247 0
652 -0.3906250000001327 -0.2187499999993909 0
653 -0.3906250000001232 -0.2031249999993571 0
654 -0.3906250000001137 -0.1874999999993234 0
655 -0.3906250000001042 -0.1718749999992895 0
656 -0.3906250000000948 -0.1562499999992557 0
657 -0.3906250000000852 -0.1406249999992218 0
658 -0.3906250000000758 -0.124999999999188 0
659 -0.3906250000000664 -0.109374999999154 0
660 -0.3906250000000568 -0.09374999999912029 0
661 -0.3906250000000474 -0.07812499999908651 0
662 -0.3906250000000379 -0.06249999999905254 0
663 -0.3906250000000284 -0.04687499999901878 0
664 -0.390625000000019 -0.03124999999898492 0
665 -0.3906250000000095 -0.01562499999895109 0
666 -0.390625 1.074362820929764e-12 0
667 -0.3906249999999906 0.01562500000104908 0
668 -0.390624999999981 0.0312500000010151 0
669 -0.3906249999999716 0.04687500000098133 0
670 -0.3906249999999621 0.06250000000094755 0
671 -0.3906249999999527 0.0781250000009136 0
672 -0.3906249999999432 0.09375000000087996 0
673 -0.3906249999999337 0.109375000000846 0
674 -0.3906249999999243 0.125000000000812 0
675 -0.3906249999999147 0.1406250000007785 0
676 -0.3906249999999053 0.1562500000007444 0
677 -0.3906249999998959 0.1718750000007107 0
678 -0.3906249999998863 0.1875000000006769 0
679 -0.3906249999998769 0.2031250000006431 0
680 -0.3906249999998675 0.2187500000006094 0
681 -0.3906249999998579 0.2343750000005754 0
682 -0.3906249999998483 0.2500000000005417 0
683 -0.3906249999998389 0.2656250000005079 0
684 -0.3906249999998295 0.281250000000474 0
685 -0.3906249999998199 0.29687500000044 0
686 -0.3906249999998105 0.3125000000004062 0
687 -0.390624999999801 0.3281250000003724 0
688 -0.3906249999997914 0.3437500000003386 0
689 -0.3906249999997821 0.3593750000003046 0
690 -0.3906249999997726 0.3750000000002709 0
691 -0.3906249999997631 0.3906250000002369 0
692 -0.3906249999997536 0.4062500000002029 0
693 -0.3906249999997442 0.4218750000001689 0
694 -0.3906249999997347 0.4375000000001354 0
695 -0.3906249999997252 0.4531250000001015 0
696 -0.3906249999997158 0.4687500000000675 0
697 -0.3906249999997062 0.4843750000000339 0
698 -0.3750000000003357 -0.4843749999999674 0
699 -0.3750000000003249 -0.468749999999935 0
700 -0.3750000000003141 -0.4531249999999025 0
701 -0.3750000000003034 -0.43749999999987 0
702 -0.3750000000002924 -0.4218749999998376 0
703 -0.3750000000002816 -0.406249999999805 0
704 -0.3750000000002708 -0.3906249999997726 0
705 -0.3750000000002601 -0.3749999999997402 0
706 -0.375000000000249 -0.3593749999997076 0
707 -0.3750000000002384 -0.3437499999996751 0
708 -0.3750000000002274 -0.3281249999996426 0
709 -0.3750000000002166 -0.3124999999996101 0
710 -0.3750000000002058 -0.2968749999995777 0
711 -0.375000000000195 -0.2812499999995453 0
712 -0.3750000000001843 -0.2656249999995127 0
713 -0.3750000000001733 -0.2499999999994802 0
714 -0.3750000000001626 -0.2343749999994478 0
715 -0.3750000000001517 -0.2187499999994154 0
716 -0.3750000000001408 -0.2031249999993829 0
717 -0.3750000000001301 -0.1874999999993504 0
718 -0.3750000000001191 -0.1718749999993179 0
719 -0.3750000000001084 -0.1562499999992853 0
720 -0.3750000000000975 -0.1406249999992531 0
721 -0.3750000000000867 -0.1249999999992204 0
722 -0.3750000000000758 -0.109374999999188 0
723 -0.3750000000000651 -0.09374999999915559 0
724 -0.3750000000000542 -0.07812499999912295 0
725 -0.3750000000000434 -0.06249999999909048 0
726 -0.3750000000000325 -0.04687499999905811 0
727 -0.3750000000000216 -0.03124999999902559 0
728 -0.3750000000000109 -0.015624999998993 0
729 -0.375 1.031369434301155e-12 0
730 -0.3749999999999892 0.01562500000100708 0
731 -0.3749999999999785 0.03125000000097469 0
732 -0.3749999999999676 0.04687500000094202 0
733 -0.3749999999999567 0.06250000000090963 0
734 -0.3749999999999459 0.07812500000087708 0
735 -0.3749999999999351 0.09375000000084444 0
736 -0.3749999999999243 0.1093750000008121 0
737 -0.3749999999999134 0.1250000000007797 0
738 -0.3749999999999025 0.1406250000007472 0
739 -0.3749999999998918 0.1562500000007148 0
740 -0.374999999999881 0.1718750000006821 0
741 -0.3749999999998701 0.1875000000006499 0
742 -0.3749999999998592 0.2031250000006173 0
743 -0.3749999999998485 0.2187500000005851 0
744 -0.3749999999998375 0.2343750000005524 0
745 -0.3749999999998269 0.25000000000052 0
746 -0.3749999999998159 0.2656250000004876 0
747 -0.374999999999805 0.281250000000455 0
748 -0.3749999999997943 0.2968750000004226 0
749 -0.3749999999997836 0.3125000000003901 0
750 -0.3749999999997726 0.3281250000003575 0
751 -0.3749999999997617 0.3437500000003249 0
752 -0.374999999999751 0.3593750000002924 0
753 -0.3749999999997401 0.3750000000002599 0
754 -0.3749999999997293 0.3906250000002273 0
755 -0.3749999999997184 0.4062500000001951 0
756 -0.3749999999997077 0.4218750000001624 0
757 -0.3749999999996968 0.43750000000013 0
758 -0.374999999999686 0.4531250000000975 0
759 -0.3749999999996751 0.4687500000000649 0
760 -0.3749999999996642 0.4843750000000323 0
761 -0.3593750000003776 -0.4843749999999687 0
762 -0.3593750000003657 -0.4687499999999376 0
763 -0.3593750000003534 -0.4531249999999065 0
764 -0.3593750000003411 -0.4374999999998754 0
765 -0.3593750000003291 -0.4218749999998443 0
766 -0.3593750000003169 -0.4062499999998133 0
767 -0.3593750000003046 -0.3906249999997821 0
768 -0.3593750000002923 -0.374999999999751 0
769 -0.3593750000002802 -0.3593749999997198 0
770 -0.3593750000002681 -0.3437499999996887 0
771 -0.3593750000002559 -0.3281249999996575 0
772 -0.3593750000002437 -0.3124999999996264 0
773 -0.3593750000002315 -0.2968749999995953 0
774 -0.3593750000002193 -0.2812499999995641 0
775 -0.3593750000002072 -0.265624999999533 0
776 -0.359375000000195 -0.249999999999502 0
777 -0.3593750000001827 -0.2343749999994709 0
778 -0.3593750000001705 -0.2187499999994397 0
779 -0.3593750000001584 -0.2031249999994087 0
780 -0.3593750000001463 -0.1874999999993776 0
781 -0.3593750000001341 -0.1718749999993461 0
782 -0.3593750000001219 -0.1562499999993152 0
783 -0.3593750000001097 -0.1406249999992842 0
784 -0.3593750000000975 -0.1249999999992528 0
785 -0.3593750000000852 -0.1093749999992217 0
786 -0.3593750000000732 -0.09374999999919068 0
787 -0.359375000000061 -0.07812499999915956 0
788 -0.3593750000000487 -0.06249999999912836 0
789 -0.3593750000000366 -0.04687499999909728 0
790 -0.3593750000000244 -0.03124999999906608 0
791 -0.3593750000000122 -0.01562499999903499 0
792 -0.359375 9.883205365213144e-13 0
793 -0.3593749999999878 0.01562500000096512 0
794 -0.3593749999999756 0.03125000000093378 0
795 -0.3593749999999635 0.04687500000090294 0
796 -0.3593749999999513 0.06250000000087164 0
797 -0.3593749999999392 0.07812500000084052 0
798 -0.3593749999999269 0.09375000000080946 0
799 -0.3593749999999147 0.1093750000007782 0
800 -0.3593749999999025 0.1250000000007473 0
801 -0.3593749999998903 0.1406250000007161 0
802 -0.3593749999998781 0.156250000000685 0
803 -0.359374999999866 0.1718750000006537 0
804 -0.3593749999998538 0.1875000000006228 0
805 -0.3593749999998417 0.2031250000005917 0
806 -0.3593749999998295 0.2187500000005607 0
807 -0.3593749999998173 0.2343750000005294 0
808 -0.359374999999805 0.2500000000004985 0
809 -0.3593749999997928 0.2656250000004672 0
810 -0.3593749999997806 0.2812500000004359 0
811 -0.3593749999997685 0.296875000000405 0
812 -0.3593749999997563 0.3125000000003737 0
813 -0.3593749999997441 0.3281250000003426 0
814 -0.359374999999732 0.3437500000003115 0
815 -0.3593749999997198 0.3593750000002802 0
816 -0.3593749999997076 0.3750000000002492 0
817 -0.3593749999996954 0.3906250000002179 0
818 -0.3593749999996831 0.4062500000001869 0
819 -0.359374999999671 0.4218750000001558 0
820 -0.3593749999996588 0.4375000000001245 0
821 -0.3593749999996466 0.4531250000000936 0
822 -0.3593749999996345 0.4687500000000623 0
823 -0.3593749999996223 0.484375000000031 0
824 -0.3437500000004198 -0.4843749999999701 0
825 -0.3437500000004063 -0.4687499999999403 0
826 -0.3437500000003928 -0.4531249999999105 0
827 -0.3437500000003791 -0.4374999999998808 0
828 -0.3437500000003657 -0.421874999999851 0
829 -0.3437500000003522 -0.4062499999998212 0
830 -0.3437500000003385 -0.3906249999997915 0
831 -0.3437500000003249 -0.3749999999997617 0
832 -0.3437500000003114 -0.3593749999997319 0
833 -0.3437500000002979 -0.3437499999997022 0
834 -0.3437500000002844 -0.3281249999996724 0
835 -0.3437500000002708 -0.3124999999996428 0
836 -0.3437500000002572 -0.296874999999613 0
837 -0.3437500000002437 -0.2812499999995831 0
838 -0.3437500000002302 -0.2656249999995534 0
839 -0.3437500000002167 -0.2499999999995237 0
840 -0.3437500000002031 -0.2343749999994939 0
841 -0.3437500000001896 -0.2187499999994642 0
842 -0.3437500000001761 -0.2031249999994344 0
843 -0.3437500000001625 -0.1874999999994047 0
844 -0.343750000000149 -0.1718749999993747 0
845 -0.3437500000001354 -0.1562499999993449 0
846 -0.3437500000001219 -0.1406249999993152 0
847 -0.3437500000001083 -0.1249999999992855 0
848 -0.3437500000000948 -0.1093749999992556 0
849 -0.3437500000000813 -0.09374999999922573 0
850 -0.3437500000000677 -0.07812499999919598 0
851 -0.3437500000000542 -0.06249999999916622 0
852 -0.3437500000000406 -0.04687499999913647 0
853 -0.3437500000000271 -0.03124999999910671 0
854 -0.3437500000000135 -0.01562499999907696 0
855 -0.34375 9.453826610439364e-13 0
856 -0.3437499999999865 0.01562500000092312 0
857 -0.3437499999999729 0.0312500000008934 0
858 -0.3437499999999594 0.04687500000086345 0
859 -0.3437499999999458 0.06250000000083386 0
860 -0.3437499999999324 0.07812500000080391 0
861 -0.3437499999999187 0.09375000000077438 0
862 -0.3437499999999052 0.1093750000007444 0
863 -0.3437499999998918 0.1250000000007148 0
864 -0.3437499999998782 0.140625000000685 0
865 -0.3437499999998647 0.1562500000006553 0
866 -0.3437499999998511 0.1718750000006255 0
867 -0.3437499999998376 0.1875000000005957 0
868 -0.343749999999824 0.2031250000005662 0
869 -0.3437499999998105 0.2187500000005363 0
870 -0.3437499999997969 0.2343750000005065 0
871 -0.3437499999997835 0.2500000000004767 0
872 -0.3437499999997699 0.2656250000004468 0
873 -0.3437499999997563 0.281250000000417 0
874 -0.3437499999997429 0.2968750000003872 0
875 -0.3437499999997293 0.3125000000003575 0
876 -0.3437499999997158 0.3281250000003277 0
877 -0.3437499999997022 0.3437500000002978 0
878 -0.3437499999996887 0.359375000000268 0
879 -0.3437499999996751 0.3750000000002381 0
880 -0.3437499999996616 0.3906250000002084 0
881 -0.3437499999996481 0.4062500000001786 0
882 -0.3437499999996345 0.4218750000001489 0
883 -0.343749999999621 0.4375000000001191 0
884 -0.3437499999996074 0.4531250000000894 0
885 -0.3437499999995939 0.4687500000000596 0
886 -0.3437499999995803 0.4843750000000296 0
887 -0.3281250000004616 -0.4843749999999715 0
888 -0.3281250000004469 -0.468749999999943 0
889 -0.3281250000004321 -0.4531249999999147 0
890 -0.3281250000004171 -0.4374999999998864 0
891 -0.3281250000004021 -0.4218749999998579 0
892 -0.3281250000003872 -0.4062499999998295 0
893 -0.3281250000003724 -0.390624999999801 0
894 -0.3281250000003576 -0.3749999999997726 0
895 -0.3281250000003426 -0.3593749999997441 0
896 -0.3281250000003278 -0.3437499999997156 0
897 -0.3281250000003127 -0.3281249999996874 0
898 -0.3281250000002979 -0.3124999999996589 0
899 -0.3281250000002831 -0.2968749999996305 0
900 -0.3281250000002681 -0.2812499999996021 0
901 -0.3281250000002534 -0.2656249999995737 0
902 -0.3281250000002384 -0.2499999999995453 0
903 -0.3281250000002233 -0.2343749999995168 0
904 -0.3281250000002084 -0.2187499999994885 0
905 -0.3281250000001935 -0.2031249999994602 0
906 -0.3281250000001787 -0.1874999999994318 0
907 -0.3281250000001639 -0.1718749999994031 0
908 -0.328125000000149 -0.1562499999993747 0
909 -0.3281250000001341 -0.1406249999993466 0
910 -0.3281250000001192 -0.1249999999993179 0
911 -0.3281250000001042 -0.1093749999992895 0
912 -0.3281250000000895 -0.09374999999926106 0
913 -0.3281250000000746 -0.07812499999923253 0
914 -0.3281250000000596 -0.06249999999920419 0
915 -0.3281250000000447 -0.04687499999917577 0
916 -0.3281250000000299 -0.03124999999914735 0
917 -0.328125000000015 -0.01562499999911893 0
918 -0.328125 9.023892744153272e-13 0
919 -0.3281249999999851 0.01562500000088121 0
920 -0.3281249999999702 0.03125000000085279 0
921 -0.3281249999999554 0.04687500000082434 0
922 -0.3281249999999405 0.06250000000079592 0
923 -0.3281249999999256 0.0781250000007675 0
924 -0.3281249999999107 0.09375000000073908 0
925 -0.3281249999998959 0.1093750000007107 0
926 -0.3281249999998809 0.1250000000006825 0
927 -0.328124999999866 0.1406250000006539 0
928 -0.3281249999998511 0.1562500000006255 0
929 -0.3281249999998362 0.1718750000005971 0
930 -0.3281249999998214 0.1875000000005687 0
931 -0.3281249999998064 0.2031250000005403 0
932 -0.3281249999997914 0.2187500000005118 0
933 -0.3281249999997766 0.2343750000004834 0
934 -0.3281249999997617 0.250000000000455 0
935 -0.3281249999997469 0.2656250000004268 0
936 -0.328124999999732 0.2812500000003981 0
937 -0.3281249999997171 0.2968750000003697 0
938 -0.3281249999997022 0.3125000000003413 0
939 -0.3281249999996874 0.3281250000003126 0
940 -0.3281249999996724 0.3437500000002844 0
941 -0.3281249999996575 0.3593750000002558 0
942 -0.3281249999996426 0.3750000000002275 0
943 -0.3281249999996277 0.3906250000001988 0
944 -0.3281249999996129 0.4062500000001706 0
945 -0.328124999999598 0.421875000000142 0
946 -0.3281249999995829 0.4375000000001138 0
947 -0.3281249999995681 0.4531250000000854 0
948 -0.3281249999995532 0.468750000000057 0
949 -0.3281249999995384 0.4843750000000283 0
950 -0.3125000000005038 -0.4843749999999727 0
951 -0.3125000000004875 -0.4687499999999458 0
952 -0.3125000000004712 -0.4531249999999188 0
953 -0.312500000000455 -0.4374999999998916 0
954 -0.3125000000004388 -0.4218749999998646 0
955 -0.3125000000004226 -0.4062499999998376 0
956 -0.3125000000004062 -0.3906249999998106 0
957 -0.31250000000039 -0.3749999999997835 0
958 -0.3125000000003736 -0.3593749999997564 0
959 -0.3125000000003575 -0.3437499999997292 0
960 -0.3125000000003413 -0.3281249999997022 0
961 -0.3125000000003249 -0.3124999999996751 0
962 -0.3125000000003088 -0.2968749999996481 0
963 -0.3125000000002925 -0.281249999999621 0
964 -0.3125000000002762 -0.265624999999594 0
965 -0.3125000000002601 -0.2499999999995668 0
966 -0.3125000000002438 -0.2343749999995398 0
967 -0.3125000000002277 -0.2187499999995127 0
968 -0.3125000000002113 -0.2031249999994858 0
969 -0.3125000000001951 -0.1874999999994587 0
970 -0.3125000000001787 -0.1718749999994316 0
971 -0.3125000000001625 -0.1562499999994044 0
972 -0.3125000000001464 -0.1406249999993777 0
973 -0.3125000000001301 -0.1249999999993503 0
974 -0.3125000000001137 -0.1093749999993232 0
975 -0.3125000000000976 -0.09374999999929631 0
976 -0.3125000000000813 -0.07812499999926922 0
977 -0.3125000000000651 -0.06249999999924211 0
978 -0.3125000000000488 -0.04687499999921507 0
979 -0.3125000000000326 -0.03124999999918801 0
980 -0.3125000000000164 -0.01562499999916089 0
981 -0.3125000000000001 8.592848654842555e-13 0
982 -0.3124999999999838 0.01562500000083919 0
983 -0.3124999999999676 0.0312500000008121 0
984 -0.3124999999999514 0.04687500000078523 0
985 -0.3124999999999352 0.06250000000075787 0
986 -0.3124999999999188 0.07812500000073111 0
987 -0.3124999999999026 0.0937500000007038 0
988 -0.3124999999998863 0.1093750000006769 0
989 -0.3124999999998701 0.1250000000006498 0
990 -0.312499999999854 0.1406250000006226 0
991 -0.3124999999998377 0.1562500000005957 0
992 -0.3124999999998214 0.1718750000005686 0
993 -0.312499999999805 0.1875000000005416 0
994 -0.3124999999997888 0.2031250000005148 0
995 -0.3124999999997726 0.2187500000004874 0
996 -0.3124999999997564 0.2343750000004605 0
997 -0.3124999999997402 0.2500000000004334 0
998 -0.3124999999997239 0.2656250000004063 0
999 -0.3124999999997075 0.2812500000003793 0
1000 -0.3124999999996914 0.2968750000003521 0
1001 -0.3124999999996751 0.3125000000003252 0
1002 -0.3124999999996589 0.3281250000002979 0
1003 -0.3124999999996428 0.3437500000002708 0
1004 -0.3124999999996264 0.3593750000002438 0
1005 -0.3124999999996101 0.3750000000002167 0
1006 -0.3124999999995939 0.3906250000001895 0
1007 -0.3124999999995777 0.4062500000001625 0
1008 -0.3124999999995615 0.4218750000001352 0
1009 -0.3124999999995453 0.4375000000001084 0
1010 -0.3124999999995289 0.453125000000081 0
1011 -0.3124999999995126 0.4687500000000542 0
1012 -0.3124999999994964 0.484375000000027 0
1013 -0.2968750000005458 -0.4843749999999742 0
1014 -0.2968750000005281 -0.4687499999999485 0
1015 -0.2968750000005104 -0.4531249999999228 0
1016 -0.2968750000004931 -0.4374999999998972 0
1017 -0.2968750000004752 -0.4218749999998715 0
1018 -0.2968750000004577 -0.4062499999998457 0
1019 -0.2968750000004401 -0.3906249999998199 0
1020 -0.2968750000004226 -0.3749999999997942 0
1021 -0.2968750000004048 -0.3593749999997685 0
1022 -0.2968750000003874 -0.3437499999997429 0
1023 -0.2968750000003697 -0.3281249999997171 0
1024 -0.2968750000003522 -0.3124999999996914 0
1025 -0.2968750000003347 -0.2968749999996657 0
1026 -0.2968750000003169 -0.2812499999996401 0
1027 -0.2968750000002993 -0.2656249999996143 0
1028 -0.2968750000002818 -0.2499999999995885 0
1029 -0.2968750000002641 -0.2343749999995628 0
1030 -0.2968750000002465 -0.2187499999995371 0
1031 -0.2968750000002289 -0.2031249999995115 0
1032 -0.2968750000002114 -0.1874999999994857 0
1033 -0.2968750000001938 -0.1718749999994599 0
1034 -0.296875000000176 -0.1562499999994345 0
1035 -0.2968750000001585 -0.1406249999994087 0
1036 -0.2968750000001409 -0.1249999999993829 0
1037 -0.2968750000001233 -0.1093749999993572 0
1038 -0.2968750000001057 -0.09374999999933145 0
1039 -0.2968750000000882 -0.07812499999930564 0
1040 -0.2968750000000705 -0.06249999999928002 0
1041 -0.296875000000053 -0.04687499999925426 0
1042 -0.2968750000000353 -0.03124999999922851 0
1043 -0.2968750000000178 -0.01562499999920286 0
1044 -0.2968750000000001 8.164857678849557e-13 0
1045 -0.2968749999999825 0.01562500000079722 0
1046 -0.2968749999999649 0.03125000000077152 0
1047 -0.2968749999999473 0.04687500000074574 0
1048 -0.2968749999999297 0.06250000000072017 0
1049 -0.2968749999999121 0.07812500000069444 0
1050 -0.2968749999998945 0.09375000000066869 0
1051 -0.296874999999877 0.1093750000006432 0
1052 -0.2968749999998593 0.1250000000006172 0
1053 -0.2968749999998417 0.1406250000005915 0
1054 -0.2968749999998241 0.156250000000566 0
1055 -0.2968749999998065 0.1718750000005402 0
1056 -0.2968749999997889 0.1875000000005145 0
1057 -0.2968749999997713 0.2031250000004889 0
1058 -0.2968749999997538 0.2187500000004632 0
1059 -0.2968749999997361 0.2343750000004374 0
1060 -0.2968749999997184 0.2500000000004117 0
1061 -0.2968749999997009 0.2656250000003859 0
1062 -0.2968749999996834 0.2812500000003602 0
1063 -0.2968749999996657 0.2968750000003346 0
1064 -0.2968749999996481 0.3125000000003089 0
1065 -0.2968749999996305 0.3281250000002829 0
1066 -0.2968749999996129 0.3437500000002573 0
1067 -0.2968749999995953 0.3593750000002314 0
1068 -0.2968749999995777 0.3750000000002057 0
1069 -0.2968749999995601 0.39062500000018 0
1070 -0.2968749999995425 0.4062500000001542 0
1071 -0.2968749999995248 0.4218750000001287 0
1072 -0.2968749999995073 0.4375000000001029 0
1073 -0.2968749999994898 0.4531250000000772 0
1074 -0.2968749999994721 0.4687500000000514 0
1075 -0.2968749999994544 0.4843750000000256 0
1076 -0.2812500000005878 -0.4843749999999756 0
1077 -0.2812500000005688 -0.4687499999999513 0
1078 -0.2812500000005497 -0.4531249999999269 0
1079 -0.2812500000005308 -0.4374999999999025 0
1080 -0.2812500000005119 -0.4218749999998781 0
1081 -0.2812500000004931 -0.4062499999998538 0
1082 -0.281250000000474 -0.3906249999998295 0
1083 -0.281250000000455 -0.374999999999805 0
1084 -0.2812500000004362 -0.3593749999997806 0
1085 -0.2812500000004172 -0.3437499999997563 0
1086 -0.2812500000003981 -0.3281249999997319 0
1087 -0.2812500000003791 -0.3124999999997076 0
1088 -0.2812500000003603 -0.2968749999996833 0
1089 -0.2812500000003412 -0.2812499999996589 0
1090 -0.2812500000003225 -0.2656249999996346 0
1091 -0.2812500000003033 -0.2499999999996103 0
1092 -0.2812500000002844 -0.2343749999995859 0
1093 -0.2812500000002655 -0.2187499999995615 0
1094 -0.2812500000002466 -0.2031249999995371 0
1095 -0.2812500000002277 -0.1874999999995128 0
1096 -0.2812500000002087 -0.1718749999994884 0
1097 -0.2812500000001896 -0.1562499999994643 0
1098 -0.2812500000001708 -0.1406249999994398 0
1099 -0.2812500000001518 -0.1249999999994154 0
1100 -0.2812500000001328 -0.1093749999993909 0
1101 -0.2812500000001139 -0.09374999999936673 0
1102 -0.2812500000000949 -0.07812499999934228 0
1103 -0.2812500000000759 -0.06249999999931791 0
1104 -0.2812500000000571 -0.04687499999929357 0
1105 -0.281250000000038 -0.03124999999926922 0
1106 -0.2812500000000191 -0.01562499999924483 0
1107 -0.2812500000000002 7.734923812563466e-13 0
1108 -0.2812499999999811 0.01562500000075531 0
1109 -0.2812499999999623 0.03125000000073086 0
1110 -0.2812499999999433 0.04687500000070666 0
1111 -0.2812499999999243 0.06250000000068223 0
1112 -0.2812499999999054 0.07812500000065778 0
1113 -0.2812499999998864 0.0937500000006336 0
1114 -0.2812499999998674 0.1093750000006092 0
1115 -0.2812499999998486 0.1250000000005847 0
1116 -0.2812499999998294 0.1406250000005604 0
1117 -0.2812499999998106 0.1562500000005362 0
1118 -0.2812499999997916 0.1718750000005118 0
1119 -0.2812499999997726 0.1875000000004874 0
1120 -0.2812499999997538 0.2031250000004632 0
1121 -0.2812499999997348 0.218750000000439 0
1122 -0.2812499999997158 0.2343750000004143 0
1123 -0.2812499999996969 0.2500000000003901 0
1124 -0.2812499999996779 0.2656250000003657 0
1125 -0.2812499999996589 0.2812500000003413 0
1126 -0.2812499999996401 0.2968750000003169 0
1127 -0.2812499999996211 0.3125000000002924 0
1128 -0.2812499999996021 0.3281250000002682 0
1129 -0.2812499999995831 0.3437500000002436 0
1130 -0.2812499999995641 0.3593750000002194 0
1131 -0.2812499999995453 0.3750000000001951 0
1132 -0.2812499999995263 0.3906250000001704 0
1133 -0.2812499999995073 0.4062500000001462 0
1134 -0.2812499999994884 0.4218750000001218 0
1135 -0.2812499999994694 0.4375000000000974 0
1136 -0.2812499999994504 0.4531250000000732 0
1137 -0.2812499999994316 0.4687500000000487 0
1138 -0.2812499999994126 0.4843750000000243 0
1139 -0.2656250000006297 -0.4843749999999769 0
1140 -0.2656250000006095 -0.4687499999999539 0
1141 -0.2656250000005891 -0.4531249999999309 0
1142 -0.2656250000005688 -0.4374999999999079 0
1143 -0.2656250000005485 -0.421874999999885 0
1144 -0.2656250000005281 -0.4062499999998618 0
1145 -0.2656250000005078 -0.390624999999839 0
1146 -0.2656250000004874 -0.3749999999998159 0
1147 -0.2656250000004672 -0.3593749999997928 0
1148 -0.265625000000447 -0.3437499999997698 0
1149 -0.2656250000004265 -0.3281249999997469 0
1150 -0.2656250000004064 -0.3124999999997238 0
1151 -0.265625000000386 -0.296874999999701 0
1152 -0.2656250000003658 -0.2812499999996779 0
1153 -0.2656250000003452 -0.2656249999996549 0
1154 -0.2656250000003251 -0.2499999999996318 0
1155 -0.2656250000003048 -0.2343749999996089 0
1156 -0.2656250000002844 -0.2187499999995859 0
1157 -0.2656250000002642 -0.203124999999563 0
1158 -0.2656250000002438 -0.1874999999995399 0
1159 -0.2656250000002235 -0.171874999999517 0
1160 -0.2656250000002032 -0.156249999999494 0
1161 -0.265625000000183 -0.1406249999994709 0
1162 -0.2656250000001626 -0.1249999999994477 0
1163 -0.2656250000001423 -0.1093749999994249 0
1164 -0.265625000000122 -0.0937499999994017 0
1165 -0.2656250000001017 -0.07812499999937872 0
1166 -0.2656250000000814 -0.06249999999935585 0
1167 -0.2656250000000611 -0.04687499999933276 0
1168 -0.2656250000000407 -0.03124999999930977 0
1169 -0.2656250000000204 -0.01562499999928676 0
1170 -0.2656250000000002 7.304989946277374e-13 0
1171 -0.2656249999999798 0.01562500000071329 0
1172 -0.2656249999999596 0.03125000000069045 0
1173 -0.2656249999999393 0.04687500000066713 0
1174 -0.265624999999919 0.06250000000064423 0
1175 -0.2656249999998985 0.07812500000062136 0
1176 -0.2656249999998783 0.0937500000005983 0
1177 -0.265624999999858 0.1093750000005752 0
1178 -0.2656249999998377 0.1250000000005523 0
1179 -0.2656249999998174 0.1406250000005294 0
1180 -0.2656249999997971 0.1562500000005062 0
1181 -0.2656249999997767 0.1718750000004832 0
1182 -0.2656249999997564 0.1875000000004603 0
1183 -0.2656249999997362 0.2031250000004374 0
1184 -0.2656249999997159 0.2187500000004145 0
1185 -0.2656249999996956 0.2343750000003915 0
1186 -0.2656249999996753 0.2500000000003684 0
1187 -0.2656249999996549 0.2656250000003455 0
1188 -0.2656249999996346 0.2812500000003224 0
1189 -0.2656249999996143 0.2968750000002993 0
1190 -0.265624999999594 0.3125000000002762 0
1191 -0.2656249999995737 0.3281250000002534 0
1192 -0.2656249999995534 0.3437500000002303 0
1193 -0.265624999999533 0.3593750000002072 0
1194 -0.2656249999995129 0.3750000000001839 0
1195 -0.2656249999994925 0.3906250000001611 0
1196 -0.2656249999994721 0.406250000000138 0
1197 -0.2656249999994518 0.421875000000115 0
1198 -0.2656249999994316 0.437500000000092 0
1199 -0.2656249999994112 0.4531250000000692 0
1200 -0.2656249999993909 0.4687500000000459 0
1201 -0.2656249999993706 0.484375000000023 0
1202 -0.2500000000006717 -0.4843749999999782 0
1203 -0.25000000000065 -0.4687499999999567 0
1204 -0.2500000000006284 -0.4531249999999349 0
1205 -0.2500000000006067 -0.4374999999999135 0
1206 -0.250000000000585 -0.4218749999998916 0
1207 -0.2500000000005633 -0.4062499999998702 0
1208 -0.2500000000005417 -0.3906249999998483 0
1209 -0.25000000000052 -0.3749999999998269 0
1210 -0.2500000000004984 -0.359374999999805 0
1211 -0.2500000000004767 -0.3437499999997834 0
1212 -0.2500000000004551 -0.3281249999997617 0
1213 -0.2500000000004334 -0.3124999999997402 0
1214 -0.2500000000004117 -0.2968749999997184 0
1215 -0.2500000000003901 -0.2812499999996969 0
1216 -0.2500000000003684 -0.2656249999996751 0
1217 -0.2500000000003467 -0.2499999999996536 0
1218 -0.2500000000003251 -0.234374999999632 0
1219 -0.2500000000003034 -0.2187499999996103 0
1220 -0.2500000000002818 -0.2031249999995886 0
1221 -0.25000000000026 -0.187499999999567 0
1222 -0.2500000000002385 -0.1718749999995452 0
1223 -0.2500000000002168 -0.1562499999995238 0
1224 -0.2500000000001952 -0.140624999999502 0
1225 -0.2500000000001734 -0.1249999999994804 0
1226 -0.2500000000001519 -0.1093749999994587 0
1227 -0.2500000000001301 -0.09374999999943689 0
1228 -0.2500000000001085 -0.07812499999941525 0
1229 -0.2500000000000868 -0.0624999999993936 0
1230 -0.2500000000000652 -0.04687499999937206 0
1231 -0.2500000000000435 -0.03124999999935041 0
1232 -0.2500000000000218 -0.01562499999932876 0
1233 -0.2500000000000002 6.875333635747438e-13 0
1234 -0.2499999999999785 0.01562500000067135 0
1235 -0.2499999999999568 0.03125000000064959 0
1236 -0.2499999999999352 0.04687500000062803 0
1237 -0.2499999999999135 0.06250000000060651 0
1238 -0.2499999999998919 0.07812500000058475 0
1239 -0.2499999999998702 0.09375000000056302 0
1240 -0.2499999999998485 0.1093750000005414 0
1241 -0.2499999999998269 0.1250000000005199 0
1242 -0.2499999999998052 0.1406250000004983 0
1243 -0.2499999999997835 0.1562500000004767 0
1244 -0.2499999999997619 0.1718750000004547 0
1245 -0.2499999999997402 0.1875000000004332 0
1246 -0.2499999999997185 0.2031250000004116 0
1247 -0.2499999999996969 0.2187500000003901 0
1248 -0.2499999999996753 0.2343750000003684 0
1249 -0.2499999999996536 0.2500000000003468 0
1250 -0.2499999999996319 0.2656250000003251 0
1251 -0.2499999999996103 0.2812500000003033 0
1252 -0.2499999999995886 0.2968750000002818 0
1253 -0.249999999999567 0.31250000000026 0
1254 -0.2499999999995453 0.3281250000002383 0
1255 -0.2499999999995236 0.3437500000002165 0
1256 -0.249999999999502 0.359375000000195 0
1257 -0.2499999999994803 0.3750000000001732 0
1258 -0.2499999999994587 0.3906250000001515 0
1259 -0.2499999999994369 0.4062500000001298 0
1260 -0.2499999999994154 0.4218750000001082 0
1261 -0.2499999999993936 0.4375000000000867 0
1262 -0.249999999999372 0.4531250000000652 0
1263 -0.2499999999993503 0.4687500000000432 0
1264 -0.2499999999993286 0.4843750000000216 0
1265 -0.2343750000007136 -0.4843749999999795 0
1266 -0.2343750000006906 -0.4687499999999594 0
1267 -0.2343750000006676 -0.453124999999939 0
1268 -0.2343750000006446 -0.4374999999999187 0
1269 -0.2343750000006216 -0.4218749999998986 0
1270 -0.2343750000005985 -0.4062499999998781 0
1271 -0.2343750000005754 -0.3906249999998579 0
1272 -0.2343750000005524 -0.3749999999998376 0
1273 -0.2343750000005294 -0.3593749999998173 0
1274 -0.2343750000005065 -0.3437499999997969 0
1275 -0.2343750000004834 -0.3281249999997766 0
1276 -0.2343750000004605 -0.3124999999997564 0
1277 -0.2343750000004374 -0.2968749999997361 0
1278 -0.2343750000004145 -0.2812499999997157 0
1279 -0.2343750000003914 -0.2656249999996956 0
1280 -0.2343750000003684 -0.2499999999996753 0
1281 -0.2343750000003454 -0.2343749999996549 0
1282 -0.2343750000003224 -0.2187499999996347 0
1283 -0.2343750000002994 -0.2031249999996144 0
1284 -0.2343750000002763 -0.1874999999995939 0
1285 -0.2343750000002532 -0.1718749999995739 0
1286 -0.2343750000002304 -0.1562499999995535 0
1287 -0.2343750000002073 -0.1406249999995333 0
1288 -0.2343750000001843 -0.1249999999995128 0
1289 -0.2343750000001613 -0.1093749999994926 0
1290 -0.2343750000001382 -0.0937499999994722 0
1291 -0.2343750000001153 -0.07812499999945199 0
1292 -0.2343750000000923 -0.06249999999943157 0
1293 -0.2343750000000692 -0.04687499999941122 0
1294 -0.2343750000000462 -0.03124999999939093 0
1295 -0.2343750000000232 -0.0156249999993707 0
1296 -0.2343750000000001 6.445677325217503e-13 0
1297 -0.2343749999999772 0.01562500000062939 0
1298 -0.2343749999999541 0.03125000000060918 0
1299 -0.2343749999999312 0.04687500000058897 0
1300 -0.2343749999999082 0.06250000000056855 0
1301 -0.2343749999998851 0.07812500000054812 0
1302 -0.234374999999862 0.09375000000052791 0
1303 -0.234374999999839 0.1093750000005077 0
1304 -0.234374999999816 0.1250000000004875 0
1305 -0.2343749999997929 0.1406250000004672 0
1306 -0.23437499999977 0.1562500000004468 0
1307 -0.234374999999747 0.1718750000004265 0
1308 -0.234374999999724 0.1875000000004061 0
1309 -0.234374999999701 0.2031250000003859 0
1310 -0.2343749999996779 0.2187500000003657 0
1311 -0.2343749999996549 0.2343750000003455 0
1312 -0.234374999999632 0.2500000000003251 0
1313 -0.2343749999996089 0.2656250000003049 0
1314 -0.2343749999995859 0.2812500000002844 0
1315 -0.2343749999995629 0.296875000000264 0
1316 -0.2343749999995399 0.3125000000002438 0
1317 -0.234374999999517 0.3281250000002234 0
1318 -0.2343749999994938 0.3437500000002032 0
1319 -0.2343749999994708 0.3593750000001827 0
1320 -0.2343749999994479 0.3750000000001624 0
1321 -0.2343749999994248 0.390625000000142 0
1322 -0.2343749999994017 0.4062500000001218 0
1323 -0.2343749999993787 0.4218750000001016 0
1324 -0.2343749999993557 0.4375000000000814 0
1325 -0.2343749999993328 0.453125000000061 0
1326 -0.2343749999993098 0.4687500000000405 0
1327 -0.2343749999992867 0.4843750000000203 0
1328 -0.2187500000007555 -0.484374999999981 0
1329 -0.2187500000007312 -0.468749999999962 0
1330 -0.2187500000007068 -0.4531249999999432 0
1331 -0.2187500000006825 -0.4374999999999242 0
1332 -0.2187500000006581 -0.4218749999999052 0
1333 -0.2187500000006337 -0.4062499999998863 0
1334 -0.2187500000006093 -0.3906249999998674 0
1335 -0.2187500000005851 -0.3749999999998483 0
1336 -0.2187500000005605 -0.3593749999998295 0
1337 -0.2187500000005363 -0.3437499999998105 0
1338 -0.2187500000005119 -0.3281249999997915 0
1339 -0.2187500000004876 -0.3124999999997726 0
1340 -0.2187500000004632 -0.2968749999997538 0
1341 -0.2187500000004388 -0.2812499999997348 0
1342 -0.2187500000004145 -0.2656249999997158 0
1343 -0.21875000000039 -0.2499999999996969 0
1344 -0.2187500000003657 -0.2343749999996779 0
1345 -0.2187500000003413 -0.2187499999996591 0
1346 -0.218750000000317 -0.2031249999996401 0
1347 -0.2187500000002925 -0.1874999999996211 0
1348 -0.2187500000002683 -0.1718749999996024 0
1349 -0.2187500000002439 -0.1562499999995833 0
1350 -0.2187500000002195 -0.1406249999995643 0
1351 -0.2187500000001951 -0.1249999999995452 0
1352 -0.2187500000001707 -0.1093749999995264 0
1353 -0.2187500000001465 -0.09374999999950751 0
1354 -0.218750000000122 -0.07812499999948841 0
1355 -0.2187500000000976 -0.06249999999946942 0
1356 -0.2187500000000733 -0.04687499999945055 0
1357 -0.2187500000000488 -0.03124999999943159 0
1358 -0.2187500000000245 -0.01562499999941269 0
1359 -0.2187500000000001 6.016298570443723e-13 0
1360 -0.2187499999999758 0.01562500000058764 0
1361 -0.2187499999999515 0.03125000000056855 0
1362 -0.2187499999999271 0.04687500000054945 0
1363 -0.2187499999999027 0.06250000000053058 0
1364 -0.2187499999998783 0.0781250000005117 0
1365 -0.218749999999854 0.09375000000049284 0
1366 -0.2187499999998296 0.109375000000474 0
1367 -0.2187499999998052 0.1250000000004549 0
1368 -0.2187499999997808 0.1406250000004361 0
1369 -0.2187499999997565 0.156250000000417 0
1370 -0.2187499999997321 0.1718750000003981 0
1371 -0.2187499999997078 0.1875000000003793 0
1372 -0.2187499999996834 0.2031250000003602 0
1373 -0.2187499999996591 0.2187500000003413 0
1374 -0.2187499999996347 0.2343750000003224 0
1375 -0.2187499999996103 0.2500000000003035 0
1376 -0.2187499999995859 0.2656250000002844 0
1377 -0.2187499999995616 0.2812500000002656 0
1378 -0.2187499999995372 0.2968750000002465 0
1379 -0.2187499999995128 0.3125000000002276 0
1380 -0.2187499999994885 0.3281250000002085 0
1381 -0.2187499999994641 0.3437500000001896 0
1382 -0.2187499999994397 0.3593750000001705 0
1383 -0.2187499999994154 0.3750000000001515 0
1384 -0.218749999999391 0.3906250000001326 0
1385 -0.2187499999993666 0.4062500000001138 0
1386 -0.2187499999993422 0.4218750000000947 0
1387 -0.2187499999993179 0.4375000000000758 0
1388 -0.2187499999992935 0.4531250000000567 0
1389 -0.2187499999992691 0.4687500000000379 0
1390 -0.2187499999992447 0.484375000000019 0
1391 -0.2031250000007975 -0.4843749999999823 0
1392 -0.2031250000007717 -0.4687499999999647 0
1393 -0.203125000000746 -0.4531249999999472 0
1394 -0.2031250000007204 -0.4374999999999296 0
1395 -0.2031250000006947 -0.4218749999999121 0
1396 -0.2031250000006689 -0.4062499999998944 0
1397 -0.2031250000006432 -0.3906249999998768 0
1398 -0.2031250000006174 -0.3749999999998592 0
1399 -0.2031250000005916 -0.3593749999998416 0
1400 -0.203125000000566 -0.343749999999824 0
1401 -0.2031250000005403 -0.3281249999998065 0
1402 -0.2031250000005146 -0.3124999999997888 0
1403 -0.2031250000004889 -0.2968749999997713 0
1404 -0.2031250000004632 -0.2812499999997538 0
1405 -0.2031250000004374 -0.2656249999997362 0
1406 -0.2031250000004116 -0.2499999999997186 0
1407 -0.203125000000386 -0.234374999999701 0
1408 -0.2031250000003603 -0.2187499999996834 0
1409 -0.2031250000003345 -0.2031249999996657 0
1410 -0.2031250000003089 -0.1874999999996481 0
1411 -0.2031250000002832 -0.1718749999996308 0
1412 -0.2031250000002575 -0.156249999999613 0
1413 -0.2031250000002317 -0.1406249999995955 0
1414 -0.2031250000002059 -0.1249999999995778 0
1415 -0.2031250000001802 -0.1093749999995601 0
1416 -0.2031250000001544 -0.09374999999954259 0
1417 -0.2031250000001288 -0.07812499999952494 0
1418 -0.203125000000103 -0.06249999999950728 0
1419 -0.2031250000000773 -0.04687499999948974 0
1420 -0.2031250000000516 -0.03124999999947217 0
1421 -0.2031250000000259 -0.01562499999945466 0
1422 -0.2031250000000001 5.586919815669944e-13 0
1423 -0.2031249999999745 0.01562500000054545 0
1424 -0.2031249999999487 0.03125000000052791 0
1425 -0.2031249999999231 0.04687500000051034 0
1426 -0.2031249999998973 0.06250000000049283 0
1427 -0.2031249999998715 0.07812500000047529 0
1428 -0.2031249999998458 0.09375000000045751 0
1429 -0.2031249999998201 0.10937500000044 0
1430 -0.2031249999997944 0.1250000000004222 0
1431 -0.2031249999997686 0.1406250000004048 0
1432 -0.203124999999743 0.1562500000003872 0
1433 -0.2031249999997172 0.1718750000003697 0
1434 -0.2031249999996915 0.1875000000003522 0
1435 -0.2031249999996658 0.2031250000003346 0
1436 -0.20312499999964 0.2187500000003168 0
1437 -0.2031249999996144 0.2343750000002993 0
1438 -0.2031249999995887 0.2500000000002818 0
1439 -0.2031249999995629 0.2656250000002642 0
1440 -0.2031249999995371 0.2812500000002465 0
1441 -0.2031249999995115 0.2968750000002289 0
1442 -0.2031249999994857 0.3125000000002112 0
1443 -0.20312499999946 0.3281250000001936 0
1444 -0.2031249999994344 0.3437500000001761 0
1445 -0.2031249999994086 0.3593750000001585 0
1446 -0.2031249999993828 0.3750000000001408 0
1447 -0.2031249999993571 0.3906250000001232 0
1448 -0.2031249999993315 0.4062500000001056 0
1449 -0.2031249999993058 0.421875000000088 0
1450 -0.20312499999928 0.4375000000000703 0
1451 -0.2031249999992542 0.4531250000000527 0
1452 -0.2031249999992285 0.4687500000000352 0
1453 -0.2031249999992029 0.4843750000000177 0
1454 -0.1875000000008394 -0.4843749999999838 0
1455 -0.1875000000008123 -0.4687499999999675 0
1456 -0.1875000000007852 -0.4531249999999513 0
1457 -0.1875000000007582 -0.4374999999999349 0
1458 -0.187500000000731 -0.4218749999999187 0
1459 -0.187500000000704 -0.4062499999999025 0
1460 -0.1875000000006769 -0.3906249999998863 0
1461 -0.1875000000006499 -0.3749999999998701 0
1462 -0.1875000000006228 -0.3593749999998537 0
1463 -0.1875000000005958 -0.3437499999998375 0
1464 -0.1875000000005688 -0.3281249999998214 0
1465 -0.1875000000005417 -0.312499999999805 0
1466 -0.1875000000005146 -0.2968749999997888 0
1467 -0.1875000000004875 -0.2812499999997726 0
1468 -0.1875000000004604 -0.2656249999997564 0
1469 -0.1875000000004333 -0.2499999999997402 0
1470 -0.1875000000004062 -0.234374999999724 0
1471 -0.1875000000003793 -0.2187499999997078 0
1472 -0.1875000000003522 -0.2031249999996915 0
1473 -0.1875000000003251 -0.1874999999996752 0
1474 -0.187500000000298 -0.1718749999996592 0
1475 -0.1875000000002709 -0.1562499999996427 0
1476 -0.187500000000244 -0.1406249999996266 0
1477 -0.1875000000002168 -0.1249999999996103 0
1478 -0.1875000000001897 -0.1093749999995941 0
1479 -0.1875000000001626 -0.09374999999957789 0
1480 -0.1875000000001356 -0.07812499999956171 0
1481 -0.1875000000001085 -0.06249999999954525 0
1482 -0.1875000000000814 -0.04687499999952904 0
1483 -0.1875000000000543 -0.03124999999951283 0
1484 -0.1875000000000272 -0.01562499999949662 0
1485 -0.1875000000000002 5.156985949383852e-13 0
1486 -0.1874999999999731 0.01562500000050371 0
1487 -0.187499999999946 0.0312500000004875 0
1488 -0.1874999999999188 0.04687500000047104 0
1489 -0.1874999999998919 0.06250000000045486 0
1490 -0.1874999999998648 0.07812500000043866 0
1491 -0.1874999999998377 0.09375000000042222 0
1492 -0.1874999999998107 0.109375000000406 0
1493 -0.1874999999997836 0.1250000000003898 0
1494 -0.1874999999997565 0.1406250000003737 0
1495 -0.1874999999997294 0.1562500000003575 0
1496 -0.1874999999997023 0.1718750000003413 0
1497 -0.1874999999996753 0.1875000000003251 0
1498 -0.1874999999996482 0.2031250000003086 0
1499 -0.1874999999996212 0.2187500000002924 0
1500 -0.1874999999995941 0.2343750000002762 0
1501 -0.187499999999567 0.25000000000026 0
1502 -0.1874999999995399 0.2656250000002438 0
1503 -0.1874999999995128 0.2812500000002276 0
1504 -0.1874999999994857 0.2968750000002114 0
1505 -0.1874999999994588 0.3125000000001952 0
1506 -0.1874999999994316 0.3281250000001787 0
1507 -0.1874999999994046 0.3437500000001625 0
1508 -0.1874999999993775 0.3593750000001461 0
1509 -0.1874999999993504 0.3750000000001301 0
1510 -0.1874999999993233 0.3906250000001136 0
1511 -0.1874999999992963 0.4062500000000974 0
1512 -0.1874999999992691 0.4218750000000812 0
1513 -0.1874999999992421 0.4375000000000649 0
1514 -0.187499999999215 0.4531250000000487 0
1515 -0.187499999999188 0.4687500000000325 0
1516 -0.1874999999991609 0.4843750000000163 0
1517 -0.1718750000008813 -0.4843749999999851 0
1518 -0.1718750000008529 -0.4687499999999702 0
1519 -0.1718750000008245 -0.4531249999999554 0
1520 -0.171875000000796 -0.4374999999999403 0
1521 -0.1718750000007676 -0.4218749999999256 0
1522 -0.1718750000007391 -0.4062499999999107 0
1523 -0.1718750000007107 -0.3906249999998959 0
1524 -0.1718750000006823 -0.374999999999881 0
1525 -0.1718750000006538 -0.359374999999866 0
1526 -0.1718750000006256 -0.3437499999998511 0
1527 -0.1718750000005971 -0.3281249999998362 0
1528 -0.1718750000005688 -0.3124999999998215 0
1529 -0.1718750000005403 -0.2968749999998065 0
1530 -0.1718750000005119 -0.2812499999997916 0
1531 -0.1718750000004834 -0.2656249999997768 0
1532 -0.1718750000004549 -0.249999999999762 0
1533 -0.1718750000004264 -0.234374999999747 0
1534 -0.1718750000003981 -0.218749999999732 0
1535 -0.1718750000003697 -0.2031249999997173 0
1536 -0.1718750000003413 -0.1874999999997023 0
1537 -0.1718750000003129 -0.1718749999996876 0
1538 -0.1718750000002845 -0.1562499999996728 0
1539 -0.171875000000256 -0.1406249999996578 0
1540 -0.1718750000002277 -0.1249999999996427 0
1541 -0.1718750000001992 -0.1093749999996277 0
1542 -0.1718750000001708 -0.09374999999961284 0
1543 -0.1718750000001423 -0.07812499999959796 0
1544 -0.1718750000001139 -0.06249999999958322 0
1545 -0.1718750000000855 -0.04687499999956835 0
1546 -0.171875000000057 -0.03124999999955347 0
1547 -0.1718750000000286 -0.01562499999953862 0
1548 -0.1718750000000002 4.72705208309776e-13 0
1549 -0.1718749999999718 0.01562500000046152 0
1550 -0.1718749999999434 0.03125000000044664 0
1551 -0.1718749999999149 0.0468750000004319 0
1552 -0.1718749999998865 0.06250000000041703 0
1553 -0.1718749999998581 0.078125000000402 0
1554 -0.1718749999998295 0.09375000000038711 0
1555 -0.171874999999801 0.1093750000003722 0
1556 -0.1718749999997726 0.1250000000003574 0
1557 -0.1718749999997444 0.1406250000003424 0
1558 -0.1718749999997159 0.1562500000003275 0
1559 -0.1718749999996875 0.1718750000003126 0
1560 -0.1718749999996589 0.187500000000298 0
1561 -0.1718749999996305 0.2031250000002831 0
1562 -0.1718749999996021 0.2187500000002683 0
1563 -0.1718749999995737 0.2343750000002534 0
1564 -0.1718749999995452 0.2500000000002383 0
1565 -0.1718749999995168 0.2656250000002234 0
1566 -0.1718749999994884 0.2812500000002085 0
1567 -0.1718749999994602 0.2968750000001936 0
1568 -0.1718749999994315 0.3125000000001787 0
1569 -0.1718749999994031 0.3281250000001639 0
1570 -0.1718749999993747 0.343750000000149 0
1571 -0.1718749999993463 0.3593750000001339 0
1572 -0.1718749999993179 0.3750000000001192 0
1573 -0.1718749999992894 0.3906250000001043 0
1574 -0.171874999999261 0.4062500000000894 0
1575 -0.1718749999992327 0.4218750000000746 0
1576 -0.1718749999992042 0.4375000000000597 0
1577 -0.1718749999991758 0.4531250000000449 0
1578 -0.1718749999991473 0.46875000000003 0
1579 -0.171874999999119 0.4843750000000149 0
1580 -0.1562500000009233 -0.4843749999999863 0
1581 -0.1562500000008935 -0.4687499999999729 0
1582 -0.1562500000008636 -0.4531249999999594 0
1583 -0.1562500000008339 -0.4374999999999458 0
1584 -0.1562500000008041 -0.4218749999999323 0
1585 -0.1562500000007745 -0.4062499999999186 0
1586 -0.1562500000007446 -0.3906249999999052 0
1587 -0.1562500000007148 -0.3749999999998918 0
1588 -0.1562500000006849 -0.3593749999998782 0
1589 -0.1562500000006553 -0.3437499999998647 0
1590 -0.1562500000006256 -0.3281249999998511 0
1591 -0.1562500000005958 -0.3124999999998378 0
1592 -0.156250000000566 -0.2968749999998241 0
1593 -0.1562500000005361 -0.2812499999998106 0
1594 -0.1562500000005063 -0.2656249999997971 0
1595 -0.1562500000004766 -0.2499999999997835 0
1596 -0.1562500000004468 -0.2343749999997702 0
1597 -0.156250000000417 -0.2187499999997564 0
1598 -0.1562500000003873 -0.203124999999743 0
1599 -0.1562500000003575 -0.1874999999997294 0
1600 -0.1562500000003278 -0.1718749999997161 0
1601 -0.156250000000298 -0.1562499999997025 0
1602 -0.1562500000002681 -0.1406249999996888 0
1603 -0.1562500000002384 -0.1249999999996752 0
1604 -0.1562500000002086 -0.1093749999996617 0
1605 -0.1562500000001787 -0.09374999999964828 0
1606 -0.156250000000149 -0.07812499999963468 0
1607 -0.1562500000001192 -0.06249999999962103 0
1608 -0.1562500000000895 -0.04687499999960754 0
1609 -0.1562500000000597 -0.03124999999959399 0
1610 -0.1562500000000299 -0.01562499999958056 0
1611 -0.1562500000000002 4.296840661055512e-13 0
1612 -0.1562499999999704 0.01562500000041978 0
1613 -0.1562499999999407 0.03125000000040637 0
1614 -0.1562499999999108 0.04687500000039282 0
1615 -0.156249999999881 0.06250000000037916 0
1616 -0.1562499999998512 0.07812500000036557 0
1617 -0.1562499999998215 0.09375000000035208 0
1618 -0.1562499999997917 0.1093750000003385 0
1619 -0.1562499999997619 0.1250000000003249 0
1620 -0.1562499999997322 0.1406250000003113 0
1621 -0.1562499999997024 0.1562500000002977 0
1622 -0.1562499999996725 0.1718750000002842 0
1623 -0.1562499999996427 0.1875000000002709 0
1624 -0.156249999999613 0.2031250000002574 0
1625 -0.1562499999995832 0.2187500000002438 0
1626 -0.1562499999995534 0.2343750000002302 0
1627 -0.1562499999995237 0.2500000000002167 0
1628 -0.156249999999494 0.2656250000002032 0
1629 -0.1562499999994642 0.2812500000001896 0
1630 -0.1562499999994343 0.2968750000001761 0
1631 -0.1562499999994045 0.3125000000001626 0
1632 -0.1562499999993747 0.328125000000149 0
1633 -0.156249999999345 0.3437500000001355 0
1634 -0.1562499999993152 0.3593750000001219 0
1635 -0.1562499999992854 0.3750000000001086 0
1636 -0.1562499999992557 0.3906250000000946 0
1637 -0.156249999999226 0.4062500000000815 0
1638 -0.1562499999991962 0.4218750000000679 0
1639 -0.1562499999991664 0.4375000000000544 0
1640 -0.1562499999991367 0.4531250000000409 0
1641 -0.1562499999991067 0.4687500000000273 0
1642 -0.156249999999077 0.4843750000000135 0
1643 -0.1406250000009652 -0.4843749999999877 0
1644 -0.1406250000009341 -0.4687499999999756 0
1645 -0.1406250000009029 -0.4531249999999633 0
1646 -0.1406250000008718 -0.4374999999999513 0
1647 -0.1406250000008406 -0.4218749999999392 0
1648 -0.1406250000008095 -0.4062499999999269 0
1649 -0.1406250000007785 -0.3906249999999147 0
1650 -0.1406250000007474 -0.3749999999999025 0
1651 -0.1406250000007162 -0.3593749999998903 0
1652 -0.1406250000006851 -0.3437499999998783 0
1653 -0.1406250000006539 -0.3281249999998661 0
1654 -0.1406250000006228 -0.3124999999998539 0
1655 -0.1406250000005916 -0.2968749999998417 0
1656 -0.1406250000005606 -0.2812499999998294 0
1657 -0.1406250000005294 -0.2656249999998174 0
1658 -0.1406250000004982 -0.2499999999998053 0
1659 -0.1406250000004671 -0.234374999999793 0
1660 -0.140625000000436 -0.2187499999997808 0
1661 -0.1406250000004048 -0.2031249999997689 0
1662 -0.1406250000003738 -0.1874999999997565 0
1663 -0.1406250000003426 -0.1718749999997445 0
1664 -0.1406250000003114 -0.1562499999997321 0
1665 -0.1406250000002803 -0.1406249999997199 0
1666 -0.1406250000002491 -0.1249999999997077 0
1667 -0.140625000000218 -0.1093749999996955 0
1668 -0.140625000000187 -0.09374999999968336 0
1669 -0.1406250000001558 -0.07812499999967115 0
1670 -0.1406250000001248 -0.06249999999965899 0
1671 -0.1406250000000935 -0.04687499999964687 0
1672 -0.1406250000000623 -0.03124999999963454 0
1673 -0.1406250000000313 -0.01562499999962244 0
1674 -0.140625 3.868017017794045e-13 0
1675 -0.1406249999999691 0.0156250000003777 0
1676 -0.140624999999938 0.03125000000036546 0
1677 -0.1406249999999068 0.04687500000035319 0
1678 -0.1406249999998757 0.06250000000034096 0
1679 -0.1406249999998444 0.07812500000032899 0
1680 -0.1406249999998133 0.09375000000031676 0
1681 -0.1406249999997822 0.1093750000003046 0
1682 -0.1406249999997511 0.1250000000002926 0
1683 -0.1406249999997199 0.1406250000002802 0
1684 -0.1406249999996889 0.156250000000268 0
1685 -0.1406249999996576 0.1718750000002558 0
1686 -0.1406249999996265 0.1875000000002438 0
1687 -0.1406249999995954 0.2031250000002316 0
1688 -0.1406249999995643 0.2187500000002194 0
1689 -0.1406249999995332 0.2343750000002074 0
1690 -0.140624999999502 0.2500000000001952 0
1691 -0.1406249999994708 0.265625000000183 0
1692 -0.1406249999994398 0.2812500000001708 0
1693 -0.1406249999994086 0.2968750000001585 0
1694 -0.1406249999993777 0.3125000000001463 0
1695 -0.1406249999993463 0.3281250000001341 0
1696 -0.1406249999993152 0.3437500000001219 0
1697 -0.1406249999992841 0.3593750000001097 0
1698 -0.1406249999992531 0.3750000000000975 0
1699 -0.140624999999222 0.3906250000000853 0
1700 -0.1406249999991906 0.4062500000000731 0
1701 -0.1406249999991596 0.4218750000000608 0
1702 -0.1406249999991285 0.4375000000000486 0
1703 -0.1406249999990974 0.4531250000000369 0
1704 -0.1406249999990664 0.4687500000000242 0
1705 -0.140624999999035 0.4843750000000122 0
1706 -0.1250000000010072 -0.4843749999999891 0
1707 -0.1250000000009746 -0.4687499999999784 0
1708 -0.1250000000009422 -0.4531249999999675 0
1709 -0.1250000000009097 -0.4374999999999567 0
1710 -0.1250000000008773 -0.4218749999999457 0
1711 -0.1250000000008447 -0.4062499999999351 0
1712 -0.1250000000008122 -0.3906249999999243 0
1713 -0.1250000000007798 -0.3749999999999134 0
1714 -0.1250000000007472 -0.3593749999999025 0
1715 -0.1250000000007148 -0.3437499999998918 0
1716 -0.1250000000006824 -0.328124999999881 0
1717 -0.1250000000006498 -0.3124999999998701 0
1718 -0.1250000000006174 -0.2968749999998594 0
1719 -0.1250000000005849 -0.2812499999998485 0
1720 -0.1250000000005523 -0.2656249999998377 0
1721 -0.1250000000005198 -0.2499999999998269 0
1722 -0.1250000000004875 -0.234374999999816 0
1723 -0.125000000000455 -0.2187499999998052 0
1724 -0.1250000000004224 -0.2031249999997944 0
1725 -0.12500000000039 -0.1874999999997836 0
1726 -0.1250000000003575 -0.1718749999997728 0
1727 -0.125000000000325 -0.1562499999997619 0
1728 -0.1250000000002923 -0.140624999999751 0
1729 -0.12500000000026 -0.1249999999997402 0
1730 -0.1250000000002275 -0.1093749999997293 0
1731 -0.1250000000001951 -0.0937499999997187 0
1732 -0.1250000000001625 -0.07812499999970782 0
1733 -0.1250000000001301 -0.06249999999969694 0
1734 -0.1250000000000975 -0.04687499999968603 0
1735 -0.125000000000065 -0.03124999999967518 0
1736 -0.1250000000000326 -0.01562499999966441 0
1737 -0.125 3.437250484239485e-13 0
1738 -0.1249999999999676 0.01562500000033598 0
1739 -0.1249999999999351 0.0312500000003251 0
1740 -0.1249999999999027 0.04687500000031407 0
1741 -0.1249999999998701 0.06250000000030323 0
1742 -0.1249999999998377 0.07812500000029229 0
1743 -0.1249999999998051 0.09375000000028147 0
1744 -0.1249999999997726 0.1093750000002708 0
1745 -0.1249999999997402 0.12500000000026 0
1746 -0.1249999999997076 0.1406250000002492 0
1747 -0.1249999999996752 0.1562500000002383 0
1748 -0.1249999999996426 0.1718750000002274 0
1749 -0.1249999999996103 0.1875000000002167 0
1750 -0.1249999999995777 0.2031250000002059 0
1751 -0.1249999999995453 0.2187500000001952 0
1752 -0.1249999999995128 0.2343750000001843 0
1753 -0.1249999999994804 0.2500000000001734 0
1754 -0.1249999999994479 0.2656250000001625 0
1755 -0.1249999999994152 0.2812500000001517 0
1756 -0.1249999999993829 0.2968750000001408 0
1757 -0.1249999999993503 0.3125000000001301 0
1758 -0.1249999999993179 0.3281250000001192 0
1759 -0.1249999999992854 0.3437500000001083 0
1760 -0.1249999999992528 0.3593750000000975 0
1761 -0.1249999999992204 0.3750000000000868 0
1762 -0.124999999999188 0.3906250000000759 0
1763 -0.1249999999991554 0.4062500000000651 0
1764 -0.1249999999991229 0.4218750000000542 0
1765 -0.1249999999990905 0.4375000000000433 0
1766 -0.1249999999990581 0.4531250000000324 0
1767 -0.1249999999990254 0.4687500000000215 0
1768 -0.124999999998993 0.4843750000000106 0
1769 -0.1093750000010491 -0.4843749999999905 0
1770 -0.1093750000010154 -0.468749999999981 0
1771 -0.1093750000009814 -0.4531249999999716 0
1772 -0.1093750000009477 -0.437499999999962 0
1773 -0.1093750000009138 -0.4218749999999528 0
1774 -0.1093750000008799 -0.4062499999999432 0
1775 -0.109375000000846 -0.3906249999999336 0
1776 -0.1093750000008122 -0.3749999999999243 0
1777 -0.1093750000007784 -0.3593749999999147 0
1778 -0.1093750000007445 -0.3437499999999054 0
1779 -0.1093750000007108 -0.3281249999998958 0
1780 -0.1093750000006768 -0.3124999999998863 0
1781 -0.1093750000006431 -0.296874999999877 0
1782 -0.1093750000006092 -0.2812499999998674 0
1783 -0.1093750000005754 -0.2656249999998581 0
1784 -0.1093750000005415 -0.2499999999998486 0
1785 -0.1093750000005076 -0.2343749999998392 0
1786 -0.1093750000004739 -0.2187499999998297 0
1787 -0.1093750000004399 -0.2031249999998201 0
1788 -0.1093750000004062 -0.1874999999998107 0
1789 -0.1093750000003724 -0.1718749999998012 0
1790 -0.1093750000003385 -0.1562499999997916 0
1791 -0.1093750000003046 -0.1406249999997822 0
1792 -0.1093750000002708 -0.1249999999997727 0
1793 -0.1093750000002368 -0.1093749999997632 0
1794 -0.109375000000203 -0.09374999999975366 0
1795 -0.1093750000001693 -0.07812499999974432 0
1796 -0.1093750000001354 -0.0624999999997348 0
1797 -0.1093750000001017 -0.04687499999972533 0
1798 -0.1093750000000678 -0.03124999999971595 0
1799 -0.1093750000000339 -0.01562499999970635 0
1800 -0.1093750000000002 3.007316617953393e-13 0
1801 -0.1093749999999663 0.01562500000029379 0
1802 -0.1093749999999325 0.03125000000028408 0
1803 -0.1093749999998985 0.04687500000027475 0
1804 -0.1093749999998647 0.06250000000026543 0
1805 -0.1093749999998308 0.07812500000025592 0
1806 -0.109374999999797 0.09375000000024633 0
1807 -0.1093749999997633 0.1093750000002369 0
1808 -0.1093749999997294 0.1250000000002274 0
1809 -0.1093749999996956 0.140625000000218 0
1810 -0.1093749999996617 0.1562500000002085 0
1811 -0.1093749999996278 0.171875000000199 0
1812 -0.1093749999995941 0.1875000000001896 0
1813 -0.1093749999995601 0.2031250000001803 0
1814 -0.1093749999995264 0.2187500000001707 0
1815 -0.1093749999994926 0.2343750000001612 0
1816 -0.1093749999994586 0.2500000000001517 0
1817 -0.1093749999994249 0.2656250000001423 0
1818 -0.1093749999993909 0.2812500000001328 0
1819 -0.1093749999993572 0.2968750000001232 0
1820 -0.1093749999993232 0.3125000000001139 0
1821 -0.1093749999992894 0.3281250000001044 0
1822 -0.1093749999992557 0.3437500000000948 0
1823 -0.1093749999992217 0.3593750000000853 0
1824 -0.109374999999188 0.3750000000000757 0
1825 -0.109374999999154 0.3906250000000662 0
1826 -0.1093749999991203 0.4062500000000571 0
1827 -0.1093749999990865 0.4218750000000475 0
1828 -0.1093749999990525 0.437500000000038 0
1829 -0.1093749999990188 0.4531250000000284 0
1830 -0.1093749999989849 0.4687500000000189 0
1831 -0.109374999998951 0.4843750000000093 0
1832 -0.0937500000010911 -0.4843749999999918 0
1833 -0.09375000000105585 -0.4687499999999837 0
1834 -0.09375000000102068 -0.4531249999999755 0
1835 -0.09375000000098553 -0.4374999999999675 0
1836 -0.0937500000009503 -0.4218749999999594 0
1837 -0.09375000000091509 -0.4062499999999513 0
1838 -0.09375000000087996 -0.3906249999999432 0
1839 -0.0937500000008446 -0.374999999999935 0
1840 -0.09375000000080955 -0.3593749999999269 0
1841 -0.09375000000077435 -0.3437499999999189 0
1842 -0.09375000000073924 -0.3281249999999107 0
1843 -0.09375000000070402 -0.3124999999999025 0
1844 -0.09375000000066872 -0.2968749999998945 0
1845 -0.09375000000063351 -0.2812499999998864 0
1846 -0.09375000000059831 -0.2656249999998783 0
1847 -0.09375000000056312 -0.2499999999998702 0
1848 -0.09375000000052797 -0.2343749999998621 0
1849 -0.09375000000049274 -0.2187499999998541 0
1850 -0.09375000000045762 -0.2031249999998457 0
1851 -0.09375000000042237 -0.1874999999998377 0
1852 -0.09375000000038725 -0.1718749999998296 0
1853 -0.09375000000035195 -0.1562499999998214 0
1854 -0.0937500000003169 -0.1406249999998135 0
1855 -0.09375000000028157 -0.1249999999998052 0
1856 -0.09375000000024646 -0.109374999999797 0
1857 -0.09375000000021129 -0.09374999999978893 0
1858 -0.09375000000017605 -0.07812499999978076 0
1859 -0.0937500000001408 -0.06249999999977263 0
1860 -0.09375000000010567 -0.04687499999976463 0
1861 -0.09375000000007042 -0.03124999999975639 0
1862 -0.09375000000003526 -0.01562499999974845 0
1863 -0.09375000000000003 2.57821541893577e-13 0
1864 -0.09374999999996494 0.01562500000025188 0
1865 -0.09374999999992981 0.03125000000024367 0
1866 -0.0937499999998945 0.04687500000023545 0
1867 -0.09374999999985925 0.06250000000022729 0
1868 -0.09374999999982411 0.07812500000021924 0
1869 -0.09374999999978888 0.09375000000021141 0
1870 -0.09374999999975372 0.1093750000002032 0
1871 -0.09374999999971863 0.1250000000001949 0
1872 -0.09374999999968334 0.140625000000187 0
1873 -0.09374999999964806 0.1562500000001787 0
1874 -0.09374999999961289 0.1718750000001705 0
1875 -0.09374999999957785 0.1875000000001625 0
1876 -0.09374999999954255 0.2031250000001545 0
1877 -0.09374999999950748 0.2187500000001463 0
1878 -0.09374999999947217 0.2343750000001381 0
1879 -0.09374999999943709 0.2500000000001301 0
1880 -0.0937499999994017 0.2656250000001219 0
1881 -0.09374999999936651 0.2812500000001139 0
1882 -0.09374999999933142 0.2968750000001057 0
1883 -0.09374999999929631 0.3125000000000975 0
1884 -0.09374999999926101 0.3281250000000893 0
1885 -0.09374999999922592 0.3437500000000813 0
1886 -0.09374999999919065 0.3593750000000731 0
1887 -0.09374999999915554 0.375000000000065 0
1888 -0.09374999999912023 0.3906250000000568 0
1889 -0.09374999999908512 0.4062500000000486 0
1890 -0.09374999999904987 0.4218750000000409 0
1891 -0.09374999999901479 0.4375000000000326 0
1892 -0.09374999999897951 0.4531250000000244 0
1893 -0.09374999999894434 0.4687500000000162 0
1894 -0.09374999999890909 0.484375000000008 0
1895 -0.07812500000113304 -0.4843749999999931 0
1896 -0.07812500000109639 -0.4687499999999866 0
1897 -0.07812500000105997 -0.4531249999999796 0
1898 -0.07812500000102332 -0.4374999999999729 0
1899 -0.07812500000098682 -0.4218749999999662 0
1900 -0.0781250000009503 -0.4062499999999595 0
1901 -0.07812500000091369 -0.3906249999999528 0
1902 -0.07812500000087721 -0.3749999999999459 0
1903 -0.07812500000084062 -0.3593749999999392 0
1904 -0.07812500000080405 -0.3437499999999324 0
1905 -0.07812500000076758 -0.3281249999999256 0
1906 -0.07812500000073105 -0.312499999999919 0
1907 -0.07812500000069439 -0.2968749999999121 0
1908 -0.07812500000065797 -0.2812499999999054 0
1909 -0.07812500000062134 -0.2656249999998987 0
1910 -0.07812500000058475 -0.2499999999998919 0
1911 -0.07812500000054826 -0.2343749999998852 0
1912 -0.07812500000051162 -0.2187499999998783 0
1913 -0.07812500000047518 -0.2031249999998715 0
1914 -0.07812500000043865 -0.1874999999998648 0
1915 -0.07812500000040212 -0.1718749999998581 0
1916 -0.07812500000036551 -0.1562499999998513 0
1917 -0.07812500000032907 -0.1406249999998445 0
1918 -0.07812500000029245 -0.1249999999998377 0
1919 -0.07812500000025591 -0.1093749999998309 0
1920 -0.07812500000021938 -0.09374999999982415 0
1921 -0.07812500000018287 -0.07812499999981735 0
1922 -0.07812500000014631 -0.0624999999998106 0
1923 -0.07812500000010966 -0.04687499999980377 0
1924 -0.07812500000007308 -0.03124999999979705 0
1925 -0.07812500000003661 -0.01562499999979028 0
1926 -0.07812500000000003 2.148559108405834e-13 0
1927 -0.07812499999996361 0.01562500000020972 0
1928 -0.07812499999992692 0.03125000000020303 0
1929 -0.0781249999998905 0.04687500000019638 0
1930 -0.07812499999985387 0.0625000000001895 0
1931 -0.07812499999981729 0.07812500000018265 0
1932 -0.0781249999997808 0.09375000000017605 0
1933 -0.07812499999974425 0.1093750000001694 0
1934 -0.07812499999970775 0.1250000000001624 0
1935 -0.07812499999967118 0.1406250000001559 0
1936 -0.07812499999963463 0.156250000000149 0
1937 -0.07812499999959802 0.1718750000001421 0
1938 -0.0781249999995615 0.1875000000001355 0
1939 -0.07812499999952502 0.2031250000001288 0
1940 -0.07812499999948844 0.2187500000001219 0
1941 -0.07812499999945197 0.2343750000001152 0
1942 -0.07812499999941536 0.2500000000001086 0
1943 -0.07812499999937883 0.2656250000001017 0
1944 -0.07812499999934228 0.2812500000000948 0
1945 -0.07812499999930586 0.2968750000000879 0
1946 -0.07812499999926903 0.3125000000000813 0
1947 -0.07812499999923259 0.3281250000000746 0
1948 -0.07812499999919617 0.3437500000000677 0
1949 -0.07812499999915956 0.3593750000000608 0
1950 -0.07812499999912292 0.3750000000000544 0
1951 -0.07812499999908654 0.3906250000000475 0
1952 -0.07812499999904984 0.4062500000000406 0
1953 -0.07812499999901346 0.4218750000000338 0
1954 -0.07812499999897685 0.4375000000000273 0
1955 -0.07812499999894038 0.4531250000000204 0
1956 -0.07812499999890377 0.4687500000000135 0
1957 -0.07812499999886716 0.4843750000000067 0
1958 -0.06250000000117484 -0.4843749999999944 0
1959 -0.06250000000113701 -0.4687499999999892 0
1960 -0.06250000000109909 -0.4531249999999838 0
1961 -0.06250000000106114 -0.4374999999999784 0
1962 -0.06250000000102328 -0.4218749999999729 0
1963 -0.06250000000098541 -0.4062499999999676 0
1964 -0.06250000000094744 -0.390624999999962 0
1965 -0.06250000000090951 -0.3749999999999567 0
1966 -0.06250000000087173 -0.3593749999999513 0
1967 -0.06250000000083387 -0.3437499999999458 0
1968 -0.06250000000079591 -0.3281249999999405 0
1969 -0.06250000000075794 -0.3124999999999352 0
1970 -0.06250000000072009 -0.2968749999999297 0
1971 -0.06250000000068225 -0.2812499999999243 0
1972 -0.06250000000064437 -0.265624999999919 0
1973 -0.06250000000060638 -0.2499999999999136 0
1974 -0.06250000000056855 -0.2343749999999081 0
1975 -0.06250000000053058 -0.2187499999999026 0
1976 -0.06250000000049274 -0.2031249999998972 0
1977 -0.06250000000045483 -0.1874999999998919 0
1978 -0.06250000000041689 -0.1718749999998865 0
1979 -0.06250000000037914 -0.156249999999881 0
1980 -0.06250000000034117 -0.1406249999998757 0
1981 -0.06250000000030327 -0.1249999999998701 0
1982 -0.06250000000026543 -0.1093749999998648 0
1983 -0.06250000000022748 -0.09374999999985946 0
1984 -0.0625000000001896 -0.07812499999985389 0
1985 -0.06250000000015166 -0.06249999999984845 0
1986 -0.06250000000011369 -0.04687499999984301 0
1987 -0.06250000000007583 -0.03124999999983769 0
1988 -0.06250000000003797 -0.01562499999983225 0
1989 -0.0625 1.718625242119742e-13 0
1990 -0.06249999999996225 0.015625000000168 0
1991 -0.06249999999992417 0.03125000000016243 0
1992 -0.06249999999988631 0.04687500000015686 0
1993 -0.06249999999984845 0.06250000000015177 0
1994 -0.0624999999998106 0.07812500000014622 0
1995 -0.06249999999977265 0.09375000000014067 0
1996 -0.06249999999973466 0.1093750000001356 0
1997 -0.06249999999969691 0.12500000000013 0
1998 -0.06249999999965894 0.1406250000001246 0
1999 -0.062499999999621 0.1562500000001192 0
2000 -0.06249999999958311 0.1718750000001137 0
2001 -0.06249999999954525 0.1875000000001086 0
2002 -0.06249999999950728 0.203125000000103 0
2003 -0.06249999999946942 0.2187500000000977 0
2004 -0.06249999999943154 0.2343750000000921 0
2005 -0.06249999999939357 0.2500000000000868 0
2006 -0.06249999999935585 0.2656250000000813 0
2007 -0.06249999999931791 0.2812500000000759 0
2008 -0.06249999999927994 0.2968750000000706 0
2009 -0.06249999999924216 0.3125000000000651 0
2010 -0.06249999999920422 0.3281250000000597 0
2011 -0.06249999999916631 0.3437500000000542 0
2012 -0.06249999999912836 0.3593750000000488 0
2013 -0.06249999999909048 0.3750000000000432 0
2014 -0.06249999999905256 0.3906250000000379 0
2015 -0.06249999999901465 0.4062500000000325 0
2016 -0.06249999999897682 0.421875000000027 0
2017 -0.06249999999893885 0.4375000000000216 0
2018 -0.0624999999989011 0.4531250000000163 0
2019 -0.06249999999886313 0.4687500000000109 0
2020 -0.06249999999882516 0.4843750000000053 0
2021 -0.04687500000121678 -0.4843749999999958 0
2022 -0.04687500000117761 -0.4687499999999918 0
2023 -0.04687500000113845 -0.4531249999999878 0
2024 -0.04687500000109913 -0.4374999999999838 0
2025 -0.04687500000105983 -0.4218749999999797 0
2026 -0.04687500000102051 -0.4062499999999756 0
2027 -0.04687500000098124 -0.3906249999999716 0
2028 -0.04687500000094214 -0.3749999999999676 0
2029 -0.04687500000090283 -0.3593749999999635 0
2030 -0.04687500000086363 -0.3437499999999593 0
2031 -0.04687500000082434 -0.3281249999999554 0
2032 -0.04687500000078509 -0.3124999999999514 0
2033 -0.04687500000074572 -0.2968749999999474 0
2034 -0.04687500000070655 -0.2812499999999433 0
2035 -0.04687500000066736 -0.2656249999999391 0
2036 -0.04687500000062817 -0.2499999999999352 0
2037 -0.04687500000058886 -0.234374999999931 0
2038 -0.04687500000054956 -0.218749999999927 0
2039 -0.04687500000051024 -0.203124999999923 0
2040 -0.04687500000047103 -0.187499999999919 0
2041 -0.04687500000043177 -0.171874999999915 0
2042 -0.04687500000039253 -0.1562499999999107 0
2043 -0.04687500000035341 -0.1406249999999068 0
2044 -0.04687500000031408 -0.1249999999999027 0
2045 -0.04687500000027475 -0.1093749999998985 0
2046 -0.04687500000023559 -0.09374999999989454 0
2047 -0.0468750000001964 -0.07812499999989055 0
2048 -0.04687500000015696 -0.0624999999998863 0
2049 -0.04687500000011791 -0.04687499999988232 0
2050 -0.0468750000000786 -0.03124999999987821 0
2051 -0.0468750000000393 -0.01562499999987421 0
2052 -0.046875 1.288968931589807e-13 0
2053 -0.0468749999999607 0.01562500000012579 0
2054 -0.04687499999992151 0.03125000000012201 0
2055 -0.04687499999988232 0.04687500000011779 0
2056 -0.04687499999984301 0.06250000000011358 0
2057 -0.04687499999980374 0.0781250000001098 0
2058 -0.04687499999976455 0.09375000000010558 0
2059 -0.04687499999972536 0.1093750000001014 0
2060 -0.04687499999968606 0.1250000000000976 0
2061 -0.04687499999964673 0.1406250000000935 0
2062 -0.0468749999996074 0.1562500000000895 0
2063 -0.04687499999956823 0.1718750000000853 0
2064 -0.04687499999952904 0.1875000000000815 0
2065 -0.04687499999948974 0.2031250000000773 0
2066 -0.04687499999945044 0.2187500000000733 0
2067 -0.04687499999941122 0.2343750000000693 0
2068 -0.04687499999937206 0.2500000000000651 0
2069 -0.04687499999933273 0.2656250000000611 0
2070 -0.04687499999929348 0.2812500000000571 0
2071 -0.04687499999925429 0.2968750000000528 0
2072 -0.0468749999992151 0.3125000000000488 0
2073 -0.04687499999917577 0.3281250000000449 0
2074 -0.04687499999913655 0.3437500000000406 0
2075 -0.04687499999909742 0.3593750000000364 0
2076 -0.04687499999905811 0.3750000000000325 0
2077 -0.04687499999901878 0.3906250000000283 0
2078 -0.04687499999897951 0.4062500000000245 0
2079 -0.04687499999894026 0.4218750000000203 0
2080 -0.0468749999989011 0.4375000000000163 0
2081 -0.04687499999886177 0.4531250000000124 0
2082 -0.0468749999988225 0.4687500000000082 0
2083 -0.0468749999987832 0.484375000000004 0
2084 -0.03125000000125875 -0.4843749999999971 0
2085 -0.03125000000121815 -0.4687499999999944 0
2086 -0.03125000000117756 -0.4531249999999918 0
2087 -0.03125000000113697 -0.4374999999999891 0
2088 -0.03125000000109637 -0.4218749999999865 0
2089 -0.03125000000105581 -0.4062499999999838 0
2090 -0.03125000000101519 -0.3906249999999812 0
2091 -0.03125000000097466 -0.3749999999999785 0
2092 -0.03125000000093395 -0.3593749999999756 0
2093 -0.0312500000008934 -0.3437499999999729 0
2094 -0.03125000000085276 -0.3281249999999702 0
2095 -0.0312500000008121 -0.3124999999999676 0
2096 -0.03125000000077151 -0.2968749999999649 0
2097 -0.03125000000073085 -0.2812499999999623 0
2098 -0.03125000000069031 -0.2656249999999596 0
2099 -0.03125000000064968 -0.249999999999957 0
2100 -0.03125000000060905 -0.2343749999999541 0
2101 -0.03125000000056863 -0.2187499999999514 0
2102 -0.03125000000052802 -0.2031249999999487 0
2103 -0.03125000000048739 -0.187499999999946 0
2104 -0.03125000000044664 -0.1718749999999434 0
2105 -0.03125000000040609 -0.1562499999999407 0
2106 -0.0312500000003655 -0.1406249999999378 0
2107 -0.03125000000032496 -0.1249999999999351 0
2108 -0.03125000000028433 -0.1093749999999325 0
2109 -0.03125000000024364 -0.09374999999992982 0
2110 -0.03125000000020303 -0.07812499999992695 0
2111 -0.03125000000016256 -0.06249999999992427 0
2112 -0.03125000000012187 -0.04687499999992152 0
2113 -0.03125000000008127 -0.03124999999991884 0
2114 -0.03125000000004063 -0.01562499999991618 0
2115 -0.03125 8.593126210598712e-14 0
2116 -0.03124999999995937 0.01562500000008404 0
2117 -0.03124999999991873 0.03125000000008116 0
2118 -0.03124999999987824 0.04687500000007871 0
2119 -0.03124999999983757 0.06250000000007583 0
2120 -0.03124999999979702 0.07812500000007316 0
2121 -0.03124999999975644 0.0937500000000705 0
2122 -0.03124999999971578 0.1093750000000676 0
2123 -0.03124999999967515 0.1250000000000652 0
2124 -0.03124999999963451 0.1406250000000624 0
2125 -0.03124999999959391 0.1562500000000597 0
2126 -0.03124999999955336 0.1718750000000568 0
2127 -0.03124999999951283 0.1875000000000544 0
2128 -0.03124999999947217 0.2031250000000515 0
2129 -0.03124999999943159 0.2187500000000488 0
2130 -0.03124999999939096 0.2343750000000462 0
2131 -0.03124999999935033 0.2500000000000435 0
2132 -0.0312499999993098 0.2656250000000409 0
2133 -0.03124999999926925 0.281250000000038 0
2134 -0.03124999999922864 0.2968750000000353 0
2135 -0.03124999999918798 0.3125000000000326 0
2136 -0.03124999999914732 0.3281250000000298 0
2137 -0.03124999999910669 0.3437500000000271 0
2138 -0.03124999999906622 0.3593750000000244 0
2139 -0.03124999999902553 0.3750000000000219 0
2140 -0.03124999999898492 0.390625000000019 0
2141 -0.03124999999894437 0.4062500000000161 0
2142 -0.03124999999890379 0.4218750000000137 0
2143 -0.03124999999886313 0.4375000000000108 0
2144 -0.03124999999882253 0.453125000000008 0
2145 -0.03124999999878189 0.4687500000000056 0
2146 -0.03124999999874123 0.4843750000000027 0
2147 -0.01562500000130077 -0.4843749999999986 0
2148 -0.01562500000125869 -0.4687499999999973 0
2149 -0.01562500000121677 -0.4531249999999958 0
2150 -0.01562500000117482 -0.4374999999999946 0
2151 -0.01562500000113286 -0.4218749999999932 0
2152 -0.01562500000109093 -0.4062499999999919 0
2153 -0.01562500000104892 -0.3906249999999906 0
2154 -0.0156250000010071 -0.3749999999999892 0
2155 -0.01562500000096501 -0.3593749999999878 0
2156 -0.01562500000092314 -0.3437499999999865 0
2157 -0.01562500000088121 -0.3281249999999851 0
2158 -0.0156250000008392 -0.3124999999999837 0
2159 -0.01562500000079724 -0.2968749999999825 0
2160 -0.01562500000075531 -0.2812499999999811 0
2161 -0.01562500000071344 -0.2656249999999798 0
2162 -0.01562500000067146 -0.2499999999999785 0
2163 -0.01562500000062952 -0.2343749999999771 0
2164 -0.01562500000058756 -0.2187499999999758 0
2165 -0.01562500000054556 -0.2031249999999744 0
2166 -0.01562500000050362 -0.1874999999999731 0
2167 -0.01562500000046152 -0.1718749999999718 0
2168 -0.01562500000041964 -0.1562499999999705 0
2169 -0.0156250000003777 -0.1406249999999691 0
2170 -0.01562500000033573 -0.1249999999999676 0
2171 -0.01562500000029379 -0.1093749999999662 0
2172 -0.01562500000025185 -0.09374999999996492 0
2173 -0.01562500000020994 -0.07812499999996357 0
2174 -0.015625000000168 -0.06249999999996213 0
2175 -0.01562500000012593 -0.0468749999999608 0
2176 -0.01562500000008393 -0.03124999999995948 0
2177 -0.01562500000004197 -0.01562499999995803 0
2178 -0.01562500000000011 4.296563105299356e-14 0
2179 -0.01562499999995803 0.01562500000004186 0
2180 -0.01562499999991607 0.03125000000004075 0
2181 -0.01562499999987407 0.04687500000003919 0
2182 -0.01562499999983211 0.06250000000003808 0
2183 -0.01562499999979017 0.07812500000003653 0
2184 -0.01562499999974831 0.09375000000003542 0
2185 -0.01562499999970635 0.1093750000000339 0
2186 -0.01562499999966441 0.1250000000000325 0
2187 -0.0156249999996223 0.1406250000000313 0
2188 -0.01562499999958047 0.15625000000003 0
2189 -0.01562499999953848 0.1718750000000284 0
2190 -0.01562499999949651 0.1875000000000273 0
2191 -0.01562499999945463 0.2031250000000258 0
2192 -0.01562499999941266 0.2187500000000246 0
2193 -0.0156249999993707 0.2343750000000231 0
2194 -0.01562499999932876 0.2500000000000218 0
2195 -0.01562499999928679 0.2656250000000204 0
2196 -0.01562499999924485 0.2812500000000191 0
2197 -0.01562499999920286 0.2968750000000178 0
2198 -0.01562499999916087 0.3125000000000164 0
2199 -0.01562499999911893 0.3281250000000149 0
2200 -0.01562499999907696 0.3437500000000135 0
2201 -0.01562499999903499 0.3593750000000122 0
2202 -0.015624999998993 0.3750000000000108 0
2203 -0.01562499999895109 0.3906250000000097 0
2204 -0.01562499999890907 0.4062500000000081 0
2205 -0.01562499999886724 0.4218750000000068 0
2206 -0.01562499999882527 0.4375000000000054 0
2207 -0.01562499999878333 0.4531250000000039 0
2208 -0.01562499999874126 0.4687500000000028 0
2209 -0.0156249999986994 0.4843750000000013 0
2210 -1.332158341971201e-12 -0.4843750000000001 0
2211 -1.289151944916522e-12 -0.46875 0
2212 -1.246151619394009e-12 -0.453125 0
2213 -1.203273591876552e-12 -0.4375 0
2214 -1.160294083035751e-12 -0.421875 0
2215 -1.117231307468103e-12 -0.40625 0
2216 -1.074369759823668e-12 -0.390625 0
2217 -1.031369434301155e-12 -0.3749999999999999 0
2218 -9.883344143091222e-13 -0.359375 0
2219 -9.453549054683208e-13 -0.34375 0
2220 -9.023892744153272e-13 -0.328125 0
2221 -8.594826239605169e-13 -0.3124999999999999 0
2222 -8.164857678849557e-13 -0.2968750000000001 0
2223 -7.734923812563466e-13 -0.2812500000000001 0
2224 -7.305128724155452e-13 -0.2656250000000002 0
2225 -6.875333635747438e-13 -0.2500000000000002 0
2226 -6.445677325217503e-13 -0.2343750000000002 0
2227 -6.016298570443723e-13 -0.2187500000000001 0
2228 -5.586919815669944e-13 -0.2031250000000002 0
2229 -5.156985949383852e-13 -0.1875000000000002 0
2230 -4.726817895428503e-13 -0.1718750000000002 0
2231 -4.296198813369401e-13 -0.1562500000000002 0
2232 -3.86766139948147e-13 -0.1406250000000002 0
2233 -3.438985207715461e-13 -0.1250000000000003 0
2234 -3.007316617953393e-13 -0.1093750000000002 0
2235 -2.57821541893577e-13 -0.09375000000000022 0
2236 -2.149114219918147e-13 -0.07812500000000022 0
2237 -1.718347686363586e-13 -0.06250000000000001 0
2238 -1.287858708565182e-13 -0.046875 0
2239 -8.595901768160275e-14 -0.03124999999999999 0
2240 -4.307665335545607e-14 -0.015625 0
2241 0 0 0
2242 4.296563105299356e-14 0.01562500000000011 0
2243 8.595901768160275e-14 0.03124999999999989 0
2244 1.288968931589807e-13 0.04687500000000011 0
2245 1.718902797875899e-13 0.06249999999999989 0
2246 2.148559108405834e-13 0.07812500000000011 0
2247 2.57821541893577e-13 0.09374999999999989 0
2248 3.007316617953393e-13 0.1093750000000001 0
2249 3.437250484239485e-13 0.1250000000000001 0
2250 3.868017017794045e-13 0.140625 0
2251 4.296840661055512e-13 0.1562500000000002 0
2252 4.72705208309776e-13 0.171875 0
2253 5.155598170603071e-13 0.1875000000000002 0
2254 5.586919815669944e-13 0.2031250000000002 0
2255 6.017686349224505e-13 0.2187500000000002 0
2256 6.445677325217503e-13 0.2343750000000002 0
2257 6.874500968478969e-13 0.2500000000000002 0
2258 7.30526750203353e-13 0.2656250000000002 0
2259 7.735756479831934e-13 0.2812500000000002 0
2260 8.164857678849557e-13 0.296875 0
2261 8.595069100891806e-13 0.3125000000000002 0
2262 9.023892744153272e-13 0.328125 0
2263 9.454381721951677e-13 0.34375 0
2264 9.883205365213144e-13 0.359375 0
2265 1.031258411998692e-12 0.3750000000000001 0
2266 1.074362820929764e-12 0.3906249999999999 0
2267 1.117328451982758e-12 0.4062500000000001 0
2268 1.160294083035751e-12 0.4218749999999999 0
2269 1.203259714088745e-12 0.4375000000000001 0
2270 1.246197589566123e-12 0.4531249999999999 0
2271 1.289218731770347e-12 0.4687500000000001 0
2272 1.332156607247725e-12 0.4843749999999999 0
2273 0.0156249999986994 -0.4843750000000013 0
2274 0.01562499999874136 -0.4687500000000027 0
2275 0.01562499999878328 -0.4531250000000039 0
2276 0.01562499999882507 -0.4375000000000054 0
2277 0.01562499999886704 -0.4218750000000068 0
2278 0.01562499999890923 -0.4062500000000082 0
2279 0.01562499999895119 -0.3906250000000096 0
2280 0.01562499999899315 -0.3750000000000109 0
2281 0.01562499999903509 -0.3593750000000122 0
2282 0.01562499999907704 -0.3437500000000135 0
2283 0.01562499999911902 -0.3281250000000149 0
2284 0.0156249999991608 -0.3125000000000163 0
2285 0.01562499999920277 -0.2968750000000178 0
2286 0.01562499999924471 -0.2812500000000191 0
2287 0.01562499999928688 -0.2656250000000204 0
2288 0.01562499999932885 -0.2500000000000218 0
2289 0.01562499999937084 -0.2343750000000233 0
2290 0.0156249999994128 -0.2187500000000246 0
2291 0.01562499999945477 -0.2031250000000259 0
2292 0.01562499999949651 -0.1875000000000273 0
2293 0.01562499999953848 -0.1718750000000286 0
2294 0.01562499999958047 -0.15625000000003 0
2295 0.0156249999996225 -0.1406250000000313 0
2296 0.01562499999966446 -0.1250000000000327 0
2297 0.01562499999970646 -0.109375000000034 0
2298 0.01562499999974831 -0.09375000000003529 0
2299 0.01562499999979028 -0.07812500000003662 0
2300 0.01562499999983225 -0.06250000000003797 0
2301 0.01562499999987421 -0.0468750000000393 0
2302 0.01562499999991618 -0.03125000000004063 0
2303 0.01562499999995814 -0.01562500000004197 0
2304 0.01562500000000011 -4.296563105299356e-14 0
2305 0.01562500000004208 0.01562499999995792 0
2306 0.01562500000008404 0.03124999999995948 0
2307 0.01562500000012579 0.04687499999996081 0
2308 0.01562500000016775 0.06249999999996214 0
2309 0.01562500000020972 0.07812499999996347 0
2310 0.01562500000025188 0.09374999999996481 0
2311 0.01562500000029365 0.1093749999999664 0
2312 0.01562500000033584 0.1249999999999675 0
2313 0.01562500000037759 0.1406249999999689 0
2314 0.01562500000041953 0.1562499999999705 0
2315 0.01562500000046152 0.1718749999999716 0
2316 0.01562500000050349 0.1874999999999731 0
2317 0.01562500000054542 0.2031249999999745 0
2318 0.01562500000058742 0.2187499999999758 0
2319 0.01562500000062939 0.2343749999999771 0
2320 0.01562500000067138 0.2499999999999785 0
2321 0.01562500000071329 0.2656249999999798 0
2322 0.01562500000075528 0.2812499999999811 0
2323 0.01562500000079725 0.2968749999999825 0
2324 0.01562500000083919 0.3124999999999838 0
2325 0.01562500000088121 0.3281249999999851 0
2326 0.01562500000092315 0.3437499999999865 0
2327 0.01562500000096512 0.3593749999999878 0
2328 0.01562500000100708 0.3749999999999892 0
2329 0.01562500000104908 0.3906249999999906 0
2330 0.01562500000109082 0.4062499999999917 0
2331 0.01562500000113295 0.4218749999999932 0
2332 0.01562500000117473 0.4374999999999948 0
2333 0.01562500000121692 0.4531249999999959 0
2334 0.01562500000125888 0.4687499999999972 0
2335 0.01562500000130082 0.4843749999999987 0
2336 0.03124999999874133 -0.4843750000000027 0
2337 0.03124999999878199 -0.4687500000000053 0
2338 0.03124999999882239 -0.4531250000000081 0
2339 0.03124999999886303 -0.4375000000000109 0
2340 0.03124999999890362 -0.4218750000000135 0
2341 0.0312499999989445 -0.4062500000000162 0
2342 0.03124999999898516 -0.390625000000019 0
2343 0.03124999999902559 -0.3750000000000218 0
2344 0.03124999999906621 -0.3593750000000245 0
2345 0.03124999999910683 -0.3437500000000271 0
2346 0.03124999999914724 -0.3281250000000299 0
2347 0.0312499999991879 -0.3125000000000326 0
2348 0.03124999999922851 -0.2968750000000353 0
2349 0.03124999999926917 -0.281250000000038 0
2350 0.03124999999930978 -0.2656250000000407 0
2351 0.03124999999935041 -0.2500000000000435 0
2352 0.03124999999939104 -0.2343750000000462 0
2353 0.03124999999943168 -0.218750000000049 0
2354 0.03124999999947231 -0.2031250000000517 0
2355 0.0312499999995127 -0.1875000000000543 0
2356 0.03124999999955336 -0.1718750000000571 0
2357 0.0312499999995941 -0.1562500000000598 0
2358 0.03124999999963474 -0.1406250000000624 0
2359 0.03124999999967534 -0.1250000000000651 0
2360 0.03124999999971592 -0.1093750000000677 0
2361 0.03124999999975656 -0.09375000000007039 0
2362 0.03124999999979713 -0.07812500000007327 0
2363 0.0312499999998378 -0.06250000000007583 0
2364 0.03124999999987822 -0.04687500000007862 0
2365 0.03124999999991884 -0.03125000000008127 0
2366 0.03124999999995947 -0.01562500000008393 0
2367 0.0312500000000001 -8.594513989379493e-14 0
2368 0.03125000000004073 0.01562499999991619 0
2369 0.03125000000008116 0.03124999999991884 0
2370 0.03125000000012176 0.04687499999992151 0
2371 0.03125000000016245 0.06249999999992439 0
2372 0.03125000000020303 0.07812499999992684 0
2373 0.03125000000024369 0.09374999999992972 0
2374 0.03125000000028433 0.1093749999999322 0
2375 0.03125000000032496 0.1249999999999351 0
2376 0.0312500000003656 0.1406249999999378 0
2377 0.03125000000040604 0.1562499999999405 0
2378 0.03125000000044664 0.1718749999999432 0
2379 0.0312500000004873 0.187499999999946 0
2380 0.03125000000052791 0.2031249999999487 0
2381 0.03125000000056855 0.2187499999999514 0
2382 0.03125000000060921 0.2343749999999543 0
2383 0.03125000000064959 0.2499999999999567 0
2384 0.03125000000069045 0.2656249999999596 0
2385 0.03125000000073083 0.2812499999999623 0
2386 0.03125000000077152 0.2968749999999649 0
2387 0.0312500000008121 0.3124999999999676 0
2388 0.03125000000085276 0.3281249999999702 0
2389 0.0312500000008934 0.3437499999999729 0
2390 0.03125000000093403 0.3593749999999756 0
2391 0.03125000000097466 0.3749999999999784 0
2392 0.03125000000101508 0.390624999999981 0
2393 0.03125000000105596 0.4062499999999837 0
2394 0.03125000000109637 0.4218749999999866 0
2395 0.03125000000113695 0.437499999999989 0
2396 0.03125000000117775 0.453124999999992 0
2397 0.03125000000121803 0.4687499999999946 0
2398 0.03125000000125885 0.4843749999999972 0
2399 0.04687499999878331 -0.484375000000004 0
2400 0.0468749999988224 -0.4687500000000082 0
2401 0.04687499999886166 -0.4531250000000122 0
2402 0.04687499999890123 -0.4375000000000162 0
2403 0.04687499999894007 -0.4218750000000203 0
2404 0.04687499999897959 -0.4062500000000244 0
2405 0.04687499999901891 -0.3906250000000284 0
2406 0.04687499999905797 -0.3750000000000325 0
2407 0.04687499999909726 -0.3593750000000365 0
2408 0.04687499999913655 -0.3437500000000406 0
2409 0.04687499999917566 -0.3281250000000447 0
2410 0.04687499999921495 -0.3125000000000489 0
2411 0.04687499999925429 -0.2968750000000528 0
2412 0.04687499999929357 -0.281250000000057 0
2413 0.04687499999933289 -0.2656250000000611 0
2414 0.04687499999937214 -0.2500000000000652 0
2415 0.04687499999941122 -0.2343750000000691 0
2416 0.04687499999945051 -0.2187500000000733 0
2417 0.04687499999948982 -0.2031250000000774 0
2418 0.0468749999995292 -0.1875000000000814 0
2419 0.04687499999956832 -0.1718750000000855 0
2420 0.04687499999960765 -0.1562500000000895 0
2421 0.04687499999964687 -0.1406250000000935 0
2422 0.04687499999968611 -0.1250000000000974 0
2423 0.04687499999972525 -0.1093750000001017 0
2424 0.04687499999976449 -0.09375000000010569 0
2425 0.0468749999998038 -0.07812500000010969 0
2426 0.04687499999984314 -0.0625000000001137 0
2427 0.04687499999988243 -0.04687500000011779 0
2428 0.04687499999992149 -0.03125000000012189 0
2429 0.04687499999996082 -0.01562500000012591 0
2430 0.04687500000000011 -1.288968931589807e-13 0
2431 0.04687500000003919 0.01562499999987421 0
2432 0.04687500000007851 0.03124999999987822 0
2433 0.04687500000011779 0.04687499999988243 0
2434 0.0468750000001571 0.0624999999998862 0
2435 0.04687500000019615 0.07812499999989042 0
2436 0.04687500000023545 0.09374999999989464 0
2437 0.046875000000275 0.1093749999998984 0
2438 0.04687500000031408 0.1249999999999026 0
2439 0.04687500000035341 0.1406249999999067 0
2440 0.04687500000039269 0.1562499999999107 0
2441 0.04687500000043177 0.1718749999999147 0
2442 0.04687500000047104 0.187499999999919 0
2443 0.0468750000005104 0.203124999999923 0
2444 0.04687500000054948 0.2187499999999269 0
2445 0.04687500000058895 0.2343749999999312 0
2446 0.04687500000062803 0.2499999999999352 0
2447 0.04687500000066736 0.2656249999999392 0
2448 0.04687500000070668 0.2812499999999432 0
2449 0.04687500000074571 0.2968749999999472 0
2450 0.04687500000078507 0.3124999999999514 0
2451 0.04687500000082434 0.3281249999999554 0
2452 0.04687500000086361 0.3437499999999594 0
2453 0.04687500000090294 0.3593749999999636 0
2454 0.04687500000094205 0.3749999999999677 0
2455 0.04687500000098135 0.3906249999999715 0
2456 0.0468750000010206 0.4062499999999757 0
2457 0.04687500000105971 0.4218749999999797 0
2458 0.04687500000109926 0.4374999999999838 0
2459 0.04687500000113831 0.4531249999999879 0
2460 0.04687500000117761 0.4687499999999918 0
2461 0.04687500000121694 0.4843749999999959 0
2462 0.06249999999882527 -0.4843750000000053 0
2463 0.06249999999886299 -0.4687500000000108 0
2464 0.062499999998901 -0.4531250000000162 0
2465 0.06249999999893896 -0.4375000000000216 0
2466 0.06249999999897669 -0.4218750000000271 0
2467 0.06249999999901489 -0.4062500000000325 0
2468 0.0624999999990524 -0.3906250000000379 0
2469 0.06249999999909064 -0.3750000000000432 0
2470 0.06249999999912836 -0.3593750000000487 0
2471 0.06249999999916631 -0.3437500000000542 0
2472 0.06249999999920411 -0.3281250000000596 0
2473 0.06249999999924193 -0.3125000000000651 0
2474 0.06249999999928002 -0.2968750000000705 0
2475 0.06249999999931777 -0.2812500000000759 0
2476 0.06249999999935573 -0.2656250000000813 0
2477 0.06249999999939371 -0.2500000000000868 0
2478 0.06249999999943171 -0.2343750000000922 0
2479 0.06249999999946942 -0.2187500000000975 0
2480 0.06249999999950741 -0.203125000000103 0
2481 0.06249999999954538 -0.1875000000001085 0
2482 0.06249999999958319 -0.1718750000001139 0
2483 0.06249999999962105 -0.1562500000001192 0
2484 0.06249999999965902 -0.1406250000001248 0
2485 0.06249999999969701 -0.1250000000001302 0
2486 0.06249999999973477 -0.1093750000001355 0
2487 0.06249999999977275 -0.09375000000014098 0
2488 0.06249999999981075 -0.07812500000014633 0
2489 0.06249999999984845 -0.06250000000015166 0
2490 0.06249999999988644 -0.04687500000015699 0
2491 0.06249999999992441 -0.03125000000016244 0
2492 0.06249999999996214 -0.01562500000016788 0
2493 0.0624999999999999 -1.71876401999782e-13 0
2494 0.06250000000003786 0.01562499999983225 0
2495 0.06250000000007583 0.03124999999983757 0
2496 0.0625000000001138 0.0468749999998429 0
2497 0.06250000000015155 0.06249999999984845 0
2498 0.06250000000018954 0.07812499999985401 0
2499 0.06250000000022746 0.09374999999985911 0
2500 0.06250000000026523 0.1093749999998647 0
2501 0.06250000000030317 0.1249999999998702 0
2502 0.0625000000003412 0.1406249999998757 0
2503 0.06250000000037914 0.156249999999881 0
2504 0.06250000000041689 0.1718749999998863 0
2505 0.06250000000045483 0.1874999999998919 0
2506 0.06250000000049283 0.2031249999998974 0
2507 0.0625000000005306 0.2187499999999027 0
2508 0.06250000000056855 0.2343749999999081 0
2509 0.06250000000060651 0.2499999999999136 0
2510 0.06250000000064423 0.265624999999919 0
2511 0.06250000000068223 0.2812499999999243 0
2512 0.06250000000072023 0.2968749999999296 0
2513 0.06250000000075792 0.3124999999999352 0
2514 0.06250000000079589 0.3281249999999405 0
2515 0.06250000000083389 0.343749999999946 0
2516 0.06250000000087161 0.3593749999999512 0
2517 0.06250000000090961 0.3749999999999566 0
2518 0.06250000000094746 0.390624999999962 0
2519 0.06250000000098532 0.4062499999999675 0
2520 0.06250000000102329 0.4218749999999728 0
2521 0.06250000000106129 0.4374999999999782 0
2522 0.06250000000109901 0.453124999999984 0
2523 0.06250000000113701 0.468749999999989 0
2524 0.06250000000117492 0.4843749999999944 0
2525 0.0781249999988672 -0.4843750000000068 0
2526 0.07812499999890367 -0.4687500000000135 0
2527 0.07812499999894031 -0.4531250000000202 0
2528 0.07812499999897693 -0.4375000000000271 0
2529 0.07812499999901332 -0.4218750000000338 0
2530 0.07812499999904995 -0.4062500000000406 0
2531 0.07812499999908618 -0.3906250000000474 0
2532 0.0781249999991229 -0.3750000000000542 0
2533 0.07812499999915945 -0.359375000000061 0
2534 0.07812499999919609 -0.3437500000000677 0
2535 0.0781249999992325 -0.3281250000000745 0
2536 0.07812499999926914 -0.3125000000000812 0
2537 0.07812499999930581 -0.2968750000000882 0
2538 0.07812499999934217 -0.2812500000000948 0
2539 0.07812499999937883 -0.2656250000001017 0
2540 0.07812499999941525 -0.2500000000001085 0
2541 0.07812499999945188 -0.2343750000001152 0
2542 0.07812499999948852 -0.218750000000122 0
2543 0.07812499999952494 -0.2031250000001288 0
2544 0.07812499999956157 -0.1875000000001356 0
2545 0.0781249999995982 -0.1718750000001424 0
2546 0.07812499999963463 -0.156250000000149 0
2547 0.07812499999967124 -0.1406250000001559 0
2548 0.07812499999970771 -0.1250000000001626 0
2549 0.07812499999974429 -0.1093750000001694 0
2550 0.07812499999978076 -0.09375000000017608 0
2551 0.07812499999981738 -0.07812500000018273 0
2552 0.07812499999985402 -0.06250000000018953 0
2553 0.07812499999989043 -0.04687500000019627 0
2554 0.07812499999992707 -0.03125000000020305 0
2555 0.07812499999996347 -0.01562500000020983 0
2556 0.07812500000000012 -2.148420330527756e-13 0
2557 0.07812500000003653 0.01562499999979028 0
2558 0.07812500000007318 0.03124999999979695 0
2559 0.07812500000010957 0.04687499999980384 0
2560 0.07812500000014622 0.06249999999981071 0
2561 0.07812500000018285 0.07812499999981715 0
2562 0.07812500000021924 0.09374999999982403 0
2563 0.07812500000025591 0.1093749999998309 0
2564 0.07812500000029232 0.1249999999998378 0
2565 0.07812500000032893 0.1406249999998446 0
2566 0.07812500000036557 0.1562499999998512 0
2567 0.07812500000040198 0.1718749999998579 0
2568 0.07812500000043868 0.1874999999998648 0
2569 0.07812500000047504 0.2031249999998717 0
2570 0.0781250000005117 0.2187499999998783 0
2571 0.07812500000054814 0.234374999999885 0
2572 0.07812500000058478 0.2499999999998919 0
2573 0.07812500000062139 0.2656249999998987 0
2574 0.07812500000065778 0.2812499999999054 0
2575 0.07812500000069447 0.2968749999999121 0
2576 0.07812500000073105 0.312499999999919 0
2577 0.07812500000076752 0.3281249999999256 0
2578 0.07812500000080391 0.3437499999999323 0
2579 0.07812500000084058 0.3593749999999392 0
2580 0.07812500000087721 0.374999999999946 0
2581 0.0781250000009136 0.3906249999999526 0
2582 0.07812500000095027 0.4062499999999593 0
2583 0.07812500000098688 0.4218749999999661 0
2584 0.07812500000102332 0.437499999999973 0
2585 0.07812500000105971 0.4531249999999799 0
2586 0.07812500000109632 0.4687499999999862 0
2587 0.07812500000113295 0.4843749999999931 0
2588 0.09374999999890897 -0.4843750000000081 0
2589 0.0937499999989443 -0.4687500000000162 0
2590 0.09374999999897937 -0.4531250000000243 0
2591 0.09374999999901487 -0.4375000000000324 0
2592 0.09374999999904976 -0.4218750000000406 0
2593 0.09374999999908509 -0.4062500000000487 0
2594 0.09374999999912023 -0.3906250000000568 0
2595 0.09374999999915531 -0.3750000000000651 0
2596 0.09374999999919076 -0.3593750000000731 0
2597 0.09374999999922581 -0.3437500000000813 0
2598 0.09374999999926092 -0.3281250000000894 0
2599 0.0937499999992962 -0.3125000000000976 0
2600 0.09374999999933149 -0.2968750000001057 0
2601 0.09374999999936638 -0.2812500000001139 0
2602 0.0937499999994017 -0.2656250000001221 0
2603 0.09374999999943701 -0.2500000000001301 0
2604 0.09374999999947235 -0.2343750000001383 0
2605 0.09374999999950739 -0.2187500000001464 0
2606 0.09374999999954248 -0.2031250000001544 0
2607 0.09374999999957774 -0.1875000000001627 0
2608 0.09374999999961312 -0.1718750000001707 0
2609 0.09374999999964816 -0.1562500000001789 0
2610 0.09374999999968327 -0.140625000000187 0
2611 0.09374999999971859 -0.1250000000001949 0
2612 0.09374999999975364 -0.1093750000002031 0
2613 0.09374999999978906 -0.09375000000021139 0
2614 0.09374999999982413 -0.07812500000021939 0
2615 0.09374999999985935 -0.06250000000022736 0
2616 0.09374999999989464 -0.04687500000023559 0
2617 0.09374999999992972 -0.03125000000024369 0
2618 0.09374999999996482 -0.01562500000025181 0
2619 0.09375000000000012 -2.578076641057692e-13 0
2620 0.09375000000003519 0.01562499999974831 0
2621 0.09375000000007049 0.03124999999975654 0
2622 0.0937500000001056 0.04687499999976454 0
2623 0.09375000000014087 0.06249999999977253 0
2624 0.09375000000017598 0.07812499999978074 0
2625 0.09375000000021129 0.09374999999978896 0
2626 0.09375000000024636 0.1093749999997972 0
2627 0.09375000000028166 0.1249999999998052 0
2628 0.09375000000031675 0.1406249999998133 0
2629 0.09375000000035208 0.1562499999998215 0
2630 0.09375000000038711 0.1718749999998295 0
2631 0.09375000000042241 0.1874999999998377 0
2632 0.09375000000045752 0.2031249999998459 0
2633 0.09375000000049286 0.2187499999998539 0
2634 0.09375000000052791 0.2343749999998621 0
2635 0.09375000000056322 0.2499999999998701 0
2636 0.09375000000059833 0.2656249999998783 0
2637 0.09375000000063363 0.2812499999998863 0
2638 0.09375000000066872 0.2968749999998945 0
2639 0.09375000000070377 0.3124999999999025 0
2640 0.0937500000007391 0.3281249999999107 0
2641 0.09375000000077441 0.343749999999919 0
2642 0.09375000000080946 0.3593749999999269 0
2643 0.09375000000084455 0.3749999999999353 0
2644 0.09375000000087982 0.390624999999943 0
2645 0.09375000000091513 0.4062499999999513 0
2646 0.09375000000095021 0.4218749999999595 0
2647 0.09375000000098535 0.4374999999999675 0
2648 0.09375000000102063 0.4531249999999755 0
2649 0.09375000000105593 0.4687499999999838 0
2650 0.09375000000109099 0.484374999999992 0
2651 0.109374999998951 -0.4843750000000096 0
2652 0.1093749999989849 -0.4687500000000189 0
2653 0.1093749999990187 -0.4531250000000284 0
2654 0.1093749999990526 -0.437500000000038 0
2655 0.1093749999990864 -0.4218750000000474 0
2656 0.1093749999991204 -0.4062500000000568 0
2657 0.109374999999154 -0.3906250000000664 0
2658 0.1093749999991878 -0.3750000000000757 0
2659 0.1093749999992218 -0.3593750000000852 0
2660 0.1093749999992556 -0.3437500000000948 0
2661 0.1093749999992893 -0.3281250000001044 0
2662 0.1093749999993231 -0.3125000000001138 0
2663 0.1093749999993573 -0.2968750000001232 0
2664 0.1093749999993908 -0.2812500000001328 0
2665 0.1093749999994248 -0.2656250000001423 0
2666 0.1093749999994588 -0.2500000000001518 0
2667 0.1093749999994925 -0.2343750000001614 0
2668 0.1093749999995262 -0.2187500000001708 0
2669 0.1093749999995602 -0.2031250000001801 0
2670 0.109374999999594 -0.1875000000001898 0
2671 0.1093749999996279 -0.1718750000001992 0
2672 0.1093749999996617 -0.1562500000002087 0
2673 0.1093749999996955 -0.1406250000002181 0
2674 0.1093749999997295 -0.1250000000002276 0
2675 0.1093749999997633 -0.1093750000002369 0
2676 0.109374999999797 -0.09375000000024648 0
2677 0.109374999999831 -0.07812500000025602 0
2678 0.1093749999998646 -0.06250000000026536 0
2679 0.1093749999998986 -0.04687500000027489 0
2680 0.1093749999999324 -0.03125000000028433 0
2681 0.1093749999999664 -0.01562500000029378 0
2682 0.1093750000000001 -3.007455395831471e-13 0
2683 0.1093750000000339 0.01562499999970635 0
2684 0.1093750000000678 0.03124999999971567 0
2685 0.1093750000001016 0.04687499999972523 0
2686 0.1093750000001353 0.06249999999973477 0
2687 0.1093750000001693 0.07812499999974433 0
2688 0.1093750000002031 0.09374999999975386 0
2689 0.1093750000002368 0.1093749999997632 0
2690 0.1093750000002708 0.1249999999997725 0
2691 0.1093750000003046 0.1406249999997822 0
2692 0.1093750000003385 0.1562499999997917 0
2693 0.1093750000003722 0.171874999999801 0
2694 0.1093750000004062 0.1874999999998106 0
2695 0.10937500000044 0.2031249999998201 0
2696 0.1093750000004737 0.2187499999998297 0
2697 0.1093750000005077 0.234374999999839 0
2698 0.1093750000005414 0.2499999999998486 0
2699 0.1093750000005752 0.2656249999998581 0
2700 0.1093750000006092 0.2812499999998674 0
2701 0.1093750000006432 0.296874999999877 0
2702 0.1093750000006769 0.3124999999998863 0
2703 0.1093750000007107 0.3281249999998959 0
2704 0.1093750000007444 0.3437499999999052 0
2705 0.1093750000007784 0.3593749999999147 0
2706 0.1093750000008123 0.3749999999999243 0
2707 0.109375000000846 0.3906249999999336 0
2708 0.1093750000008798 0.4062499999999433 0
2709 0.1093750000009136 0.4218749999999526 0
2710 0.1093750000009476 0.437499999999962 0
2711 0.1093750000009814 0.4531249999999714 0
2712 0.1093750000010153 0.468749999999981 0
2713 0.109375000001049 0.4843749999999906 0
2714 0.1249999999989929 -0.4843750000000109 0
2715 0.1249999999990253 -0.4687500000000215 0
2716 0.124999999999058 -0.4531250000000324 0
2717 0.1249999999990906 -0.4375000000000433 0
2718 0.1249999999991228 -0.4218750000000542 0
2719 0.1249999999991555 -0.406250000000065 0
2720 0.124999999999188 -0.3906250000000758 0
2721 0.1249999999992205 -0.3750000000000867 0
2722 0.1249999999992529 -0.3593750000000975 0
2723 0.1249999999992853 -0.3437500000001084 0
2724 0.1249999999993178 -0.3281250000001192 0
2725 0.1249999999993502 -0.3125000000001301 0
2726 0.1249999999993828 -0.2968750000001409 0
2727 0.1249999999994152 -0.2812500000001518 0
2728 0.1249999999994479 -0.2656250000001626 0
2729 0.1249999999994803 -0.2500000000001734 0
2730 0.1249999999995127 -0.2343750000001843 0
2731 0.1249999999995451 -0.2187500000001951 0
2732 0.1249999999995778 -0.2031250000002059 0
2733 0.1249999999996102 -0.1875000000002167 0
2734 0.1249999999996428 -0.1718750000002275 0
2735 0.1249999999996753 -0.1562500000002385 0
2736 0.1249999999997078 -0.1406250000002493 0
2737 0.1249999999997402 -0.1250000000002599 0
2738 0.1249999999997729 -0.1093750000002709 0
2739 0.1249999999998053 -0.09375000000028177 0
2740 0.1249999999998376 -0.07812500000029245 0
2741 0.1249999999998702 -0.06250000000030331 0
2742 0.1249999999999026 -0.04687500000031408 0
2743 0.1249999999999351 -0.03125000000032485 0
2744 0.1249999999999675 -0.01562500000033573 0
2745 0.1249999999999999 -3.437250484239485e-13 0
2746 0.1250000000000325 0.01562499999966439 0
2747 0.1250000000000649 0.03124999999967527 0
2748 0.1250000000000976 0.04687499999968613 0
2749 0.12500000000013 0.06249999999969702 0
2750 0.1250000000001624 0.07812499999970769 0
2751 0.1250000000001948 0.09374999999971857 0
2752 0.1250000000002275 0.1093749999997292 0
2753 0.1250000000002599 0.1249999999997401 0
2754 0.1250000000002925 0.1406249999997511 0
2755 0.125000000000325 0.156249999999762 0
2756 0.1250000000003573 0.1718749999997726 0
2757 0.1250000000003898 0.1874999999997835 0
2758 0.1250000000004224 0.2031249999997944 0
2759 0.1250000000004548 0.2187499999998053 0
2760 0.1250000000004873 0.2343749999998161 0
2761 0.12500000000052 0.2499999999998268 0
2762 0.1250000000005524 0.2656249999998377 0
2763 0.1250000000005847 0.2812499999998486 0
2764 0.1250000000006171 0.2968749999998592 0
2765 0.1250000000006498 0.3124999999998701 0
2766 0.1250000000006822 0.328124999999881 0
2767 0.1250000000007149 0.3437499999998916 0
2768 0.1250000000007473 0.3593749999999025 0
2769 0.1250000000007798 0.3749999999999135 0
2770 0.1250000000008121 0.3906249999999242 0
2771 0.1250000000008445 0.4062499999999349 0
2772 0.1250000000008772 0.4218749999999457 0
2773 0.1250000000009096 0.4374999999999565 0
2774 0.1250000000009422 0.4531249999999675 0
2775 0.1250000000009747 0.4687499999999785 0
2776 0.1250000000010071 0.4843749999999892 0
2777 0.140624999999035 -0.4843750000000122 0
2778 0.1406249999990662 -0.4687500000000243 0
2779 0.1406249999990972 -0.4531250000000366 0
2780 0.1406249999991283 -0.4375000000000487 0
2781 0.1406249999991598 -0.421875000000061 0
2782 0.1406249999991907 -0.4062500000000732 0
2783 0.140624999999222 -0.3906250000000852 0
2784 0.1406249999992531 -0.3750000000000974 0
2785 0.1406249999992841 -0.3593750000001097 0
2786 0.1406249999993152 -0.3437500000001219 0
2787 0.1406249999993463 -0.3281250000001341 0
2788 0.1406249999993776 -0.3125000000001464 0
2789 0.1406249999994085 -0.2968750000001585 0
2790 0.1406249999994398 -0.2812500000001708 0
2791 0.1406249999994708 -0.265625000000183 0
2792 0.140624999999502 -0.2500000000001952 0
2793 0.1406249999995333 -0.2343750000002072 0
2794 0.1406249999995643 -0.2187500000002195 0
2795 0.1406249999995954 -0.2031250000002316 0
2796 0.1406249999996265 -0.1875000000002438 0
2797 0.1406249999996576 -0.171875000000256 0
2798 0.1406249999996889 -0.1562500000002683 0
2799 0.14062499999972 -0.1406250000002805 0
2800 0.1406249999997511 -0.1250000000002925 0
2801 0.1406249999997822 -0.1093750000003046 0
2802 0.1406249999998135 -0.09375000000031684 0
2803 0.1406249999998446 -0.07812500000032907 0
2804 0.1406249999998757 -0.06250000000034119 0
2805 0.1406249999999067 -0.04687500000035327 0
2806 0.1406249999999378 -0.03125000000036549 0
2807 0.1406249999999689 -0.0156250000003777 0
2808 0.140625 -3.868017017794045e-13 0
2809 0.1406250000000313 0.01562499999962243 0
2810 0.1406250000000624 0.03124999999963461 0
2811 0.1406250000000935 0.0468749999996466 0
2812 0.1406250000001246 0.06249999999965883 0
2813 0.1406250000001557 0.07812499999967103 0
2814 0.140625000000187 0.09374999999968327 0
2815 0.140625000000218 0.1093749999996955 0
2816 0.1406250000002491 0.1249999999997077 0
2817 0.1406250000002802 0.1406249999997198 0
2818 0.1406250000003115 0.156249999999732 0
2819 0.1406250000003426 0.1718749999997442 0
2820 0.1406250000003737 0.1874999999997564 0
2821 0.1406250000004048 0.2031249999997686 0
2822 0.1406250000004359 0.2187499999997808 0
2823 0.1406250000004672 0.2343749999997931 0
2824 0.1406250000004982 0.2499999999998053 0
2825 0.1406250000005293 0.2656249999998175 0
2826 0.1406250000005604 0.2812499999998297 0
2827 0.1406250000005915 0.2968749999998417 0
2828 0.1406250000006226 0.3124999999998539 0
2829 0.1406250000006539 0.3281249999998661 0
2830 0.140625000000685 0.3437499999998781 0
2831 0.1406250000007161 0.3593749999998903 0
2832 0.1406250000007474 0.3749999999999024 0
2833 0.1406250000007785 0.3906249999999146 0
2834 0.1406250000008096 0.4062499999999269 0
2835 0.1406250000008406 0.421874999999939 0
2836 0.1406250000008718 0.4374999999999512 0
2837 0.1406250000009028 0.4531249999999636 0
2838 0.1406250000009339 0.4687499999999757 0
2839 0.140625000000965 0.4843749999999878 0
2840 0.156249999999077 -0.4843750000000134 0
2841 0.1562499999991067 -0.4687500000000271 0
2842 0.1562499999991365 -0.4531250000000406 0
2843 0.1562499999991662 -0.4375000000000542 0
2844 0.1562499999991962 -0.4218750000000677 0
2845 0.1562499999992257 -0.4062500000000813 0
2846 0.1562499999992556 -0.3906250000000948 0
2847 0.1562499999992855 -0.3750000000001084 0
2848 0.1562499999993152 -0.3593750000001218 0
2849 0.156249999999345 -0.3437500000001354 0
2850 0.1562499999993748 -0.328125000000149 0
2851 0.1562499999994047 -0.3125000000001625 0
2852 0.1562499999994342 -0.2968750000001761 0
2853 0.1562499999994642 -0.2812500000001896 0
2854 0.1562499999994939 -0.2656250000002031 0
2855 0.1562499999995237 -0.2500000000002167 0
2856 0.1562499999995535 -0.2343750000002303 0
2857 0.1562499999995832 -0.2187500000002438 0
2858 0.156249999999613 -0.2031250000002573 0
2859 0.1562499999996427 -0.1875000000002709 0
2860 0.1562499999996725 -0.1718750000002845 0
2861 0.1562499999997025 -0.1562500000002979 0
2862 0.1562499999997322 -0.1406250000003114 0
2863 0.156249999999762 -0.125000000000325 0
2864 0.1562499999997917 -0.1093750000003385 0
2865 0.1562499999998215 -0.09375000000035207 0
2866 0.1562499999998512 -0.07812500000036558 0
2867 0.156249999999881 -0.06250000000037903 0
2868 0.156249999999911 -0.04687500000039257 0
2869 0.1562499999999407 -0.03125000000040611 0
2870 0.1562499999999705 -0.01562500000041966 0
2871 0.1562500000000002 -4.297534550445903e-13 0
2872 0.15625000000003 0.01562499999958046 0
2873 0.1562500000000597 0.03124999999959399 0
2874 0.1562500000000895 0.04687499999960754 0
2875 0.1562500000001192 0.06249999999962107 0
2876 0.156250000000149 0.07812499999963463 0
2877 0.1562500000001787 0.09374999999964816 0
2878 0.1562500000002085 0.1093749999996617 0
2879 0.1562500000002383 0.1249999999996753 0
2880 0.156250000000268 0.1406249999996887 0
2881 0.156250000000298 0.1562499999997022 0
2882 0.1562500000003277 0.1718749999997158 0
2883 0.1562500000003575 0.1874999999997293 0
2884 0.1562500000003873 0.2031249999997429 0
2885 0.156250000000417 0.2187499999997564 0
2886 0.1562500000004467 0.23437499999977 0
2887 0.1562500000004765 0.2499999999997835 0
2888 0.1562500000005065 0.2656249999997971 0
2889 0.1562500000005362 0.2812499999998106 0
2890 0.156250000000566 0.2968749999998241 0
2891 0.1562500000005958 0.3124999999998377 0
2892 0.1562500000006255 0.328124999999851 0
2893 0.1562500000006553 0.3437499999998646 0
2894 0.156250000000685 0.3593749999998781 0
2895 0.1562500000007147 0.3749999999998916 0
2896 0.1562500000007445 0.3906249999999054 0
2897 0.1562500000007743 0.406249999999919 0
2898 0.156250000000804 0.4218749999999324 0
2899 0.1562500000008338 0.4374999999999459 0
2900 0.1562500000008635 0.4531249999999595 0
2901 0.1562500000008933 0.4687499999999729 0
2902 0.156250000000923 0.4843749999999865 0
2903 0.1718749999991189 -0.4843750000000149 0
2904 0.1718749999991473 -0.4687500000000298 0
2905 0.1718749999991758 -0.4531250000000446 0
2906 0.1718749999992042 -0.4375000000000595 0
2907 0.1718749999992328 -0.4218750000000744 0
2908 0.171874999999261 -0.4062500000000894 0
2909 0.1718749999992893 -0.3906250000001042 0
2910 0.1718749999993179 -0.3750000000001192 0
2911 0.1718749999993463 -0.3593750000001342 0
2912 0.1718749999993748 -0.343750000000149 0
2913 0.1718749999994032 -0.3281250000001639 0
2914 0.1718749999994317 -0.3125000000001788 0
2915 0.17187499999946 -0.2968750000001938 0
2916 0.1718749999994886 -0.2812500000002086 0
2917 0.1718749999995169 -0.2656250000002235 0
2918 0.1718749999995453 -0.2500000000002385 0
2919 0.1718749999995737 -0.2343750000002534 0
2920 0.1718749999996021 -0.2187500000002682 0
2921 0.1718749999996305 -0.2031250000002831 0
2922 0.1718749999996589 -0.187500000000298 0
2923 0.1718749999996873 -0.1718750000003129 0
2924 0.1718749999997158 -0.1562500000003277 0
2925 0.1718749999997442 -0.1406250000003426 0
2926 0.1718749999997726 -0.1250000000003574 0
2927 0.171874999999801 -0.1093750000003722 0
2928 0.1718749999998295 -0.09375000000038712 0
2929 0.1718749999998579 -0.078125000000402 0
2930 0.1718749999998865 -0.06250000000041701 0
2931 0.171874999999915 -0.04687500000043189 0
2932 0.1718749999999434 -0.03125000000044677 0
2933 0.1718749999999718 -0.01562500000046164 0
2934 0.171875 -4.727190860975838e-13 0
2935 0.1718750000000284 0.01562499999953848 0
2936 0.1718750000000569 0.03124999999955358 0
2937 0.1718750000000853 0.04687499999956846 0
2938 0.1718750000001137 0.06249999999958333 0
2939 0.1718750000001423 0.07812499999959822 0
2940 0.1718750000001708 0.0937499999996131 0
2941 0.1718750000001992 0.109374999999628 0
2942 0.1718750000002276 0.1249999999996428 0
2943 0.1718750000002558 0.1406249999996576 0
2944 0.1718750000002844 0.1562499999996725 0
2945 0.1718750000003129 0.1718749999996874 0
2946 0.1718750000003413 0.1874999999997022 0
2947 0.1718750000003697 0.2031249999997171 0
2948 0.1718750000003982 0.218749999999732 0
2949 0.1718750000004266 0.2343749999997469 0
2950 0.1718750000004549 0.2499999999997617 0
2951 0.1718750000004834 0.2656249999997766 0
2952 0.1718750000005118 0.2812499999997915 0
2953 0.1718750000005402 0.2968749999998064 0
2954 0.1718750000005687 0.3124999999998213 0
2955 0.1718750000005971 0.3281249999998361 0
2956 0.1718750000006255 0.343749999999851 0
2957 0.1718750000006539 0.3593749999998659 0
2958 0.1718750000006823 0.3749999999998811 0
2959 0.1718750000007108 0.3906249999998958 0
2960 0.1718750000007392 0.4062499999999106 0
2961 0.1718750000007676 0.4218749999999255 0
2962 0.171875000000796 0.4374999999999404 0
2963 0.1718750000008245 0.4531249999999553 0
2964 0.1718750000008529 0.4687499999999702 0
2965 0.1718750000008813 0.4843749999999851 0
2966 0.1874999999991609 -0.4843750000000162 0
2967 0.1874999999991879 -0.4687500000000324 0
2968 0.1874999999992151 -0.4531250000000486 0
2969 0.1874999999992419 -0.4375000000000651 0
2970 0.1874999999992693 -0.4218750000000813 0
2971 0.1874999999992961 -0.4062500000000975 0
2972 0.1874999999993233 -0.3906250000001137 0
2973 0.1874999999993505 -0.3750000000001301 0
2974 0.1874999999993776 -0.3593750000001462 0
2975 0.1874999999994044 -0.3437500000001625 0
2976 0.1874999999994316 -0.3281250000001787 0
2977 0.1874999999994589 -0.3125000000001949 0
2978 0.1874999999994856 -0.2968750000002114 0
2979 0.1874999999995129 -0.2812500000002276 0
2980 0.1874999999995399 -0.2656250000002438 0
2981 0.187499999999567 -0.2500000000002601 0
2982 0.1874999999995941 -0.2343750000002764 0
2983 0.1874999999996212 -0.2187500000002925 0
2984 0.1874999999996483 -0.2031250000003088 0
2985 0.1874999999996751 -0.1875000000003251 0
2986 0.1874999999997025 -0.1718750000003412 0
2987 0.1874999999997293 -0.1562500000003575 0
2988 0.1874999999997564 -0.1406250000003738 0
2989 0.1874999999997836 -0.1250000000003898 0
2990 0.1874999999998105 -0.1093750000004062 0
2991 0.1874999999998377 -0.09375000000042256 0
2992 0.1874999999998648 -0.0781250000004387 0
2993 0.1874999999998919 -0.06250000000045484 0
2994 0.187499999999919 -0.04687500000047105 0
2995 0.187499999999946 -0.03125000000048729 0
2996 0.1874999999999731 -0.01562500000050349 0
2997 0.1875000000000002 -5.156985949383852e-13 0
2998 0.1875000000000271 0.01562499999949651 0
2999 0.1875000000000542 0.03124999999951271 0
3000 0.1875000000000813 0.04687499999952895 0
3001 0.1875000000001084 0.06249999999954513 0
3002 0.1875000000001357 0.07812499999956136 0
3003 0.1875000000001628 0.09374999999957777 0
3004 0.1875000000001898 0.109374999999594 0
3005 0.1875000000002169 0.1249999999996102 0
3006 0.1875000000002438 0.1406249999996265 0
3007 0.1875000000002708 0.1562499999996427 0
3008 0.187500000000298 0.1718749999996589 0
3009 0.1875000000003251 0.1874999999996754 0
3010 0.1875000000003521 0.2031249999996916 0
3011 0.187500000000379 0.2187499999997078 0
3012 0.1875000000004062 0.234374999999724 0
3013 0.1875000000004332 0.2499999999997402 0
3014 0.1875000000004603 0.2656249999997564 0
3015 0.1875000000004874 0.2812499999997728 0
3016 0.1875000000005145 0.2968749999997891 0
3017 0.1875000000005416 0.3124999999998053 0
3018 0.1875000000005686 0.3281249999998213 0
3019 0.1875000000005957 0.3437499999998375 0
3020 0.1875000000006229 0.3593749999998539 0
3021 0.18750000000065 0.3749999999998699 0
3022 0.187500000000677 0.3906249999998862 0
3023 0.1875000000007041 0.4062499999999024 0
3024 0.1875000000007312 0.4218749999999186 0
3025 0.1875000000007583 0.4374999999999349 0
3026 0.1875000000007854 0.4531249999999512 0
3027 0.1875000000008125 0.4687499999999675 0
3028 0.1875000000008396 0.4843749999999837 0
3029 0.2031249999992028 -0.4843750000000175 0
3030 0.2031249999992284 -0.4687500000000352 0
3031 0.2031249999992541 -0.4531250000000529 0
3032 0.2031249999992799 -0.4375000000000704 0
3033 0.2031249999993058 -0.4218750000000879 0
3034 0.2031249999993315 -0.4062500000001056 0
3035 0.203124999999357 -0.3906250000001232 0
3036 0.2031249999993829 -0.3750000000001407 0
3037 0.2031249999994087 -0.3593750000001585 0
3038 0.2031249999994343 -0.3437500000001761 0
3039 0.20312499999946 -0.3281250000001936 0
3040 0.203124999999486 -0.3125000000002113 0
3041 0.2031249999995113 -0.2968750000002289 0
3042 0.2031249999995372 -0.2812500000002465 0
3043 0.203124999999563 -0.2656250000002641 0
3044 0.2031249999995886 -0.2500000000002818 0
3045 0.2031249999996143 -0.2343750000002993 0
3046 0.2031249999996401 -0.2187500000003169 0
3047 0.2031249999996658 -0.2031250000003346 0
3048 0.2031249999996916 -0.1875000000003522 0
3049 0.2031249999997173 -0.1718750000003697 0
3050 0.2031249999997429 -0.1562500000003872 0
3051 0.2031249999997686 -0.140625000000405 0
3052 0.2031249999997944 -0.1250000000004226 0
3053 0.2031249999998201 -0.10937500000044 0
3054 0.2031249999998459 -0.09375000000045756 0
3055 0.2031249999998716 -0.07812500000047513 0
3056 0.2031249999998974 -0.06250000000049273 0
3057 0.2031249999999232 -0.04687500000051026 0
3058 0.2031249999999487 -0.03125000000052791 0
3059 0.2031249999999745 -0.01562500000054556 0
3060 0.2031250000000002 -5.586781037791866e-13 0
3061 0.2031250000000258 0.01562499999945477 0
3062 0.2031250000000515 0.03124999999947231 0
3063 0.2031250000000773 0.04687499999948984 0
3064 0.203125000000103 0.06249999999950741 0
3065 0.2031250000001288 0.07812499999952494 0
3066 0.2031250000001545 0.09374999999954248 0
3067 0.2031250000001803 0.10937499999956 0
3068 0.2031250000002061 0.1249999999995776 0
3069 0.2031250000002316 0.1406249999995954 0
3070 0.2031250000002573 0.156249999999613 0
3071 0.2031250000002831 0.1718749999996305 0
3072 0.2031250000003089 0.1874999999996481 0
3073 0.2031250000003344 0.2031249999996658 0
3074 0.2031250000003602 0.2187499999996834 0
3075 0.2031250000003859 0.2343749999997011 0
3076 0.2031250000004117 0.2499999999997187 0
3077 0.2031250000004374 0.2656249999997362 0
3078 0.2031250000004632 0.2812499999997538 0
3079 0.2031250000004889 0.2968749999997713 0
3080 0.2031250000005147 0.3124999999997888 0
3081 0.2031250000005405 0.3281249999998064 0
3082 0.2031250000005662 0.3437499999998241 0
3083 0.2031250000005917 0.3593749999998417 0
3084 0.2031250000006175 0.3749999999998593 0
3085 0.2031250000006433 0.390624999999877 0
3086 0.2031250000006688 0.4062499999998944 0
3087 0.2031250000006946 0.4218749999999121 0
3088 0.2031250000007203 0.4374999999999294 0
3089 0.203125000000746 0.453124999999947 0
3090 0.2031250000007718 0.4687499999999647 0
3091 0.2031250000007976 0.4843749999999823 0
3092 0.2187499999992449 -0.4843750000000189 0
3093 0.218749999999269 -0.468750000000038 0
3094 0.2187499999992934 -0.4531250000000568 0
3095 0.2187499999993179 -0.4375000000000757 0
3096 0.2187499999993423 -0.4218750000000949 0
3097 0.2187499999993665 -0.4062500000001137 0
3098 0.218749999999391 -0.3906250000001327 0
3099 0.2187499999994154 -0.3750000000001517 0
3100 0.2187499999994398 -0.3593750000001705 0
3101 0.218749999999464 -0.3437500000001896 0
3102 0.2187499999994884 -0.3281250000002086 0
3103 0.2187499999995131 -0.3125000000002276 0
3104 0.218749999999537 -0.2968750000002465 0
3105 0.2187499999995617 -0.2812500000002655 0
3106 0.2187499999995859 -0.2656250000002846 0
3107 0.2187499999996103 -0.2500000000003034 0
3108 0.2187499999996348 -0.2343750000003223 0
3109 0.218749999999659 -0.2187500000003413 0
3110 0.2187499999996834 -0.2031250000003603 0
3111 0.2187499999997078 -0.1875000000003791 0
3112 0.2187499999997322 -0.171875000000398 0
3113 0.2187499999997564 -0.156250000000417 0
3114 0.218749999999781 -0.140625000000436 0
3115 0.2187499999998053 -0.125000000000455 0
3116 0.2187499999998296 -0.1093750000004738 0
3117 0.2187499999998539 -0.0937500000004927 0
3118 0.2187499999998783 -0.07812500000051176 0
3119 0.2187499999999027 -0.06250000000053058 0
3120 0.2187499999999272 -0.04687500000054956 0
3121 0.2187499999999514 -0.03125000000056855 0
3122 0.2187499999999758 -0.01562500000058754 0
3123 0.2187500000000002 -6.016298570443723e-13 0
3124 0.2187500000000245 0.01562499999941258 0
3125 0.2187500000000488 0.03124999999943145 0
3126 0.2187500000000733 0.04687499999945054 0
3127 0.2187500000000975 0.06249999999946942 0
3128 0.2187500000001219 0.07812499999948852 0
3129 0.2187500000001463 0.09374999999950739 0
3130 0.2187500000001708 0.1093749999995263 0
3131 0.2187500000001952 0.1249999999995451 0
3132 0.2187500000002196 0.1406249999995643 0
3133 0.2187500000002438 0.1562499999995832 0
3134 0.2187500000002683 0.1718749999996021 0
3135 0.2187500000002924 0.187499999999621 0
3136 0.2187500000003168 0.20312499999964 0
3137 0.2187500000003413 0.2187499999996592 0
3138 0.2187500000003657 0.234374999999678 0
3139 0.2187500000003902 0.2499999999996969 0
3140 0.2187500000004144 0.2656249999997158 0
3141 0.2187500000004388 0.2812499999997347 0
3142 0.2187500000004632 0.2968749999997538 0
3143 0.2187500000004874 0.3124999999997726 0
3144 0.2187500000005118 0.3281249999997915 0
3145 0.2187500000005362 0.3437499999998106 0
3146 0.2187500000005607 0.3593749999998295 0
3147 0.2187500000005851 0.3749999999998483 0
3148 0.2187500000006095 0.3906249999998673 0
3149 0.2187500000006337 0.4062499999998863 0
3150 0.2187500000006582 0.4218749999999054 0
3151 0.2187500000006823 0.4374999999999242 0
3152 0.2187500000007068 0.4531249999999429 0
3153 0.2187500000007312 0.4687499999999619 0
3154 0.2187500000007556 0.4843749999999809 0
3155 0.2343749999992868 -0.4843750000000202 0
3156 0.2343749999993097 -0.4687500000000406 0
3157 0.2343749999993327 -0.453125000000061 0
3158 0.2343749999993557 -0.4375000000000813 0
3159 0.2343749999993789 -0.4218750000001014 0
3160 0.2343749999994016 -0.406250000000122 0
3161 0.2343749999994248 -0.3906250000001421 0
3162 0.2343749999994477 -0.3750000000001626 0
3163 0.2343749999994709 -0.3593750000001829 0
3164 0.234374999999494 -0.3437500000002031 0
3165 0.2343749999995168 -0.3281250000002233 0
3166 0.2343749999995399 -0.3125000000002439 0
3167 0.2343749999995628 -0.2968750000002641 0
3168 0.2343749999995859 -0.2812500000002844 0
3169 0.234374999999609 -0.2656250000003048 0
3170 0.2343749999996319 -0.2500000000003251 0
3171 0.234374999999655 -0.2343750000003453 0
3172 0.2343749999996781 -0.2187500000003657 0
3173 0.2343749999997009 -0.2031250000003861 0
3174 0.234374999999724 -0.1875000000004062 0
3175 0.234374999999747 -0.1718750000004265 0
3176 0.2343749999997699 -0.1562500000004469 0
3177 0.2343749999997931 -0.1406250000004671 0
3178 0.2343749999998161 -0.1250000000004873 0
3179 0.234374999999839 -0.1093750000005078 0
3180 0.2343749999998621 -0.09375000000052797 0
3181 0.234374999999885 -0.07812500000054817 0
3182 0.2343749999999081 -0.06250000000056855 0
3183 0.2343749999999312 -0.04687500000058886 0
3184 0.2343749999999543 -0.03125000000060906 0
3185 0.2343749999999771 -0.01562500000062951 0
3186 0.2343750000000002 -6.445816103095581e-13 0
3187 0.2343750000000231 0.01562499999937084 0
3188 0.2343750000000462 0.03124999999939104 0
3189 0.2343750000000693 0.04687499999941123 0
3190 0.2343750000000921 0.06249999999943147 0
3191 0.2343750000001153 0.07812499999945188 0
3192 0.2343750000001381 0.09374999999947232 0
3193 0.2343750000001612 0.1093749999994925 0
3194 0.2343750000001844 0.1249999999995127 0
3195 0.2343750000002074 0.1406249999995333 0
3196 0.2343750000002303 0.1562499999995535 0
3197 0.2343750000002534 0.1718749999995737 0
3198 0.2343750000002762 0.1874999999995941 0
3199 0.2343750000002993 0.2031249999996145 0
3200 0.2343750000003225 0.2187499999996347 0
3201 0.2343750000003455 0.2343749999996549 0
3202 0.2343750000003684 0.2499999999996751 0
3203 0.2343750000003913 0.2656249999996956 0
3204 0.2343750000004143 0.281249999999716 0
3205 0.2343750000004374 0.2968749999997362 0
3206 0.2343750000004605 0.3124999999997564 0
3207 0.2343750000004836 0.3281249999997766 0
3208 0.2343750000005064 0.3437499999997971 0
3209 0.2343750000005293 0.3593749999998173 0
3210 0.2343750000005524 0.3749999999998376 0
3211 0.2343750000005756 0.3906249999998578 0
3212 0.2343750000005986 0.4062499999998781 0
3213 0.2343750000006217 0.4218749999998984 0
3214 0.2343750000006447 0.4374999999999188 0
3215 0.2343750000006675 0.453124999999939 0
3216 0.2343750000006906 0.4687499999999591 0
3217 0.2343750000007137 0.4843749999999796 0
3218 0.2499999999993287 -0.4843750000000215 0
3219 0.2499999999993503 -0.4687500000000433 0
3220 0.2499999999993718 -0.4531250000000651 0
3221 0.2499999999993936 -0.4375000000000865 0
3222 0.2499999999994153 -0.4218750000001084 0
3223 0.2499999999994368 -0.40625000000013 0
3224 0.2499999999994585 -0.3906250000001517 0
3225 0.2499999999994804 -0.3750000000001733 0
3226 0.249999999999502 -0.359375000000195 0
3227 0.2499999999995237 -0.3437500000002167 0
3228 0.2499999999995453 -0.3281250000002382 0
3229 0.249999999999567 -0.31250000000026 0
3230 0.2499999999995886 -0.2968750000002818 0
3231 0.2499999999996103 -0.2812500000003033 0
3232 0.2499999999996319 -0.2656250000003251 0
3233 0.2499999999996536 -0.2500000000003467 0
3234 0.2499999999996751 -0.2343750000003684 0
3235 0.2499999999996969 -0.21875000000039 0
3236 0.2499999999997184 -0.2031250000004117 0
3237 0.2499999999997402 -0.1875000000004333 0
3238 0.2499999999997619 -0.1718750000004549 0
3239 0.2499999999997835 -0.1562500000004766 0
3240 0.2499999999998052 -0.1406250000004983 0
3241 0.2499999999998268 -0.1250000000005199 0
3242 0.2499999999998485 -0.1093750000005415 0
3243 0.24999999999987 -0.09375000000056311 0
3244 0.2499999999998919 -0.07812500000058487 0
3245 0.2499999999999136 -0.0625000000006064 0
3246 0.2499999999999352 -0.04687500000062817 0
3247 0.2499999999999569 -0.0312500000006497 0
3248 0.2499999999999785 -0.01562500000067137 0
3249 0.2500000000000002 -6.875472413625516e-13 0
3250 0.2500000000000218 0.01562499999932863 0
3251 0.2500000000000435 0.03124999999935019 0
3252 0.2500000000000651 0.04687499999937218 0
3253 0.2500000000000868 0.06249999999939371 0
3254 0.2500000000001084 0.07812499999941525 0
3255 0.2500000000001301 0.09374999999943701 0
3256 0.2500000000001517 0.1093749999994588 0
3257 0.2500000000001734 0.1249999999994803 0
3258 0.2500000000001952 0.140624999999502 0
3259 0.2500000000002167 0.1562499999995237 0
3260 0.2500000000002385 0.1718749999995453 0
3261 0.25000000000026 0.187499999999567 0
3262 0.2500000000002818 0.2031249999995887 0
3263 0.2500000000003035 0.2187499999996103 0
3264 0.2500000000003251 0.2343749999996319 0
3265 0.2500000000003466 0.2499999999996536 0
3266 0.2500000000003684 0.2656249999996754 0
3267 0.2500000000003901 0.2812499999996969 0
3268 0.2500000000004116 0.2968749999997184 0
3269 0.2500000000004334 0.3124999999997402 0
3270 0.250000000000455 0.3281249999997617 0
3271 0.2500000000004767 0.3437499999997835 0
3272 0.2500000000004985 0.359374999999805 0
3273 0.25000000000052 0.3749999999998268 0
3274 0.2500000000005418 0.3906249999998486 0
3275 0.2500000000005633 0.4062499999998701 0
3276 0.2500000000005851 0.4218749999998916 0
3277 0.2500000000006069 0.4374999999999134 0
3278 0.2500000000006284 0.4531249999999351 0
3279 0.2500000000006499 0.4687499999999566 0
3280 0.2500000000006716 0.4843749999999781 0
3281 0.2656249999993705 -0.484375000000023 0
3282 0.265624999999391 -0.468750000000046 0
3283 0.2656249999994111 -0.4531250000000691 0
3284 0.2656249999994313 -0.4375000000000921 0
3285 0.265624999999452 -0.421875000000115 0
3286 0.265624999999472 -0.4062500000001381 0
3287 0.2656249999994925 -0.3906250000001611 0
3288 0.2656249999995128 -0.3750000000001842 0
3289 0.265624999999533 -0.3593750000002072 0
3290 0.2656249999995535 -0.3437500000002301 0
3291 0.2656249999995737 -0.3281250000002533 0
3292 0.2656249999995942 -0.3125000000002762 0
3293 0.2656249999996141 -0.2968750000002993 0
3294 0.2656249999996347 -0.2812500000003224 0
3295 0.2656249999996549 -0.2656250000003454 0
3296 0.2656249999996751 -0.2500000000003684 0
3297 0.2656249999996956 -0.2343750000003914 0
3298 0.2656249999997158 -0.2187500000004145 0
3299 0.2656249999997362 -0.2031250000004374 0
3300 0.2656249999997564 -0.1875000000004603 0
3301 0.2656249999997768 -0.1718750000004834 0
3302 0.2656249999997971 -0.1562500000005064 0
3303 0.2656249999998174 -0.1406250000005293 0
3304 0.2656249999998377 -0.1250000000005524 0
3305 0.2656249999998579 -0.1093750000005753 0
3306 0.2656249999998783 -0.09375000000059831 0
3307 0.2656249999998985 -0.07812500000062138 0
3308 0.265624999999919 -0.06250000000064437 0
3309 0.2656249999999392 -0.04687500000066736 0
3310 0.2656249999999595 -0.03125000000069032 0
3311 0.2656249999999798 -0.0156250000007133 0
3312 0.265625 -7.305128724155452e-13 0
3313 0.2656250000000204 0.01562499999928689 0
3314 0.2656250000000406 0.03124999999930977 0
3315 0.2656250000000611 0.04687499999933264 0
3316 0.2656250000000813 0.06249999999935595 0
3317 0.2656250000001017 0.07812499999937883 0
3318 0.2656250000001219 0.0937499999994017 0
3319 0.2656250000001421 0.1093749999994248 0
3320 0.2656250000001625 0.1249999999994479 0
3321 0.265625000000183 0.1406249999994709 0
3322 0.2656250000002034 0.1562499999994939 0
3323 0.2656250000002236 0.1718749999995168 0
3324 0.2656250000002438 0.1874999999995399 0
3325 0.2656250000002642 0.203124999999563 0
3326 0.2656250000002844 0.2187499999995859 0
3327 0.2656250000003046 0.234374999999609 0
3328 0.265625000000325 0.2499999999996321 0
3329 0.2656250000003455 0.2656249999996549 0
3330 0.2656250000003657 0.2812499999996778 0
3331 0.265625000000386 0.2968749999997009 0
3332 0.2656250000004063 0.312499999999724 0
3333 0.2656250000004268 0.3281249999997469 0
3334 0.265625000000447 0.34374999999977 0
3335 0.2656250000004672 0.3593749999997928 0
3336 0.2656250000004876 0.3749999999998158 0
3337 0.265625000000508 0.3906249999998389 0
3338 0.2656250000005283 0.406249999999862 0
3339 0.2656250000005485 0.421874999999885 0
3340 0.2656250000005689 0.4374999999999079 0
3341 0.2656250000005891 0.4531249999999311 0
3342 0.2656250000006093 0.4687499999999539 0
3343 0.2656250000006298 0.4843749999999768 0
3344 0.2812499999994125 -0.4843750000000243 0
3345 0.2812499999994313 -0.4687500000000486 0
3346 0.2812499999994504 -0.4531250000000732 0
3347 0.2812499999994693 -0.4375000000000975 0
3348 0.2812499999994884 -0.421875000000122 0
3349 0.2812499999995073 -0.4062500000001462 0
3350 0.2812499999995262 -0.3906250000001705 0
3351 0.2812499999995453 -0.375000000000195 0
3352 0.2812499999995641 -0.3593750000002194 0
3353 0.2812499999995832 -0.3437500000002438 0
3354 0.2812499999996021 -0.3281250000002681 0
3355 0.281249999999621 -0.3125000000002925 0
3356 0.2812499999996401 -0.2968750000003169 0
3357 0.2812499999996588 -0.2812500000003413 0
3358 0.2812499999996778 -0.2656250000003657 0
3359 0.2812499999996969 -0.25000000000039 0
3360 0.2812499999997158 -0.2343750000004146 0
3361 0.2812499999997347 -0.2187500000004387 0
3362 0.2812499999997538 -0.203125000000463 0
3363 0.2812499999997726 -0.1875000000004875 0
3364 0.2812499999997915 -0.1718750000005118 0
3365 0.2812499999998106 -0.1562500000005362 0
3366 0.2812499999998295 -0.1406250000005605 0
3367 0.2812499999998483 -0.1250000000005848 0
3368 0.2812499999998674 -0.1093750000006092 0
3369 0.2812499999998863 -0.09375000000063366 0
3370 0.2812499999999052 -0.07812500000065786 0
3371 0.2812499999999243 -0.06250000000068223 0
3372 0.2812499999999434 -0.04687500000070655 0
3373 0.2812499999999623 -0.03125000000073098 0
3374 0.2812499999999811 -0.01562500000075529 0
3375 0.2812500000000002 -7.734923812563466e-13 0
3376 0.2812500000000191 0.01562499999924471 0
3377 0.281250000000038 0.03124999999926935 0
3378 0.2812500000000571 0.04687499999929357 0
3379 0.2812500000000759 0.06249999999931777 0
3380 0.2812500000000949 0.0781249999993424 0
3381 0.2812500000001139 0.09374999999936663 0
3382 0.2812500000001328 0.1093749999993908 0
3383 0.2812500000001517 0.1249999999994155 0
3384 0.2812500000001708 0.1406249999994398 0
3385 0.2812500000001894 0.1562499999994642 0
3386 0.2812500000002085 0.1718749999994884 0
3387 0.2812500000002277 0.1874999999995128 0
3388 0.2812500000002467 0.2031249999995373 0
3389 0.2812500000002653 0.2187499999995615 0
3390 0.2812500000002844 0.2343749999995859 0
3391 0.2812500000003033 0.2499999999996103 0
3392 0.2812500000003222 0.2656249999996345 0
3393 0.2812500000003413 0.2812499999996589 0
3394 0.2812500000003604 0.2968749999996834 0
3395 0.2812500000003793 0.3124999999997076 0
3396 0.2812500000003981 0.328124999999732 0
3397 0.2812500000004172 0.3437499999997564 0
3398 0.2812500000004361 0.3593749999997806 0
3399 0.281250000000455 0.3749999999998053 0
3400 0.2812500000004741 0.3906249999998294 0
3401 0.2812500000004929 0.4062499999998538 0
3402 0.2812500000005118 0.4218749999998781 0
3403 0.2812500000005309 0.4374999999999024 0
3404 0.2812500000005498 0.4531249999999268 0
3405 0.2812500000005687 0.4687499999999512 0
3406 0.2812500000005878 0.4843749999999755 0
3407 0.2968749999994544 -0.4843750000000258 0
3408 0.296874999999472 -0.4687500000000515 0
3409 0.2968749999994897 -0.4531250000000772 0
3410 0.2968749999995073 -0.4375000000001028 0
3411 0.296874999999525 -0.4218750000001287 0
3412 0.2968749999995424 -0.4062500000001543 0
3413 0.29687499999956 -0.3906250000001801 0
3414 0.2968749999995776 -0.3750000000002058 0
3415 0.2968749999995952 -0.3593750000002315 0
3416 0.296874999999613 -0.3437500000002572 0
3417 0.2968749999996305 -0.328125000000283 0
3418 0.2968749999996482 -0.3125000000003088 0
3419 0.2968749999996658 -0.2968750000003346 0
3420 0.2968749999996834 -0.2812500000003603 0
3421 0.2968749999997009 -0.265625000000386 0
3422 0.2968749999997184 -0.2500000000004117 0
3423 0.2968749999997362 -0.2343750000004374 0
3424 0.2968749999997535 -0.218750000000463 0
3425 0.2968749999997715 -0.2031250000004887 0
3426 0.2968749999997888 -0.1875000000005145 0
3427 0.2968749999998064 -0.1718750000005402 0
3428 0.2968749999998241 -0.1562500000005659 0
3429 0.2968749999998417 -0.1406250000005916 0
3430 0.2968749999998592 -0.1250000000006174 0
3431 0.2968749999998769 -0.109375000000643 0
3432 0.2968749999998945 -0.09375000000066874 0
3433 0.2968749999999121 -0.0781250000006945 0
3434 0.2968749999999298 -0.06250000000072009 0
3435 0.2968749999999474 -0.04687500000074585 0
3436 0.2968749999999649 -0.0312500000007716 0
3437 0.2968749999999825 -0.01562500000079724 0
3438 0.296875 -8.164718900971479e-13 0
3439 0.2968750000000177 0.01562499999920298 0
3440 0.2968750000000353 0.03124999999922851 0
3441 0.2968750000000528 0.04687499999925428 0
3442 0.2968750000000706 0.06249999999928002 0
3443 0.2968750000000882 0.07812499999930556 0
3444 0.2968750000001057 0.09374999999933152 0
3445 0.2968750000001232 0.1093749999993571 0
3446 0.296875000000141 0.1249999999993828 0
3447 0.2968750000001585 0.1406249999994085 0
3448 0.2968750000001763 0.1562499999994345 0
3449 0.2968750000001936 0.17187499999946 0
3450 0.2968750000002114 0.1874999999994857 0
3451 0.2968750000002287 0.2031249999995115 0
3452 0.2968750000002465 0.2187499999995373 0
3453 0.2968750000002642 0.2343749999995628 0
3454 0.2968750000002815 0.2499999999995886 0
3455 0.2968750000002993 0.2656249999996143 0
3456 0.2968750000003171 0.2812499999996401 0
3457 0.2968750000003347 0.2968749999996658 0
3458 0.2968750000003522 0.3124999999996914 0
3459 0.2968750000003698 0.3281249999997171 0
3460 0.2968750000003872 0.3437499999997427 0
3461 0.296875000000405 0.3593749999997686 0
3462 0.2968750000004225 0.3749999999997943 0
3463 0.2968750000004401 0.3906249999998201 0
3464 0.2968750000004579 0.4062499999998456 0
3465 0.2968750000004752 0.4218749999998714 0
3466 0.2968750000004929 0.4374999999998971 0
3467 0.2968750000005105 0.4531249999999227 0
3468 0.296875000000528 0.4687499999999486 0
3469 0.2968750000005458 0.4843749999999741 0
3470 0.3124999999994964 -0.4843750000000271 0
3471 0.3124999999995126 -0.4687500000000542 0
3472 0.3124999999995288 -0.4531250000000813 0
3473 0.312499999999545 -0.4375000000001084 0
3474 0.3124999999995614 -0.4218750000001355 0
3475 0.3124999999995774 -0.4062500000001625 0
3476 0.3124999999995938 -0.3906250000001895 0
3477 0.31249999999961 -0.3750000000002166 0
3478 0.3124999999996265 -0.3593750000002438 0
3479 0.3124999999996427 -0.3437500000002709 0
3480 0.3124999999996587 -0.3281250000002979 0
3481 0.312499999999675 -0.3125000000003251 0
3482 0.3124999999996914 -0.2968750000003522 0
3483 0.3124999999997076 -0.2812500000003793 0
3484 0.312499999999724 -0.2656250000004063 0
3485 0.3124999999997401 -0.2500000000004335 0
3486 0.3124999999997566 -0.2343750000004603 0
3487 0.3124999999997726 -0.2187500000004874 0
3488 0.3124999999997891 -0.2031250000005145 0
3489 0.3124999999998052 -0.1875000000005416 0
3490 0.3124999999998213 -0.1718750000005686 0
3491 0.3124999999998378 -0.1562500000005957 0
3492 0.3124999999998538 -0.1406250000006228 0
3493 0.31249999999987 -0.1250000000006499 0
3494 0.3124999999998863 -0.109375000000677 0
3495 0.3124999999999025 -0.09375000000070394 0
3496 0.312499999999919 -0.07812500000073103 0
3497 0.3124999999999352 -0.06250000000075807 0
3498 0.3124999999999514 -0.04687500000078505 0
3499 0.3124999999999675 -0.03125000000081211 0
3500 0.3124999999999837 -0.01562500000083921 0
3501 0.3125 -8.594236433623337e-13 0
3502 0.3125000000000164 0.01562499999916079 0
3503 0.3125000000000327 0.03124999999918809 0
3504 0.3125000000000488 0.04687499999921495 0
3505 0.3125000000000651 0.06249999999924206 0
3506 0.3125000000000813 0.07812499999926914 0
3507 0.3125000000000975 0.09374999999929623 0
3508 0.3125000000001139 0.1093749999993233 0
3509 0.3125000000001301 0.1249999999993502 0
3510 0.3125000000001463 0.1406249999993774 0
3511 0.3125000000001628 0.1562499999994047 0
3512 0.3125000000001787 0.1718749999994316 0
3513 0.3125000000001952 0.1874999999994587 0
3514 0.3125000000002112 0.2031249999994857 0
3515 0.3125000000002276 0.2187499999995128 0
3516 0.3125000000002436 0.2343749999995399 0
3517 0.31250000000026 0.249999999999567 0
3518 0.3125000000002764 0.2656249999995941 0
3519 0.3125000000002924 0.281249999999621 0
3520 0.3125000000003089 0.2968749999996481 0
3521 0.3125000000003251 0.3124999999996751 0
3522 0.3125000000003413 0.328124999999702 0
3523 0.3125000000003577 0.3437499999997293 0
3524 0.3125000000003737 0.3593749999997562 0
3525 0.3125000000003902 0.3749999999997835 0
3526 0.3125000000004063 0.3906249999998105 0
3527 0.3125000000004226 0.4062499999998376 0
3528 0.3125000000004388 0.4218749999998646 0
3529 0.3125000000004549 0.4374999999998918 0
3530 0.3125000000004714 0.4531249999999186 0
3531 0.3125000000004874 0.4687499999999459 0
3532 0.3125000000005038 0.4843749999999729 0
3533 0.3281249999995384 -0.4843750000000284 0
3534 0.3281249999995532 -0.4687500000000568 0
3535 0.3281249999995682 -0.4531250000000852 0
3536 0.3281249999995829 -0.4375000000001137 0
3537 0.3281249999995981 -0.4218750000001421 0
3538 0.3281249999996128 -0.4062500000001705 0
3539 0.3281249999996277 -0.390625000000199 0
3540 0.3281249999996427 -0.3750000000002275 0
3541 0.3281249999996576 -0.3593750000002559 0
3542 0.3281249999996726 -0.3437500000002843 0
3543 0.3281249999996871 -0.3281250000003127 0
3544 0.3281249999997021 -0.3125000000003413 0
3545 0.3281249999997171 -0.2968750000003697 0
3546 0.3281249999997319 -0.2812500000003981 0
3547 0.328124999999747 -0.2656250000004267 0
3548 0.3281249999997617 -0.2500000000004551 0
3549 0.3281249999997768 -0.2343750000004835 0
3550 0.3281249999997915 -0.2187500000005118 0
3551 0.3281249999998066 -0.2031250000005403 0
3552 0.3281249999998213 -0.1875000000005687 0
3553 0.3281249999998361 -0.171875000000597 0
3554 0.328124999999851 -0.1562500000006254 0
3555 0.3281249999998659 -0.1406250000006538 0
3556 0.328124999999881 -0.1250000000006823 0
3557 0.3281249999998956 -0.1093750000007107 0
3558 0.3281249999999107 -0.09375000000073913 0
3559 0.3281249999999253 -0.07812500000076757 0
3560 0.3281249999999405 -0.06250000000079592 0
3561 0.3281249999999554 -0.04687500000082434 0
3562 0.3281249999999702 -0.03125000000085266 0
3563 0.3281249999999852 -0.0156250000008812 0
3564 0.3281250000000002 -9.023892744153272e-13 0
3565 0.3281250000000151 0.01562499999911904 0
3566 0.3281250000000298 0.03124999999914724 0
3567 0.3281250000000449 0.04687499999917587 0
3568 0.3281250000000595 0.06249999999920409 0
3569 0.3281250000000746 0.07812499999923272 0
3570 0.3281250000000894 0.09374999999926094 0
3571 0.3281250000001043 0.1093749999992895 0
3572 0.328125000000119 0.1249999999993178 0
3573 0.3281250000001341 0.1406249999993463 0
3574 0.3281250000001489 0.1562499999993747 0
3575 0.3281250000001638 0.1718749999994031 0
3576 0.3281250000001787 0.1874999999994316 0
3577 0.3281250000001936 0.20312499999946 0
3578 0.3281250000002085 0.2187499999994884 0
3579 0.3281250000002234 0.2343749999995168 0
3580 0.3281250000002385 0.2499999999995453 0
3581 0.3281250000002531 0.2656249999995737 0
3582 0.3281250000002682 0.2812499999996021 0
3583 0.3281250000002829 0.2968749999996305 0
3584 0.328125000000298 0.3124999999996587 0
3585 0.3281250000003126 0.3281249999996874 0
3586 0.3281250000003277 0.3437499999997156 0
3587 0.3281250000003426 0.3593749999997442 0
3588 0.3281250000003575 0.3749999999997727 0
3589 0.3281250000003724 0.3906249999998009 0
3590 0.3281250000003872 0.4062499999998296 0
3591 0.3281250000004021 0.4218749999998578 0
3592 0.3281250000004171 0.4374999999998863 0
3593 0.3281250000004321 0.4531249999999147 0
3594 0.3281250000004468 0.468749999999943 0
3595 0.3281250000004619 0.4843749999999715 0
3596 0.3437499999995803 -0.4843750000000298 0
3597 0.3437499999995937 -0.4687500000000595 0
3598 0.3437499999996074 -0.4531250000000894 0
3599 0.3437499999996207 -0.4375000000001192 0
3600 0.3437499999996346 -0.4218750000001489 0
3601 0.3437499999996478 -0.4062500000001788 0
3602 0.3437499999996616 -0.3906250000002085 0
3603 0.3437499999996752 -0.3750000000002383 0
3604 0.3437499999996887 -0.3593750000002681 0
3605 0.3437499999997022 -0.343750000000298 0
3606 0.3437499999997156 -0.3281250000003277 0
3607 0.3437499999997292 -0.3125000000003575 0
3608 0.3437499999997429 -0.2968750000003872 0
3609 0.3437499999997565 -0.2812500000004171 0
3610 0.34374999999977 -0.2656250000004469 0
3611 0.3437499999997833 -0.2500000000004767 0
3612 0.3437499999997971 -0.2343750000005065 0
3613 0.3437499999998104 -0.2187500000005362 0
3614 0.3437499999998241 -0.203125000000566 0
3615 0.3437499999998375 -0.1875000000005958 0
3616 0.343749999999851 -0.1718750000006254 0
3617 0.3437499999998646 -0.1562500000006551 0
3618 0.3437499999998781 -0.1406250000006851 0
3619 0.3437499999998916 -0.1250000000007147 0
3620 0.3437499999999052 -0.1093750000007446 0
3621 0.3437499999999187 -0.09375000000077433 0
3622 0.3437499999999323 -0.07812500000080409 0
3623 0.3437499999999458 -0.06250000000083378 0
3624 0.3437499999999594 -0.04687500000086364 0
3625 0.3437499999999729 -0.0312500000008934 0
3626 0.3437499999999865 -0.01562500000092314 0
3627 0.3437500000000002 -9.453549054683208e-13 0
3628 0.3437500000000135 0.01562499999907686 0
3629 0.3437500000000273 0.03124999999910684 0
3630 0.3437500000000407 0.04687499999913657 0
3631 0.3437500000000544 0.06249999999916633 0
3632 0.3437500000000677 0.07812499999919609 0
3633 0.3437500000000815 0.09374999999922587 0
3634 0.3437500000000948 0.1093749999992556 0
3635 0.3437500000001086 0.1249999999992853 0
3636 0.3437500000001219 0.1406249999993152 0
3637 0.3437500000001354 0.156249999999345 0
3638 0.3437500000001489 0.1718749999993747 0
3639 0.3437500000001625 0.1874999999994044 0
3640 0.3437500000001761 0.2031249999994343 0
3641 0.3437500000001896 0.2187499999994642 0
3642 0.3437500000002032 0.2343749999994938 0
3643 0.3437500000002169 0.2499999999995237 0
3644 0.3437500000002302 0.2656249999995532 0
3645 0.3437500000002435 0.2812499999995832 0
3646 0.3437500000002573 0.2968749999996128 0
3647 0.3437500000002707 0.3124999999996427 0
3648 0.3437500000002844 0.3281249999996723 0
3649 0.3437500000002978 0.3437499999997022 0
3650 0.3437500000003115 0.3593749999997318 0
3651 0.3437500000003251 0.3749999999997617 0
3652 0.3437500000003386 0.3906249999997915 0
3653 0.343750000000352 0.4062499999998213 0
3654 0.3437500000003657 0.4218749999998511 0
3655 0.343750000000379 0.4374999999998809 0
3656 0.3437500000003928 0.4531249999999106 0
3657 0.3437500000004061 0.4687499999999404 0
3658 0.3437500000004199 0.4843749999999701 0
3659 0.3593749999996223 -0.4843750000000311 0
3660 0.3593749999996345 -0.4687500000000623 0
3661 0.3593749999996465 -0.4531250000000935 0
3662 0.3593749999996588 -0.4375000000001246 0
3663 0.3593749999996712 -0.4218750000001556 0
3664 0.3593749999996831 -0.4062500000001867 0
3665 0.3593749999996954 -0.3906250000002179 0
3666 0.3593749999997076 -0.3750000000002491 0
3667 0.3593749999997198 -0.3593750000002802 0
3668 0.359374999999732 -0.3437500000003114 0
3669 0.3593749999997441 -0.3281250000003426 0
3670 0.3593749999997564 -0.3125000000003738 0
3671 0.3593749999997686 -0.2968750000004049 0
3672 0.3593749999997806 -0.2812500000004361 0
3673 0.3593749999997931 -0.2656250000004671 0
3674 0.359374999999805 -0.2500000000004984 0
3675 0.3593749999998175 -0.2343750000005295 0
3676 0.3593749999998293 -0.2187500000005606 0
3677 0.3593749999998417 -0.2031250000005917 0
3678 0.3593749999998537 -0.1875000000006229 0
3679 0.3593749999998659 -0.1718750000006539 0
3680 0.3593749999998781 -0.1562500000006851 0
3681 0.3593749999998903 -0.1406250000007162 0
3682 0.3593749999999025 -0.1250000000007473 0
3683 0.3593749999999147 -0.1093750000007784 0
3684 0.3593749999999267 -0.09375000000080951 0
3685 0.3593749999999389 -0.07812500000084059 0
3686 0.3593749999999512 -0.06250000000087173 0
3687 0.3593749999999634 -0.04687500000090283 0
3688 0.3593749999999756 -0.03125000000093393 0
3689 0.3593749999999878 -0.01562500000096511 0
3690 0.359375 -9.883274754152183e-13 0
3691 0.3593750000000122 0.0156249999990351 0
3692 0.3593750000000244 0.0312499999990662 0
3693 0.3593750000000364 0.04687499999909726 0
3694 0.3593750000000486 0.06249999999912836 0
3695 0.3593750000000608 0.07812499999915945 0
3696 0.3593750000000733 0.09374999999919076 0
3697 0.3593750000000853 0.1093749999992216 0
3698 0.3593750000000978 0.1249999999992529 0
3699 0.3593750000001096 0.1406249999992841 0
3700 0.3593750000001219 0.1562499999993152 0
3701 0.3593750000001341 0.1718749999993463 0
3702 0.3593750000001463 0.1874999999993776 0
3703 0.3593750000001586 0.2031249999994085 0
3704 0.3593750000001705 0.2187499999994398 0
3705 0.3593750000001827 0.2343749999994709 0
3706 0.359375000000195 0.249999999999502 0
3707 0.3593750000002072 0.265624999999533 0
3708 0.3593750000002194 0.2812499999995641 0
3709 0.3593750000002315 0.2968749999995954 0
3710 0.3593750000002436 0.3124999999996263 0
3711 0.3593750000002558 0.3281249999996576 0
3712 0.3593750000002681 0.3437499999996885 0
3713 0.3593750000002802 0.3593749999997198 0
3714 0.3593750000002924 0.374999999999751 0
3715 0.3593750000003046 0.3906249999997821 0
3716 0.3593750000003166 0.4062499999998133 0
3717 0.3593750000003291 0.4218749999998445 0
3718 0.3593750000003411 0.4374999999998753 0
3719 0.3593750000003535 0.4531249999999066 0
3720 0.3593750000003655 0.4687499999999376 0
3721 0.3593750000003778 0.4843749999999688 0
3722 0.3749999999996643 -0.4843750000000325 0
3723 0.3749999999996751 -0.468750000000065 0
3724 0.374999999999686 -0.4531250000000975 0
3725 0.374999999999697 -0.4375000000001299 0
3726 0.3749999999997073 -0.4218750000001624 0
3727 0.3749999999997186 -0.406250000000195 0
3728 0.3749999999997292 -0.3906250000002274 0
3729 0.37499999999974 -0.37500000000026 0
3730 0.374999999999751 -0.3593750000002924 0
3731 0.3749999999997616 -0.343750000000325 0
3732 0.3749999999997728 -0.3281250000003575 0
3733 0.3749999999997834 -0.3125000000003899 0
3734 0.3749999999997943 -0.2968750000004226 0
3735 0.374999999999805 -0.2812500000004551 0
3736 0.3749999999998157 -0.2656250000004876 0
3737 0.3749999999998268 -0.25000000000052 0
3738 0.3749999999998376 -0.2343750000005526 0
3739 0.3749999999998487 -0.218750000000585 0
3740 0.374999999999859 -0.2031250000006175 0
3741 0.3749999999998701 -0.1875000000006499 0
3742 0.3749999999998811 -0.1718750000006823 0
3743 0.3749999999998919 -0.1562500000007149 0
3744 0.3749999999999027 -0.1406250000007473 0
3745 0.3749999999999136 -0.1250000000007797 0
3746 0.3749999999999243 -0.1093750000008122 0
3747 0.3749999999999352 -0.09375000000084473 0
3748 0.374999999999946 -0.07812500000087723 0
3749 0.3749999999999568 -0.06250000000090961 0
3750 0.3749999999999677 -0.04687500000094214 0
3751 0.3749999999999784 -0.03125000000097456 0
3752 0.3749999999999892 -0.01562500000100699 0
3753 0.3750000000000001 -1.031279228680404e-12 0
3754 0.3750000000000108 0.01562499999899291 0
3755 0.3750000000000216 0.03124999999902557 0
3756 0.3750000000000325 0.0468749999990582 0
3757 0.3750000000000434 0.06249999999909039 0
3758 0.3750000000000543 0.07812499999912301 0
3759 0.3750000000000649 0.09374999999915547 0
3760 0.3750000000000762 0.1093749999991879 0
3761 0.3750000000000867 0.1249999999992205 0
3762 0.3750000000000976 0.140624999999253 0
3763 0.3750000000001084 0.1562499999992855 0
3764 0.3750000000001194 0.1718749999993179 0
3765 0.3750000000001298 0.1874999999993505 0
3766 0.3750000000001409 0.2031249999993827 0
3767 0.3750000000001517 0.2187499999994154 0
3768 0.3750000000001624 0.2343749999994478 0
3769 0.3750000000001733 0.2499999999994802 0
3770 0.3750000000001841 0.2656249999995128 0
3771 0.3750000000001952 0.281249999999545 0
3772 0.3750000000002059 0.2968749999995777 0
3773 0.3750000000002167 0.3124999999996101 0
3774 0.3750000000002275 0.3281249999996425 0
3775 0.3750000000002385 0.3437499999996751 0
3776 0.3750000000002492 0.3593749999997076 0
3777 0.3750000000002599 0.3749999999997401 0
3778 0.3750000000002708 0.3906249999997725 0
3779 0.3750000000002817 0.4062499999998052 0
3780 0.3750000000002923 0.4218749999998376 0
3781 0.3750000000003034 0.43749999999987 0
3782 0.3750000000003141 0.4531249999999026 0
3783 0.375000000000325 0.4687499999999348 0
3784 0.3750000000003359 0.4843749999999675 0
3785 0.3906249999997063 -0.4843750000000339 0
3786 0.3906249999997157 -0.4687500000000676 0
3787 0.3906249999997254 -0.4531250000001015 0
3788 0.3906249999997348 -0.4375000000001354 0
3789 0.3906249999997441 -0.4218750000001691 0
3790 0.3906249999997539 -0.4062500000002031 0
3791 0.3906249999997631 -0.3906250000002369 0
3792 0.3906249999997725 -0.3750000000002708 0
3793 0.3906249999997821 -0.3593750000003046 0
3794 0.3906249999997913 -0.3437500000003385 0
3795 0.3906249999998012 -0.3281250000003724 0
3796 0.3906249999998104 -0.3125000000004062 0
3797 0.39062499999982 -0.2968750000004401 0
3798 0.3906249999998294 -0.281250000000474 0
3799 0.3906249999998389 -0.2656250000005078 0
3800 0.3906249999998485 -0.2500000000005417 0
3801 0.3906249999998579 -0.2343750000005755 0
3802 0.3906249999998674 -0.2187500000006095 0
3803 0.3906249999998768 -0.2031250000006432 0
3804 0.3906249999998864 -0.187500000000677 0
3805 0.3906249999998958 -0.1718750000007108 0
3806 0.3906249999999054 -0.1562500000007447 0
3807 0.3906249999999147 -0.1406250000007784 0
3808 0.3906249999999243 -0.1250000000008123 0
3809 0.3906249999999338 -0.1093750000008462 0
3810 0.3906249999999431 -0.09375000000087991 0
3811 0.3906249999999526 -0.07812500000091377 0
3812 0.3906249999999621 -0.06250000000094745 0
3813 0.3906249999999715 -0.04687500000098134 0
3814 0.390624999999981 -0.03125000000101519 0
3815 0.3906249999999906 -0.01562500000104893 0
3816 0.3906250000000001 -1.074366290376716e-12 0
3817 0.3906250000000094 0.01562499999895118 0
3818 0.390625000000019 0.03124999999898492 0
3819 0.3906250000000286 0.04687499999901866 0
3820 0.3906250000000377 0.06249999999905251 0
3821 0.3906250000000474 0.0781249999990864 0
3822 0.3906250000000567 0.09374999999912016 0
3823 0.3906250000000661 0.109374999999154 0
3824 0.3906250000000758 0.1249999999991879 0
3825 0.3906250000000852 0.140624999999222 0
3826 0.390625000000095 0.1562499999992555 0
3827 0.3906250000001042 0.1718749999992895 0
3828 0.3906250000001136 0.1874999999993234 0
3829 0.3906250000001235 0.203124999999357 0
3830 0.3906250000001327 0.2187499999993909 0
3831 0.390625000000142 0.2343749999994249 0
3832 0.3906250000001519 0.2499999999994584 0
3833 0.3906250000001611 0.2656249999994924 0
3834 0.3906250000001704 0.2812499999995264 0
3835 0.3906250000001803 0.2968749999995599 0
3836 0.3906250000001895 0.3124999999995939 0
3837 0.3906250000001988 0.3281249999996279 0
3838 0.3906250000002085 0.3437499999996616 0
3839 0.3906250000002179 0.3593749999996954 0
3840 0.3906250000002274 0.3749999999997292 0
3841 0.390625000000237 0.3906249999997632 0
3842 0.3906250000002464 0.4062499999997969 0
3843 0.3906250000002557 0.4218749999998307 0
3844 0.3906250000002655 0.4374999999998647 0
3845 0.3906250000002748 0.4531249999998984 0
3846 0.3906250000002841 0.4687499999999322 0
3847 0.3906250000002939 0.4843749999999662 0
3848 0.4062499999997483 -0.4843750000000352 0
3849 0.4062499999997563 -0.4687500000000704 0
3850 0.4062499999997645 -0.4531250000001055 0
3851 0.4062499999997727 -0.4375000000001408 0
3852 0.4062499999997805 -0.4218750000001761 0
3853 0.4062499999997889 -0.4062500000002112 0
3854 0.4062499999997968 -0.3906250000002464 0
3855 0.4062499999998052 -0.3750000000002816 0
3856 0.4062499999998131 -0.3593750000003169 0
3857 0.4062499999998211 -0.3437500000003521 0
3858 0.4062499999998296 -0.3281250000003872 0
3859 0.4062499999998374 -0.3125000000004225 0
3860 0.4062499999998458 -0.2968750000004577 0
3861 0.4062499999998538 -0.2812500000004929 0
3862 0.4062499999998618 -0.2656250000005281 0
3863 0.4062499999998702 -0.2500000000005634 0
3864 0.406249999999878 -0.2343750000005984 0
3865 0.4062499999998864 -0.2187500000006339 0
3866 0.4062499999998944 -0.203125000000669 0
3867 0.4062499999999027 -0.1875000000007041 0
3868 0.4062499999999106 -0.1718750000007393 0
3869 0.4062499999999189 -0.1562500000007744 0
3870 0.4062499999999269 -0.1406250000008096 0
3871 0.4062499999999351 -0.1250000000008448 0
3872 0.4062499999999431 -0.1093750000008799 0
3873 0.4062499999999514 -0.09375000000091512 0
3874 0.4062499999999594 -0.0781250000009503 0
3875 0.4062499999999675 -0.06250000000098543 0
3876 0.4062499999999757 -0.04687500000102052 0
3877 0.4062499999999836 -0.03125000000105581 0
3878 0.4062499999999919 -0.01562500000109092 0
3879 0.4062500000000001 -1.117328451982758e-12 0
3880 0.4062500000000081 0.01562499999890898 0
3881 0.4062500000000163 0.03124999999894429 0
3882 0.4062500000000244 0.04687499999897959 0
3883 0.4062500000000325 0.06249999999901466 0
3884 0.4062500000000406 0.07812499999904979 0
3885 0.4062500000000487 0.09374999999908508 0
3886 0.406250000000057 0.1093749999991204 0
3887 0.4062500000000648 0.1249999999991555 0
3888 0.4062500000000731 0.1406249999991906 0
3889 0.4062500000000815 0.1562499999992258 0
3890 0.4062500000000894 0.171874999999261 0
3891 0.4062500000000974 0.1874999999992963 0
3892 0.4062500000001054 0.2031249999993314 0
3893 0.4062500000001137 0.2187499999993665 0
3894 0.4062500000001217 0.2343749999994018 0
3895 0.4062500000001299 0.2499999999994369 0
3896 0.4062500000001382 0.265624999999472 0
3897 0.4062500000001462 0.2812499999995073 0
3898 0.4062500000001542 0.2968749999995426 0
3899 0.4062500000001626 0.3124999999995777 0
3900 0.4062500000001706 0.3281249999996128 0
3901 0.4062500000001785 0.3437499999996481 0
3902 0.4062500000001867 0.3593749999996831 0
3903 0.4062500000001949 0.3749999999997186 0
3904 0.4062500000002031 0.3906249999997536 0
3905 0.4062500000002111 0.4062499999997887 0
3906 0.4062500000002193 0.421874999999824 0
3907 0.4062500000002274 0.4374999999998593 0
3908 0.4062500000002354 0.4531249999998943 0
3909 0.4062500000002437 0.4687499999999295 0
3910 0.406250000000252 0.4843749999999648 0
3911 0.4218749999997901 -0.4843750000000366 0
3912 0.4218749999997969 -0.4687500000000732 0
3913 0.4218749999998037 -0.4531250000001097 0
3914 0.4218749999998105 -0.4375000000001462 0
3915 0.4218749999998171 -0.4218750000001827 0
3916 0.421874999999824 -0.4062500000002194 0
3917 0.4218749999998307 -0.3906250000002558 0
3918 0.4218749999998376 -0.3750000000002924 0
3919 0.4218749999998442 -0.3593750000003291 0
3920 0.4218749999998508 -0.3437500000003657 0
3921 0.421874999999858 -0.3281250000004021 0
3922 0.4218749999998646 -0.3125000000004388 0
3923 0.4218749999998713 -0.2968750000004753 0
3924 0.4218749999998782 -0.2812500000005119 0
3925 0.4218749999998849 -0.2656250000005485 0
3926 0.4218749999998916 -0.250000000000585 0
3927 0.4218749999998984 -0.2343750000006216 0
3928 0.4218749999999053 -0.218750000000658 0
3929 0.4218749999999119 -0.2031250000006947 0
3930 0.4218749999999188 -0.1875000000007312 0
3931 0.4218749999999255 -0.1718750000007677 0
3932 0.4218749999999324 -0.1562500000008042 0
3933 0.4218749999999392 -0.1406250000008407 0
3934 0.4218749999999458 -0.1250000000008772 0
3935 0.4218749999999526 -0.1093750000009138 0
3936 0.4218749999999594 -0.0937500000009503 0
3937 0.4218749999999662 -0.07812500000098681 0
3938 0.4218749999999728 -0.06250000000102329 0
3939 0.4218749999999797 -0.04687500000105983 0
3940 0.4218749999999866 -0.03125000000109636 0
3941 0.4218749999999932 -0.01562500000113286 0
3942 0.4218749999999999 -1.160294083035751e-12 0
3943 0.4218750000000067 0.01562499999886724 0
3944 0.4218750000000136 0.03124999999890389 0
3945 0.4218750000000203 0.04687499999894028 0
3946 0.421875000000027 0.06249999999897669 0
3947 0.4218750000000338 0.07812499999901332 0
3948 0.4218750000000408 0.09374999999905001 0
3949 0.4218750000000474 0.1093749999990864 0
3950 0.421875000000054 0.1249999999991228 0
3951 0.4218750000000612 0.1406249999991596 0
3952 0.4218750000000678 0.156249999999196 0
3953 0.4218750000000745 0.1718749999992326 0
3954 0.4218750000000812 0.1874999999992693 0
3955 0.421875000000088 0.2031249999993057 0
3956 0.421875000000095 0.2187499999993421 0
3957 0.4218750000001016 0.2343749999993787 0
3958 0.4218750000001084 0.2499999999994154 0
3959 0.421875000000115 0.2656249999994518 0
3960 0.4218750000001219 0.2812499999994884 0
3961 0.4218750000001286 0.2968749999995248 0
3962 0.4218750000001352 0.3124999999995615 0
3963 0.421875000000142 0.3281249999995981 0
3964 0.4218750000001491 0.3437499999996345 0
3965 0.4218750000001558 0.3593749999996709 0
3966 0.4218750000001624 0.3749999999997077 0
3967 0.4218750000001693 0.3906249999997441 0
3968 0.4218750000001759 0.4062499999997807 0
3969 0.4218750000001829 0.4218749999998174 0
3970 0.4218750000001895 0.4374999999998538 0
3971 0.4218750000001962 0.4531249999998902 0
3972 0.4218750000002031 0.4687499999999268 0
3973 0.4218750000002099 0.4843749999999635 0
3974 0.4374999999998321 -0.4843750000000379 0
3975 0.4374999999998377 -0.4687500000000757 0
3976 0.437499999999843 -0.4531250000001137 0
3977 0.4374999999998485 -0.4375000000001517 0
3978 0.4374999999998536 -0.4218750000001895 0
3979 0.4374999999998593 -0.4062500000002274 0
3980 0.4374999999998646 -0.3906250000002653 0
3981 0.43749999999987 -0.3750000000003034 0
3982 0.4374999999998753 -0.3593750000003412 0
3983 0.4374999999998807 -0.3437500000003791 0
3984 0.4374999999998865 -0.3281250000004169 0
3985 0.4374999999998916 -0.3125000000004551 0
3986 0.4374999999998971 -0.2968750000004929 0
3987 0.4374999999999024 -0.2812500000005308 0
3988 0.4374999999999077 -0.2656250000005688 0
3989 0.4374999999999136 -0.2500000000006066 0
3990 0.4374999999999186 -0.2343750000006446 0
3991 0.4374999999999243 -0.2187500000006824 0
3992 0.4374999999999295 -0.2031250000007205 0
3993 0.4374999999999351 -0.1875000000007582 0
3994 0.4374999999999404 -0.1718750000007961 0
3995 0.4374999999999458 -0.1562500000008339 0
3996 0.4374999999999514 -0.1406250000008719 0
3997 0.4374999999999567 -0.1250000000009096 0
3998 0.437499999999962 -0.1093750000009476 0
3999 0.4374999999999676 -0.09375000000098548 0
4000 0.4374999999999729 -0.07812500000102333 0
4001 0.4374999999999784 -0.06250000000106115 0
4002 0.4374999999999837 -0.04687500000109911 0
4003 0.437499999999989 -0.03125000000113697 0
4004 0.4374999999999946 -0.01562500000117483 0
4005 0.4374999999999999 -1.203266652982649e-12 0
4006 0.4375000000000054 0.01562499999882528 0
4007 0.4375000000000109 0.03124999999886303 0
4008 0.4375000000000164 0.04687499999890097 0
4009 0.4375000000000216 0.06249999999893899 0
4010 0.4375000000000271 0.0781249999989769 0
4011 0.4375000000000325 0.09374999999901465 0
4012 0.437500000000038 0.1093749999990524 0
4013 0.4375000000000433 0.1249999999990904 0
4014 0.4375000000000488 0.1406249999991285 0
4015 0.4375000000000543 0.1562499999991662 0
4016 0.4375000000000596 0.1718749999992042 0
4017 0.4375000000000651 0.1874999999992422 0
4018 0.4375000000000701 0.2031249999992801 0
4019 0.4375000000000761 0.2187499999993179 0
4020 0.4375000000000814 0.2343749999993556 0
4021 0.4375000000000868 0.2499999999993936 0
4022 0.4375000000000919 0.2656249999994316 0
4023 0.4375000000000974 0.2812499999994695 0
4024 0.4375000000001027 0.2968749999995073 0
4025 0.4375000000001085 0.312499999999545 0
4026 0.4375000000001136 0.328124999999583 0
4027 0.4375000000001191 0.343749999999621 0
4028 0.4375000000001245 0.3593749999996589 0
4029 0.4375000000001301 0.3749999999996968 0
4030 0.4375000000001353 0.3906249999997348 0
4031 0.4375000000001409 0.4062499999997727 0
4032 0.4375000000001462 0.4218749999998105 0
4033 0.4375000000001515 0.4374999999998482 0
4034 0.437500000000157 0.4531249999998862 0
4035 0.4375000000001624 0.4687499999999242 0
4036 0.4375000000001679 0.4843749999999621 0
4037 0.453124999999874 -0.4843750000000392 0
4038 0.453124999999878 -0.4687500000000786 0
4039 0.4531249999998823 -0.4531250000001178 0
4040 0.4531249999998863 -0.4375000000001571 0
4041 0.4531249999998903 -0.4218750000001962 0
4042 0.4531249999998943 -0.4062500000002356 0
4043 0.4531249999998983 -0.3906250000002748 0
4044 0.4531249999999024 -0.3750000000003141 0
4045 0.4531249999999066 -0.3593750000003534 0
4046 0.4531249999999106 -0.3437500000003927 0
4047 0.4531249999999148 -0.3281250000004319 0
4048 0.4531249999999188 -0.3125000000004711 0
4049 0.4531249999999227 -0.2968750000005106 0
4050 0.4531249999999268 -0.2812500000005498 0
4051 0.4531249999999308 -0.2656250000005891 0
4052 0.4531249999999351 -0.2500000000006284 0
4053 0.453124999999939 -0.2343750000006676 0
4054 0.4531249999999433 -0.2187500000007068 0
4055 0.453124999999947 -0.2031250000007461 0
4056 0.4531249999999515 -0.1875000000007853 0
4057 0.4531249999999554 -0.1718750000008245 0
4058 0.4531249999999593 -0.1562500000008637 0
4059 0.4531249999999636 -0.140625000000903 0
4060 0.4531249999999675 -0.1250000000009422 0
4061 0.4531249999999715 -0.1093750000009814 0
4062 0.4531249999999757 -0.09375000000102068 0
4063 0.4531249999999797 -0.07812500000106 0
4064 0.4531249999999837 -0.06250000000109913 0
4065 0.453124999999988 -0.04687500000113841 0
4066 0.453124999999992 -0.03125000000117761 0
4067 0.4531249999999959 -0.01562500000121681 0
4068 0.4531249999999999 -1.246214936800882e-12 0
4069 0.4531250000000041 0.01562499999878329 0
4070 0.4531250000000083 0.03124999999882274 0
4071 0.4531250000000121 0.04687499999886192 0
4072 0.4531250000000165 0.062499999998901 0
4073 0.4531250000000203 0.07812499999894031 0
4074 0.4531250000000243 0.09374999999897937 0
4075 0.4531250000000285 0.1093749999990187 0
4076 0.4531250000000325 0.124999999999058 0
4077 0.4531250000000369 0.1406249999990972 0
4078 0.4531250000000408 0.1562499999991365 0
4079 0.4531250000000447 0.1718749999991758 0
4080 0.4531250000000486 0.187499999999215 0
4081 0.4531250000000527 0.2031249999992544 0
4082 0.4531250000000566 0.2187499999992937 0
4083 0.4531250000000612 0.2343749999993328 0
4084 0.4531250000000652 0.2499999999993719 0
4085 0.4531250000000691 0.2656249999994111 0
4086 0.4531250000000731 0.2812499999994504 0
4087 0.4531250000000771 0.2968749999994897 0
4088 0.4531250000000811 0.312499999999529 0
4089 0.4531250000000853 0.3281249999995681 0
4090 0.4531250000000892 0.3437499999996074 0
4091 0.4531250000000936 0.3593749999996465 0
4092 0.4531250000000975 0.3749999999996861 0
4093 0.4531250000001016 0.3906249999997252 0
4094 0.4531250000001055 0.4062499999997644 0
4095 0.4531250000001095 0.4218749999998036 0
4096 0.4531250000001139 0.4374999999998429 0
4097 0.4531250000001178 0.4531249999998822 0
4098 0.453125000000122 0.4687499999999215 0
4099 0.453125000000126 0.4843749999999608 0
4100 0.4687499999999161 -0.4843750000000406 0
4101 0.4687499999999187 -0.4687500000000813 0
4102 0.4687499999999213 -0.4531250000001218 0
4103 0.4687499999999241 -0.4375000000001625 0
4104 0.4687499999999266 -0.4218750000002031 0
4105 0.4687499999999297 -0.4062500000002437 0
4106 0.4687499999999322 -0.3906250000002844 0
4107 0.4687499999999349 -0.3750000000003249 0
4108 0.4687499999999377 -0.3593750000003656 0
4109 0.4687499999999403 -0.3437500000004062 0
4110 0.4687499999999433 -0.3281250000004469 0
4111 0.4687499999999459 -0.3125000000004874 0
4112 0.4687499999999487 -0.2968750000005281 0
4113 0.4687499999999514 -0.2812500000005688 0
4114 0.4687499999999536 -0.2656250000006094 0
4115 0.4687499999999568 -0.25000000000065 0
4116 0.4687499999999593 -0.2343750000006907 0
4117 0.4687499999999621 -0.2187500000007312 0
4118 0.4687499999999646 -0.2031250000007717 0
4119 0.4687499999999675 -0.1875000000008124 0
4120 0.4687499999999702 -0.1718750000008528 0
4121 0.4687499999999729 -0.1562500000008934 0
4122 0.4687499999999756 -0.1406250000009341 0
4123 0.4687499999999782 -0.1250000000009747 0
4124 0.4687499999999811 -0.1093750000010153 0
4125 0.4687499999999838 -0.09375000000105599 0
4126 0.4687499999999865 -0.0781250000010965 0
4127 0.4687499999999891 -0.06250000000113708 0
4128 0.4687499999999918 -0.04687500000117761 0
4129 0.4687499999999947 -0.03125000000121814 0
4130 0.4687499999999972 -0.01562500000125876 0
4131 0.4687500000000002 -1.289197915088636e-12 0
4132 0.4687500000000028 0.01562499999874135 0
4133 0.4687500000000054 0.03124999999878197 0
4134 0.4687500000000082 0.04687499999882239 0
4135 0.4687500000000107 0.062499999998863 0
4136 0.4687500000000133 0.07812499999890365 0
4137 0.4687500000000162 0.09374999999894428 0
4138 0.4687500000000187 0.1093749999989849 0
4139 0.4687500000000215 0.1249999999990255 0
4140 0.4687500000000243 0.1406249999990661 0
4141 0.4687500000000269 0.1562499999991067 0
4142 0.4687500000000298 0.1718749999991473 0
4143 0.4687500000000323 0.187499999999188 0
4144 0.4687500000000352 0.2031249999992286 0
4145 0.4687500000000379 0.2187499999992693 0
4146 0.4687500000000404 0.2343749999993099 0
4147 0.4687500000000431 0.2499999999993503 0
4148 0.4687500000000459 0.2656249999993909 0
4149 0.4687500000000486 0.2812499999994316 0
4150 0.4687500000000513 0.296874999999472 0
4151 0.468750000000054 0.3124999999995126 0
4152 0.4687500000000567 0.3281249999995532 0
4153 0.4687500000000594 0.3437499999995939 0
4154 0.4687500000000622 0.3593749999996345 0
4155 0.468750000000065 0.374999999999675 0
4156 0.4687500000000677 0.3906249999997157 0
4157 0.4687500000000703 0.4062499999997563 0
4158 0.4687500000000729 0.4218749999997969 0
4159 0.4687500000000756 0.4374999999998376 0
4160 0.4687500000000783 0.4531249999998782 0
4161 0.4687500000000812 0.4687499999999188 0
4162 0.468750000000084 0.4843749999999593 0
4163 0.4843749999999579 -0.484375000000042 0
4164 0.4843749999999594 -0.4687500000000839 0
4165 0.4843749999999607 -0.4531250000001259 0
4166 0.4843749999999621 -0.4375000000001679 0
4167 0.4843749999999634 -0.4218750000002098 0
4168 0.4843749999999648 -0.4062500000002518 0
4169 0.4843749999999661 -0.3906250000002938 0
4170 0.4843749999999675 -0.3750000000003357 0
4171 0.4843749999999689 -0.3593750000003778 0
4172 0.4843749999999701 -0.3437500000004198 0
4173 0.4843749999999714 -0.3281250000004617 0
4174 0.4843749999999727 -0.3125000000005038 0
4175 0.4843749999999741 -0.2968750000005458 0
4176 0.4843749999999754 -0.2812500000005877 0
4177 0.4843749999999768 -0.2656250000006297 0
4178 0.4843749999999784 -0.2500000000006717 0
4179 0.4843749999999794 -0.2343750000007135 0
4180 0.484374999999981 -0.2187500000007556 0
4181 0.4843749999999821 -0.2031250000007974 0
4182 0.4843749999999839 -0.1875000000008395 0
4183 0.4843749999999851 -0.1718750000008814 0
4184 0.4843749999999865 -0.1562500000009233 0
4185 0.4843749999999877 -0.1406250000009653 0
4186 0.4843749999999891 -0.1250000000010071 0
4187 0.4843749999999905 -0.1093750000010491 0
4188 0.4843749999999918 -0.09375000000109107 0
4189 0.4843749999999931 -0.07812500000113305 0
4190 0.4843749999999947 -0.06250000000117496 0
4191 0.484374999999996 -0.0468750000012168 0
4192 0.4843749999999973 -0.03125000000125878 0
4193 0.4843749999999986 -0.01562500000130075 0
4194 0.4843749999999999 -1.332157474609463e-12 0
4195 0.4843750000000013 0.01562499999869939 0
4196 0.4843750000000026 0.03124999999874136 0
4197 0.4843750000000039 0.04687499999878333 0
4198 0.4843750000000051 0.06249999999882529 0
4199 0.4843750000000064 0.07812499999886724 0
4200 0.484375000000008 0.09374999999890922 0
4201 0.4843750000000092 0.1093749999989512 0
4202 0.4843750000000109 0.1249999999989931 0
4203 0.484375000000012 0.140624999999035 0
4204 0.4843750000000133 0.1562499999990769 0
4205 0.4843750000000149 0.1718749999991189 0
4206 0.4843750000000163 0.1874999999991609 0
4207 0.4843750000000174 0.2031249999992028 0
4208 0.4843750000000189 0.2187499999992449 0
4209 0.4843750000000204 0.2343749999992868 0
4210 0.4843750000000216 0.2499999999993287 0
4211 0.484375000000023 0.2656249999993707 0
4212 0.4843750000000243 0.2812499999994127 0
4213 0.4843750000000256 0.2968749999994547 0
4214 0.4843750000000271 0.3124999999994964 0
4215 0.4843750000000283 0.3281249999995384 0
4216 0.4843750000000296 0.3437499999995803 0
4217 0.4843750000000311 0.3593749999996223 0
4218 0.4843750000000323 0.3749999999996644 0
4219 0.4843750000000338 0.3906249999997063 0
4220 0.484375000000035 0.4062499999997483 0
4221 0.4843750000000367 0.4218749999997903 0
4222 0.4843750000000381 0.4374999999998322 0
4223 0.4843750000000394 0.4531249999998742 0
4224 0.4843750000000408 0.468749999999916 0
4225 0.4843750000000421 0.4843749999999579 0
$EndNodes
$Elements
4288
1 1 2 2 1 1 5
2 1 2 2 1 5 6
3 1 2 2 1 6 7
4 1 2 2 1 7 8
5 1 2 2 1 8 9
6 1 2 2 1 9 10
7 1 2 2 1 10 11
8 1 2 2 1 11 12
9 1 2 2 1 12 13
10 1 2 2 1 13 14
11 1 2 2 1 14 15
12 1 2 2 1 15 16
13 1 2 2 1 16 17
14 1 2 2 1 17 18
15 1 2 2 1 18 19
16 1 2 2 1 19 20
17 1 2 2 1 20 21
18 1 2 2 1 21 22
19 1 2 2 1 22 23
20 1 2 2 1 23 24
21 1 2 2 1 24 25
22 1 2 2 1 25 26
23 1 2 2 1 26 27
24 1 2 2 1 27 28
25 1 2 2 1 28 29
26 1 2 2 1 29 30
27 1 2 2 1 30 31
28 1 2 2 1 31 32
29 1 2 2 1 32 33
30 1 2 2 1 33 34
31 1 2 2 1 34 35
32 1 2 2 1 35 36
33 1 2 2 1 36 37
34 1 2 2 1 37 38
35 1 2 2 1 38 39
36 1 2 2 1 39 40
37 1 2 2 1 40 41
38 1 2 2 1 41 42
39 1 2 2 1 42 43
40 1 2 2 1 43 44
41 1 2 2 1 44 45
42 1 2 2 1 45 46
43 1 2 2 1 46 47
44 1 2 2 1 47 48
45 1 2 2 1 48 49
46 1 2 2 1 49 50
47 1 2 2 1 50 51
48 1 2 2 1 51 52
49 1 2 2 1 52 53
50 1 2 2 1 53 54
51 1 2 2 1 54 55
52 1 2 2 1 55 56
53 1 2 2 1 56 57
54 1 2 2 1 57 58
55 1 2 2 1 58 59
56 1 2 2 1 59 60
57 1 2 2 1 60 61
58 1 2 2 1 61 62
59 1 2 2 1 62 63
60 1 2 2 1 63 64
61 1 2 2 1 64 65
62 1 2 2 1 65 66
63 1 2 2 1 66 67
64 1 2 2 1 67 2
65 1 2 4 3 3 131
66 1 2 4 3 131 132
67 1 2 4 3 132 133
68 1 2 4 3 133 134
69 1 2 4 3 134 135
70 1 2 4 3 135 136
71 1 2 4 3 136 137
72 1 2 4 3 137 138
73 1 2 4 3 138 139
74 1 2 4 3 139 140
75 1 2 4 3 140 141
76 1 2 4 3 141 142
77 1 2 4 3 142 143
78 1 2 4 3 143 144
79 1 2 4 3 144 145
80 1 2 4 3 145 146
81 1 2 4 3 146 147
82 1 2 4 3 147 148
83 1 2 4 3 148 149
84 1 2 4 3 149 150
85 1 2 4 3 150 151
86 1 2 4 3 151 152
87 1 2 4 3 152 153
88 1 2 4 3 153 154
89 1 2 4 3 154 155
90 1 2 4 3 155 156
91 1 2 4 3 156 157
92 1 2 4 3 157 158
93 1 2 4 3 158 159
94 1 2 4 3 159 160
95 1 2 4 3 160 161
96 1 2 4 3 161 162
97 1 2 4 3 162 163
98 1 2 4 3 163 164
99 1 2 4 3 164 165
100 1 2 4 3 165 166
101 1 2 4 3 166 167
102 1 2 4 3 167 168
103 1 2 4 3 168 169
104 1 2 4 3 169 170
105 1 2 4 3 170 171
106 1 2 4 3 171 172
107 1 2 4 3 172 173
108 1 2 4 3 173 174
109 1 2 4 3 174 175
110 1 2 4 3 175 176
111 1 2 4 3 176 177
112 1 2 4 3 177 178
113 1 2 4 3 178 179
114 1 2 4 3 179 180
115 1 2 4 3 180 181
116 1 2 4 3 181 182
117 1 2 4 3 182 183
118 1 2 4 3 183 184
119 1 2 4 3 184 185
120 1 2 4 3 185 186
121 1 2 4 3 186 187
122 1 2 4 3 187 188
123 1 2 4 3 188 189
124 1 2 4 3 189 190
125 1 2 4 3 190 191
126 1 2 4 3 191 192
127 1 2 4 3 192 193
128 1 2 4 3 193 4
129 1 2 5 4 4 194
130 1 2 5 4 194 195
131 1 2 5 4 195 196
132 1 2 5 4 196 197
133 1 2 5 4 197 198
134 1 2 5 4 198 199
135 1 2 5 4 199 200
136 1 2 5 4 200 201
137 1 2 5 4 201 202
138 1 2 5 4 202 203
139 1 2 5 4 203 204
140 1 2 5 4 204 205
141 1 2 5 4 205 206
142 1 2 5 4 206 207
143 1 2 5 4 207 208
144 1 2 5 4 208 209
145 1 2 5 4 209 210
146 1 2 5 4 210 211
147 1 2 5 4 211 212
148 1 2 5 4 212 213
149 1 2 5 4 213 214
150 1 2 5 4 214 215
151 1 2 5 4 215 216
152 1 2 5 4 216 217
153 1 2 5 4 217 218
154 1 2 5 4 218 219
155 1 2 5 4 219 220
156 1 2 5 4 220 221
157 1 2 5 4 221 222
158 1 2 5 4 222 223
159 1 2 5 4 223 224
160 1 2 5 4 224 225
161 1 2 5 4 225 226
162 1 2 5 4 226 227
163 1 2 5 4 227 228
164 1 2 5 4 228 229
165 1 2 5 4 229 230
166 1 2 5 4 230 231
167 1 2 5 4 231 232
168 1 2 5 4 232 233
169 1 2 5 4 233 234
170 1 2 5 4 234 235
171 1 2 5 4 235 236
172 1 2 5 4 236 237
173 1 2 5 4 237 238
174 1 2 5 4 238 239
175 1 2 5 4 239 240
176 1 2 5 4 240 241
177 1 2 5 4 241 242
178 1 2 5 4 242 243
179 1 2 5 4 243 244
180 1 2 5 4 244 245
181 1 2 5 4 245 246
182 1 2 5 4 246 247
183 1 2 5 4 247 248
184 1 2 5 4 248 249
185 1 2 5 4 249 250
186 1 2 5 4 250 251
187 1 2 5 4 251 252
188 1 2 5 4 252 253
189 1 2 5 4 253 254
190 1 2 5 4 254 255
191 1 2 5 4 255 256
192 1 2 5 4 256 1
193 3 2 1 1 1 5 257 256
194 3 2 1 1 256 257 258 255
195 3 2 1 1 255 258 259 254
196 3 2 1 1 254 259 260 253
197 3 2 1 1 253 260 261 252
198 3 2 1 1 252 261 262 251
199 3 2 1 1 251 262 263 250
200 3 2 1 1 250 263 264 249
201 3 2 1 1 249 264 265 248
202 3 2 1 1 248 265 266 247
203 3 2 1 1 247 266 267 246
204 3 2 1 1 246 267 268 245
205 3 2 1 1 245 268 269 244
206 3 2 1 1 244 269 270 243
207 3 2 1 1 243 270 271 242
208 3 2 1 1 242 271 272 241
209 3 2 1 1 241 272 273 240
210 3 2 1 1 240 273 274 239
211 3 2 1 1 239 274 275 238
212 3 2 1 1 238 275 276 237
213 3 2 1 1 237 276 277 236
214 3 2 1 1 236 277 278 235
215 3 2 1 1 235 278 279 234
216 3 2 1 1 234 279 280 233
217 3 2 1 1 233 280 281 232
218 3 2 1 1 232 281 282 231
219 3 2 1 1 231 282 283 230
220 3 2 1 1 230 283 284 229
221 3 2 1 1 229 284 285 228
222 3 2 1 1 228 285 286 227
223 3 2 1 1 227 286 287 226
224 3 2 1 1 226 287 288 225
225 3 2 1 1 225 288 289 224
226 3 2 1 1 224 289 290 223
227 3 2 1 1 223 290 291 222
228 3 2 1 1 222 291 292 221
229 3 2 1 1 221 292 293 220
230 3 2 1 1 220 293 294 219
231 3 2 1 1 219 294 295 218
232 3 2 1 1 218 295 296 217
233 3 2 1 1 217 296 297 216
234 3 2 1 1 216 297 298 215
235 3 2 1 1 215 298 299 214
236 3 2 1 1 214 299 300 213
237 3 2 1 1 213 300 301 212
238 3 2 1 1 212 301 302 211
239 3 2 1 1 211 302 303 210
240 3 2 1 1 210 303 304 209
241 3 2 1 1 209 304 305 208
242 3 2 1 1 208 305 306 207
243 3 2 1 1 207 306 307 206
244 3 2 1 1 206 307 308 205
245 3 2 1 1 205 308 309 204
246 3 2 1 1 204 309 310 203
247 3 2 1 1 203 310 311 202
248 3 2 1 1 202 311 312 201
249 3 2 1 1 201 312 313 200
250 3 2 1 1 200 313 314 199
251 3 2 1 1 199 314 315 198
252 3 2 1 1 198 315 316 197
253 3 2 1 1 197 316 317 196
254 3 2 1 1 196 317 318 195
255 3 2 1 1 195 318 319 194
256 3 2 1 1 194 319 193 4
257 3 2 1 1 5 6 320 257
258 3 2 1 1 257 320 321 258
259 3 2 1 1 258 321 322 259
260 3 2 1 1 259 322 323 260
261 3 2 1 1 260 323 324 261
262 3 2 1 1 261 324 325 262
263 3 2 1 1 262 325 326 263
264 3 2 1 1 263 326 327 264
265 3 2 1 1 264 327 328 265
266 3 2 1 1 265 328 329 266
267 3 2 1 1 266 329 330 267
268 3 2 1 1 267 330 331 268
269 3 2 1 1 268 331 332 269
270 3 2 1 1 269 332 333 270
271 3 2 1 1 270 333 334 271
272 3 2 1 1 271 334 335 272
273 3 2 1 1 272 335 336 273
274 3 2 1 1 273 336 337 274
275 3 2 1 1 274 337 338 275
276 3 2 1 1 275 338 339 276
277 3 2 1 1 276 339 340 277
278 3 2 1 1 277 340 341 278
279 3 2 1 1 278 341 342 279
280 3 2 1 1 279 342 343 280
281 3 2 1 1 280 343 344 281
282 3 2 1 1 281 344 345 282
283 3 2 1 1 282 345 346 283
284 3 2 1 1 283 346 347 284
285 3 2 1 1 284 347 348 285
286 3 2 1 1 285 348 349 286
287 3 2 1 1 286 349 350 287
288 3 2 1 1 287 350 351 288
289 3 2 1 1 288 351 352 289
290 3 2 1 1 289 352 353 290
291 3 2 1 1 290 353 354 291
292 3 2 1 1 291 354 355 292
293 3 2 1 1 292 355 356 293
294 3 2 1 1 293 356 357 294
295 3 2 1 1 294 357 358 295
296 3 2 1 1 295 358 359 296
297 3 2 1 1 296 359 360 297
298 3 2 1 1 297 360 361 298
299 3 2 1 1 298 361 362 299
300 3 2 1 1 299 362 363 300
301 3 2 1 1 300 363 364 301
302 3 2 1 1 301 364 365 302
303 3 2 1 1 302 365 366 303
304 3 2 1 1 303 366 367 304
305 3 2 1 1 304 367 368 305
306 3 2 1 1 305 368 369 306
307 3 2 1 1 306 369 370 307
308 3 2 1 1 307 370 371 308
309 3 2 1 1 308 371 372 309
310 3 2 1 1 309 372 373 310
311 3 2 1 1 310 373 374 311
312 3 2 1 1 311 374 375 312
313 3 2 1 1 312 375 376 313
314 3 2 1 1 313 376 377 314
315 3 2 1 1 314 377 378 315
316 3 2 1 1 315 378 379 316
317 3 2 1 1 316 379 380 317
318 3 2 1 1 317 380 381 318
319 3 2 1 1 318 381 382 319
320 3 2 1 1 319 382 192 193
321 3 2 1 1 6 7 383 320
322 3 2 1 1 320 383 384 321
323 3 2 1 1 321 384 385 322
324 3 2 1 1 322 385 386 323
325 3 2 1 1 323 386 387 324
326 3 2 1 1 324 387 388 325
327 3 2 1 1 325 388 389 326
328 3 2 1 1 326 389 390 327
329 3 2 1 1 327 390 391 328
330 3 2 1 1 328 391 392 329
331 3 2 1 1 329 392 393 330
332 3 2 1 1 330 393 394 331
333 3 2 1 1 331 394 395 332
334 3 2 1 1 332 395 396 333
335 3 2 1 1 333 396 397 334
336 3 2 1 1 334 397 398 335
337 3 2 1 1 335 398 399 336
338 3 2 1 1 336 399 400 337
339 3 2 1 1 337 400 401 338
340 3 2 1 1 338 401 402 339
341 3 2 1 1 339 402 403 340
342 3 2 1 1 340 403 404 341
343 3 2 1 1 341 404 405 342
344 3 2 1 1 342 405 406 343
345 3 2 1 1 343 406 407 344
346 3 2 1 1 344 407 408 345
347 3 2 1 1 345 408 409 346
348 3 2 1 1 346 409 410 347
349 3 2 1 1 347 410 411 348
350 3 2 1 1 348 411 412 349
351 3 2 1 1 349 412 413 350
352 3 2 1 1 350 413 414 351
353 3 2 1 1 351 414 415 352
354 3 2 1 1 352 415 416 353
355 3 2 1 1 353 416 417 354
356 3 2 1 1 354 417 418 355
357 3 2 1 1 355 418 419 356
358 3 2 1 1 356 419 420 357
359 3 2 1 1 357 420 421 358
360 3 2 1 1 358 421 422 359
361 3 2 1 1 359 422 423 360
362 3 2 1 1 360 423 424 361
363 3 2 1 1 361 424 425 362
364 3 2 1 1 362 425 426 363
365 3 2 1 1 363 426 427 364
366 3 2 1 1 364 427 428 365
367 3 2 1 1 365 428 429 366
368 3 2 1 1 366 429 430 367
369 3 2 1 1 367 430 431 368
370 3 2 1 1 368 431 432 369
371 3 2 1 1 369 432 433 370
372 3 2 1 1 370 433 434 371
373 3 2 1 1 371 434 435 372
374 3 2 1 1 372 435 436 373
375 3 2 1 1 373 436 437 374
376 3 2 1 1 374 437 438 375
377 3 2 1 1 375 438 439 376
378 3 2 1 1 376 439 440 377
379 3 2 1 1 377 440 441 378
380 3 2 1 1 378 441 442 379
381 3 2 1 1 379 442 443 380
382 3 2 1 1 380 443 444 381
383 3 2 1 1 381 444 445 382
384 3 2 1 1 382 445 191 192
385 3 2 1 1 7 8 446 383
386 3 2 1 1 383 446 447 384
387 3 2 1 1 384 447 448 385
388 3 2 1 1 385 448 449 386
389 3 2 1 1 386 449 450 387
390 3 2 1 1 387 450 451 388
391 3 2 1 1 388 451 452 389
392 3 2 1 1 389 452 453 390
393 3 2 1 1 390 453 454 391
394 3 2 1 1 391 454 455 392
395 3 2 1 1 392 455 456 393
396 3 2 1 1 393 456 457 394
397 3 2 1 1 394 457 458 395
398 3 2 1 1 395 458 459 396
399 3 2 1 1 396 459 460 397
400 3 2 1 1 397 460 461 398
401 3 2 1 1 398 461 462 399
402 3 2 1 1 399 462 463 400
403 3 2 1 1 400 463 464 401
404 3 2 1 1 401 464 465 402
405 3 2 1 1 402 465 466 403
406 3 2 1 1 403 466 467 404
407 3 2 1 1 404 467 468 405
408 3 2 1 1 405 468 469 406
409 3 2 1 1 406 469 470 407
410 3 2 1 1 407 470 471 408
411 3 2 1 1 408 471 472 409
412 3 2 1 1 409 472 473 410
413 3 2 1 1 410 473 474 411
414 3 2 1 1 411 474 475 412
415 3 2 1 1 412 475 476 413
416 3 2 1 1 413 476 477 414
417 3 2 1 1 414 477 478 415
418 3 2 1 1 415 478 479 416
419 3 2 1 1 416 479 480 417
420 3 2 1 1 417 480 481 418
421 3 2 1 1 418 481 482 419
422 3 2 1 1 419 482 483 420
423 3 2 1 1 420 483 484 421
424 3 2 1 1 421 484 485 422
425 3 2 1 1 422 485 486 423
426 3 2 1 1 423 486 487 424
427 3 2 1 1 424 487 488 425
428 3 2 1 1 425 488 489 426
429 3 2 1 1 426 489 490 427
430 3 2 1 1 427 490 491 428
431 3 2 1 1 428 491 492 429
432 3 2 1 1 429 492 493 430
433 3 2 1 1 430 493 494 431
434 3 2 1 1 431 494 495 432
435 3 2 1 1 432 495 496 433
436 3 2 1 1 433 496 497 434
437 3 2 1 1 434 497 498 435
438 3 2 1 1 435 498 499 436
439 3 2 1 1 436 499 500 437
440 3 2 1 1 437 500 501 438
441 3 2 1 1 438 501 502 439
442 3 2 1 1 439 502 503 440
443 3 2 1 1 440 503 504 441
444 3 2 1 1 441 504 505 442
445 3 2 1 1 442 505 506 443
446 3 2 1 1 443 506 507 444
447 3 2 1 1 444 507 508 445
448 3 2 1 1 445 508 190 191
449 3 2 1 1 8 9 509 446
450 3 2 1 1 446 509 510 447
451 3 2 1 1 447 510 511 448
452 3 2 1 1 448 511 512 449
453 3 2 1 1 449 512 513 450
454 3 2 1 1 450 513 514 451
455 3 2 1 1 451 514 515 452
456 3 2 1 1 452 515 516 453
457 3 2 1 1 453 516 517 454
458 3 2 1 1 454 517 518 455
459 3 2 1 1 455 518 519 456
460 3 2 1 1 456 519 520 457
461 3 2 1 1 457 520 521 458
462 3 2 1 1 458 521 522 459
463 3 2 1 1 459 522 523 460
464 3 2 1 1 460 523 524 461
465 3 2 1 1 461 524 525 462
466 3 2 1 1 462 525 526 463
467 3 2 1 1 463 526 527 464
468 3 2 1 1 464 527 528 465
469 3 2 1 1 465 528 529 466
470 3 2 1 1 466 529 530 467
471 3 2 1 1 467 530 531 468
472 3 2 1 1 468 531 532 469
473 3 2 1 1 469 532 533 470
474 3 2 1 1 470 533 534 471
475 3 2 1 1 471 534 535 472
476 3 2 1 1 472 535 536 473
477 3 2 1 1 473 536 537 474
478 3 2 1 1 474 537 538 475
479 3 2 1 1 475 538 539 476
480 3 2 1 1 476 539 540 477
481 3 2 1 1 477 540 541 478
482 3 2 1 1 478 541 542 479
483 3 2 1 1 479 542 543 480
484 3 2 1 1 480 543 544 481
485 3 2 1 1 481 544 545 482
486 3 2 1 1 482 545 546 483
487 3 2 1 1 483 546 547 484
488 3 2 1 1 484 547 548 485
489 3 2 1 1 485 548 549 486
490 3 2 1 1 486 549 550 487
491 3 2 1 1 487 550 551 488
492 3 2 1 1 488 551 552 489
493 3 2 1 1 489 552 553 490
494 3 2 1 1 490 553 554 491
495 3 2 1 1 491 554 555 492
496 3 2 1 1 492 555 556 493
497 3 2 1 1 493 556 557 494
498 3 2 1 1 494 557 558 495
499 3 2 1 1 495 558 559 496
500 3 2 1 1 496 559 560 497
501 3 2 1 1 497 560 561 498
502 3 2 1 1 498 561 562 499
503 3 2 1 1 499 562 563 500
504 3 2 1 1 500 563 564 501
505 3 2 1 1 501 564 565 502
506 3 2 1 1 502 565 566 503
507 3 2 1 1 503 566 567 504
508 3 2 1 1 504 567 568 505
509 3 2 1 1 505 568 569 506
510 3 2 1 1 506 569 570 507
511 3 2 1 1 507 570 571 508
512 3 2 1 1 508 571 189 190
513 3 2 1 1 9 10 572 509
514 3 2 1 1 509 572 573 510
515 3 2 1 1 510 573 574 511
516 3 2 1 1 511 574 575 512
517 3 2 1 1 512 575 576 513
518 3 2 1 1 513 576 577 514
519 3 2 1 1 514 577 578 515
520 3 2 1 1 515 578 579 516
521 3 2 1 1 516 579 580 517
522 3 2 1 1 517 580 581 518
523 3 2 1 1 518 581 582 519
524 3 2 1 1 519 582 583 520
525 3 2 1 1 520 583 584 521
526 3 2 1 1 521 584 585 522
527 3 2 1 1 522 585 586 523
528 3 2 1 1 523 586 587 524
529 3 2 1 1 524 587 588 525
530 3 2 1 1 525 588 589 526
531 3 2 1 1 526 589 590 527
532 3 2 1 1 527 590 591 528
533 3 2 1 1 528 591 592 529
534 3 2 1 1 529 592 593 530
535 3 2 1 1 530 593 594 531
536 3 2 1 1 531 594 595 532
537 3 2 1 1 532 595 596 533
538 3 2 1 1 533 596 597 534
539 3 2 1 1 534 597 598 535
540 3 2 1 1 535 598 599 536
541 3 2 1 1 536 599 600 537
542 3 2 1 1 537 600 601 538
543 3 2 1 1 538 601 602 539
544 3 2 1 1 539 602 603 540
545 3 2 1 1 540 603 604 541
546 3 2 1 1 541 604 605 542
547 3 2 1 1 542 605 606 543
548 3 2 1 1 543 606 607 544
549 3 2 1 1 544 607 608 545
550 3 2 1 1 545 608 609 546
551 3 2 1 1 546 609 610 547
552 3 2 1 1 547 610 611 548
553 3 2 1 1 548 611 612 549
554 3 2 1 1 549 612 613 550
555 3 2 1 1 550 613 614 551
556 3 2 1 1 551 614 615 552
557 3 2 1 1 552 615 616 553
558 3 2 1 1 553 616 617 554
559 3 2 1 1 554 617 618 555
560 3 2 1 1 555 618 619 556
561 3 2 1 1 556 619 620 557
562 3 2 1 1 557 620 621 558
563 3 2 1 1 558 621 622 559
564 3 2 1 1 559 622 623 560
565 3 2 1 1 560 623 624 561
566 3 2 1 1 561 624 625 562
567 3 2 1 1 562 625 626 563
568 3 2 1 1 563 626 627 564
569 3 2 1 1 564 627 628 565
570 3 2 1 1 565 628 629 566
571 3 2 1 1 566 629 630 567
572 3 2 1 1 567 630 631 568
573 3 2 1 1 568 631 632 569
574 3 2 1 1 569 632 633 570
575 3 2 1 1 570 633 634 571
576 3 2 1 1 571 634 188 189
577 3 2 1 1 10 11 635 572
578 3 2 1 1 572 635 636 573
579 3 2 1 1 573 636 637 574
580 3 2 1 1 574 637 638 575
581 3 2 1 1 575 638 639 576
582 3 2 1 1 576 639 640 577
583 3 2 1 1 577 640 641 578
584 3 2 1 1 578 641 642 579
585 3 2 1 1 579 642 643 580
586 3 2 1 1 580 643 644 581
587 3 2 1 1 581 644 645 582
588 3 2 1 1 582 645 646 583
589 3 2 1 1 583 646 647 584
590 3 2 1 1 584 647 648 585
591 3 2 1 1 585 648 649 586
592 3 2 1 1 586 649 650 587
593 3 2 1 1 587 650 651 588
594 3 2 1 1 588 651 652 589
595 3 2 1 1 589 652 653 590
596 3 2 1 1 590 653 654 591
597 3 2 1 1 591 654 655 592
598 3 2 1 1 592 655 656 593
599 3 2 1 1 593 656 657 594
600 3 2 1 1 594 657 658 595
601 3 2 1 1 595 658 659 596
602 3 2 1 1 596 659 660 597
603 3 2 1 1 597 660 661 598
604 3 2 1 1 598 661 662 599
605 3 2 1 1 599 662 663 600
606 3 2 1 1 600 663 664 601
607 3 2 1 1 601 664 665 602
608 3 2 1 1 602 665 666 603
609 3 2 1 1 603 666 667 604
610 3 2 1 1 604 667 668 605
611 3 2 1 1 605 668 669 606
612 3 2 1 1 606 669 670 607
613 3 2 1 1 607 670 671 608
614 3 2 1 1 608 671 672 609
615 3 2 1 1 609 672 673 610
616 3 2 1 1 610 673 674 611
617 3 2 1 1 611 674 675 612
618 3 2 1 1 612 675 676 613
619 3 2 1 1 613 676 677 614
620 3 2 1 1 614 677 678 615
621 3 2 1 1 615 678 679 616
622 3 2 1 1 616 679 680 617
623 3 2 1 1 617 680 681 618
624 3 2 1 1 618 681 682 619
625 3 2 1 1 619 682 683 620
626 3 2 1 1 620 683 684 621
627 3 2 1 1 621 684 685 622
628 3 2 1 1 622 685 686 623
629 3 2 1 1 623 686 687 624
630 3 2 1 1 624 687 688 625
631 3 2 1 1 625 688 689 626
632 3 2 1 1 626 689 690 627
633 3 2 1 1 627 690 691 628
634 3 2 1 1 628 691 692 629
635 3 2 1 1 629 692 693 630
636 3 2 1 1 630 693 694 631
637 3 2 1 1 631 694 695 632
638 3 2 1 1 632 695 696 633
639 3 2 1 1 633 696 697 634
640 3 2 1 1 634 697 187 188
641 3 2 1 1 11 12 698 635
642 3 2 1 1 635 698 699 636
643 3 2 1 1 636 699 700 637
644 3 2 1 1 637 700 701 638
645 3 2 1 1 638 701 702 639
646 3 2 1 1 639 702 703 640
647 3 2 1 1 640 703 704 641
648 3 2 1 1 641 704 705 642
649 3 2 1 1 642 705 706 643
650 3 2 1 1 643 706 707 644
651 3 2 1 1 644 707 708 645
652 3 2 1 1 645 708 709 646
653 3 2 1 1 646 709 710 647
654 3 2 1 1 647 710 711 648
655 3 2 1 1 648 711 712 649
656 3 2 1 1 649 712 713 650
657 3 2 1 1 650 713 714 651
658 3 2 1 1 651 714 715 652
659 3 2 1 1 652 715 716 653
660 3 2 1 1 653 716 717 654
661 3 2 1 1 654 717 718 655
662 3 2 1 1 655 718 719 656
663 3 2 1 1 656 719 720 657
664 3 2 1 1 657 720 721 658
665 3 2 1 1 658 721 722 659
666 3 2 1 1 659 722 723 660
667 3 2 1 1 660 723 724 661
668 3 2 1 1 661 724 725 662
669 3 2 1 1 662 725 726 663
670 3 2 1 1 663 726 727 664
671 3 2 1 1 664 727 728 665
672 3 2 1 1 665 728 729 666
673 3 2 1 1 666 729 730 667
674 3 2 1 1 667 730 731 668
675 3 2 1 1 668 731 732 669
676 3 2 1 1 669 732 733 670
677 3 2 1 1 670 733 734 671
678 3 2 1 1 671 734 735 672
679 3 2 1 1 672 735 736 673
680 3 2 1 1 673 736 737 674
681 3 2 1 1 674 737 738 675
682 3 2 1 1 675 738 739 676
683 3 2 1 1 676 739 740 677
684 3 2 1 1 677 740 741 678
685 3 2 1 1 678 741 742 679
686 3 2 1 1 679 742 743 680
687 3 2 1 1 680 743 744 681
688 3 2 1 1 681 744 745 682
689 3 2 1 1 682 745 746 683
690 3 2 1 1 683 746 747 684
691 3 2 1 1 684 747 748 685
692 3 2 1 1 685 748 749 686
693 3 2 1 1 686 749 750 687
694 3 2 1 1 687 750 751 688
695 3 2 1 1 688 751 752 689
696 3 2 1 1 689 752 753 690
697 3 2 1 1 690 753 754 691
698 3 2 1 1 691 754 755 692
699 3 2 1 1 692 755 756 693
700 3 2 1 1 693 756 757 694
701 3 2 1 1 694 757 758 695
702 3 2 1 1 695 758 759 696
703 3 2 1 1 696 759 760 697
704 3 2 1 1 697 760 186 187
705 3 2 1 1 12 13 761 698
706 3 2 1 1 698 761 762 699
707 3 2 1 1 699 762 763 700
708 3 2 1 1 700 763 764 701
709 3 2 1 1 701 764 765 702
710 3 2 1 1 702 765 766 703
711 3 2 1 1 703 766 767 704
712 3 2 1 1 704 767 768 705
713 3 2 1 1 705 768 769 706
714 3 2 1 1 706 769 770 707
715 3 2 1 1 707 770 771 708
716 3 2 1 1 708 771 772 709
717 3 2 1 1 709 772 773 710
718 3 2 1 1 710 773 774 711
719 3 2 1 1 711 774 775 712
720 3 2 1 1 712 775 776 713
721 3 2 1 1 713 776 777 714
722 3 2 1 1 714 777 778 715
723 3 2 1 1 715 778 779 716
724 3 2 1 1 716 779 780 717
725 3 2 1 1 717 780 781 718
726 3 2 1 1 718 781 782 719
727 3 2 1 1 719 782 783 720
728 3 2 1 1 720 783 784 721
729 3 2 1 1 721 784 785 722
730 3 2 1 1 722 785 786 723
731 3 2 1 1 723 786 787 724
732 3 2 1 1 724 787 788 725
733 3 2 1 1 725 788 789 726
734 3 2 1 1 726 789 790 727
735 3 2 1 1 727 790 791 728
736 3 2 1 1 728 791 792 729
737 3 2 1 1 729 792 793 730
738 3 2 1 1 730 793 794 731
739 3 2 1 1 731 794 795 732
740 3 2 1 1 732 795 796 733
741 3 2 1 1 733 796 797 734
742 3 2 1 1 734 797 798 735
743 3 2 1 1 735 798 799 736
744 3 2 1 1 736 799 800 737
745 3 2 1 1 737 800 801 738
746 3 2 1 1 738 801 802 739
747 3 2 1 1 739 802 803 740
748 3 2 1 1 740 803 804 741
749 3 2 1 1 741 804 805 742
750 3 2 1 1 742 805 806 743
751 3 2 1 1 743 806 807 744
752 3 2 1 1 744 807 808 745
753 3 2 1 1 745 808 809 746
754 3 2 1 1 746 809 810 747
755 3 2 1 1 747 810 811 748
756 3 2 1 1 748 811 812 749
757 3 2 1 1 749 812 813 750
758 3 2 1 1 750 813 814 751
759 3 2 1 1 751 814 815 752
760 3 2 1 1 752 815 816 753
761 3 2 1 1 753 816 817 754
762 3 2 1 1 754 817 818 755
763 3 2 1 1 755 818 819 756
764 3 2 1 1 756 819 820 757
765 3 2 1 1 757 820 821 758
766 3 2 1 1 758 821 822 759
767 3 2 1 1 759 822 823 760
768 3 2 1 1 760 823 185 186
769 3 2 1 1 13 14 824 761
770 3 2 1 1 761 824 825 762
771 3 2 1 1 762 825 826 763
772 3 2 1 1 763 826 827 764
773 3 2 1 1 764 827 828 765
774 3 2 1 1 765 828 829 766
775 3 2 1 1 766 829 830 767
776 3 2 1 1 767 830 831 768
777 3 2 1 1 768 831 832 769
778 3 2 1 1 769 832 833 770
779 3 2 1 1 770 833 834 771
780 3 2 1 1 771 834 835 772
781 3 2 1 1 772 835 836 773
782 3 2 1 1 773 836 837 774
783 3 2 1 1 774 837 838 775
784 3 2 1 1 775 838 839 776
785 3 2 1 1 776 839 840 777
786 3 2 1 1 777 840 841 778
787 3 2 1 1 778 841 842 779
788 3 2 1 1 779 842 843 780
789 3 2 1 1 780 843 844 781
790 3 2 1 1 781 844 845 782
791 3 2 1 1 782 845 846 783
792 3 2 1 1 783 846 847 784
793 3 2 1 1 784 847 848 785
794 3 2 1 1 785 848 849 786
795 3 2 1 1 786 849 850 787
796 3 2 1 1 787 850 851 788
797 3 2 1 1 788 851 852 789
798 3 2 1 1 789 852 853 790
799 3 2 1 1 790 853 854 791
800 3 2 1 1 791 854 855 792
801 3 2 1 1 792 855 856 793
802 3 2 1 1 793 856 857 794
803 3 2 1 1 794 857 858 795
804 3 2 1 1 795 858 859 796
805 3 2 1 1 796 859 860 797
806 3 2 1 1 797 860 861 798
807 3 2 1 1 798 861 862 799
808 3 2 1 1 799 862 863 800
809 3 2 1 1 800 863 864 801
810 3 2 1 1 801 864 865 802
811 3 2 1 1 802 865 866 803
812 3 2 1 1 803 866 867 804
813 3 2 1 1 804 867 868 805
814 3 2 1 1 805 868 869 806
815 3 2 1 1 806 869 870 807
816 3 2 1 1 807 870 871 808
817 3 2 1 1 808 871 872 809
818 3 2 1 1 809 872 873 810
819 3 2 1 1 810 873 874 811
820 3 2 1 1 811 874 875 812
821 3 2 1 1 812 875 876 813
822 3 2 1 1 813 876 877 814
823 3 2 1 1 814 877 878 815
824 3 2 1 1 815 878 879 816
825 3 2 1 1 816 879 880 817
826 3 2 1 1 817 880 881 818
827 3 2 1 1 818 881 882 819
828 3 2 1 1 819 882 883 820
829 3 2 1 1 820 883 884 821
830 3 2 1 1 821 884 885 822
831 3 2 1 1 822 885 886 823
832 3 2 1 1 823 886 184 185
833 3 2 1 1 14 15 887 824
834 3 2 1 1 824 887 888 825
835 3 2 1 1 825 888 889 826
836 3 2 1 1 826 889 890 827
837 3 2 1 1 827 890 891 828
838 3 2 1 1 828 891 892 829
839 3 2 1 1 829 892 893 830
840 3 2 1 1 830 893 894 831
841 3 2 1 1 831 894 895 832
842 3 2 1 1 832 895 896 833
843 3 2 1 1 833 896 897 834
844 3 2 1 1 834 897 898 835
845 3 2 1 1 835 898 899 836
846 3 2 1 1 836 899 900 837
847 3 2 1 1 837 900 901 838
848 3 2 1 1 838 901 902 839
849 3 2 1 1 839 902 903 840
850 3 2 1 1 840 903 904 841
851 3 2 1 1 841 904 905 842
852 3 2 1 1 842 905 906 843
853 3 2 1 1 843 906 907 844
854 3 2 1 1 844 907 908 845
855 3 2 1 1 845 908 909 846
856 3 2 1 1 846 909 910 847
857 3 2 1 1 847 910 911 848
858 3 2 1 1 848 911 912 849
859 3 2 1 1 849 912 913 850
860 3 2 1 1 850 913 914 851
861 3 2 1 1 851 914 915 852
862 3 2 1 1 852 915 916 853
863 3 2 1 1 853 916 917 854
864 3 2 1 1 854 917 918 855
865 3 2 1 1 855 918 919 856
866 3 2 1 1 856 919 920 857
867 3 2 1 1 857 920 921 858
868 3 2 1 1 858 921 922 859
869 3 2 1 1 859 922 923 860
870 3 2 1 1 860 923 924 861
871 3 2 1 1 861 924 925 862
872 3 2 1 1 862 925 926 863
873 3 2 1 1 863 926 927 864
874 3 2 1 1 864 927 928 865
875 3 2 1 1 865 928 929 866
876 3 2 1 1 866 929 930 867
877 3 2 1 1 867 930 931 868
878 3 2 1 1 868 931 932 869
879 3 2 1 1 869 932 933 870
880 3 2 1 1 870 933 934 871
881 3 2 1 1 871 934 935 872
882 3 2 1 1 872 935 936 873
883 3 2 1 1 873 936 937 874
884 3 2 1 1 874 937 938 875
885 3 2 1 1 875 938 939 876
886 3 2 1 1 876 939 940 877
887 3 2 1 1 877 940 941 878
888 3 2 1 1 878 941 942 879
889 3 2 1 1 879 942 943 880
890 3 2 1 1 880 943 944 881
891 3 2 1 1 881 944 945 882
892 3 2 1 1 882 945 946 883
893 3 2 1 1 883 946 947 884
894 3 2 1 1 884 947 948 885
895 3 2 1 1 885 948 949 886
896 3 2 1 1 886 949 183 184
897 3 2 1 1 15 16 950 887
898 3 2 1 1 887 950 951 888
899 3 2 1 1 888 951 952 889
900 3 2 1 1 889 952 953 890
901 3 2 1 1 890 953 954 891
902 3 2 1 1 891 954 955 892
903 3 2 1 1 892 955 956 893
904 3 2 1 1 893 956 957 894
905 3 2 1 1 894 957 958 895
906 3 2 1 1 895 958 959 896
907 3 2 1 1 896 959 960 897
908 3 2 1 1 897 960 961 898
909 3 2 1 1 898 961 962 899
910 3 2 1 1 899 962 963 900
911 3 2 1 1 900 963 964 901
912 3 2 1 1 901 964 965 902
913 3 2 1 1 902 965 966 903
914 3 2 1 1 903 966 967 904
915 3 2 1 1 904 967 968 905
916 3 2 1 1 905 968 969 906
917 3 2 1 1 906 969 970 907
918 3 2 1 1 907 970 971 908
919 3 2 1 1 908 971 972 909
920 3 2 1 1 909 972 973 910
921 3 2 1 1 910 973 974 911
922 3 2 1 1 911 974 975 912
923 3 2 1 1 912 975 976 913
924 3 2 1 1 913 976 977 914
925 3 2 1 1 914 977 978 915
926 3 2 1 1 915 978 979 916
927 3 2 1 1 916 979 980 917
928 3 2 1 1 917 980 981 918
929 3 2 1 1 918 981 982 919
930 3 2 1 1 919 982 983 920
931 3 2 1 1 920 983 984 921
932 3 2 1 1 921 984 985 922
933 3 2 1 1 922 985 986 923
934 3 2 1 1 923 986 987 924
935 3 2 1 1 924 987 988 925
936 3 2 1 1 925 988 989 926
937 3 2 1 1 926 989 990 927
938 3 2 1 1 927 990 991 928
939 3 2 1 1 928 991 992 929
940 3 2 1 1 929 992 993 930
941 3 2 1 1 930 993 994 931
942 3 2 1 1 931 994 995 932
943 3 2 1 1 932 995 996 933
944 3 2 1 1 933 996 997 934
945 3 2 1 1 934 997 998 935
946 3 2 1 1 935 998 999 936
947 3 2 1 1 936 999 1000 937
948 3 2 1 1 937 1000 1001 938
949 3 2 1 1 938 1001 1002 939
950 3 2 1 1 939 1002 1003 940
951 3 2 1 1 940 1003 1004 941
952 3 2 1 1 941 1004 1005 942
953 3 2 1 1 942 1005 1006 943
954 3 2 1 1 943 1006 1007 944
955 3 2 1 1 944 1007 1008 945
956 3 2 1 1 945 1008 1009 946
957 3 2 1 1 946 1009 1010 947
958 3 2 1 1 947 1010 1011 948
959 3 2 1 1 948 1011 1012 949
960 3 2 1 1 949 1012 182 183
961 3 2 1 1 16 17 1013 950
962 3 2 1 1 950 1013 1014 951
963 3 2 1 1 951 1014 1015 952
964 3 2 1 1 952 1015 1016 953
965 3 2 1 1 953 1016 1017 954
966 3 2 1 1 954 1017 1018 955
967 3 2 1 1 955 1018 1019 956
968 3 2 1 1 956 1019 1020 957
969 3 2 1 1 957 1020 1021 958
970 3 2 1 1 958 1021 1022 959
971 3 2 1 1 959 1022 1023 960
972 3 2 1 1 960 1023 1024 961
973 3 2 1 1 961 1024 1025 962
974 3 2 1 1 962 1025 1026 963
975 3 2 1 1 963 1026 1027 964
976 3 2 1 1 964 1027 1028 965
977 3 2 1 1 965 1028 1029 966
978 3 2 1 1 966 1029 1030 967
979 3 2 1 1 967 1030 1031 968
980 3 2 1 1 968 1031 1032 969
981 3 2 1 1 969 1032 1033 970
982 3 2 1 1 970 1033 1034 971
983 3 2 1 1 971 1034 1035 972
984 3 2 1 1 972 1035 1036 973
985 3 2 1 1 973 1036 1037 974
986 3 2 1 1 974 1037 1038 975
987 3 2 1 1 975 1038 1039 976
988 3 2 1 1 976 1039 1040 977
989 3 2 1 1 977 1040 1041 978
990 3 2 1 1 978 1041 1042 979
991 3 2 1 1 979 1042 1043 980
992 3 2 1 1 980 1043 1044 981
993 3 2 1 1 981 1044 1045 982
994 3 2 1 1 982 1045 1046 983
995 3 2 1 1 983 1046 1047 984
996 3 2 1 1 984 1047 1048 985
997 3 2 1 1 985 1048 1049 986
998 3 2 1 1 986 1049 1050 987
999 3 2 1 1 987 1050 1051 988
1000 3 2 1 1 988 1051 1052 989
1001 3 2 1 1 989 1052 1053 990
1002 3 2 1 1 990 1053 1054 991
1003 3 2 1 1 991 1054 1055 992
1004 3 2 1 1 992 1055 1056 993
1005 3 2 1 1 993 1056 1057 994
1006 3 2 1 1 994 1057 1058 995
1007 3 2 1 1 995 1058 1059 996
1008 3 2 1 1 996 1059 1060 997
1009 3 2 1 1 997 1060 1061 998
1010 3 2 1 1 998 1061 1062 999
1011 3 2 1 1 999 1062 1063 1000
1012 3 2 1 1 1000 1063 1064 1001
1013 3 2 1 1 1001 1064 1065 1002
1014 3 2 1 1 1002 1065 1066 1003
1015 3 2 1 1 1003 1066 1067 1004
1016 3 2 1 1 1004 1067 1068 1005
1017 3 2 1 1 1005 1068 1069 1006
1018 3 2 1 1 1006 1069 1070 1007
1019 3 2 1 1 1007 1070 1071 1008
1020 3 2 1 1 1008 1071 1072 1009
1021 3 2 1 1 1009 1072 1073 1010
1022 3 2 1 1 1010 1073 1074 1011
1023 3 2 1 1 1011 1074 1075 1012
1024 3 2 1 1 1012 1075 181 182
1025 3 2 1 1 17 18 1076 1013
1026 3 2 1 1 1013 1076 1077 1014
1027 3 2 1 1 1014 1077 1078 1015
1028 3 2 1 1 1015 1078 1079 1016
1029 3 2 1 1 1016 1079 1080 1017
1030 3 2 1 1 1017 1080 1081 1018
1031 3 2 1 1 1018 1081 1082 1019
1032 3 2 1 1 1019 1082 1083 1020
1033 3 2 1 1 1020 1083 1084 1021
1034 3 2 1 1 1021 1084 1085 1022
1035 3 2 1 1 1022 1085 1086 1023
1036 3 2 1 1 1023 1086 1087 1024
1037 3 2 1 1 1024 1087 1088 1025
1038 3 2 1 1 1025 1088 1089 1026
1039 3 2 1 1 1026 1089 1090 1027
1040 3 2 1 1 1027 1090 1091 1028
1041 3 2 1 1 1028 1091 1092 1029
1042 3 2 1 1 1029 1092 1093 1030
1043 3 2 1 1 1030 1093 1094 1031
1044 3 2 1 1 1031 1094 1095 1032
1045 3 2 1 1 1032 1095 1096 1033
1046 3 2 1 1 1033 1096 1097 1034
1047 3 2 1 1 1034 1097 1098 1035
1048 3 2 1 1 1035 1098 1099 1036
1049 3 2 1 1 1036 1099 1100 1037
1050 3 2 1 1 1037 1100 1101 1038
1051 3 2 1 1 1038 1101 1102 1039
1052 3 2 1 1 1039 1102 1103 1040
1053 3 2 1 1 1040 1103 1104 1041
1054 3 2 1 1 1041 1104 1105 1042
1055 3 2 1 1 1042 1105 1106 1043
1056 3 2 1 1 1043 1106 1107 1044
1057 3 2 1 1 1044 1107 1108 1045
1058 3 2 1 1 1045 1108 1109 1046
1059 3 2 1 1 1046 1109 1110 1047
1060 3 2 1 1 1047 1110 1111 1048
1061 3 2 1 1 1048 1111 1112 1049
1062 3 2 1 1 1049 1112 1113 1050
1063 3 2 1 1 1050 1113 1114 1051
1064 3 2 1 1 1051 1114 1115 1052
1065 3 2 1 1 1052 1115 1116 1053
1066 3 2 1 1 1053 1116 1117 1054
1067 3 2 1 1 1054 1117 1118 1055
1068 3 2 1 1 1055 1118 1119 1056
1069 3 2 1 1 1056 1119 1120 1057
1070 3 2 1 1 1057 1120 1121 1058
1071 3 2 1 1 1058 1121 1122 1059
1072 3 2 1 1 1059 1122 1123 1060
1073 3 2 1 1 1060 1123 1124 1061
1074 3 2 1 1 1061 1124 1125 1062
1075 3 2 1 1 1062 1125 1126 1063
1076 3 2 1 1 1063 1126 1127 1064
1077 3 2 1 1 1064 1127 1128 1065
1078 3 2 1 1 1065 1128 1129 1066
1079 3 2 1 1 1066 1129 1130 1067
1080 3 2 1 1 1067 1130 1131 1068
1081 3 2 1 1 1068 1131 1132 1069
1082 3 2 1 1 1069 1132 1133 1070
1083 3 2 1 1 1070 1133 1134 1071
1084 3 2 1 1 1071 1134 1135 1072
1085 3 2 1 1 1072 1135 1136 1073
1086 3 2 1 1 1073 1136 1137 1074
1087 3 2 1 1 1074 1137 1138 1075
1088 3 2 1 1 1075 1138 180 181
1089 3 2 1 1 18 19 1139 1076
1090 3 2 1 1 1076 1139 1140 1077
1091 3 2 1 1 1077 1140 1141 1078
1092 3 2 1 1 1078 1141 1142 1079
1093 3 2 1 1 1079 1142 1143 1080
1094 3 2 1 1 1080 1143 1144 1081
1095 3 2 1 1 1081 1144 1145 1082
1096 3 2 1 1 1082 1145 1146 1083
1097 3 2 1 1 1083 1146 1147 1084
1098 3 2 1 1 1084 1147 1148 1085
1099 3 2 1 1 1085 1148 1149 1086
1100 3 2 1 1 1086 1149 1150 1087
1101 3 2 1 1 1087 1150 1151 1088
1102 3 2 1 1 1088 1151 1152 1089
1103 3 2 1 1 1089 1152 1153 1090
1104 3 2 1 1 1090 1153 1154 1091
1105 3 2 1 1 1091 1154 1155 1092
1106 3 2 1 1 1092 1155 1156 1093
1107 3 2 1 1 1093 1156 1157 1094
1108 3 2 1 1 1094 1157 1158 1095
1109 3 2 1 1 1095 1158 1159 1096
1110 3 2 1 1 1096 1159 1160 1097
1111 3 2 1 1 1097 1160 1161 1098
1112 3 2 1 1 1098 1161 1162 1099
1113 3 2 1 1 1099 1162 1163 1100
1114 3 2 1 1 1100 1163 1164 1101
1115 3 2 1 1 1101 1164 1165 1102
1116 3 2 1 1 1102 1165 1166 1103
1117 3 2 1 1 1103 1166 1167 1104
1118 3 2 1 1 1104 1167 1168 1105
1119 3 2 1 1 1105 1168 1169 1106
1120 3 2 1 1 1106 1169 1170 1107
1121 3 2 1 1 1107 1170 1171 1108
1122 3 2 1 1 1108 1171 1172 1109
1123 3 2 1 1 1109 1172 1173 1110
1124 3 2 1 1 1110 1173 1174 1111
1125 3 2 1 1 1111 1174 1175 1112
1126 3 2 1 1 1112 1175 1176 1113
1127 3 2 1 1 1113 1176 1177 1114
1128 3 2 1 1 1114 1177 1178 1115
1129 3 2 1 1 1115 1178 1179 1116
1130 3 2 1 1 1116 1179 1180 1117
1131 3 2 1 1 1117 1180 1181 1118
1132 3 2 1 1 1118 1181 1182 1119
1133 3 2 1 1 1119 1182 1183 1120
1134 3 2 1 1 1120 1183 1184 1121
1135 3 2 1 1 1121 1184 1185 1122
1136 3 2 1 1 1122 1185 1186 1123
1137 3 2 1 1 1123 1186 1187 1124
1138 3 2 1 1 1124 1187 1188 1125
1139 3 2 1 1 1125 1188 1189 1126
1140 3 2 1 1 1126 1189 1190 1127
1141 3 2 1 1 1127 1190 1191 1128
1142 3 2 1 1 1128 1191 1192 1129
1143 3 2 1 1 1129 1192 1193 1130
1144 3 2 1 1 1130 1193 1194 1131
1145 3 2 1 1 1131 1194 1195 1132
1146 3 2 1 1 1132 1195 1196 1133
1147 3 2 1 1 1133 1196 1197 1134
1148 3 2 1 1 1134 1197 1198 1135
1149 3 2 1 1 1135 1198 1199 1136
1150 3 2 1 1 1136 1199 1200 1137
1151 3 2 1 1 1137 1200 1201 1138
1152 3 2 1 1 1138 1201 179 180
1153 3 2 1 1 19 20 1202 1139
1154 3 2 1 1 1139 1202 1203 1140
1155 3 2 1 1 1140 1203 1204 1141
1156 3 2 1 1 1141 1204 1205 1142
1157 3 2 1 1 1142 1205 1206 1143
1158 3 2 1 1 1143 1206 1207 1144
1159 3 2 1 1 1144 1207 1208 1145
1160 3 2 1 1 1145 1208 1209 1146
1161 3 2 1 1 1146 1209 1210 1147
1162 3 2 1 1 1147 1210 1211 1148
1163 3 2 1 1 1148 1211 1212 1149
1164 3 2 1 1 1149 1212 1213 1150
1165 3 2 1 1 1150 1213 1214 1151
1166 3 2 1 1 1151 1214 1215 1152
1167 3 2 1 1 1152 1215 1216 1153
1168 3 2 1 1 1153 1216 1217 1154
1169 3 2 1 1 1154 1217 1218 1155
1170 3 2 1 1 1155 1218 1219 1156
1171 3 2 1 1 1156 1219 1220 1157
1172 3 2 1 1 1157 1220 1221 1158
1173 3 2 1 1 1158 1221 1222 1159
1174 3 2 1 1 1159 1222 1223 1160
1175 3 2 1 1 1160 1223 1224 1161
1176 3 2 1 1 1161 1224 1225 1162
1177 3 2 1 1 1162 1225 1226 1163
1178 3 2 1 1 1163 1226 1227 1164
1179 3 2 1 1 1164 1227 1228 1165
1180 3 2 1 1 1165 1228 1229 1166
1181 3 2 1 1 1166 1229 1230 1167
1182 3 2 1 1 1167 1230 1231 1168
1183 3 2 1 1 1168 1231 1232 1169
1184 3 2 1 1 1169 1232 1233 1170
1185 3 2 1 1 1170 1233 1234 1171
1186 3 2 1 1 1171 1234 1235 1172
1187 3 2 1 1 1172 1235 1236 1173
1188 3 2 1 1 1173 1236 1237 1174
1189 3 2 1 1 1174 1237 1238 1175
1190 3 2 1 1 1175 1238 1239 1176
1191 3 2 1 1 1176 1239 1240 1177
1192 3 2 1 1 1177 1240 1241 1178
1193 3 2 1 1 1178 1241 1242 1179
1194 3 2 1 1 1179 1242 1243 1180
1195 3 2 1 1 1180 1243 1244 1181
1196 3 2 1 1 1181 1244 1245 1182
1197 3 2 1 1 1182 1245 1246 1183
1198 3 2 1 1 1183 1246 1247 1184
1199 3 2 1 1 1184 1247 1248 1185
1200 3 2 1 1 1185 1248 1249 1186
1201 3 2 1 1 1186 1249 1250 1187
1202 3 2 1 1 1187 1250 1251 1188
1203 3 2 1 1 1188 1251 1252 1189
1204 3 2 1 1 1189 1252 1253 1190
1205 3 2 1 1 1190 1253 1254 1191
1206 3 2 1 1 1191 1254 1255 1192
1207 3 2 1 1 1192 1255 1256 1193
1208 3 2 1 1 1193 1256 1257 1194
1209 3 2 1 1 1194 1257 1258 1195
1210 3 2 1 1 1195 1258 1259 1196
1211 3 2 1 1 1196 1259 1260 1197
1212 3 2 1 1 1197 1260 1261 1198
1213 3 2 1 1 1198 1261 1262 1199
1214 3 2 1 1 1199 1262 1263 1200
1215 3 2 1 1 1200 1263 1264 1201
1216 3 2 1 1 1201 1264 178 179
1217 3 2 1 1 20 21 1265 1202
1218 3 2 1 1 1202 1265 1266 1203
1219 3 2 1 1 1203 1266 1267 1204
1220 3 2 1 1 1204 1267 1268 1205
1221 3 2 1 1 1205 1268 1269 1206
1222 3 2 1 1 1206 1269 1270 1207
1223 3 2 1 1 1207 1270 1271 1208
1224 3 2 1 1 1208 1271 1272 1209
1225 3 2 1 1 1209 1272 1273 1210
1226 3 2 1 1 1210 1273 1274 1211
1227 3 2 1 1 1211 1274 1275 1212
1228 3 2 1 1 1212 1275 1276 1213
1229 3 2 1 1 1213 1276 1277 1214
1230 3 2 1 1 1214 1277 1278 1215
1231 3 2 1 1 1215 1278 1279 1216
1232 3 2 1 1 1216 1279 1280 1217
1233 3 2 1 1 1217 1280 1281 1218
1234 3 2 1 1 1218 1281 1282 1219
1235 3 2 1 1 1219 1282 1283 1220
1236 3 2 1 1 1220 1283 1284 1221
1237 3 2 1 1 1221 1284 1285 1222
1238 3 2 1 1 1222 1285 1286 1223
1239 3 2 1 1 1223 1286 1287 1224
1240 3 2 1 1 1224 1287 1288 1225
1241 3 2 1 1 1225 1288 1289 1226
1242 3 2 1 1 1226 1289 1290 1227
1243 3 2 1 1 1227 1290 1291 1228
1244 3 2 1 1 1228 1291 1292 1229
1245 3 2 1 1 1229 1292 1293 1230
1246 3 2 1 1 1230 1293 1294 1231
1247 3 2 1 1 1231 1294 1295 1232
1248 3 2 1 1 1232 1295 1296 1233
1249 3 2 1 1 1233 1296 1297 1234
1250 3 2 1 1 1234 1297 1298 1235
1251 3 2 1 1 1235 1298 1299 1236
1252 3 2 1 1 1236 1299 1300 1237
1253 3 2 1 1 1237 1300 1301 1238
1254 3 2 1 1 1238 1301 1302 1239
1255 3 2 1 1 1239 1302 1303 1240
1256 3 2 1 1 1240 1303 1304 1241
1257 3 2 1 1 1241 1304 1305 1242
1258 3 2 1 1 1242 1305 1306 1243
1259 3 2 1 1 1243 1306 1307 1244
1260 3 2 1 1 1244 1307 1308 1245
1261 3 2 1 1 1245 1308 1309 1246
1262 3 2 1 1 1246 1309 1310 1247
1263 3 2 1 1 1247 1310 1311 1248
1264 3 2 1 1 1248 1311 1312 1249
1265 3 2 1 1 1249 1312 1313 1250
1266 3 2 1 1 1250 1313 1314 1251
1267 3 2 1 1 1251 1314 1315 1252
1268 3 2 1 1 1252 1315 1316 1253
1269 3 2 1 1 1253 1316 1317 1254
1270 3 2 1 1 1254 1317 1318 1255
1271 3 2 1 1 1255 1318 1319 1256
1272 3 2 1 1 1256 1319 1320 1257
1273 3 2 1 1 1257 1320 1321 1258
1274 3 2 1 1 1258 1321 1322 1259
1275 3 2 1 1 1259 1322 1323 1260
1276 3 2 1 1 1260 1323 1324 1261
1277 3 2 1 1 1261 1324 1325 1262
1278 3 2 1 1 1262 1325 1326 1263
1279 3 2 1 1 1263 1326 1327 1264
1280 3 2 1 1 1264 1327 177 178
1281 3 2 1 1 21 22 1328 1265
1282 3 2 1 1 1265 1328 1329 1266
1283 3 2 1 1 1266 1329 1330 1267
1284 3 2 1 1 1267 1330 1331 1268
1285 3 2 1 1 1268 1331 1332 1269
1286 3 2 1 1 1269 1332 1333 1270
1287 3 2 1 1 1270 1333 1334 1271
1288 3 2 1 1 1271 1334 1335 1272
1289 3 2 1 1 1272 1335 1336 1273
1290 3 2 1 1 1273 1336 1337 1274
1291 3 2 1 1 1274 1337 1338 1275
1292 3 2 1 1 1275 1338 1339 1276
1293 3 2 1 1 1276 1339 1340 1277
1294 3 2 1 1 1277 1340 1341 1278
1295 3 2 1 1 1278 1341 1342 1279
1296 3 2 1 1 1279 1342 1343 1280
1297 3 2 1 1 1280 1343 1344 1281
1298 3 2 1 1 1281 1344 1345 1282
1299 3 2 1 1 1282 1345 1346 1283
1300 3 2 1 1 1283 1346 1347 1284
1301 3 2 1 1 1284 1347 1348 1285
1302 3 2 1 1 1285 1348 1349 1286
1303 3 2 1 1 1286 1349 1350 1287
1304 3 2 1 1 1287 1350 1351 1288
1305 3 2 1 1 1288 1351 1352 1289
1306 3 2 1 1 1289 1352 1353 1290
1307 3 2 1 1 1290 1353 1354 1291
1308 3 2 1 1 1291 1354 1355 1292
1309 3 2 1 1 1292 1355 1356 1293
1310 3 2 1 1 1293 1356 1357 1294
1311 3 2 1 1 1294 1357 1358 1295
1312 3 2 1 1 1295 1358 1359 1296
1313 3 2 1 1 1296 1359 1360 1297
1314 3 2 1 1 1297 1360 1361 1298
1315 3 2 1 1 1298 1361 1362 1299
1316 3 2 1 1 1299 1362 1363 1300
1317 3 2 1 1 1300 1363 1364 1301
1318 3 2 1 1 1301 1364 1365 1302
1319 3 2 1 1 1302 1365 1366 1303
1320 3 2 1 1 1303 1366 1367 1304
1321 3 2 1 1 1304 1367 1368 1305
1322 3 2 1 1 1305 1368 1369 1306
1323 3 2 1 1 1306 1369 1370 1307
1324 3 2 1 1 1307 1370 1371 1308
1325 3 2 1 1 1308 1371 1372 1309
1326 3 2 1 1 1309 1372 1373 1310
1327 3 2 1 1 1310 1373 1374 1311
1328 3 2 1 1 1311 1374 1375 1312
1329 3 2 1 1 1312 1375 1376 1313
1330 3 2 1 1 1313 1376 1377 1314
1331 3 2 1 1 1314 1377 1378 1315
1332 3 2 1 1 1315 1378 1379 1316
1333 3 2 1 1 1316 1379 1380 1317
1334 3 2 1 1 1317 1380 1381 1318
1335 3 2 1 1 1318 1381 1382 1319
1336 3 2 1 1 1319 1382 1383 1320
1337 3 2 1 1 1320 1383 1384 1321
1338 3 2 1 1 1321 1384 1385 1322
1339 3 2 1 1 1322 1385 1386 1323
1340 3 2 1 1 1323 1386 1387 1324
1341 3 2 1 1 1324 1387 1388 1325
1342 3 2 1 1 1325 1388 1389 1326
1343 3 2 1 1 1326 1389 1390 1327
1344 3 2 1 1 1327 1390 176 177
1345 3 2 1 1 22 23 1391 1328
1346 3 2 1 1 1328 1391 1392 1329
1347 3 2 1 1 1329 1392 1393 1330
1348 3 2 1 1 1330 1393 1394 1331
1349 3 2 1 1 1331 1394 1395 1332
1350 3 2 1 1 1332 1395 1396 1333
1351 3 2 1 1 1333 1396 1397 1334
1352 3 2 1 1 1334 1397 1398 1335
1353 3 2 1 1 1335 1398 1399 1336
1354 3 2 1 1 1336 1399 1400 1337
1355 3 2 1 1 1337 1400 1401 1338
1356 3 2 1 1 1338 1401 1402 1339
1357 3 2 1 1 1339 1402 1403 1340
1358 3 2 1 1 1340 1403 1404 1341
1359 3 2 1 1 1341 1404 1405 1342
1360 3 2 1 1 1342 1405 1406 1343
1361 3 2 1 1 1343 1406 1407 1344
1362 3 2 1 1 1344 1407 1408 1345
1363 3 2 1 1 1345 1408 1409 1346
1364 3 2 1 1 1346 1409 1410 1347
1365 3 2 1 1 1347 1410 1411 1348
1366 3 2 1 1 1348 1411 1412 1349
1367 3 2 1 1 1349 1412 1413 1350
1368 3 2 1 1 1350 1413 1414 1351
1369 3 2 1 1 1351 1414 1415 1352
1370 3 2 1 1 1352 1415 1416 1353
1371 3 2 1 1 1353 1416 1417 1354
1372 3 2 1 1 1354 1417 1418 1355
1373 3 2 1 1 1355 1418 1419 1356
1374 3 2 1 1 1356 1419 1420 1357
1375 3 2 1 1 1357 1420 1421 1358
1376 3 2 1 1 1358 1421 1422 1359
1377 3 2 1 1 1359 1422 1423 1360
1378 3 2 1 1 1360 1423 1424 1361
1379 3 2 1 1 1361 1424 1425 1362
1380 3 2 1 1 1362 1425 1426 1363
1381 3 2 1 1 1363 1426 1427 1364
1382 3 2 1 1 1364 1427 1428 1365
1383 3 2 1 1 1365 1428 1429 1366
1384 3 2 1 1 1366 1429 1430 1367
1385 3 2 1 1 1367 1430 1431 1368
1386 3 2 1 1 1368 1431 1432 1369
1387 3 2 1 1 1369 1432 1433 1370
1388 3 2 1 1 1370 1433 1434 1371
1389 3 2 1 1 1371 1434 1435 1372
1390 3 2 1 1 1372 1435 1436 1373
1391 3 2 1 1 1373 1436 1437 1374
1392 3 2 1 1 1374 1437 1438 1375
1393 3 2 1 1 1375 1438 1439 1376
1394 3 2 1 1 1376 1439 1440 1377
1395 3 2 1 1 1377 1440 1441 1378
1396 3 2 1 1 1378 1441 1442 1379
1397 3 2 1 1 1379 1442 1443 1380
1398 3 2 1 1 1380 1443 1444 1381
1399 3 2 1 1 1381 1444 1445 1382
1400 3 2 1 1 1382 1445 1446 1383
1401 3 2 1 1 1383 1446 1447 1384
1402 3 2 1 1 1384 1447 1448 1385
1403 3 2 1 1 1385 1448 1449 1386
1404 3 2 1 1 1386 1449 1450 1387
1405 3 2 1 1 1387 1450 1451 1388
1406 3 2 1 1 1388 1451 1452 1389
1407 3 2 1 1 1389 1452 1453 1390
1408 3 2 1 1 1390 1453 175 176
1409 3 2 1 1 23 24 1454 1391
1410 3 2 1 1 1391 1454 1455 1392
1411 3 2 1 1 1392 1455 1456 1393
1412 3 2 1 1 1393 1456 1457 1394
1413 3 2 1 1 1394 1457 1458 1395
1414 3 2 1 1 1395 1458 1459 1396
1415 3 2 1 1 1396 1459 1460 1397
1416 3 2 1 1 1397 1460 1461 1398
1417 3 2 1 1 1398 1461 1462 1399
1418 3 2 1 1 1399 1462 1463 1400
1419 3 2 1 1 1400 1463 1464 1401
1420 3 2 1 1 1401 1464 1465 1402
1421 3 2 1 1 1402 1465 1466 1403
1422 3 2 1 1 1403 1466 1467 1404
1423 3 2 1 1 1404 1467 1468 1405
1424 3 2 1 1 1405 1468 1469 1406
1425 3 2 1 1 1406 1469 1470 1407
1426 3 2 1 1 1407 1470 1471 1408
1427 3 2 1 1 1408 1471 1472 1409
1428 3 2 1 1 1409 1472 1473 1410
1429 3 2 1 1 1410 1473 1474 1411
1430 3 2 1 1 1411 1474 1475 1412
1431 3 2 1 1 1412 1475 1476 1413
1432 3 2 1 1 1413 1476 1477 1414
1433 3 2 1 1 1414 1477 1478 1415
1434 3 2 1 1 1415 1478 1479 1416
1435 3 2 1 1 1416 1479 1480 1417
1436 3 2 1 1 1417 1480 1481 1418
1437 3 2 1 1 1418 1481 1482 1419
1438 3 2 1 1 1419 1482 1483 1420
1439 3 2 1 1 1420 1483 1484 1421
1440 3 2 1 1 1421 1484 1485 1422
1441 3 2 1 1 1422 1485 1486 1423
1442 3 2 1 1 1423 1486 1487 1424
1443 3 2 1 1 1424 1487 1488 1425
1444 3 2 1 1 1425 1488 1489 1426
1445 3 2 1 1 1426 1489 1490 1427
1446 3 2 1 1 1427 1490 1491 1428
1447 3 2 1 1 1428 1491 1492 1429
1448 3 2 1 1 1429 1492 1493 1430
1449 3 2 1 1 1430 1493 1494 1431
1450 3 2 1 1 1431 1494 1495 1432
1451 3 2 1 1 1432 1495 1496 1433
1452 3 2 1 1 1433 1496 1497 1434
1453 3 2 1 1 1434 1497 1498 1435
1454 3 2 1 1 1435 1498 1499 1436
1455 3 2 1 1 1436 1499 1500 1437
1456 3 2 1 1 1437 1500 1501 1438
1457 3 2 1 1 1438 1501 1502 1439
1458 3 2 1 1 1439 1502 1503 1440
1459 3 2 1 1 1440 1503 1504 1441
1460 3 2 1 1 1441 1504 1505 1442
1461 3 2 1 1 1442 1505 1506 1443
1462 3 2 1 1 1443 1506 1507 1444
1463 3 2 1 1 1444 1507 1508 1445
1464 3 2 1 1 1445 1508 1509 1446
1465 3 2 1 1 1446 1509 1510 1447
1466 3 2 1 1 1447 1510 1511 1448
1467 3 2 1 1 1448 1511 1512 1449
1468 3 2 1 1 1449 1512 1513 1450
1469 3 2 1 1 1450 1513 1514 1451
1470 3 2 1 1 1451 1514 1515 1452
1471 3 2 1 1 1452 1515 1516 1453
1472 3 2 1 1 1453 1516 174 175
1473 3 2 1 1 24 25 1517 1454
1474 3 2 1 1 1454 1517 1518 1455
1475 3 2 1 1 1455 1518 1519 1456
1476 3 2 1 1 1456 1519 1520 1457
1477 3 2 1 1 1457 1520 1521 1458
1478 3 2 1 1 1458 1521 1522 1459
1479 3 2 1 1 1459 1522 1523 1460
1480 3 2 1 1 1460 1523 1524 1461
1481 3 2 1 1 1461 1524 1525 1462
1482 3 2 1 1 1462 1525 1526 1463
1483 3 2 1 1 1463 1526 1527 1464
1484 3 2 1 1 1464 1527 1528 1465
1485 3 2 1 1 1465 1528 1529 1466
1486 3 2 1 1 1466 1529 1530 1467
1487 3 2 1 1 1467 1530 1531 1468
1488 3 2 1 1 1468 1531 1532 1469
1489 3 2 1 1 1469 1532 1533 1470
1490 3 2 1 1 1470 1533 1534 1471
1491 3 2 1 1 1471 1534 1535 1472
1492 3 2 1 1 1472 1535 1536 1473
1493 3 2 1 1 1473 1536 1537 1474
1494 3 2 1 1 1474 1537 1538 1475
1495 3 2 1 1 1475 1538 1539 1476
1496 3 2 1 1 1476 1539 1540 1477
1497 3 2 1 1 1477 1540 1541 1478
1498 3 2 1 1 1478 1541 1542 1479
1499 3 2 1 1 1479 1542 1543 1480
1500 3 2 1 1 1480 1543 1544 1481
1501 3 2 1 1 1481 1544 1545 1482
1502 3 2 1 1 1482 1545 1546 1483
1503 3 2 1 1 1483 1546 1547 1484
1504 3 2 1 1 1484 1547 1548 1485
1505 3 2 1 1 1485 1548 1549 1486
1506 3 2 1 1 1486 1549 1550 1487
1507 3 2 1 1 1487 1550 1551 1488
1508 3 2 1 1 1488 1551 1552 1489
1509 3 2 1 1 1489 1552 1553 1490
1510 3 2 1 1 1490 1553 1554 1491
1511 3 2 1 1 1491 1554 1555 1492
1512 3 2 1 1 1492 1555 1556 1493
1513 3 2 1 1 1493 1556 1557 1494
1514 3 2 1 1 1494 1557 1558 1495
1515 3 2 1 1 1495 1558 1559 1496
1516 3 2 1 1 1496 1559 1560 1497
1517 3 2 1 1 1497 1560 1561 1498
1518 3 2 1 1 1498 1561 1562 1499
1519 3 2 1 1 1499 1562 1563 1500
1520 3 2 1 1 1500 1563 1564 1501
1521 3 2 1 1 1501 1564 1565 1502
1522 3 2 1 1 1502 1565 1566 1503
1523 3 2 1 1 1503 1566 1567 1504
1524 3 2 1 1 1504 1567 1568 1505
1525 3 2 1 1 1505 1568 1569 1506
1526 3 2 1 1 1506 1569 1570 1507
1527 3 2 1 1 1507 1570 1571 1508
1528 3 2 1 1 1508 1571 1572 1509
1529 3 2 1 1 1509 1572 1573 1510
1530 3 2 1 1 1510 1573 1574 1511
1531 3 2 1 1 1511 1574 1575 1512
1532 3 2 1 1 1512 1575 1576 1513
1533 3 2 1 1 1513 1576 1577 1514
1534 3 2 1 1 1514 1577 1578 1515
1535 3 2 1 1 1515 1578 1579 1516
1536 3 2 1 1 1516 1579 173 174
1537 3 2 1 1 25 26 1580 1517
1538 3 2 1 1 1517 1580 1581 1518
1539 3 2 1 1 1518 1581 1582 1519
1540 3 2 1 1 1519 1582 1583 1520
1541 3 2 1 1 1520 1583 1584 1521
1542 3 2 1 1 1521 1584 1585 1522
1543 3 2 1 1 1522 1585 1586 1523
1544 3 2 1 1 1523 1586 1587 1524
1545 3 2 1 1 1524 1587 1588 1525
1546 3 2 1 1 1525 1588 1589 1526
1547 3 2 1 1 1526 1589 1590 1527
1548 3 2 1 1 1527 1590 1591 1528
1549 3 2 1 1 1528 1591 1592 1529
1550 3 2 1 1 1529 1592 1593 1530
1551 3 2 1 1 1530 1593 1594 1531
1552 3 2 1 1 1531 1594 1595 1532
1553 3 2 1 1 1532 1595 1596 1533
1554 3 2 1 1 1533 1596 1597 1534
1555 3 2 1 1 1534 1597 1598 1535
1556 3 2 1 1 1535 1598 1599 1536
1557 3 2 1 1 1536 1599 1600 1537
1558 3 2 1 1 1537 1600 1601 1538
1559 3 2 1 1 1538 1601 1602 1539
1560 3 2 1 1 1539 1602 1603 1540
1561 3 2 1 1 1540 1603 1604 1541
1562 3 2 1 1 1541 1604 1605 1542
1563 3 2 1 1 1542 1605 1606 1543
1564 3 2 1 1 1543 1606 1607 1544
1565 3 2 1 1 1544 1607 1608 1545
1566 3 2 1 1 1545 1608 1609 1546
1567 3 2 1 1 1546 1609 1610 1547
1568 3 2 1 1 1547 1610 1611 1548
1569 3 2 1 1 1548 1611 1612 1549
1570 3 2 1 1 1549 1612 1613 1550
1571 3 2 1 1 1550 1613 1614 1551
1572 3 2 1 1 1551 1614 1615 1552
1573 3 2 1 1 1552 1615 1616 1553
1574 3 2 1 1 1553 1616 1617 1554
1575 3 2 1 1 1554 1617 1618 1555
1576 3 2 1 1 1555 1618 1619 1556
1577 3 2 1 1 1556 1619 1620 1557
1578 3 2 1 1 1557 1620 1621 1558
1579 3 2 1 1 1558 1621 1622 1559
1580 3 2 1 1 1559 1622 1623 1560
1581 3 2 1 1 1560 1623 1624 1561
1582 3 2 1 1 1561 1624 1625 1562
1583 3 2 1 1 1562 1625 1626 1563
1584 3 2 1 1 1563 1626 1627 1564
1585 3 2 1 1 1564 1627 1628 1565
1586 3 2 1 1 1565 1628 1629 1566
1587 3 2 1 1 1566 1629 1630 1567
1588 3 2 1 1 1567 1630 1631 1568
1589 3 2 1 1 1568 1631 1632 1569
1590 3 2 1 1 1569 1632 1633 1570
1591 3 2 1 1 1570 1633 1634 1571
1592 3 2 1 1 1571 1634 1635 1572
1593 3 2 1 1 1572 1635 1636 1573
1594 3 2 1 1 1573 1636 1637 1574
1595 3 2 1 1 1574 1637 1638 1575
1596 3 2 1 1 1575 1638 1639 1576
1597 3 2 1 1 1576 1639 1640 1577
1598 3 2 1 1 1577 1640 1641 1578
1599 3 2 1 1 1578 1641 1642 1579
1600 3 2 1 1 1579 1642 172 173
1601 3 2 1 1 26 27 1643 1580
1602 3 2 1 1 1580 1643 1644 1581
1603 3 2 1 1 1581 1644 1645 1582
1604 3 2 1 1 1582 1645 1646 1583
1605 3 2 1 1 1583 1646 1647 1584
1606 3 2 1 1 1584 1647 1648 1585
1607 3 2 1 1 1585 1648 1649 1586
1608 3 2 1 1 1586 1649 1650 1587
1609 3 2 1 1 1587 1650 1651 1588
1610 3 2 1 1 1588 1651 1652 1589
1611 3 2 1 1 1589 1652 1653 1590
1612 3 2 1 1 1590 1653 1654 1591
1613 3 2 1 1 1591 1654 1655 1592
1614 3 2 1 1 1592 1655 1656 1593
1615 3 2 1 1 1593 1656 1657 1594
1616 3 2 1 1 1594 1657 1658 1595
1617 3 2 1 1 1595 1658 1659 1596
1618 3 2 1 1 1596 1659 1660 1597
1619 3 2 1 1 1597 1660 1661 1598
1620 3 2 1 1 1598 1661 1662 1599
1621 3 2 1 1 1599 1662 1663 1600
1622 3 2 1 1 1600 1663 1664 1601
1623 3 2 1 1 1601 1664 1665 1602
1624 3 2 1 1 1602 1665 1666 1603
1625 3 2 1 1 1603 1666 1667 1604
1626 3 2 1 1 1604 1667 1668 1605
1627 3 2 1 1 1605 1668 1669 1606
1628 3 2 1 1 1606 1669 1670 1607
1629 3 2 1 1 1607 1670 1671 1608
1630 3 2 1 1 1608 1671 1672 1609
1631 3 2 1 1 1609 1672 1673 1610
1632 3 2 1 1 1610 1673 1674 1611
1633 3 2 1 1 1611 1674 1675 1612
1634 3 2 1 1 1612 1675 1676 1613
1635 3 2 1 1 1613 1676 1677 1614
1636 3 2 1 1 1614 1677 1678 1615
1637 3 2 1 1 1615 1678 1679 1616
1638 3 2 1 1 1616 1679 1680 1617
1639 3 2 1 1 1617 1680 1681 1618
1640 3 2 1 1 1618 1681 1682 1619
1641 3 2 1 1 1619 1682 1683 1620
1642 3 2 1 1 1620 1683 1684 1621
1643 3 2 1 1 1621 1684 1685 1622
1644 3 2 1 1 1622 1685 1686 1623
1645 3 2 1 1 1623 1686 1687 1624
1646 3 2 1 1 1624 1687 1688 1625
1647 3 2 1 1 1625 1688 1689 1626
1648 3 2 1 1 1626 1689 1690 1627
1649 3 2 1 1 1627 1690 1691 1628
1650 3 2 1 1 1628 1691 1692 1629
1651 3 2 1 1 1629 1692 1693 1630
1652 3 2 1 1 1630 1693 1694 1631
1653 3 2 1 1 1631 1694 1695 1632
1654 3 2 1 1 1632 1695 1696 1633
1655 3 2 1 1 1633 1696 1697 1634
1656 3 2 1 1 1634 1697 1698 1635
1657 3 2 1 1 1635 1698 1699 1636
1658 3 2 1 1 1636 1699 1700 1637
1659 3 2 1 1 1637 1700 1701 1638
1660 3 2 1 1 1638 1701 1702 1639
1661 3 2 1 1 1639 1702 1703 1640
1662 3 2 1 1 1640 1703 1704 1641
1663 3 2 1 1 1641 1704 1705 1642
1664 3 2 1 1 1642 1705 171 172
1665 3 2 1 1 27 28 1706 1643
1666 3 2 1 1 1643 1706 1707 1644
1667 3 2 1 1 1644 1707 1708 1645
1668 3 2 1 1 1645 1708 1709 1646
1669 3 2 1 1 1646 1709 1710 1647
1670 3 2 1 1 1647 1710 1711 1648
1671 3 2 1 1 1648 1711 1712 1649
1672 3 2 1 1 1649 1712 1713 1650
1673 3 2 1 1 1650 1713 1714 1651
1674 3 2 1 1 1651 1714 1715 1652
1675 3 2 1 1 1652 1715 1716 1653
1676 3 2 1 1 1653 1716 1717 1654
1677 3 2 1 1 1654 1717 1718 1655
1678 3 2 1 1 1655 1718 1719 1656
1679 3 2 1 1 1656 1719 1720 1657
1680 3 2 1 1 1657 1720 1721 1658
1681 3 2 1 1 1658 1721 1722 1659
1682 3 2 1 1 1659 1722 1723 1660
1683 3 2 1 1 1660 1723 1724 1661
1684 3 2 1 1 1661 1724 1725 1662
1685 3 2 1 1 1662 1725 1726 1663
1686 3 2 1 1 1663 1726 1727 1664
1687 3 2 1 1 1664 1727 1728 1665
1688 3 2 1 1 1665 1728 1729 1666
1689 3 2 1 1 1666 1729 1730 1667
1690 3 2 1 1 1667 1730 1731 1668
1691 3 2 1 1 1668 1731 1732 1669
1692 3 2 1 1 1669 1732 1733 1670
1693 3 2 1 1 1670 1733 1734 1671
1694 3 2 1 1 1671 1734 1735 1672
1695 3 2 1 1 1672 1735 1736 1673
1696 3 2 1 1 1673 1736 1737 1674
1697 3 2 1 1 1674 1737 1738 1675
1698 3 2 1 1 1675 1738 1739 1676
1699 3 2 1 1 1676 1739 1740 1677
1700 3 2 1 1 1677 1740 1741 1678
1701 3 2 1 1 1678 1741 1742 1679
1702 3 2 1 1 1679 1742 1743 1680
1703 3 2 1 1 1680 1743 1744 1681
1704 3 2 1 1 1681 1744 1745 1682
1705 3 2 1 1 1682 1745 1746 1683
1706 3 2 1 1 1683 1746 1747 1684
1707 3 2 1 1 1684 1747 1748 1685
1708 3 2 1 1 1685 1748 1749 1686
1709 3 2 1 1 1686 1749 1750 1687
1710 3 2 1 1 1687 1750 1751 1688
1711 3 2 1 1 1688 1751 1752 1689
1712 3 2 1 1 1689 1752 1753 1690
1713 3 2 1 1 1690 1753 1754 1691
1714 3 2 1 1 1691 1754 1755 1692
1715 3 2 1 1 1692 1755 1756 1693
1716 3 2 1 1 1693 1756 1757 1694
1717 3 2 1 1 1694 1757 1758 1695
1718 3 2 1 1 1695 1758 1759 1696
1719 3 2 1 1 1696 1759 1760 1697
1720 3 2 1 1 1697 1760 1761 1698
1721 3 2 1 1 1698 1761 1762 1699
1722 3 2 1 1 1699 1762 1763 1700
1723 3 2 1 1 1700 1763 1764 1701
1724 3 2 1 1 1701 1764 1765 1702
1725 3 2 1 1 1702 1765 1766 1703
1726 3 2 1 1 1703 1766 1767 1704
1727 3 2 1 1 1704 1767 1768 1705
1728 3 2 1 1 1705 1768 170 171
1729 3 2 1 1 28 29 1769 1706
1730 3 2 1 1 1706 1769 1770 1707
1731 3 2 1 1 1707 1770 1771 1708
1732 3 2 1 1 1708 1771 1772 1709
1733 3 2 1 1 1709 1772 1773 1710
1734 3 2 1 1 1710 1773 1774 1711
1735 3 2 1 1 1711 1774 1775 1712
1736 3 2 1 1 1712 1775 1776 1713
1737 3 2 1 1 1713 1776 1777 1714
1738 3 2 1 1 1714 1777 1778 1715
1739 3 2 1 1 1715 1778 1779 1716
1740 3 2 1 1 1716 1779 1780 1717
1741 3 2 1 1 1717 1780 1781 1718
1742 3 2 1 1 1718 1781 1782 1719
1743 3 2 1 1 1719 1782 1783 1720
1744 3 2 1 1 1720 1783 1784 1721
1745 3 2 1 1 1721 1784 1785 1722
1746 3 2 1 1 1722 1785 1786 1723
1747 3 2 1 1 1723 1786 1787 1724
1748 3 2 1 1 1724 1787 1788 1725
1749 3 2 1 1 1725 1788 1789 1726
1750 3 2 1 1 1726 1789 1790 1727
1751 3 2 1 1 1727 1790 1791 1728
1752 3 2 1 1 1728 1791 1792 1729
1753 3 2 1 1 1729 1792 1793 1730
1754 3 2 1 1 1730 1793 1794 1731
1755 3 2 1 1 1731 1794 1795 1732
1756 3 2 1 1 1732 1795 1796 1733
1757 3 2 1 1 1733 1796 1797 1734
1758 3 2 1 1 1734 1797 1798 1735
1759 3 2 1 1 1735 1798 1799 1736
1760 3 2 1 1 1736 1799 1800 1737
1761 3 2 1 1 1737 1800 1801 1738
1762 3 2 1 1 1738 1801 1802 1739
1763 3 2 1 1 1739 1802 1803 1740
1764 3 2 1 1 1740 1803 1804 1741
1765 3 2 1 1 1741 1804 1805 1742
1766 3 2 1 1 1742 1805 1806 1743
1767 3 2 1 1 1743 1806 1807 1744
1768 3 2 1 1 1744 1807 1808 1745
1769 3 2 1 1 1745 1808 1809 1746
1770 3 2 1 1 1746 1809 1810 1747
1771 3 2 1 1 1747 1810 1811 1748
1772 3 2 1 1 1748 1811 1812 1749
1773 3 2 1 1 1749 1812 1813 1750
1774 3 2 1 1 1750 1813 1814 1751
1775 3 2 1 1 1751 1814 1815 1752
1776 3 2 1 1 1752 1815 1816 1753
1777 3 2 1 1 1753 1816 1817 1754
1778 3 2 1 1 1754 1817 1818 1755
1779 3 2 1 1 1755 1818 1819 1756
1780 3 2 1 1 1756 1819 1820 1757
1781 3 2 1 1 1757 1820 1821 1758
1782 3 2 1 1 1758 1821 1822 1759
1783 3 2 1 1 1759 1822 1823 1760
1784 3 2 1 1 1760 1823 1824 1761
1785 3 2 1 1 1761 1824 1825 1762
1786 3 2 1 1 1762 1825 1826 1763
1787 3 2 1 1 1763 1826 1827 1764
1788 3 2 1 1 1764 1827 1828 1765
1789 3 2 1 1 1765 1828 1829 1766
1790 3 2 1 1 1766 1829 1830 1767
1791 3 2 1 1 1767 1830 1831 1768
1792 3 2 1 1 1768 1831 169 170
1793 3 2 1 1 29 30 1832 1769
1794 3 2 1 1 1769 1832 1833 1770
1795 3 2 1 1 1770 1833 1834 1771
1796 3 2 1 1 1771 1834 1835 1772
1797 3 2 1 1 1772 1835 1836 1773
1798 3 2 1 1 1773 1836 1837 1774
1799 3 2 1 1 1774 1837 1838 1775
1800 3 2 1 1 1775 1838 1839 1776
1801 3 2 1 1 1776 1839 1840 1777
1802 3 2 1 1 1777 1840 1841 1778
1803 3 2 1 1 1778 1841 1842 1779
1804 3 2 1 1 1779 1842 1843 1780
1805 3 2 1 1 1780 1843 1844 1781
1806 3 2 1 1 1781 1844 1845 1782
1807 3 2 1 1 1782 1845 1846 1783
1808 3 2 1 1 1783 1846 1847 1784
1809 3 2 1 1 1784 1847 1848 1785
1810 3 2 1 1 1785 1848 1849 1786
1811 3 2 1 1 1786 1849 1850 1787
1812 3 2 1 1 1787 1850 1851 1788
1813 3 2 1 1 1788 1851 1852 1789
1814 3 2 1 1 1789 1852 1853 1790
1815 3 2 1 1 1790 1853 1854 1791
1816 3 2 1 1 1791 1854 1855 1792
1817 3 2 1 1 1792 1855 1856 1793
1818 3 2 1 1 1793 1856 1857 1794
1819 3 2 1 1 1794 1857 1858 1795
1820 3 2 1 1 1795 1858 1859 1796
1821 3 2 1 1 1796 1859 1860 1797
1822 3 2 1 1 1797 1860 1861 1798
1823 3 2 1 1 1798 1861 1862 1799
1824 3 2 1 1 1799 1862 1863 1800
1825 3 2 1 1 1800 1863 1864 1801
1826 3 2 1 1 1801 1864 1865 1802
1827 3 2 1 1 1802 1865 1866 1803
1828 3 2 1 1 1803 1866 1867 1804
1829 3 2 1 1 1804 1867 1868 1805
1830 3 2 1 1 1805 1868 1869 1806
1831 3 2 1 1 1806 1869 1870 1807
1832 3 2 1 1 1807 1870 1871 1808
1833 3 2 1 1 1808 1871 1872 1809
1834 3 2 1 1 1809 1872 1873 1810
1835 3 2 1 1 1810 1873 1874 1811
1836 3 2 1 1 1811 1874 1875 1812
1837 3 2 1 1 1812 1875 1876 1813
1838 3 2 1 1 1813 1876 1877 1814
1839 3 2 1 1 1814 1877 1878 1815
1840 3 2 1 1 1815 1878 1879 1816
1841 3 2 1 1 1816 1879 1880 1817
1842 3 2 1 1 1817 1880 1881 1818
1843 3 2 1 1 1818 1881 1882 1819
1844 3 2 1 1 1819 1882 1883 1820
1845 3 2 1 1 1820 1883 1884 1821
1846 3 2 1 1 1821 1884 1885 1822
1847 3 2 1 1 1822 1885 1886 1823
1848 3 2 1 1 1823 1886 1887 1824
1849 3 2 1 1 1824 1887 1888 1825
1850 3 2 1 1 1825 1888 1889 1826
1851 3 2 1 1 1826 1889 1890 1827
1852 3 2 1 1 1827 1890 1891 1828
1853 3 2 1 1 1828 1891 1892 1829
1854 3 2 1 1 1829 1892 1893 1830
1855 3 2 1 1 1830 1893 1894 1831
1856 3 2 1 1 1831 1894 168 169
1857 3 2 1 1 30 31 1895 1832
1858 3 2 1 1 1832 1895 1896 1833
1859 3 2 1 1 1833 1896 1897 1834
1860 3 2 1 1 1834 1897 1898 1835
1861 3 2 1 1 1835 1898 1899 1836
1862 3 2 1 1 1836 1899 1900 1837
1863 3 2 1 1 1837 1900 1901 1838
1864 3 2 1 1 1838 1901 1902 1839
1865 3 2 1 1 1839 1902 1903 1840
1866 3 2 1 1 1840 1903 1904 1841
1867 3 2 1 1 1841 1904 1905 1842
1868 3 2 1 1 1842 1905 1906 1843
1869 3 2 1 1 1843 1906 1907 1844
1870 3 2 1 1 1844 1907 1908 1845
1871 3 2 1 1 1845 1908 1909 1846
1872 3 2 1 1 1846 1909 1910 1847
1873 3 2 1 1 1847 1910 1911 1848
1874 3 2 1 1 1848 1911 1912 1849
1875 3 2 1 1 1849 1912 1913 1850
1876 3 2 1 1 1850 1913 1914 1851
1877 3 2 1 1 1851 1914 1915 1852
1878 3 2 1 1 1852 1915 1916 1853
1879 3 2 1 1 1853 1916 1917 1854
1880 3 2 1 1 1854 1917 1918 1855
1881 3 2 1 1 1855 1918 1919 1856
1882 3 2 1 1 1856 1919 1920 1857
1883 3 2 1 1 1857 1920 1921 1858
1884 3 2 1 1 1858 1921 1922 1859
1885 3 2 1 1 1859 1922 1923 1860
1886 3 2 1 1 1860 1923 1924 1861
1887 3 2 1 1 1861 1924 1925 1862
1888 3 2 1 1 1862 1925 1926 1863
1889 3 2 1 1 1863 1926 1927 1864
1890 3 2 1 1 1864 1927 1928 1865
1891 3 2 1 1 1865 1928 1929 1866
1892 3 2 1 1 1866 1929 1930 1867
1893 3 2 1 1 1867 1930 1931 1868
1894 3 2 1 1 1868 1931 1932 1869
1895 3 2 1 1 1869 1932 1933 1870
1896 3 2 1 1 1870 1933 1934 1871
1897 3 2 1 1 1871 1934 1935 1872
1898 3 2 1 1 1872 1935 1936 1873
1899 3 2 1 1 1873 1936 1937 1874
1900 3 2 1 1 1874 1937 1938 1875
1901 3 2 1 1 1875 1938 1939 1876
1902 3 2 1 1 1876 1939 1940 1877
1903 3 2 1 1 1877 1940 1941 1878
1904 3 2 1 1 1878 1941 1942 1879
1905 3 2 1 1 1879 1942 1943 1880
1906 3 2 1 1 1880 1943 1944 1881
1907 3 2 1 1 1881 1944 1945 1882
1908 3 2 1 1 1882 1945 1946 1883
1909 3 2 1 1 1883 1946 1947 1884
1910 3 2 1 1 1884 1947 1948 1885
1911 3 2 1 1 1885 1948 1949 1886
1912 3 2 1 1 1886 1949 1950 1887
1913 3 2 1 1 1887 1950 1951 1888
1914 3 2 1 1 1888 1951 1952 1889
1915 3 2 1 1 1889 1952 1953 1890
1916 3 2 1 1 1890 1953 1954 1891
1917 3 2 1 1 1891 1954 1955 1892
1918 3 2 1 1 1892 1955 1956 1893
1919 3 2 1 1 1893 1956 1957 1894
1920 3 2 1 1 1894 1957 167 168
1921 3 2 1 1 31 32 1958 1895
1922 3 2 1 1 1895 1958 1959 1896
1923 3 2 1 1 1896 1959 1960 1897
1924 3 2 1 1 1897 1960 1961 1898
1925 3 2 1 1 1898 1961 1962 1899
1926 3 2 1 1 1899 1962 1963 1900
1927 3 2 1 1 1900 1963 1964 1901
1928 3 2 1 1 1901 1964 1965 1902
1929 3 2 1 1 1902 1965 1966 1903
1930 3 2 1 1 1903 1966 1967 1904
1931 3 2 1 1 1904 1967 1968 1905
1932 3 2 1 1 1905 1968 1969 1906
1933 3 2 1 1 1906 1969 1970 1907
1934 3 2 1 1 1907 1970 1971 1908
1935 3 2 1 1 1908 1971 1972 1909
1936 3 2 1 1 1909 1972 1973 1910
1937 3 2 1 1 1910 1973 1974 1911
1938 3 2 1 1 1911 1974 1975 1912
1939 3 2 1 1 1912 1975 1976 1913
1940 3 2 1 1 1913 1976 1977 1914
1941 3 2 1 1 1914 1977 1978 1915
1942 3 2 1 1 1915 1978 1979 1916
1943 3 2 1 1 1916 1979 1980 1917
1944 3 2 1 1 1917 1980 1981 1918
1945 3 2 1 1 1918 1981 1982 1919
1946 3 2 1 1 1919 1982 1983 1920
1947 3 2 1 1 1920 1983 1984 1921
1948 3 2 1 1 1921 1984 1985 1922
1949 3 2 1 1 1922 1985 1986 1923
1950 3 2 1 1 1923 1986 1987 1924
1951 3 2 1 1 1924 1987 1988 1925
1952 3 2 1 1 1925 1988 1989 1926
1953 3 2 1 1 1926 1989 1990 1927
1954 3 2 1 1 1927 1990 1991 1928
1955 3 2 1 1 1928 1991 1992 1929
1956 3 2 1 1 1929 1992 1993 1930
1957 3 2 1 1 1930 1993 1994 1931
1958 3 2 1 1 1931 1994 1995 1932
1959 3 2 1 1 1932 1995 1996 1933
1960 3 2 1 1 1933 1996 1997 1934
1961 3 2 1 1 1934 1997 1998 1935
1962 3 2 1 1 1935 1998 1999 1936
1963 3 2 1 1 1936 1999 2000 1937
1964 3 2 1 1 1937 2000 2001 1938
1965 3 2 1 1 1938 2001 2002 1939
1966 3 2 1 1 1939 2002 2003 1940
1967 3 2 1 1 1940 2003 2004 1941
1968 3 2 1 1 1941 2004 2005 1942
1969 3 2 1 1 1942 2005 2006 1943
1970 3 2 1 1 1943 2006 2007 1944
1971 3 2 1 1 1944 2007 2008 1945
1972 3 2 1 1 1945 2008 2009 1946
1973 3 2 1 1 1946 2009 2010 1947
1974 3 2 1 1 1947 2010 2011 1948
1975 3 2 1 1 1948 2011 2012 1949
1976 3 2 1 1 1949 2012 2013 1950
1977 3 2 1 1 1950 2013 2014 1951
1978 3 2 1 1 1951 2014 2015 1952
1979 3 2 1 1 1952 2015 2016 1953
1980 3 2 1 1 1953 2016 2017 1954
1981 3 2 1 1 1954 2017 2018 1955
1982 3 2 1 1 1955 2018 2019 1956
1983 3 2 1 1 1956 2019 2020 1957
1984 3 2 1 1 1957 2020 166 167
1985 3 2 1 1 32 33 2021 1958
1986 3 2 1 1 1958 2021 2022 1959
1987 3 2 1 1 1959 2022 2023 1960
1988 3 2 1 1 1960 2023 2024 1961
1989 3 2 1 1 1961 2024 2025 1962
1990 3 2 1 1 1962 2025 2026 1963
1991 3 2 1 1 1963 2026 2027 1964
1992 3 2 1 1 1964 2027 2028 1965
1993 3 2 1 1 1965 2028 2029 1966
1994 3 2 1 1 1966 2029 2030 1967
1995 3 2 1 1 1967 2030 2031 1968
1996 3 2 1 1 1968 2031 2032 1969
1997 3 2 1 1 1969 2032 2033 1970
1998 3 2 1 1 1970 2033 2034 1971
1999 3 2 1 1 1971 2034 2035 1972
2000 3 2 1 1 1972 2035 2036 1973
2001 3 2 1 1 1973 2036 2037 1974
2002 3 2 1 1 1974 2037 2038 1975
2003 3 2 1 1 1975 2038 2039 1976
2004 3 2 1 1 1976 2039 2040 1977
2005 3 2 1 1 1977 2040 2041 1978
2006 3 2 1 1 1978 2041 2042 1979
2007 3 2 1 1 1979 2042 2043 1980
2008 3 2 1 1 1980 2043 2044 1981
2009 3 2 1 1 1981 2044 2045 1982
2010 3 2 1 1 1982 2045 2046 1983
2011 3 2 1 1 1983 2046 2047 1984
2012 3 2 1 1 1984 2047 2048 1985
2013 3 2 1 1 1985 2048 2049 1986
2014 3 2 1 1 1986 2049 2050 1987
2015 3 2 1 1 1987 2050 2051 1988
2016 3 2 1 1 1988 2051 2052 1989
2017 3 2 1 1 1989 2052 2053 1990
2018 3 2 1 1 1990 2053 2054 1991
2019 3 2 1 1 1991 2054 2055 1992
2020 3 2 1 1 1992 2055 2056 1993
2021 3 2 1 1 1993 2056 2057 1994
2022 3 2 1 1 1994 2057 2058 1995
2023 3 2 1 1 1995 2058 2059 1996
2024 3 2 1 1 1996 2059 2060 1997
2025 3 2 1 1 1997 2060 2061 1998
2026 3 2 1 1 1998 2061 2062 1999
2027 3 2 1 1 1999 2062 2063 2000
2028 3 2 1 1 2000 2063 2064 2001
2029 3 2 1 1 2001 2064 2065 2002
2030 3 2 1 1 2002 2065 2066 2003
2031 3 2 1 1 2003 2066 2067 2004
2032 3 2 1 1 2004 2067 2068 2005
2033 3 2 1 1 2005 2068 2069 2006
2034 3 2 1 1 2006 2069 2070 2007
2035 3 2 1 1 2007 2070 2071 2008
2036 3 2 1 1 2008 2071 2072 2009
2037 3 2 1 1 2009 2072 2073 2010
2038 3 2 1 1 2010 2073 2074 2011
2039 3 2 1 1 2011 2074 2075 2012
2040 3 2 1 1 2012 2075 2076 2013
2041 3 2 1 1 2013 2076 2077 2014
2042 3 2 1 1 2014 2077 2078 2015
2043 3 2 1 1 2015 2078 2079 2016
2044 3 2 1 1 2016 2079 2080 2017
2045 3 2 1 1 2017 2080 2081 2018
2046 3 2 1 1 2018 2081 2082 2019
2047 3 2 1 1 2019 2082 2083 2020
2048 3 2 1 1 2020 2083 165 166
2049 3 2 1 1 33 34 2084 2021
2050 3 2 1 1 2021 2084 2085 2022
2051 3 2 1 1 2022 2085 2086 2023
2052 3 2 1 1 2023 2086 2087 2024
2053 3 2 1 1 2024 2087 2088 2025
2054 3 2 1 1 2025 2088 2089 2026
2055 3 2 1 1 2026 2089 2090 2027
2056 3 2 1 1 2027 2090 2091 2028
2057 3 2 1 1 2028 2091 2092 2029
2058 3 2 1 1 2029 2092 2093 2030
2059 3 2 1 1 2030 2093 2094 2031
2060 3 2 1 1 2031 2094 2095 2032
2061 3 2 1 1 2032 2095 2096 2033
2062 3 2 1 1 2033 2096 2097 2034
2063 3 2 1 1 2034 2097 2098 2035
2064 3 2 1 1 2035 2098 2099 2036
2065 3 2 1 1 2036 2099 2100 2037
2066 3 2 1 1 2037 2100 2101 2038
2067 3 2 1 1 2038 2101 2102 2039
2068 3 2 1 1 2039 2102 2103 2040
2069 3 2 1 1 2040 2103 2104 2041
2070 3 2 1 1 2041 2104 2105 2042
2071 3 2 1 1 2042 2105 2106 2043
2072 3 2 1 1 2043 2106 2107 2044
2073 3 2 1 1 2044 2107 2108 2045
2074 3 2 1 1 2045 2108 2109 2046
2075 3 2 1 1 2046 2109 2110 2047
2076 3 2 1 1 2047 2110 2111 2048
2077 3 2 1 1 2048 2111 2112 2049
2078 3 2 1 1 2049 2112 2113 2050
2079 3 2 1 1 2050 2113 2114 2051
2080 3 2 1 1 2051 2114 2115 2052
2081 3 2 1 1 2052 2115 2116 2053
2082 3 2 1 1 2053 2116 2117 2054
2083 3 2 1 1 2054 2117 2118 2055
2084 3 2 1 1 2055 2118 2119 2056
2085 3 2 1 1 2056 2119 2120 2057
2086 3 2 1 1 2057 2120 2121 2058
2087 3 2 1 1 2058 2121 2122 2059
2088 3 2 1 1 2059 2122 2123 2060
2089 3 2 1 1 2060 2123 2124 2061
2090 3 2 1 1 2061 2124 2125 2062
2091 3 2 1 1 2062 2125 2126 2063
2092 3 2 1 1 2063 2126 2127 2064
2093 3 2 1 1 2064 2127 2128 2065
2094 3 2 1 1 2065 2128 2129 2066
2095 3 2 1 1 2066 2129 2130 2067
2096 3 2 1 1 2067 2130 2131 2068
2097 3 2 1 1 2068 2131 2132 2069
2098 3 2 1 1 2069 2132 2133 2070
2099 3 2 1 1 2070 2133 2134 2071
2100 3 2 1 1 2071 2134 2135 2072
2101 3 2 1 1 2072 2135 2136 2073
2102 3 2 1 1 2073 2136 2137 2074
2103 3 2 1 1 2074 2137 2138 2075
2104 3 2 1 1 2075 2138 2139 2076
2105 3 2 1 1 2076 2139 2140 2077
2106 3 2 1 1 2077 2140 2141 2078
2107 3 2 1 1 2078 2141 2142 2079
2108 3 2 1 1 2079 2142 2143 2080
2109 3 2 1 1 2080 2143 2144 2081
2110 3 2 1 1 2081 2144 2145 2082
2111 3 2 1 1 2082 2145 2146 2083
2112 3 2 1 1 2083 2146 164 165
2113 3 2 1 1 34 35 2147 2084
2114 3 2 1 1 2084 2147 2148 2085
2115 3 2 1 1 2085 2148 2149 2086
2116 3 2 1 1 2086 2149 2150 2087
2117 3 2 1 1 2087 2150 2151 2088
2118 3 2 1 1 2088 2151 2152 2089
2119 3 2 1 1 2089 2152 2153 2090
2120 3 2 1 1 2090 2153 2154 2091
2121 3 2 1 1 2091 2154 2155 2092
2122 3 2 1 1 2092 2155 2156 2093
2123 3 2 1 1 2093 2156 2157 2094
2124 3 2 1 1 2094 2157 2158 2095
2125 3 2 1 1 2095 2158 2159 2096
2126 3 2 1 1 2096 2159 2160 2097
2127 3 2 1 1 2097 2160 2161 2098
2128 3 2 1 1 2098 2161 2162 2099
2129 3 2 1 1 2099 2162 2163 2100
2130 3 2 1 1 2100 2163 2164 2101
2131 3 2 1 1 2101 2164 2165 2102
2132 3 2 1 1 2102 2165 2166 2103
2133 3 2 1 1 2103 2166 2167 2104
2134 3 2 1 1 2104 2167 2168 2105
2135 3 2 1 1 2105 2168 2169 2106
2136 3 2 1 1 2106 2169 2170 2107
2137 3 2 1 1 2107 2170 2171 2108
2138 3 2 1 1 2108 2171 2172 2109
2139 3 2 1 1 2109 2172 2173 2110
2140 3 2 1 1 2110 2173 2174 2111
2141 3 2 1 1 2111 2174 2175 2112
2142 3 2 1 1 2112 2175 2176 2113
2143 3 2 1 1 2113 2176 2177 2114
2144 3 2 1 1 2114 2177 2178 2115
2145 3 2 1 1 2115 2178 2179 2116
2146 3 2 1 1 2116 2179 2180 2117
2147 3 2 1 1 2117 2180 2181 2118
2148 3 2 1 1 2118 2181 2182 2119
2149 3 2 1 1 2119 2182 2183 2120
2150 3 2 1 1 2120 2183 2184 2121
2151 3 2 1 1 2121 2184 2185 2122
2152 3 2 1 1 2122 2185 2186 2123
2153 3 2 1 1 2123 2186 2187 2124
2154 3 2 1 1 2124 2187 2188 2125
2155 3 2 1 1 2125 2188 2189 2126
2156 3 2 1 1 2126 2189 2190 2127
2157 3 2 1 1 2127 2190 2191 2128
2158 3 2 1 1 2128 2191 2192 2129
2159 3 2 1 1 2129 2192 2193 2130
2160 3 2 1 1 2130 2193 2194 2131
2161 3 2 1 1 2131 2194 2195 2132
2162 3 2 1 1 2132 2195 2196 2133
2163 3 2 1 1 2133 2196 2197 2134
2164 3 2 1 1 2134 2197 2198 2135
2165 3 2 1 1 2135 2198 2199 2136
2166 3 2 1 1 2136 2199 2200 2137
2167 3 2 1 1 2137 2200 2201 2138
2168 3 2 1 1 2138 2201 2202 2139
2169 3 2 1 1 2139 2202 2203 2140
2170 3 2 1 1 2140 2203 2204 2141
2171 3 2 1 1 2141 2204 2205 2142
2172 3 2 1 1 2142 2205 2206 2143
2173 3 2 1 1 2143 2206 2207 2144
2174 3 2 1 1 2144 2207 2208 2145
2175 3 2 1 1 2145 2208 2209 2146
2176 3 2 1 1 2146 2209 163 164
2177 3 2 1 1 35 36 2210 2147
2178 3 2 1 1 2147 2210 2211 2148
2179 3 2 1 1 2148 2211 2212 2149
2180 3 2 1 1 2149 2212 2213 2150
2181 3 2 1 1 2150 2213 2214 2151
2182 3 2 1 1 2151 2214 2215 2152
2183 3 2 1 1 2152 2215 2216 2153
2184 3 2 1 1 2153 2216 2217 2154
2185 3 2 1 1 2154 2217 2218 2155
2186 3 2 1 1 2155 2218 2219 2156
2187 3 2 1 1 2156 2219 2220 2157
2188 3 2 1 1 2157 2220 2221 2158
2189 3 2 1 1 2158 2221 2222 2159
2190 3 2 1 1 2159 2222 2223 2160
2191 3 2 1 1 2160 2223 2224 2161
2192 3 2 1 1 2161 2224 2225 2162
2193 3 2 1 1 2162 2225 2226 2163
2194 3 2 1 1 2163 2226 2227 2164
2195 3 2 1 1 2164 2227 2228 2165
2196 3 2 1 1 2165 2228 2229 2166
2197 3 2 1 1 2166 2229 2230 2167
2198 3 2 1 1 2167 2230 2231 2168
2199 3 2 1 1 2168 2231 2232 2169
2200 3 2 1 1 2169 2232 2233 2170
2201 3 2 1 1 2170 2233 2234 2171
2202 3 2 1 1 2171 2234 2235 2172
2203 3 2 1 1 2172 2235 2236 2173
2204 3 2 1 1 2173 2236 2237 2174
2205 3 2 1 1 2174 2237 2238 2175
2206 3 2 1 1 2175 2238 2239 2176
2207 3 2 1 1 2176 2239 2240 2177
2208 3 2 1 1 2177 2240 2241 2178
2209 3 2 1 1 2178 2241 2242 2179
2210 3 2 1 1 2179 2242 2243 2180
2211 3 2 1 1 2180 2243 2244 2181
2212 3 2 1 1 2181 2244 2245 2182
2213 3 2 1 1 2182 2245 2246 2183
2214 3 2 1 1 2183 2246 2247 2184
2215 3 2 1 1 2184 2247 2248 2185
2216 3 2 1 1 2185 2248 2249 2186
2217 3 2 1 1 2186 2249 2250 2187
2218 3 2 1 1 2187 2250 2251 2188
2219 3 2 1 1 2188 2251 2252 2189
2220 3 2 1 1 2189 2252 2253 2190
2221 3 2 1 1 2190 2253 2254 2191
2222 3 2 1 1 2191 2254 2255 2192
2223 3 2 1 1 2192 2255 2256 2193
2224 3 2 1 1 2193 2256 2257 2194
2225 3 2 1 1 2194 2257 2258 2195
2226 3 2 1 1 2195 2258 2259 2196
2227 3 2 1 1 2196 2259 2260 2197
2228 3 2 1 1 2197 2260 2261 2198
2229 3 2 1 1 2198 2261 2262 2199
2230 3 2 1 1 2199 2262 2263 2200
2231 3 2 1 1 2200 2263 2264 2201
2232 3 2 1 1 2201 2264 2265 2202
2233 3 2 1 1 2202 2265 2266 2203
2234 3 2 1 1 2203 2266 2267 2204
2235 3 2 1 1 2204 2267 2268 2205
2236 3 2 1 1 2205 2268 2269 2206
2237 3 2 1 1 2206 2269 2270 2207
2238 3 2 1 1 2207 2270 2271 2208
2239 3 2 1 1 2208 2271 2272 2209
2240 3 2 1 1 2209 2272 162 163
2241 3 2 1 1 36 37 2273 2210
2242 3 2 1 1 2210 2273 2274 2211
2243 3 2 1 1 2211 2274 2275 2212
2244 3 2 1 1 2212 2275 2276 2213
2245 3 2 1 1 2213 2276 2277 2214
2246 3 2 1 1 2214 2277 2278 2215
2247 3 2 1 1 2215 2278 2279 2216
2248 3 2 1 1 2216 2279 2280 2217
2249 3 2 1 1 2217 2280 2281 2218
2250 3 2 1 1 2218 2281 2282 2219
2251 3 2 1 1 2219 2282 2283 2220
2252 3 2 1 1 2220 2283 2284 2221
2253 3 2 1 1 2221 2284 2285 2222
2254 3 2 1 1 2222 2285 2286 2223
2255 3 2 1 1 2223 2286 2287 2224
2256 3 2 1 1 2224 2287 2288 2225
2257 3 2 1 1 2225 2288 2289 2226
2258 3 2 1 1 2226 2289 2290 2227
2259 3 2 1 1 2227 2290 2291 2228
2260 3 2 1 1 2228 2291 2292 2229
2261 3 2 1 1 2229 2292 2293 2230
2262 3 2 1 1 2230 2293 2294 2231
2263 3 2 1 1 2231 2294 2295 2232
2264 3 2 1 1 2232 2295 2296 2233
2265 3 2 1 1 2233 2296 2297 2234
2266 3 2 1 1 2234 2297 2298 2235
2267 3 2 1 1 2235 2298 2299 2236
2268 3 2 1 1 2236 2299 2300 2237
2269 3 2 1 1 2237 2300 2301 2238
2270 3 2 1 1 2238 2301 2302 2239
2271 3 2 1 1 2239 2302 2303 2240
2272 3 2 1 1 2240 2303 2304 2241
2273 3 2 1 1 2241 2304 2305 2242
2274 3 2 1 1 2242 2305 2306 2243
2275 3 2 1 1 2243 2306 2307 2244
2276 3 2 1 1 2244 2307 2308 2245
2277 3 2 1 1 2245 2308 2309 2246
2278 3 2 1 1 2246 2309 2310 2247
2279 3 2 1 1 2247 2310 2311 2248
2280 3 2 1 1 2248 2311 2312 2249
2281 3 2 1 1 2249 2312 2313 2250
2282 3 2 1 1 2250 2313 2314 2251
2283 3 2 1 1 2251 2314 2315 2252
2284 3 2 1 1 2252 2315 2316 2253
2285 3 2 1 1 2253 2316 2317 2254
2286 3 2 1 1 2254 2317 2318 2255
2287 3 2 1 1 2255 2318 2319 2256
2288 3 2 1 1 2256 2319 2320 2257
2289 3 2 1 1 2257 2320 2321 2258
2290 3 2 1 1 2258 2321 2322 2259
2291 3 2 1 1 2259 2322 2323 2260
2292 3 2 1 1 2260 2323 2324 2261
2293 3 2 1 1 2261 2324 2325 2262
2294 3 2 1 1 2262 2325 2326 2263
2295 3 2 1 1 2263 2326 2327 2264
2296 3 2 1 1 2264 2327 2328 2265
2297 3 2 1 1 2265 2328 2329 2266
2298 3 2 1 1 2266 2329 2330 2267
2299 3 2 1 1 2267 2330 2331 2268
2300 3 2 1 1 2268 2331 2332 2269
2301 3 2 1 1 2269 2332 2333 2270
2302 3 2 1 1 2270 2333 2334 2271
2303 3 2 1 1 2271 2334 2335 2272
2304 3 2 1 1 2272 2335 161 162
2305 3 2 1 1 37 38 2336 2273
2306 3 2 1 1 2273 2336 2337 2274
2307 3 2 1 1 2274 2337 2338 2275
2308 3 2 1 1 2275 2338 2339 2276
2309 3 2 1 1 2276 2339 2340 2277
2310 3 2 1 1 2277 2340 2341 2278
2311 3 2 1 1 2278 2341 2342 2279
2312 3 2 1 1 2279 2342 2343 2280
2313 3 2 1 1 2280 2343 2344 2281
2314 3 2 1 1 2281 2344 2345 2282
2315 3 2 1 1 2282 2345 2346 2283
2316 3 2 1 1 2283 2346 2347 2284
2317 3 2 1 1 2284 2347 2348 2285
2318 3 2 1 1 2285 2348 2349 2286
2319 3 2 1 1 2286 2349 2350 2287
2320 3 2 1 1 2287 2350 2351 2288
2321 3 2 1 1 2288 2351 2352 2289
2322 3 2 1 1 2289 2352 2353 2290
2323 3 2 1 1 2290 2353 2354 2291
2324 3 2 1 1 2291 2354 2355 2292
2325 3 2 1 1 2292 2355 2356 2293
2326 3 2 1 1 2293 2356 2357 2294
2327 3 2 1 1 2294 2357 2358 2295
2328 3 2 1 1 2295 2358 2359 2296
2329 3 2 1 1 2296 2359 2360 2297
2330 3 2 1 1 2297 2360 2361 2298
2331 3 2 1 1 2298 2361 2362 2299
2332 3 2 1 1 2299 2362 2363 2300
2333 3 2 1 1 2300 2363 2364 2301
2334 3 2 1 1 2301 2364 2365 2302
2335 3 2 1 1 2302 2365 2366 2303
2336 3 2 1 1 2303 2366 2367 2304
2337 3 2 1 1 2304 2367 2368 2305
2338 3 2 1 1 2305 2368 2369 2306
2339 3 2 1 1 2306 2369 2370 2307
2340 3 2 1 1 2307 2370 2371 2308
2341 3 2 1 1 2308 2371 2372 2309
2342 3 2 1 1 2309 2372 2373 2310
2343 3 2 1 1 2310 2373 2374 2311
2344 3 2 1 1 2311 2374 2375 2312
2345 3 2 1 1 2312 2375 2376 2313
2346 3 2 1 1 2313 2376 2377 2314
2347 3 2 1 1 2314 2377 2378 2315
2348 3 2 1 1 2315 2378 2379 2316
2349 3 2 1 1 2316 2379 2380 2317
2350 3 2 1 1 2317 2380 2381 2318
2351 3 2 1 1 2318 2381 2382 2319
2352 3 2 1 1 2319 2382 2383 2320
2353 3 2 1 1 2320 2383 2384 2321
2354 3 2 1 1 2321 2384 2385 2322
2355 3 2 1 1 2322 2385 2386 2323
2356 3 2 1 1 2323 2386 2387 2324
2357 3 2 1 1 2324 2387 2388 2325
2358 3 2 1 1 2325 2388 2389 2326
2359 3 2 1 1 2326 2389 2390 2327
2360 3 2 1 1 2327 2390 2391 2328
2361 3 2 1 1 2328 2391 2392 2329
2362 3 2 1 1 2329 2392 2393 2330
2363 3 2 1 1 2330 2393 2394 2331
2364 3 2 1 1 2331 2394 2395 2332
2365 3 2 1 1 2332 2395 2396 2333
2366 3 2 1 1 2333 2396 2397 2334
2367 3 2 1 1 2334 2397 2398 2335
2368 3 2 1 1 2335 2398 160 161
2369 3 2 1 1 38 39 2399 2336
2370 3 2 1 1 2336 2399 2400 2337
2371 3 2 1 1 2337 2400 2401 2338
2372 3 2 1 1 2338 2401 2402 2339
2373 3 2 1 1 2339 2402 2403 2340
2374 3 2 1 1 2340 2403 2404 2341
2375 3 2 1 1 2341 2404 2405 2342
2376 3 2 1 1 2342 2405 2406 2343
2377 3 2 1 1 2343 2406 2407 2344
2378 3 2 1 1 2344 2407 2408 2345
2379 3 2 1 1 2345 2408 2409 2346
2380 3 2 1 1 2346 2409 2410 2347
2381 3 2 1 1 2347 2410 2411 2348
2382 3 2 1 1 2348 2411 2412 2349
2383 3 2 1 1 2349 2412 2413 2350
2384 3 2 1 1 2350 2413 2414 2351
2385 3 2 1 1 2351 2414 2415 2352
2386 3 2 1 1 2352 2415 2416 2353
2387 3 2 1 1 2353 2416 2417 2354
2388 3 2 1 1 2354 2417 2418 2355
2389 3 2 1 1 2355 2418 2419 2356
2390 3 2 1 1 2356 2419 2420 2357
2391 3 2 1 1 2357 2420 2421 2358
2392 3 2 1 1 2358 2421 2422 2359
2393 3 2 1 1 2359 2422 2423 2360
2394 3 2 1 1 2360 2423 2424 2361
2395 3 2 1 1 2361 2424 2425 2362
2396 3 2 1 1 2362 2425 2426 2363
2397 3 2 1 1 2363 2426 2427 2364
2398 3 2 1 1 2364 2427 2428 2365
2399 3 2 1 1 2365 2428 2429 2366
2400 3 2 1 1 2366 2429 2430 2367
2401 3 2 1 1 2367 2430 2431 2368
2402 3 2 1 1 2368 2431 2432 2369
2403 3 2 1 1 2369 2432 2433 2370
2404 3 2 1 1 2370 2433 2434 2371
2405 3 2 1 1 2371 2434 2435 2372
2406 3 2 1 1 2372 2435 2436 2373
2407 3 2 1 1 2373 2436 2437 2374
2408 3 2 1 1 2374 2437 2438 2375
2409 3 2 1 1 2375 2438 2439 2376
2410 3 2 1 1 2376 2439 2440 2377
2411 3 2 1 1 2377 2440 2441 2378
2412 3 2 1 1 2378 2441 2442 2379
2413 3 2 1 1 2379 2442 2443 2380
2414 3 2 1 1 2380 2443 2444 2381
2415 3 2 1 1 2381 2444 2445 2382
2416 3 2 1 1 2382 2445 2446 2383
2417 3 2 1 1 2383 2446 2447 2384
2418 3 2 1 1 2384 2447 2448 2385
2419 3 2 1 1 2385 2448 2449 2386
2420 3 2 1 1 2386 2449 2450 2387
2421 3 2 1 1 2387 2450 2451 2388
2422 3 2 1 1 2388 2451 2452 2389
2423 3 2 1 1 2389 2452 2453 2390
2424 3 2 1 1 2390 2453 2454 2391
2425 3 2 1 1 2391 2454 2455 2392
2426 3 2 1 1 2392 2455 2456 2393
2427 3 2 1 1 2393 2456 2457 2394
2428 3 2 1 1 2394 2457 2458 2395
2429 3 2 1 1 2395 2458 2459 2396
2430 3 2 1 1 2396 2459 2460 2397
2431 3 2 1 1 2397 2460 2461 2398
2432 3 2 1 1 2398 2461 159 160
2433 3 2 1 1 39 40 2462 2399
2434 3 2 1 1 2399 2462 2463 2400
2435 3 2 1 1 2400 2463 2464 2401
2436 3 2 1 1 2401 2464 2465 2402
2437 3 2 1 1 2402 2465 2466 2403
2438 3 2 1 1 2403 2466 2467 2404
2439 3 2 1 1 2404 2467 2468 2405
2440 3 2 1 1 2405 2468 2469 2406
2441 3 2 1 1 2406 2469 2470 2407
2442 3 2 1 1 2407 2470 2471 2408
2443 3 2 1 1 2408 2471 2472 2409
2444 3 2 1 1 2409 2472 2473 2410
2445 3 2 1 1 2410 2473 2474 2411
2446 3 2 1 1 2411 2474 2475 2412
2447 3 2 1 1 2412 2475 2476 2413
2448 3 2 1 1 2413 2476 2477 2414
2449 3 2 1 1 2414 2477 2478 2415
2450 3 2 1 1 2415 2478 2479 2416
2451 3 2 1 1 2416 2479 2480 2417
2452 3 2 1 1 2417 2480 2481 2418
2453 3 2 1 1 2418 2481 2482 2419
2454 3 2 1 1 2419 2482 2483 2420
2455 3 2 1 1 2420 2483 2484 2421
2456 3 2 1 1 2421 2484 2485 2422
2457 3 2 1 1 2422 2485 2486 2423
2458 3 2 1 1 2423 2486 2487 2424
2459 3 2 1 1 2424 2487 2488 2425
2460 3 2 1 1 2425 2488 2489 2426
2461 3 2 1 1 2426 2489 2490 2427
2462 3 2 1 1 2427 2490 2491 2428
2463 3 2 1 1 2428 2491 2492 2429
2464 3 2 1 1 2429 2492 2493 2430
2465 3 2 1 1 2430 2493 2494 2431
2466 3 2 1 1 2431 2494 2495 2432
2467 3 2 1 1 2432 2495 2496 2433
2468 3 2 1 1 2433 2496 2497 2434
2469 3 2 1 1 2434 2497 2498 2435
2470 3 2 1 1 2435 2498 2499 2436
2471 3 2 1 1 2436 2499 2500 2437
2472 3 2 1 1 2437 2500 2501 2438
2473 3 2 1 1 2438 2501 2502 2439
2474 3 2 1 1 2439 2502 2503 2440
2475 3 2 1 1 2440 2503 2504 2441
2476 3 2 1 1 2441 2504 2505 2442
2477 3 2 1 1 2442 2505 2506 2443
2478 3 2 1 1 2443 2506 2507 2444
2479 3 2 1 1 2444 2507 2508 2445
2480 3 2 1 1 2445 2508 2509 2446
2481 3 2 1 1 2446 2509 2510 2447
2482 3 2 1 1 2447 2510 2511 2448
2483 3 2 1 1 2448 2511 2512 2449
2484 3 2 1 1 2449 2512 2513 2450
2485 3 2 1 1 2450 2513 2514 2451
2486 3 2 1 1 2451 2514 2515 2452
2487 3 2 1 1 2452 2515 2516 2453
2488 3 2 1 1 2453 2516 2517 2454
2489 3 2 1 1 2454 2517 2518 2455
2490 3 2 1 1 2455 2518 2519 2456
2491 3 2 1 1 2456 2519 2520 2457
2492 3 2 1 1 2457 2520 2521 2458
2493 3 2 1 1 2458 2521 2522 2459
2494 3 2 1 1 2459 2522 2523 2460
2495 3 2 1 1 2460 2523 2524 2461
2496 3 2 1 1 2461 2524 158 159
2497 3 2 1 1 40 41 2525 2462
2498 3 2 1 1 2462 2525 2526 2463
2499 3 2 1 1 2463 2526 2527 2464
2500 3 2 1 1 2464 2527 2528 2465
2501 3 2 1 1 2465 2528 2529 2466
2502 3 2 1 1 2466 2529 2530 2467
2503 3 2 1 1 2467 2530 2531 2468
2504 3 2 1 1 2468 2531 2532 2469
2505 3 2 1 1 2469 2532 2533 2470
2506 3 2 1 1 2470 2533 2534 2471
2507 3 2 1 1 2471 2534 2535 2472
2508 3 2 1 1 2472 2535 2536 2473
2509 3 2 1 1 2473 2536 2537 2474
2510 3 2 1 1 2474 2537 2538 2475
2511 3 2 1 1 2475 2538 2539 2476
2512 3 2 1 1 2476 2539 2540 2477
2513 3 2 1 1 2477 2540 2541 2478
2514 3 2 1 1 2478 2541 2542 2479
2515 3 2 1 1 2479 2542 2543 2480
2516 3 2 1 1 2480 2543 2544 2481
2517 3 2 1 1 2481 2544 2545 2482
2518 3 2 1 1 2482 2545 2546 2483
2519 3 2 1 1 2483 2546 2547 2484
2520 3 2 1 1 2484 2547 2548 2485
2521 3 2 1 1 2485 2548 2549 2486
2522 3 2 1 1 2486 2549 2550 2487
2523 3 2 1 1 2487 2550 2551 2488
2524 3 2 1 1 2488 2551 2552 2489
2525 3 2 1 1 2489 2552 2553 2490
2526 3 2 1 1 2490 2553 2554 2491
2527 3 2 1 1 2491 2554 2555 2492
2528 3 2 1 1 2492 2555 2556 2493
2529 3 2 1 1 2493 2556 2557 2494
2530 3 2 1 1 2494 2557 2558 2495
2531 3 2 1 1 2495 2558 2559 2496
2532 3 2 1 1 2496 2559 2560 2497
2533 3 2 1 1 2497 2560 2561 2498
2534 3 2 1 1 2498 2561 2562 2499
2535 3 2 1 1 2499 2562 2563 2500
2536 3 2 1 1 2500 2563 2564 2501
2537 3 2 1 1 2501 2564 2565 2502
2538 3 2 1 1 2502 2565 2566 2503
2539 3 2 1 1 2503 2566 2567 2504
2540 3 2 1 1 2504 2567 2568 2505
2541 3 2 1 1 2505 2568 2569 2506
2542 3 2 1 1 2506 2569 2570 2507
2543 3 2 1 1 2507 2570 2571 2508
2544 3 2 1 1 2508 2571 2572 2509
2545 3 2 1 1 2509 2572 2573 2510
2546 3 2 1 1 2510 2573 2574 2511
2547 3 2 1 1 2511 2574 2575 2512
2548 3 2 1 1 2512 2575 2576 2513
2549 3 2 1 1 2513 2576 2577 2514
2550 3 2 1 1 2514 2577 2578 2515
2551 3 2 1 1 2515 2578 2579 2516
2552 3 2 1 1 2516 2579 2580 2517
2553 3 2 1 1 2517 2580 2581 2518
2554 3 2 1 1 2518 2581 2582 2519
2555 3 2 1 1 2519 2582 2583 2520
2556 3 2 1 1 2520 2583 2584 2521
2557 3 2 1 1 2521 2584 2585 2522
2558 3 2 1 1 2522 2585 2586 2523
2559 3 2 1 1 2523 2586 2587 2524
2560 3 2 1 1 2524 2587 157 158
2561 3 2 1 1 41 42 2588 2525
2562 3 2 1 1 2525 2588 2589 2526
2563 3 2 1 1 2526 2589 2590 2527
2564 3 2 1 1 2527 2590 2591 2528
2565 3 2 1 1 2528 2591 2592 2529
2566 3 2 1 1 2529 2592 2593 2530
2567 3 2 1 1 2530 2593 2594 2531
2568 3 2 1 1 2531 2594 2595 2532
2569 3 2 1 1 2532 2595 2596 2533
2570 3 2 1 1 2533 2596 2597 2534
2571 3 2 1 1 2534 2597 2598 2535
2572 3 2 1 1 2535 2598 2599 2536
2573 3 2 1 1 2536 2599 2600 2537
2574 3 2 1 1 2537 2600 2601 2538
2575 3 2 1 1 2538 2601 2602 2539
2576 3 2 1 1 2539 2602 2603 2540
2577 3 2 1 1 2540 2603 2604 2541
2578 3 2 1 1 2541 2604 2605 2542
2579 3 2 1 1 2542 2605 2606 2543
2580 3 2 1 1 2543 2606 2607 2544
2581 3 2 1 1 2544 2607 2608 2545
2582 3 2 1 1 2545 2608 2609 2546
2583 3 2 1 1 2546 2609 2610 2547
2584 3 2 1 1 2547 2610 2611 2548
2585 3 2 1 1 2548 2611 2612 2549
2586 3 2 1 1 2549 2612 2613 2550
2587 3 2 1 1 2550 2613 2614 2551
2588 3 2 1 1 2551 2614 2615 2552
2589 3 2 1 1 2552 2615 2616 2553
2590 3 2 1 1 2553 2616 2617 2554
2591 3 2 1 1 2554 2617 2618 2555
2592 3 2 1 1 2555 2618 2619 2556
2593 3 2 1 1 2556 2619 2620 2557
2594 3 2 1 1 2557 2620 2621 2558
2595 3 2 1 1 2558 2621 2622 2559
2596 3 2 1 1 2559 2622 2623 2560
2597 3 2 1 1 2560 2623 2624 2561
2598 3 2 1 1 2561 2624 2625 2562
2599 3 2 1 1 2562 2625 2626 2563
2600 3 2 1 1 2563 2626 2627 2564
2601 3 2 1 1 2564 2627 2628 2565
2602 3 2 1 1 2565 2628 2629 2566
2603 3 2 1 1 2566 2629 2630 2567
2604 3 2 1 1 2567 2630 2631 2568
2605 3 2 1 1 2568 2631 2632 2569
2606 3 2 1 1 2569 2632 2633 2570
2607 3 2 1 1 2570 2633 2634 2571
2608 3 2 1 1 2571 2634 2635 2572
2609 3 2 1 1 2572 2635 2636 2573
2610 3 2 1 1 2573 2636 2637 2574
2611 3 2 1 1 2574 2637 2638 2575
2612 3 2 1 1 2575 2638 2639 2576
2613 3 2 1 1 2576 2639 2640 2577
2614 3 2 1 1 2577 2640 2641 2578
2615 3 2 1 1 2578 2641 2642 2579
2616 3 2 1 1 2579 2642 2643 2580
2617 3 2 1 1 2580 2643 2644 2581
2618 3 2 1 1 2581 2644 2645 2582
2619 3 2 1 1 2582 2645 2646 2583
2620 3 2 1 1 2583 2646 2647 2584
2621 3 2 1 1 2584 2647 2648 2585
2622 3 2 1 1 2585 2648 2649 2586
2623 3 2 1 1 2586 2649 2650 2587
2624 3 2 1 1 2587 2650 156 157
2625 3 2 1 1 42 43 2651 2588
2626 3 2 1 1 2588 2651 2652 2589
2627 3 2 1 1 2589 2652 2653 2590
2628 3 2 1 1 2590 2653 2654 2591
2629 3 2 1 1 2591 2654 2655 2592
2630 3 2 1 1 2592 2655 2656 2593
2631 3 2 1 1 2593 2656 2657 2594
2632 3 2 1 1 2594 2657 2658 2595
2633 3 2 1 1 2595 2658 2659 2596
2634 3 2 1 1 2596 2659 2660 2597
2635 3 2 1 1 2597 2660 2661 2598
2636 3 2 1 1 2598 2661 2662 2599
2637 3 2 1 1 2599 2662 2663 2600
2638 3 2 1 1 2600 2663 2664 2601
2639 3 2 1 1 2601 2664 2665 2602
2640 3 2 1 1 2602 2665 2666 2603
2641 3 2 1 1 2603 2666 2667 2604
2642 3 2 1 1 2604 2667 2668 2605
2643 3 2 1 1 2605 2668 2669 2606
2644 3 2 1 1 2606 2669 2670 2607
2645 3 2 1 1 2607 2670 2671 2608
2646 3 2 1 1 2608 2671 2672 2609
2647 3 2 1 1 2609 2672 2673 2610
2648 3 2 1 1 2610 2673 2674 2611
2649 3 2 1 1 2611 2674 2675 2612
2650 3 2 1 1 2612 2675 2676 2613
2651 3 2 1 1 2613 2676 2677 2614
2652 3 2 1 1 2614 2677 2678 2615
2653 3 2 1 1 2615 2678 2679 2616
2654 3 2 1 1 2616 2679 2680 2617
2655 3 2 1 1 2617 2680 2681 2618
2656 3 2 1 1 2618 2681 2682 2619
2657 3 2 1 1 2619 2682 2683 2620
2658 3 2 1 1 2620 2683 2684 2621
2659 3 2 1 1 2621 2684 2685 2622
2660 3 2 1 1 2622 2685 2686 2623
2661 3 2 1 1 2623 2686 2687 2624
2662 3 2 1 1 2624 2687 2688 2625
2663 3 2 1 1 2625 2688 2689 2626
2664 3 2 1 1 2626 2689 2690 2627
2665 3 2 1 1 2627 2690 2691 2628
2666 3 2 1 1 2628 2691 2692 2629
2667 3 2 1 1 2629 2692 2693 2630
2668 3 2 1 1 2630 2693 2694 2631
2669 3 2 1 1 2631 2694 2695 2632
2670 3 2 1 1 2632 2695 2696 2633
2671 3 2 1 1 2633 2696 2697 2634
2672 3 2 1 1 2634 2697 2698 2635
2673 3 2 1 1 2635 2698 2699 2636
2674 3 2 1 1 2636 2699 2700 2637
2675 3 2 1 1 2637 2700 2701 2638
2676 3 2 1 1 2638 2701 2702 2639
2677 3 2 1 1 2639 2702 2703 2640
2678 3 2 1 1 2640 2703 2704 2641
2679 3 2 1 1 2641 2704 2705 2642
2680 3 2 1 1 2642 2705 2706 2643
2681 3 2 1 1 2643 2706 2707 2644
2682 3 2 1 1 2644 2707 2708 2645
2683 3 2 1 1 2645 2708 2709 2646
2684 3 2 1 1 2646 2709 2710 2647
2685 3 2 1 1 2647 2710 2711 2648
2686 3 2 1 1 2648 2711 2712 2649
2687 3 2 1 1 2649 2712 2713 2650
2688 3 2 1 1 2650 2713 155 156
2689 3 2 1 1 43 44 2714 2651
2690 3 2 1 1 2651 2714 2715 2652
2691 3 2 1 1 2652 2715 2716 2653
2692 3 2 1 1 2653 2716 2717 2654
2693 3 2 1 1 2654 2717 2718 2655
2694 3 2 1 1 2655 2718 2719 2656
2695 3 2 1 1 2656 2719 2720 2657
2696 3 2 1 1 2657 2720 2721 2658
2697 3 2 1 1 2658 2721 2722 2659
2698 3 2 1 1 2659 2722 2723 2660
2699 3 2 1 1 2660 2723 2724 2661
2700 3 2 1 1 2661 2724 2725 2662
2701 3 2 1 1 2662 2725 2726 2663
2702 3 2 1 1 2663 2726 2727 2664
2703 3 2 1 1 2664 2727 2728 2665
2704 3 2 1 1 2665 2728 2729 2666
2705 3 2 1 1 2666 2729 2730 2667
2706 3 2 1 1 2667 2730 2731 2668
2707 3 2 1 1 2668 2731 2732 2669
2708 3 2 1 1 2669 2732 2733 2670
2709 3 2 1 1 2670 2733 2734 2671
2710 3 2 1 1 2671 2734 2735 2672
2711 3 2 1 1 2672 2735 2736 2673
2712 3 2 1 1 2673 2736 2737 2674
2713 3 2 1 1 2674 2737 2738 2675
2714 3 2 1 1 2675 2738 2739 2676
2715 3 2 1 1 2676 2739 2740 2677
2716 3 2 1 1 2677 2740 2741 2678
2717 3 2 1 1 2678 2741 2742 2679
2718 3 2 1 1 2679 2742 2743 2680
2719 3 2 1 1 2680 2743 2744 2681
2720 3 2 1 1 2681 2744 2745 2682
2721 3 2 1 1 2682 2745 2746 2683
2722 3 2 1 1 2683 2746 2747 2684
2723 3 2 1 1 2684 2747 2748 2685
2724 3 2 1 1 2685 2748 2749 2686
2725 3 2 1 1 2686 2749 2750 2687
2726 3 2 1 1 2687 2750 2751 2688
2727 3 2 1 1 2688 2751 2752 2689
2728 3 2 1 1 2689 2752 2753 2690
2729 3 2 1 1 2690 2753 2754 2691
2730 3 2 1 1 2691 2754 2755 2692
2731 3 2 1 1 2692 2755 2756 2693
2732 3 2 1 1 2693 2756 2757 2694
2733 3 2 1 1 2694 2757 2758 2695
2734 3 2 1 1 2695 2758 2759 2696
2735 3 2 1 1 2696 2759 2760 2697
2736 3 2 1 1 2697 2760 2761 2698
2737 3 2 1 1 2698 2761 2762 2699
2738 3 2 1 1 2699 2762 2763 2700
2739 3 2 1 1 2700 2763 2764 2701
2740 3 2 1 1 2701 2764 2765 2702
2741 3 2 1 1 2702 2765 2766 2703
2742 3 2 1 1 2703 2766 2767 2704
2743 3 2 1 1 2704 2767 2768 2705
2744 3 2 1 1 2705 2768 2769 2706
2745 3 2 1 1 2706 2769 2770 2707
2746 3 2 1 1 2707 2770 2771 2708
2747 3 2 1 1 2708 2771 2772 2709
2748 3 2 1 1 2709 2772 2773 2710
2749 3 2 1 1 2710 2773 2774 2711
2750 3 2 1 1 2711 2774 2775 2712
2751 3 2 1 1 2712 2775 2776 2713
2752 3 2 1 1 2713 2776 154 155
2753 3 2 1 1 44 45 2777 2714
2754 3 2 1 1 2714 2777 2778 2715
2755 3 2 1 1 2715 2778 2779 2716
2756 3 2 1 1 2716 2779 2780 2717
2757 3 2 1 1 2717 2780 2781 2718
2758 3 2 1 1 2718 2781 2782 2719
2759 3 2 1 1 2719 2782 2783 2720
2760 3 2 1 1 2720 2783 2784 2721
2761 3 2 1 1 2721 2784 2785 2722
2762 3 2 1 1 2722 2785 2786 2723
2763 3 2 1 1 2723 2786 2787 2724
2764 3 2 1 1 2724 2787 2788 2725
2765 3 2 1 1 2725 2788 2789 2726
2766 3 2 1 1 2726 2789 2790 2727
2767 3 2 1 1 2727 2790 2791 2728
2768 3 2 1 1 2728 2791 2792 2729
2769 3 2 1 1 2729 2792 2793 2730
2770 3 2 1 1 2730 2793 2794 2731
2771 3 2 1 1 2731 2794 2795 2732
2772 3 2 1 1 2732 2795 2796 2733
2773 3 2 1 1 2733 2796 2797 2734
2774 3 2 1 1 2734 2797 2798 2735
2775 3 2 1 1 2735 2798 2799 2736
2776 3 2 1 1 2736 2799 2800 2737
2777 3 2 1 1 2737 2800 2801 2738
2778 3 2 1 1 2738 2801 2802 2739
2779 3 2 1 1 2739 2802 2803 2740
2780 3 2 1 1 2740 2803 2804 2741
2781 3 2 1 1 2741 2804 2805 2742
2782 3 2 1 1 2742 2805 2806 2743
2783 3 2 1 1 2743 2806 2807 2744
2784 3 2 1 1 2744 2807 2808 2745
2785 3 2 1 1 2745 2808 2809 2746
2786 3 2 1 1 2746 2809 2810 2747
2787 3 2 1 1 2747 2810 2811 2748
2788 3 2 1 1 2748 2811 2812 2749
2789 3 2 1 1 2749 2812 2813 2750
2790 3 2 1 1 2750 2813 2814 2751
2791 3 2 1 1 2751 2814 2815 2752
2792 3 2 1 1 2752 2815 2816 2753
2793 3 2 1 1 2753 2816 2817 2754
2794 3 2 1 1 2754 2817 2818 2755
2795 3 2 1 1 2755 2818 2819 2756
2796 3 2 1 1 2756 2819 2820 2757
2797 3 2 1 1 2757 2820 2821 2758
2798 3 2 1 1 2758 2821 2822 2759
2799 3 2 1 1 2759 2822 2823 2760
2800 3 2 1 1 2760 2823 2824 2761
2801 3 2 1 1 2761 2824 2825 2762
2802 3 2 1 1 2762 2825 2826 2763
2803 3 2 1 1 2763 2826 2827 2764
2804 3 2 1 1 2764 2827 2828 2765
2805 3 2 1 1 2765 2828 2829 2766
2806 3 2 1 1 2766 2829 2830 2767
2807 3 2 1 1 2767 2830 2831 2768
2808 3 2 1 1 2768 2831 2832 2769
2809 3 2 1 1 2769 2832 2833 2770
2810 3 2 1 1 2770 2833 2834 2771
2811 3 2 1 1 2771 2834 2835 2772
2812 3 2 1 1 2772 2835 2836 2773
2813 3 2 1 1 2773 2836 2837 2774
2814 3 2 1 1 2774 2837 2838 2775
2815 3 2 1 1 2775 2838 2839 2776
2816 3 2 1 1 2776 2839 153 154
2817 3 2 1 1 45 46 2840 2777
2818 3 2 1 1 2777 2840 2841 2778
2819 3 2 1 1 2778 2841 2842 2779
2820 3 2 1 1 2779 2842 2843 2780
2821 3 2 1 1 2780 2843 2844 2781
2822 3 2 1 1 2781 2844 2845 2782
2823 3 2 1 1 2782 2845 2846 2783
2824 3 2 1 1 2783 2846 2847 2784
2825 3 2 1 1 2784 2847 2848 2785
2826 3 2 1 1 2785 2848 2849 2786
2827 3 2 1 1 2786 2849 2850 2787
2828 3 2 1 1 2787 2850 2851 2788
2829 3 2 1 1 2788 2851 2852 2789
2830 3 2 1 1 2789 2852 2853 2790
2831 3 2 1 1 2790 2853 2854 2791
2832 3 2 1 1 2791 2854 2855 2792
2833 3 2 1 1 2792 2855 2856 2793
2834 3 2 1 1 2793 2856 2857 2794
2835 3 2 1 1 2794 2857 2858 2795
2836 3 2 1 1 2795 2858 2859 2796
2837 3 2 1 1 2796 2859 2860 2797
2838 3 2 1 1 2797 2860 2861 2798
2839 3 2 1 1 2798 2861 2862 2799
2840 3 2 1 1 2799 2862 2863 2800
2841 3 2 1 1 2800 2863 2864 2801
2842 3 2 1 1 2801 2864 2865 2802
2843 3 2 1 1 2802 2865 2866 2803
2844 3 2 1 1 2803 2866 2867 2804
2845 3 2 1 1 2804 2867 2868 2805
2846 3 2 1 1 2805 2868 2869 2806
2847 3 2 1 1 2806 2869 2870 2807
2848 3 2 1 1 2807 2870 2871 2808
2849 3 2 1 1 2808 2871 2872 2809
2850 3 2 1 1 2809 2872 2873 2810
2851 3 2 1 1 2810 2873 2874 2811
2852 3 2 1 1 2811 2874 2875 2812
2853 3 2 1 1 2812 2875 2876 2813
2854 3 2 1 1 2813 2876 2877 2814
2855 3 2 1 1 2814 2877 2878 2815
2856 3 2 1 1 2815 2878 2879 2816
2857 3 2 1 1 2816 2879 2880 2817
2858 3 2 1 1 2817 2880 2881 2818
2859 3 2 1 1 2818 2881 2882 2819
2860 3 2 1 1 2819 2882 2883 2820
2861 3 2 1 1 2820 2883 2884 2821
2862 3 2 1 1 2821 2884 2885 2822
2863 3 2 1 1 2822 2885 2886 2823
2864 3 2 1 1 2823 2886 2887 2824
2865 3 2 1 1 2824 2887 2888 2825
2866 3 2 1 1 2825 2888 2889 2826
2867 3 2 1 1 2826 2889 2890 2827
2868 3 2 1 1 2827 2890 2891 2828
2869 3 2 1 1 2828 2891 2892 2829
2870 3 2 1 1 2829 2892 2893 2830
2871 3 2 1 1 2830 2893 2894 2831
2872 3 2 1 1 2831 2894 2895 2832
2873 3 2 1 1 2832 2895 2896 2833
2874 3 2 1 1 2833 2896 2897 2834
2875 3 2 1 1 2834 2897 2898 2835
2876 3 2 1 1 2835 2898 2899 2836
2877 3 2 1 1 2836 2899 2900 2837
2878 3 2 1 1 2837 2900 2901 2838
2879 3 2 1 1 2838 2901 2902 2839
2880 3 2 1 1 2839 2902 152 153
2881 3 2 1 1 46 47 2903 2840
2882 3 2 1 1 2840 2903 2904 2841
2883 3 2 1 1 2841 2904 2905 2842
2884 3 2 1 1 2842 2905 2906 2843
2885 3 2 1 1 2843 2906 2907 2844
2886 3 2 1 1 2844 2907 2908 2845
2887 3 2 1 1 2845 2908 2909 2846
2888 3 2 1 1 2846 2909 2910 2847
2889 3 2 1 1 2847 2910 2911 2848
2890 3 2 1 1 2848 2911 2912 2849
2891 3 2 1 1 2849 2912 2913 2850
2892 3 2 1 1 2850 2913 2914 2851
2893 3 2 1 1 2851 2914 2915 2852
2894 3 2 1 1 2852 2915 2916 2853
2895 3 2 1 1 2853 2916 2917 2854
2896 3 2 1 1 2854 2917 2918 2855
2897 3 2 1 1 2855 2918 2919 2856
2898 3 2 1 1 2856 2919 2920 2857
2899 3 2 1 1 2857 2920 2921 2858
2900 3 2 1 1 2858 2921 2922 2859
2901 3 2 1 1 2859 2922 2923 2860
2902 3 2 1 1 2860 2923 2924 2861
2903 3 2 1 1 2861 2924 2925 2862
2904 3 2 1 1 2862 2925 2926 2863
2905 3 2 1 1 2863 2926 2927 2864
2906 3 2 1 1 2864 2927 2928 2865
2907 3 2 1 1 2865 2928 2929 2866
2908 3 2 1 1 2866 2929 2930 2867
2909 3 2 1 1 2867 2930 2931 2868
2910 3 2 1 1 2868 2931 2932 2869
2911 3 2 1 1 2869 2932 2933 2870
2912 3 2 1 1 2870 2933 2934 2871
2913 3 2 1 1 2871 2934 2935 2872
2914 3 2 1 1 2872 2935 2936 2873
2915 3 2 1 1 2873 2936 2937 2874
2916 3 2 1 1 2874 2937 2938 2875
2917 3 2 1 1 2875 2938 2939 2876
2918 3 2 1 1 2876 2939 2940 2877
2919 3 2 1 1 2877 2940 2941 2878
2920 3 2 1 1 2878 2941 2942 2879
2921 3 2 1 1 2879 2942 2943 2880
2922 3 2 1 1 2880 2943 2944 2881
2923 3 2 1 1 2881 2944 2945 2882
2924 3 2 1 1 2882 2945 2946 2883
2925 3 2 1 1 2883 2946 2947 2884
2926 3 2 1 1 2884 2947 2948 2885
2927 3 2 1 1 2885 2948 2949 2886
2928 3 2 1 1 2886 2949 2950 2887
2929 3 2 1 1 2887 2950 2951 2888
2930 3 2 1 1 2888 2951 2952 2889
2931 3 2 1 1 2889 2952 2953 2890
2932 3 2 1 1 2890 2953 2954 2891
2933 3 2 1 1 2891 2954 2955 2892
2934 3 2 1 1 2892 2955 2956 2893
2935 3 2 1 1 2893 2956 2957 2894
2936 3 2 1 1 2894 2957 2958 2895
2937 3 2 1 1 2895 2958 2959 2896
2938 3 2 1 1 2896 2959 2960 2897
2939 3 2 1 1 2897 2960 2961 2898
2940 3 2 1 1 2898 2961 2962 2899
2941 3 2 1 1 2899 2962 2963 2900
2942 3 2 1 1 2900 2963 2964 2901
2943 3 2 1 1 2901 2964 2965 2902
2944 3 2 1 1 2902 2965 151 152
2945 3 2 1 1 47 48 2966 2903
2946 3 2 1 1 2903 2966 2967 2904
2947 3 2 1 1 2904 2967 2968 2905
2948 3 2 1 1 2905 2968 2969 2906
2949 3 2 1 1 2906 2969 2970 2907
2950 3 2 1 1 2907 2970 2971 2908
2951 3 2 1 1 2908 2971 2972 2909
2952 3 2 1 1 2909 2972 2973 2910
2953 3 2 1 1 2910 2973 2974 2911
2954 3 2 1 1 2911 2974 2975 2912
2955 3 2 1 1 2912 2975 2976 2913
2956 3 2 1 1 2913 2976 2977 2914
2957 3 2 1 1 2914 2977 2978 2915
2958 3 2 1 1 2915 2978 2979 2916
2959 3 2 1 1 2916 2979 2980 2917
2960 3 2 1 1 2917 2980 2981 2918
2961 3 2 1 1 2918 2981 2982 2919
2962 3 2 1 1 2919 2982 2983 2920
2963 3 2 1 1 2920 2983 2984 2921
2964 3 2 1 1 2921 2984 2985 2922
2965 3 2 1 1 2922 2985 2986 2923
2966 3 2 1 1 2923 2986 2987 2924
2967 3 2 1 1 2924 2987 2988 2925
2968 3 2 1 1 2925 2988 2989 2926
2969 3 2 1 1 2926 2989 2990 2927
2970 3 2 1 1 2927 2990 2991 2928
2971 3 2 1 1 2928 2991 2992 2929
2972 3 2 1 1 2929 2992 2993 2930
2973 3 2 1 1 2930 2993 2994 2931
2974 3 2 1 1 2931 2994 2995 2932
2975 3 2 1 1 2932 2995 2996 2933
2976 3 2 1 1 2933 2996 2997 2934
2977 3 2 1 1 2934 2997 2998 2935
2978 3 2 1 1 2935 2998 2999 2936
2979 3 2 1 1 2936 2999 3000 2937
2980 3 2 1 1 2937 3000 3001 2938
2981 3 2 1 1 2938 3001 3002 2939
2982 3 2 1 1 2939 3002 3003 2940
2983 3 2 1 1 2940 3003 3004 2941
2984 3 2 1 1 2941 3004 3005 2942
2985 3 2 1 1 2942 3005 3006 2943
2986 3 2 1 1 2943 3006 3007 2944
2987 3 2 1 1 2944 3007 3008 2945
2988 3 2 1 1 2945 3008 3009 2946
2989 3 2 1 1 2946 3009 3010 2947
2990 3 2 1 1 2947 3010 3011 2948
2991 3 2 1 1 2948 3011 3012 2949
2992 3 2 1 1 2949 3012 3013 2950
2993 3 2 1 1 2950 3013 3014 2951
2994 3 2 1 1 2951 3014 3015 2952
2995 3 2 1 1 2952 3015 3016 2953
2996 3 2 1 1 2953 3016 3017 2954
2997 3 2 1 1 2954 3017 3018 2955
2998 3 2 1 1 2955 3018 3019 2956
2999 3 2 1 1 2956 3019 3020 2957
3000 3 2 1 1 2957 3020 3021 2958
3001 3 2 1 1 2958 3021 3022 2959
3002 3 2 1 1 2959 3022 3023 2960
3003 3 2 1 1 2960 3023 3024 2961
3004 3 2 1 1 2961 3024 3025 2962
3005 3 2 1 1 2962 3025 3026 2963
3006 3 2 1 1 2963 3026 3027 2964
3007 3 2 1 1 2964 3027 3028 2965
3008 3 2 1 1 2965 3028 150 151
3009 3 2 1 1 48 49 3029 2966
3010 3 2 1 1 2966 3029 3030 2967
3011 3 2 1 1 2967 3030 3031 2968
3012 3 2 1 1 2968 3031 3032 2969
3013 3 2 1 1 2969 3032 3033 2970
3014 3 2 1 1 2970 3033 3034 2971
3015 3 2 1 1 2971 3034 3035 2972
3016 3 2 1 1 2972 3035 3036 2973
3017 3 2 1 1 2973 3036 3037 2974
3018 3 2 1 1 2974 3037 3038 2975
3019 3 2 1 1 2975 3038 3039 2976
3020 3 2 1 1 2976 3039 3040 2977
3021 3 2 1 1 2977 3040 3041 2978
3022 3 2 1 1 2978 3041 3042 2979
3023 3 2 1 1 2979 3042 3043 2980
3024 3 2 1 1 2980 3043 3044 2981
3025 3 2 1 1 2981 3044 3045 2982
3026 3 2 1 1 2982 3045 3046 2983
3027 3 2 1 1 2983 3046 3047 2984
3028 3 2 1 1 2984 3047 3048 2985
3029 3 2 1 1 2985 3048 3049 2986
3030 3 2 1 1 2986 3049 3050 2987
3031 3 2 1 1 2987 3050 3051 2988
3032 3 2 1 1 2988 3051 3052 2989
3033 3 2 1 1 2989 3052 3053 2990
3034 3 2 1 1 2990 3053 3054 2991
3035 3 2 1 1 2991 3054 3055 2992
3036 3 2 1 1 2992 3055 3056 2993
3037 3 2 1 1 2993 3056 3057 2994
3038 3 2 1 1 2994 3057 3058 2995
3039 3 2 1 1 2995 3058 3059 2996
3040 3 2 1 1 2996 3059 3060 2997
3041 3 2 1 1 2997 3060 3061 2998
3042 3 2 1 1 2998 3061 3062 2999
3043 3 2 1 1 2999 3062 3063 3000
3044 3 2 1 1 3000 3063 3064 3001
3045 3 2 1 1 3001 3064 3065 3002
3046 3 2 1 1 3002 3065 3066 3003
3047 3 2 1 1 3003 3066 3067 3004
3048 3 2 1 1 3004 3067 3068 3005
3049 3 2 1 1 3005 3068 3069 3006
3050 3 2 1 1 3006 3069 3070 3007
3051 3 2 1 1 3007 3070 3071 3008
3052 3 2 1 1 3008 3071 3072 3009
3053 3 2 1 1 3009 3072 3073 3010
3054 3 2 1 1 3010 3073 3074 3011
3055 3 2 1 1 3011 3074 3075 3012
3056 3 2 1 1 3012 3075 3076 3013
3057 3 2 1 1 3013 3076 3077 3014
3058 3 2 1 1 3014 3077 3078 3015
3059 3 2 1 1 3015 3078 3079 3016
3060 3 2 1 1 3016 3079 3080 3017
3061 3 2 1 1 3017 3080 3081 3018
3062 3 2 1 1 3018 3081 3082 3019
3063 3 2 1 1 3019 3082 3083 3020
3064 3 2 1 1 3020 3083 3084 3021
3065 3 2 1 1 3021 3084 3085 3022
3066 3 2 1 1 3022 3085 3086 3023
3067 3 2 1 1 3023 3086 3087 3024
3068 3 2 1 1 3024 3087 3088 3025
3069 3 2 1 1 3025 3088 3089 3026
3070 3 2 1 1 3026 3089 3090 3027
3071 3 2 1 1 3027 3090 3091 3028
3072 3 2 1 1 3028 3091 149 150
3073 3 2 1 1 49 50 3092 3029
3074 3 2 1 1 3029 3092 3093 3030
3075 3 2 1 1 3030 3093 3094 3031
3076 3 2 1 1 3031 3094 3095 3032
3077 3 2 1 1 3032 3095 3096 3033
3078 3 2 1 1 3033 3096 3097 3034
3079 3 2 1 1 3034 3097 3098 3035
3080 3 2 1 1 3035 3098 3099 3036
3081 3 2 1 1 3036 3099 3100 3037
3082 3 2 1 1 3037 3100 3101 3038
3083 3 2 1 1 3038 3101 3102 3039
3084 3 2 1 1 3039 3102 3103 3040
3085 3 2 1 1 3040 3103 3104 3041
3086 3 2 1 1 3041 3104 3105 3042
3087 3 2 1 1 3042 3105 3106 3043
3088 3 2 1 1 3043 3106 3107 3044
3089 3 2 1 1 3044 3107 3108 3045
3090 3 2 1 1 3045 3108 3109 3046
3091 3 2 1 1 3046 3109 3110 3047
3092 3 2 1 1 3047 3110 3111 3048
3093 3 2 1 1 3048 3111 3112 3049
3094 3 2 1 1 3049 3112 3113 3050
3095 3 2 1 1 3050 3113 3114 3051
3096 3 2 1 1 3051 3114 3115 3052
3097 3 2 1 1 3052 3115 3116 3053
3098 3 2 1 1 3053 3116 3117 3054
3099 3 2 1 1 3054 3117 3118 3055
3100 3 2 1 1 3055 3118 3119 3056
3101 3 2 1 1 3056 3119 3120 3057
3102 3 2 1 1 3057 3120 3121 3058
3103 3 2 1 1 3058 3121 3122 3059
3104 3 2 1 1 3059 3122 3123 3060
3105 3 2 1 1 3060 3123 3124 3061
3106 3 2 1 1 3061 3124 3125 3062
3107 3 2 1 1 3062 3125 3126 3063
3108 3 2 1 1 3063 3126 3127 3064
3109 3 2 1 1 3064 3127 3128 3065
3110 3 2 1 1 3065 3128 3129 3066
3111 3 2 1 1 3066 3129 3130 3067
3112 3 2 1 1 3067 3130 3131 3068
3113 3 2 1 1 3068 3131 3132 3069
3114 3 2 1 1 3069 3132 3133 3070
3115 3 2 1 1 3070 3133 3134 3071
3116 3 2 1 1 3071 3134 3135 3072
3117 3 2 1 1 3072 3135 3136 3073
3118 3 2 1 1 3073 3136 3137 3074
3119 3 2 1 1 3074 3137 3138 3075
3120 3 2 1 1 3075 3138 3139 3076
3121 3 2 1 1 3076 3139 3140 3077
3122 3 2 1 1 3077 3140 3141 3078
3123 3 2 1 1 3078 3141 3142 3079
3124 3 2 1 1 3079 3142 3143 3080
3125 3 2 1 1 3080 3143 3144 3081
3126 3 2 1 1 3081 3144 3145 3082
3127 3 2 1 1 3082 3145 3146 3083
3128 3 2 1 1 3083 3146 3147 3084
3129 3 2 1 1 3084 3147 3148 3085
3130 3 2 1 1 3085 3148 3149 3086
3131 3 2 1 1 3086 3149 3150 3087
3132 3 2 1 1 3087 3150 3151 3088
3133 3 2 1 1 3088 3151 3152 3089
3134 3 2 1 1 3089 3152 3153 3090
3135 3 2 1 1 3090 3153 3154 3091
3136 3 2 1 1 3091 3154 148 149
3137 3 2 1 1 50 51 3155 3092
3138 3 2 1 1 3092 3155 3156 3093
3139 3 2 1 1 3093 3156 3157 3094
3140 3 2 1 1 3094 3157 3158 3095
3141 3 2 1 1 3095 3158 3159 3096
3142 3 2 1 1 3096 3159 3160 3097
3143 3 2 1 1 3097 3160 3161 3098
3144 3 2 1 1 3098 3161 3162 3099
3145 3 2 1 1 3099 3162 3163 3100
3146 3 2 1 1 3100 3163 3164 3101
3147 3 2 1 1 3101 3164 3165 3102
3148 3 2 1 1 3102 3165 3166 3103
3149 3 2 1 1 3103 3166 3167 3104
3150 3 2 1 1 3104 3167 3168 3105
3151 3 2 1 1 3105 3168 3169 3106
3152 3 2 1 1 3106 3169 3170 3107
3153 3 2 1 1 3107 3170 3171 3108
3154 3 2 1 1 3108 3171 3172 3109
3155 3 2 1 1 3109 3172 3173 3110
3156 3 2 1 1 3110 3173 3174 3111
3157 3 2 1 1 3111 3174 3175 3112
3158 3 2 1 1 3112 3175 3176 3113
3159 3 2 1 1 3113 3176 3177 3114
3160 3 2 1 1 3114 3177 3178 3115
3161 3 2 1 1 3115 3178 3179 3116
3162 3 2 1 1 3116 3179 3180 3117
3163 3 2 1 1 3117 3180 3181 3118
3164 3 2 1 1 3118 3181 3182 3119
3165 3 2 1 1 3119 3182 3183 3120
3166 3 2 1 1 3120 3183 3184 3121
3167 3 2 1 1 3121 3184 3185 3122
3168 3 2 1 1 3122 3185 3186 3123
3169 3 2 1 1 3123 3186 3187 3124
3170 3 2 1 1 3124 3187 3188 3125
3171 3 2 1 1 3125 3188 3189 3126
3172 3 2 1 1 3126 3189 3190 3127
3173 3 2 1 1 3127 3190 3191 3128
3174 3 2 1 1 3128 3191 3192 3129
3175 3 2 1 1 3129 3192 3193 3130
3176 3 2 1 1 3130 3193 3194 3131
3177 3 2 1 1 3131 3194 3195 3132
3178 3 2 1 1 3132 3195 3196 3133
3179 3 2 1 1 3133 3196 3197 3134
3180 3 2 1 1 3134 3197 3198 3135
3181 3 2 1 1 3135 3198 3199 3136
3182 3 2 1 1 3136 3199 3200 3137
3183 3 2 1 1 3137 3200 3201 3138
3184 3 2 1 1 3138 3201 3202 3139
3185 3 2 1 1 3139 3202 3203 3140
3186 3 2 1 1 3140 3203 3204 3141
3187 3 2 1 1 3141 3204 3205 3142
3188 3 2 1 1 3142 3205 3206 3143
3189 3 2 1 1 3143 3206 3207 3144
3190 3 2 1 1 3144 3207 3208 3145
3191 3 2 1 1 3145 3208 3209 3146
3192 3 2 1 1 3146 3209 3210 3147
3193 3 2 1 1 3147 3210 3211 3148
3194 3 2 1 1 3148 3211 3212 3149
3195 3 2 1 1 3149 3212 3213 3150
3196 3 2 1 1 3150 3213 3214 3151
3197 3 2 1 1 3151 3214 3215 3152
3198 3 2 1 1 3152 3215 3216 3153
3199 3 2 1 1 3153 3216 3217 3154
3200 3 2 1 1 3154 3217 147 148
3201 3 2 1 1 51 52 3218 3155
3202 3 2 1 1 3155 3218 3219 3156
3203 3 2 1 1 3156 3219 3220 3157
3204 3 2 1 1 3157 3220 3221 3158
3205 3 2 1 1 3158 3221 3222 3159
3206 3 2 1 1 3159 3222 3223 3160
3207 3 2 1 1 3160 3223 3224 3161
3208 3 2 1 1 3161 3224 3225 3162
3209 3 2 1 1 3162 3225 3226 3163
3210 3 2 1 1 3163 3226 3227 3164
3211 3 2 1 1 3164 3227 3228 3165
3212 3 2 1 1 3165 3228 3229 3166
3213 3 2 1 1 3166 3229 3230 3167
3214 3 2 1 1 3167 3230 3231 3168
3215 3 2 1 1 3168 3231 3232 3169
3216 3 2 1 1 3169 3232 3233 3170
3217 3 2 1 1 3170 3233 3234 3171
3218 3 2 1 1 3171 3234 3235 3172
3219 3 2 1 1 3172 3235 3236 3173
3220 3 2 1 1 3173 3236 3237 3174
3221 3 2 1 1 3174 3237 3238 3175
3222 3 2 1 1 3175 3238 3239 3176
3223 3 2 1 1 3176 3239 3240 3177
3224 3 2 1 1 3177 3240 3241 3178
3225 3 2 1 1 3178 3241 3242 3179
3226 3 2 1 1 3179 3242 3243 3180
3227 3 2 1 1 3180 3243 3244 3181
3228 3 2 1 1 3181 3244 3245 3182
3229 3 2 1 1 3182 3245 3246 3183
3230 3 2 1 1 3183 3246 3247 3184
3231 3 2 1 1 3184 3247 3248 3185
3232 3 2 1 1 3185 3248 3249 3186
3233 3 2 1 1 3186 3249 3250 3187
3234 3 2 1 1 3187 3250 3251 3188
3235 3 2 1 1 3188 3251 3252 3189
3236 3 2 1 1 3189 3252 3253 3190
3237 3 2 1 1 3190 3253 3254 3191
3238 3 2 1 1 3191 3254 3255 3192
3239 3 2 1 1 3192 3255 3256 3193
3240 3 2 1 1 3193 3256 3257 3194
3241 3 2 1 1 3194 3257 3258 3195
3242 3 2 1 1 3195 3258 3259 3196
3243 3 2 1 1 3196 3259 3260 3197
3244 3 2 1 1 3197 3260 3261 3198
3245 3 2 1 1 3198 3261 3262 3199
3246 3 2 1 1 3199 3262 3263 3200
3247 3 2 1 1 3200 3263 3264 3201
3248 3 2 1 1 3201 3264 3265 3202
3249 3 2 1 1 3202 3265 3266 3203
3250 3 2 1 1 3203 3266 3267 3204
3251 3 2 1 1 3204 3267 3268 3205
3252 3 2 1 1 3205 3268 3269 3206
3253 3 2 1 1 3206 3269 3270 3207
3254 3 2 1 1 3207 3270 3271 3208
3255 3 2 1 1 3208 3271 3272 3209
3256 3 2 1 1 3209 3272 3273 3210
3257 3 2 1 1 3210 3273 3274 3211
3258 3 2 1 1 3211 3274 3275 3212
3259 3 2 1 1 3212 3275 3276 3213
3260 3 2 1 1 3213 3276 3277 3214
3261 3 2 1 1 3214 3277 3278 3215
3262 3 2 1 1 3215 3278 3279 3216
3263 3 2 1 1 3216 3279 3280 3217
3264 3 2 1 1 3217 3280 146 147
3265 3 2 1 1 52 53 3281 3218
3266 3 2 1 1 3218 3281 3282 3219
3267 3 2 1 1 3219 3282 3283 3220
3268 3 2 1 1 3220 3283 3284 3221
3269 3 2 1 1 3221 3284 3285 3222
3270 3 2 1 1 3222 3285 3286 3223
3271 3 2 1 1 3223 3286 3287 3224
3272 3 2 1 1 3224 3287 3288 3225
3273 3 2 1 1 3225 3288 3289 3226
3274 3 2 1 1 3226 3289 3290 3227
3275 3 2 1 1 3227 3290 3291 3228
3276 3 2 1 1 3228 3291 3292 3229
3277 3 2 1 1 3229 3292 3293 3230
3278 3 2 1 1 3230 3293 3294 3231
3279 3 2 1 1 3231 3294 3295 3232
3280 3 2 1 1 3232 3295 3296 3233
3281 3 2 1 1 3233 3296 3297 3234
3282 3 2 1 1 3234 3297 3298 3235
3283 3 2 1 1 3235 3298 3299 3236
3284 3 2 1 1 3236 3299 3300 3237
3285 3 2 1 1 3237 3300 3301 3238
3286 3 2 1 1 3238 3301 3302 3239
3287 3 2 1 1 3239 3302 3303 3240
3288 3 2 1 1 3240 3303 3304 3241
3289 3 2 1 1 3241 3304 3305 3242
3290 3 2 1 1 3242 3305 3306 3243
3291 3 2 1 1 3243 3306 3307 3244
3292 3 2 1 1 3244 3307 3308 3245
3293 3 2 1 1 3245 3308 3309 3246
3294 3 2 1 1 3246 3309 3310 3247
3295 3 2 1 1 3247 3310 3311 3248
3296 3 2 1 1 3248 3311 3312 3249
3297 3 2 1 1 3249 3312 3313 3250
3298 3 2 1 1 3250 3313 3314 3251
3299 3 2 1 1 3251 3314 3315 3252
3300 3 2 1 1 3252 3315 3316 3253
3301 3 2 1 1 3253 3316 3317 3254
3302 3 2 1 1 3254 3317 3318 3255
3303 3 2 1 1 3255 3318 3319 3256
3304 3 2 1 1 3256 3319 3320 3257
3305 3 2 1 1 3257 3320 3321 3258
3306 3 2 1 1 3258 3321 3322 3259
3307 3 2 1 1 3259 3322 3323 3260
3308 3 2 1 1 3260 3323 3324 3261
3309 3 2 1 1 3261 3324 3325 3262
3310 3 2 1 1 3262 3325 3326 3263
3311 3 2 1 1 3263 3326 3327 3264
3312 3 2 1 1 3264 3327 3328 3265
3313 3 2 1 1 3265 3328 3329 3266
3314 3 2 1 1 3266 3329 3330 3267
3315 3 2 1 1 3267 3330 3331 3268
3316 3 2 1 1 3268 3331 3332 3269
3317 3 2 1 1 3269 3332 3333 3270
3318 3 2 1 1 3270 3333 3334 3271
3319 3 2 1 1 3271 3334 3335 3272
3320 3 2 1 1 3272 3335 3336 3273
3321 3 2 1 1 3273 3336 3337 3274
3322 3 2 1 1 3274 3337 3338 3275
3323 3 2 1 1 3275 3338 3339 3276
3324 3 2 1 1 3276 3339 3340 3277
3325 3 2 1 1 3277 3340 3341 3278
3326 3 2 1 1 3278 3341 3342 3279
3327 3 2 1 1 3279 3342 3343 3280
3328 3 2 1 1 3280 3343 145 146
3329 3 2 1 1 53 54 3344 3281
3330 3 2 1 1 3281 3344 3345 3282
3331 3 2 1 1 3282 3345 3346 3283
3332 3 2 1 1 3283 3346 3347 3284
3333 3 2 1 1 3284 3347 3348 3285
3334 3 2 1 1 3285 3348 3349 3286
3335 3 2 1 1 3286 3349 3350 3287
3336 3 2 1 1 3287 3350 3351 3288
3337 3 2 1 1 3288 3351 3352 3289
3338 3 2 1 1 3289 3352 3353 3290
3339 3 2 1 1 3290 3353 3354 3291
3340 3 2 1 1 3291 3354 3355 3292
3341 3 2 1 1 3292 3355 3356 3293
3342 3 2 1 1 3293 3356 3357 3294
3343 3 2 1 1 3294 3357 3358 3295
3344 3 2 1 1 3295 3358 3359 3296
3345 3 2 1 1 3296 3359 3360 3297
3346 3 2 1 1 3297 3360 3361 3298
3347 3 2 1 1 3298 3361 3362 3299
3348 3 2 1 1 3299 3362 3363 3300
3349 3 2 1 1 3300 3363 3364 3301
3350 3 2 1 1 3301 3364 3365 3302
3351 3 2 1 1 3302 3365 3366 3303
3352 3 2 1 1 3303 3366 3367 3304
3353 3 2 1 1 3304 3367 3368 3305
3354 3 2 1 1 3305 3368 3369 3306
3355 3 2 1 1 3306 3369 3370 3307
3356 3 2 1 1 3307 3370 3371 3308
3357 3 2 1 1 3308 3371 3372 3309
3358 3 2 1 1 3309 3372 3373 3310
3359 3 2 1 1 3310 3373 3374 3311
3360 3 2 1 1 3311 3374 3375 3312
3361 3 2 1 1 3312 3375 3376 3313
3362 3 2 1 1 3313 3376 3377 3314
3363 3 2 1 1 3314 3377 3378 3315
3364 3 2 1 1 3315 3378 3379 3316
3365 3 2 1 1 3316 3379 3380 3317
3366 3 2 1 1 3317 3380 3381 3318
3367 3 2 1 1 3318 3381 3382 3319
3368 3 2 1 1 3319 3382 3383 3320
3369 3 2 1 1 3320 3383 3384 3321
3370 3 2 1 1 3321 3384 3385 3322
3371 3 2 1 1 3322 3385 3386 3323
3372 3 2 1 1 3323 3386 3387 3324
3373 3 2 1 1 3324 3387 3388 3325
3374 3 2 1 1 3325 3388 3389 3326
3375 3 2 1 1 3326 3389 3390 3327
3376 3 2 1 1 3327 3390 3391 3328
3377 3 2 1 1 3328 3391 3392 3329
3378 3 2 1 1 3329 3392 3393 3330
3379 3 2 1 1 3330 3393 3394 3331
3380 3 2 1 1 3331 3394 3395 3332
3381 3 2 1 1 3332 3395 3396 3333
3382 3 2 1 1 3333 3396 3397 3334
3383 3 2 1 1 3334 3397 3398 3335
3384 3 2 1 1 3335 3398 3399 3336
3385 3 2 1 1 3336 3399 3400 3337
3386 3 2 1 1 3337 3400 3401 3338
3387 3 2 1 1 3338 3401 3402 3339
3388 3 2 1 1 3339 3402 3403 3340
3389 3 2 1 1 3340 3403 3404 3341
3390 3 2 1 1 3341 3404 3405 3342
3391 3 2 1 1 3342 3405 3406 3343
3392 3 2 1 1 3343 3406 144 145
3393 3 2 1 1 54 55 3407 3344
3394 3 2 1 1 3344 3407 3408 3345
3395 3 2 1 1 3345 3408 3409 3346
3396 3 2 1 1 3346 3409 3410 3347
3397 3 2 1 1 3347 3410 3411 3348
3398 3 2 1 1 3348 3411 3412 3349
3399 3 2 1 1 3349 3412 3413 3350
3400 3 2 1 1 3350 3413 3414 3351
3401 3 2 1 1 3351 3414 3415 3352
3402 3 2 1 1 3352 3415 3416 3353
3403 3 2 1 1 3353 3416 3417 3354
3404 3 2 1 1 3354 3417 3418 3355
3405 3 2 1 1 3355 3418 3419 3356
3406 3 2 1 1 3356 3419 3420 3357
3407 3 2 1 1 3357 3420 3421 3358
3408 3 2 1 1 3358 3421 3422 3359
3409 3 2 1 1 3359 3422 3423 3360
3410 3 2 1 1 3360 3423 3424 3361
3411 3 2 1 1 3361 3424 3425 3362
3412 3 2 1 1 3362 3425 3426 3363
3413 3 2 1 1 3363 3426 3427 3364
3414 3 2 1 1 3364 3427 3428 3365
3415 3 2 1 1 3365 3428 3429 3366
3416 3 2 1 1 3366 3429 3430 3367
3417 3 2 1 1 3367 3430 3431 3368
3418 3 2 1 1 3368 3431 3432 3369
3419 3 2 1 1 3369 3432 3433 3370
3420 3 2 1 1 3370 3433 3434 3371
3421 3 2 1 1 3371 3434 3435 3372
3422 3 2 1 1 3372 3435 3436 3373
3423 3 2 1 1 3373 3436 3437 3374
3424 3 2 1 1 3374 3437 3438 3375
3425 3 2 1 1 3375 3438 3439 3376
3426 3 2 1 1 3376 3439 3440 3377
3427 3 2 1 1 3377 3440 3441 3378
3428 3 2 1 1 3378 3441 3442 3379
3429 3 2 1 1 3379 3442 3443 3380
3430 3 2 1 1 3380 3443 3444 3381
3431 3 2 1 1 3381 3444 3445 3382
3432 3 2 1 1 3382 3445 3446 3383
3433 3 2 1 1 3383 3446 3447 3384
3434 3 2 1 1 3384 3447 3448 3385
3435 3 2 1 1 3385 3448 3449 3386
3436 3 2 1 1 3386 3449 3450 3387
3437 3 2 1 1 3387 3450 3451 3388
3438 3 2 1 1 3388 3451 3452 3389
3439 3 2 1 1 3389 3452 3453 3390
3440 3 2 1 1 3390 3453 3454 3391
3441 3 2 1 1 3391 3454 3455 3392
3442 3 2 1 1 3392 3455 3456 3393
3443 3 2 1 1 3393 3456 3457 3394
3444 3 2 1 1 3394 3457 3458 3395
3445 3 2 1 1 3395 3458 3459 3396
3446 3 2 1 1 3396 3459 3460 3397
3447 3 2 1 1 3397 3460 3461 3398
3448 3 2 1 1 3398 3461 3462 3399
3449 3 2 1 1 3399 3462 3463 3400
3450 3 2 1 1 3400 3463 3464 3401
3451 3 2 1 1 3401 3464 3465 3402
3452 3 2 1 1 3402 3465 3466 3403
3453 3 2 1 1 3403 3466 3467 3404
3454 3 2 1 1 3404 3467 3468 3405
3455 3 2 1 1 3405 3468 3469 3406
3456 3 2 1 1 3406 3469 143 144
3457 3 2 1 1 55 56 3470 3407
3458 3 2 1 1 3407 3470 3471 3408
3459 3 2 1 1 3408 3471 3472 3409
3460 3 2 1 1 3409 3472 3473 3410
3461 3 2 1 1 3410 3473 3474 3411
3462 3 2 1 1 3411 3474 3475 3412
3463 3 2 1 1 3412 3475 3476 3413
3464 3 2 1 1 3413 3476 3477 3414
3465 3 2 1 1 3414 3477 3478 3415
3466 3 2 1 1 3415 3478 3479 3416
3467 3 2 1 1 3416 3479 3480 3417
3468 3 2 1 1 3417 3480 3481 3418
3469 3 2 1 1 3418 3481 3482 3419
3470 3 2 1 1 3419 3482 3483 3420
3471 3 2 1 1 3420 3483 3484 3421
3472 3 2 1 1 3421 3484 3485 3422
3473 3 2 1 1 3422 3485 3486 3423
3474 3 2 1 1 3423 3486 3487 3424
3475 3 2 1 1 3424 3487 3488 3425
3476 3 2 1 1 3425 3488 3489 3426
3477 3 2 1 1 3426 3489 3490 3427
3478 3 2 1 1 3427 3490 3491 3428
3479 3 2 1 1 3428 3491 3492 3429
3480 3 2 1 1 3429 3492 3493 3430
3481 3 2 1 1 3430 3493 3494 3431
3482 3 2 1 1 3431 3494 3495 3432
3483 3 2 1 1 3432 3495 3496 3433
3484 3 2 1 1 3433 3496 3497 3434
3485 3 2 1 1 3434 3497 3498 3435
3486 3 2 1 1 3435 3498 3499 3436
3487 3 2 1 1 3436 3499 3500 3437
3488 3 2 1 1 3437 3500 3501 3438
3489 3 2 1 1 3438 3501 3502 3439
3490 3 2 1 1 3439 3502 3503 3440
3491 3 2 1 1 3440 3503 3504 3441
3492 3 2 1 1 3441 3504 3505 3442
3493 3 2 1 1 3442 3505 3506 3443
3494 3 2 1 1 3443 3506 3507 3444
3495 3 2 1 1 3444 3507 3508 3445
3496 3 2 1 1 3445 3508 3509 3446
3497 3 2 1 1 3446 3509 3510 3447
3498 3 2 1 1 3447 3510 3511 3448
3499 3 2 1 1 3448 3511 3512 3449
3500 3 2 1 1 3449 3512 3513 3450
3501 3 2 1 1 3450 3513 3514 3451
3502 3 2 1 1 3451 3514 3515 3452
3503 3 2 1 1 3452 3515 3516 3453
3504 3 2 1 1 3453 3516 3517 3454
3505 3 2 1 1 3454 3517 3518 3455
3506 3 2 1 1 3455 3518 3519 3456
3507 3 2 1 1 3456 3519 3520 3457
3508 3 2 1 1 3457 3520 3521 3458
3509 3 2 1 1 3458 3521 3522 3459
3510 3 2 1 1 3459 3522 3523 3460
3511 3 2 1 1 3460 3523 3524 3461
3512 3 2 1 1 3461 3524 3525 3462
3513 3 2 1 1 3462 3525 3526 3463
3514 3 2 1 1 3463 3526 3527 3464
3515 3 2 1 1 3464 3527 3528 3465
3516 3 2 1 1 3465 3528 3529 3466
3517 3 2 1 1 3466 3529 3530 3467
3518 3 2 1 1 3467 3530 3531 3468
3519 3 2 1 1 3468 3531 3532 3469
3520 3 2 1 1 3469 3532 142 143
3521 3 2 1 1 56 57 3533 3470
3522 3 2 1 1 3470 3533 3534 3471
3523 3 2 1 1 3471 3534 3535 3472
3524 3 2 1 1 3472 3535 3536 3473
3525 3 2 1 1 3473 3536 3537 3474
3526 3 2 1 1 3474 3537 3538 3475
3527 3 2 1 1 3475 3538 3539 3476
3528 3 2 1 1 3476 3539 3540 3477
3529 3 2 1 1 3477 3540 3541 3478
3530 3 2 1 1 3478 3541 3542 3479
3531 3 2 1 1 3479 3542 3543 3480
3532 3 2 1 1 3480 3543 3544 3481
3533 3 2 1 1 3481 3544 3545 3482
3534 3 2 1 1 3482 3545 3546 3483
3535 3 2 1 1 3483 3546 3547 3484
3536 3 2 1 1 3484 3547 3548 3485
3537 3 2 1 1 3485 3548 3549 3486
3538 3 2 1 1 3486 3549 3550 3487
3539 3 2 1 1 3487 3550 3551 3488
3540 3 2 1 1 3488 3551 3552 3489
3541 3 2 1 1 3489 3552 3553 3490
3542 3 2 1 1 3490 3553 3554 3491
3543 3 2 1 1 3491 3554 3555 3492
3544 3 2 1 1 3492 3555 3556 3493
3545 3 2 1 1 3493 3556 3557 3494
3546 3 2 1 1 3494 3557 3558 3495
3547 3 2 1 1 3495 3558 3559 3496
3548 3 2 1 1 3496 3559 3560 3497
3549 3 2 1 1 3497 3560 3561 3498
3550 3 2 1 1 3498 3561 3562 3499
3551 3 2 1 1 3499 3562 3563 3500
3552 3 2 1 1 3500 3563 3564 3501
3553 3 2 1 1 3501 3564 3565 3502
3554 3 2 1 1 3502 3565 3566 3503
3555 3 2 1 1 3503 3566 3567 3504
3556 3 2 1 1 3504 3567 3568 3505
3557 3 2 1 1 3505 3568 3569 3506
3558 3 2 1 1 3506 3569 3570 3507
3559 3 2 1 1 3507 3570 3571 3508
3560 3 2 1 1 3508 3571 3572 3509
3561 3 2 1 1 3509 3572 3573 3510
3562 3 2 1 1 3510 3573 3574 3511
3563 3 2 1 1 3511 3574 3575 3512
3564 3 2 1 1 3512 3575 3576 3513
3565 3 2 1 1 3513 3576 3577 3514
3566 3 2 1 1 3514 3577 3578 3515
3567 3 2 1 1 3515 3578 3579 3516
3568 3 2 1 1 3516 3579 3580 3517
3569 3 2 1 1 3517 3580 3581 3518
3570 3 2 1 1 3518 3581 3582 3519
3571 3 2 1 1 3519 3582 3583 3520
3572 3 2 1 1 3520 3583 3584 3521
3573 3 2 1 1 3521 3584 3585 3522
3574 3 2 1 1 3522 3585 3586 3523
3575 3 2 1 1 3523 3586 3587 3524
3576 3 2 1 1 3524 3587 3588 3525
3577 3 2 1 1 3525 3588 3589 3526
3578 3 2 1 1 3526 3589 3590 3527
3579 3 2 1 1 3527 3590 3591 3528
3580 3 2 1 1 3528 3591 3592 3529
3581 3 2 1 1 3529 3592 3593 3530
3582 3 2 1 1 3530 3593 3594 3531
3583 3 2 1 1 3531 3594 3595 3532
3584 3 2 1 1 3532 3595 141 142
3585 3 2 1 1 57 58 3596 3533
3586 3 2 1 1 3533 3596 3597 3534
3587 3 2 1 1 3534 3597 3598 3535
3588 3 2 1 1 3535 3598 3599 3536
3589 3 2 1 1 3536 3599 3600 3537
3590 3 2 1 1 3537 3600 3601 3538
3591 3 2 1 1 3538 3601 3602 3539
3592 3 2 1 1 3539 3602 3603 3540
3593 3 2 1 1 3540 3603 3604 3541
3594 3 2 1 1 3541 3604 3605 3542
3595 3 2 1 1 3542 3605 3606 3543
3596 3 2 1 1 3543 3606 3607 3544
3597 3 2 1 1 3544 3607 3608 3545
3598 3 2 1 1 3545 3608 3609 3546
3599 3 2 1 1 3546 3609 3610 3547
3600 3 2 1 1 3547 3610 3611 3548
3601 3 2 1 1 3548 3611 3612 3549
3602 3 2 1 1 3549 3612 3613 3550
3603 3 2 1 1 3550 3613 3614 3551
3604 3 2 1 1 3551 3614 3615 3552
3605 3 2 1 1 3552 3615 3616 3553
3606 3 2 1 1 3553 3616 3617 3554
3607 3 2 1 1 3554 3617 3618 3555
3608 3 2 1 1 3555 3618 3619 3556
3609 3 2 1 1 3556 3619 3620 3557
3610 3 2 1 1 3557 3620 3621 3558
3611 3 2 1 1 3558 3621 3622 3559
3612 3 2 1 1 3559 3622 3623 3560
3613 3 2 1 1 3560 3623 3624 3561
3614 3 2 1 1 3561 3624 3625 3562
3615 3 2 1 1 3562 3625 3626 3563
3616 3 2 1 1 3563 3626 3627 3564
3617 3 2 1 1 3564 3627 3628 3565
3618 3 2 1 1 3565 3628 3629 3566
3619 3 2 1 1 3566 3629 3630 3567
3620 3 2 1 1 3567 3630 3631 3568
3621 3 2 1 1 3568 3631 3632 3569
3622 3 2 1 1 3569 3632 3633 3570
3623 3 2 1 1 3570 3633 3634 3571
3624 3 2 1 1 3571 3634 3635 3572
3625 3 2 1 1 3572 3635 3636 3573
3626 3 2 1 1 3573 3636 3637 3574
3627 3 2 1 1 3574 3637 3638 3575
3628 3 2 1 1 3575 3638 3639 3576
3629 3 2 1 1 3576 3639 3640 3577
3630 3 2 1 1 3577 3640 3641 3578
3631 3 2 1 1 3578 3641 3642 3579
3632 3 2 1 1 3579 3642 3643 3580
3633 3 2 1 1 3580 3643 3644 3581
3634 3 2 1 1 3581 3644 3645 3582
3635 3 2 1 1 3582 3645 3646 3583
3636 3 2 1 1 3583 3646 3647 3584
3637 3 2 1 1 3584 3647 3648 3585
3638 3 2 1 1 3585 3648 3649 3586
3639 3 2 1 1 3586 3649 3650 3587
3640 3 2 1 1 3587 3650 3651 3588
3641 3 2 1 1 3588 3651 3652 3589
3642 3 2 1 1 3589 3652 3653 3590
3643 3 2 1 1 3590 3653 3654 3591
3644 3 2 1 1 3591 3654 3655 3592
3645 3 2 1 1 3592 3655 3656 3593
3646 3 2 1 1 3593 3656 3657 3594
3647 3 2 1 1 3594 3657 3658 3595
3648 3 2 1 1 3595 3658 140 141
3649 3 2 1 1 58 59 3659 3596
3650 3 2 1 1 3596 3659 3660 3597
3651 3 2 1 1 3597 3660 3661 3598
3652 3 2 1 1 3598 3661 3662 3599
3653 3 2 1 1 3599 3662 3663 3600
3654 3 2 1 1 3600 3663 3664 3601
3655 3 2 1 1 3601 3664 3665 3602
3656 3 2 1 1 3602 3665 3666 3603
3657 3 2 1 1 3603 3666 3667 3604
3658 3 2 1 1 3604 3667 3668 3605
3659 3 2 1 1 3605 3668 3669 3606
3660 3 2 1 1 3606 3669 3670 3607
3661 3 2 1 1 3607 3670 3671 3608
3662 3 2 1 1 3608 3671 3672 3609
3663 3 2 1 1 3609 3672 3673 3610
3664 3 2 1 1 3610 3673 3674 3611
3665 3 2 1 1 3611 3674 3675 3612
3666 3 2 1 1 3612 3675 3676 3613
3667 3 2 1 1 3613 3676 3677 3614
3668 3 2 1 1 3614 3677 3678 3615
3669 3 2 1 1 3615 3678 3679 3616
3670 3 2 1 1 3616 3679 3680 3617
3671 3 2 1 1 3617 3680 3681 3618
3672 3 2 1 1 3618 3681 3682 3619
3673 3 2 1 1 3619 3682 3683 3620
3674 3 2 1 1 3620 3683 3684 3621
3675 3 2 1 1 3621 3684 3685 3622
3676 3 2 1 1 3622 3685 3686 3623
3677 3 2 1 1 3623 3686 3687 3624
3678 3 2 1 1 3624 3687 3688 3625
3679 3 2 1 1 3625 3688 3689 3626
3680 3 2 1 1 3626 3689 3690 3627
3681 3 2 1 1 3627 3690 3691 3628
3682 3 2 1 1 3628 3691 3692 3629
3683 3 2 1 1 3629 3692 3693 3630
3684 3 2 1 1 3630 3693 3694 3631
3685 3 2 1 1 3631 3694 3695 3632
3686 3 2 1 1 3632 3695 3696 3633
3687 3 2 1 1 3633 3696 3697 3634
3688 3 2 1 1 3634 3697 3698 3635
3689 3 2 1 1 3635 3698 3699 3636
3690 3 2 1 1 3636 3699 3700 3637
3691 3 2 1 1 3637 3700 3701 3638
3692 3 2 1 1 3638 3701 3702 3639
3693 3 2 1 1 3639 3702 3703 3640
3694 3 2 1 1 3640 3703 3704 3641
3695 3 2 1 1 3641 3704 3705 3642
3696 3 2 1 1 3642 3705 3706 3643
3697 3 2 1 1 3643 3706 3707 3644
3698 3 2 1 1 3644 3707 3708 3645
3699 3 2 1 1 3645 3708 3709 3646
3700 3 2 1 1 3646 3709 3710 3647
3701 3 2 1 1 3647 3710 3711 3648
3702 3 2 1 1 3648 3711 3712 3649
3703 3 2 1 1 3649 3712 3713 3650
3704 3 2 1 1 3650 3713 3714 3651
3705 3 2 1 1 3651 3714 3715 3652
3706 3 2 1 1 3652 3715 3716 3653
3707 3 2 1 1 3653 3716 3717 3654
3708 3 2 1 1 3654 3717 3718 3655
3709 3 2 1 1 3655 3718 3719 3656
3710 3 2 1 1 3656 3719 3720 3657
3711 3 2 1 1 3657 3720 3721 3658
3712 3 2 1 1 3658 3721 139 140
3713 3 2 1 1 59 60 3722 3659
3714 3 2 1 1 3659 3722 3723 3660
3715 3 2 1 1 3660 3723 3724 3661
3716 3 2 1 1 3661 3724 3725 3662
3717 3 2 1 1 3662 3725 3726 3663
3718 3 2 1 1 3663 3726 3727 3664
3719 3 2 1 1 3664 3727 3728 3665
3720 3 2 1 1 3665 3728 3729 3666
3721 3 2 1 1 3666 3729 3730 3667
3722 3 2 1 1 3667 3730 3731 3668
3723 3 2 1 1 3668 3731 3732 3669
3724 3 2 1 1 3669 3732 3733 3670
3725 3 2 1 1 3670 3733 3734 3671
3726 3 2 1 1 3671 3734 3735 3672
3727 3 2 1 1 3672 3735 3736 3673
3728 3 2 1 1 3673 3736 3737 3674
3729 3 2 1 1 3674 3737 3738 3675
3730 3 2 1 1 3675 3738 3739 3676
3731 3 2 1 1 3676 3739 3740 3677
3732 3 2 1 1 3677 3740 3741 3678
3733 3 2 1 1 3678 3741 3742 3679
3734 3 2 1 1 3679 3742 3743 3680
3735 3 2 1 1 3680 3743 3744 3681
3736 3 2 1 1 3681 3744 3745 3682
3737 3 2 1 1 3682 3745 3746 3683
3738 3 2 1 1 3683 3746 3747 3684
3739 3 2 1 1 3684 3747 3748 3685
3740 3 2 1 1 3685 3748 3749 3686
3741 3 2 1 1 3686 3749 3750 3687
3742 3 2 1 1 3687 3750 3751 3688
3743 3 2 1 1 3688 3751 3752 3689
3744 3 2 1 1 3689 3752 3753 3690
3745 3 2 1 1 3690 3753 3754 3691
3746 3 2 1 1 3691 3754 3755 3692
3747 3 2 1 1 3692 3755 3756 3693
3748 3 2 1 1 3693 3756 3757 3694
3749 3 2 1 1 3694 3757 3758 3695
3750 3 2 1 1 3695 3758 3759 3696
3751 3 2 1 1 3696 3759 3760 3697
3752 3 2 1 1 3697 3760 3761 3698
3753 3 2 1 1 3698 3761 3762 3699
3754 3 2 1 1 3699 3762 3763 3700
3755 3 2 1 1 3700 3763 3764 3701
3756 3 2 1 1 3701 3764 3765 3702
3757 3 2 1 1 3702 3765 3766 3703
3758 3 2 1 1 3703 3766 3767 3704
3759 3 2 1 1 3704 3767 3768 3705
3760 3 2 1 1 3705 3768 3769 3706
3761 3 2 1 1 3706 3769 3770 3707
3762 3 2 1 1 3707 3770 3771 3708
3763 3 2 1 1 3708 3771 3772 3709
3764 3 2 1 1 3709 3772 3773 3710
3765 3 2 1 1 3710 3773 3774 3711
3766 3 2 1 1 3711 3774 3775 3712
3767 3 2 1 1 3712 3775 3776 3713
3768 3 2 1 1 3713 3776 3777 3714
3769 3 2 1 1 3714 3777 3778 3715
3770 3 2 1 1 3715 3778 3779 3716
3771 3 2 1 1 3716 3779 3780 3717
3772 3 2 1 1 3717 3780 3781 3718
3773 3 2 1 1 3718 3781 3782 3719
3774 3 2 1 1 3719 3782 3783 3720
3775 3 2 1 1 3720 3783 3784 3721
3776 3 2 1 1 3721 3784 138 139
3777 3 2 1 1 60 61 3785 3722
3778 3 2 1 1 3722 3785 3786 3723
3779 3 2 1 1 3723 3786 3787 3724
3780 3 2 1 1 3724 3787 3788 3725
3781 3 2 1 1 3725 3788 3789 3726
3782 3 2 1 1 3726 3789 3790 3727
3783 3 2 1 1 3727 3790 3791 3728
3784 3 2 1 1 3728 3791 3792 3729
3785 3 2 1 1 3729 3792 3793 3730
3786 3 2 1 1 3730 3793 3794 3731
3787 3 2 1 1 3731 3794 3795 3732
3788 3 2 1 1 3732 3795 3796 3733
3789 3 2 1 1 3733 3796 3797 3734
3790 3 2 1 1 3734 3797 3798 3735
3791 3 2 1 1 3735 3798 3799 3736
3792 3 2 1 1 3736 3799 3800 3737
3793 3 2 1 1 3737 3800 3801 3738
3794 3 2 1 1 3738 3801 3802 3739
3795 3 2 1 1 3739 3802 3803 3740
3796 3 2 1 1 3740 3803 3804 3741
3797 3 2 1 1 3741 3804 3805 3742
3798 3 2 1 1 3742 3805 3806 3743
3799 3 2 1 1 3743 3806 3807 3744
3800 3 2 1 1 3744 3807 3808 3745
3801 3 2 1 1 3745 3808 3809 3746
3802 3 2 1 1 3746 3809 3810 3747
3803 3 2 1 1 3747 3810 3811 3748
3804 3 2 1 1 3748 3811 3812 3749
3805 3 2 1 1 3749 3812 3813 3750
3806 3 2 1 1 3750 3813 3814 3751
3807 3 2 1 1 3751 3814 3815 3752
3808 3 2 1 1 3752 3815 3816 3753
3809 3 2 1 1 3753 3816 3817 3754
3810 3 2 1 1 3754 3817 3818 3755
3811 3 2 1 1 3755 3818 3819 3756
3812 3 2 1 1 3756 3819 3820 3757
3813 3 2 1 1 3757 3820 3821 3758
3814 3 2 1 1 3758 3821 3822 3759
3815 3 2 1 1 3759 3822 3823 3760
3816 3 2 1 1 3760 3823 3824 3761
3817 3 2 1 1 3761 3824 3825 3762
3818 3 2 1 1 3762 3825 3826 3763
3819 3 2 1 1 3763 3826 3827 3764
3820 3 2 1 1 3764 3827 3828 3765
3821 3 2 1 1 3765 3828 3829 3766
3822 3 2 1 1 3766 3829 3830 3767
3823 3 2 1 1 3767 3830 3831 3768
3824 3 2 1 1 3768 3831 3832 3769
3825 3 2 1 1 3769 3832 3833 3770
3826 3 2 1 1 3770 3833 3834 3771
3827 3 2 1 1 3771 3834 3835 3772
3828 3 2 1 1 3772 3835 3836 3773
3829 3 2 1 1 3773 3836 3837 3774
3830 3 2 1 1 3774 3837 3838 3775
3831 3 2 1 1 3775 3838 3839 3776
3832 3 2 1 1 3776 3839 3840 3777
3833 3 2 1 1 3777 3840 3841 3778
3834 3 2 1 1 3778 3841 3842 3779
3835 3 2 1 1 3779 3842 3843 3780
3836 3 2 1 1 3780 3843 3844 3781
3837 3 2 1 1 3781 3844 3845 3782
3838 3 2 1 1 3782 3845 3846 3783
3839 3 2 1 1 3783 3846 3847 3784
3840 3 2 1 1 3784 3847 137 138
3841 3 2 1 1 61 62 3848 3785
3842 3 2 1 1 3785 3848 3849 3786
3843 3 2 1 1 3786 3849 3850 3787
3844 3 2 1 1 3787 3850 3851 3788
3845 3 2 1 1 3788 3851 3852 3789
3846 3 2 1 1 3789 3852 3853 3790
3847 3 2 1 1 3790 3853 3854 3791
3848 3 2 1 1 3791 3854 3855 3792
3849 3 2 1 1 3792 3855 3856 3793
3850 3 2 1 1 3793 3856 3857 3794
3851 3 2 1 1 3794 3857 3858 3795
3852 3 2 1 1 3795 3858 3859 3796
3853 3 2 1 1 3796 3859 3860 3797
3854 3 2 1 1 3797 3860 3861 3798
3855 3 2 1 1 3798 3861 3862 3799
3856 3 2 1 1 3799 3862 3863 3800
3857 3 2 1 1 3800 3863 3864 3801
3858 3 2 1 1 3801 3864 3865 3802
3859 3 2 1 1 3802 3865 3866 3803
3860 3 2 1 1 3803 3866 3867 3804
3861 3 2 1 1 3804 3867 3868 3805
3862 3 2 1 1 3805 3868 3869 3806
3863 3 2 1 1 3806 3869 3870 3807
3864 3 2 1 1 3807 3870 3871 3808
3865 3 2 1 1 3808 3871 3872 3809
3866 3 2 1 1 3809 3872 3873 3810
3867 3 2 1 1 3810 3873 3874 3811
3868 3 2 1 1 3811 3874 3875 3812
3869 3 2 1 1 3812 3875 3876 3813
3870 3 2 1 1 3813 3876 3877 3814
3871 3 2 1 1 3814 3877 3878 3815
3872 3 2 1 1 3815 3878 3879 3816
3873 3 2 1 1 3816 3879 3880 3817
3874 3 2 1 1 3817 3880 3881 3818
3875 3 2 1 1 3818 3881 3882 3819
3876 3 2 1 1 3819 3882 3883 3820
3877 3 2 1 1 3820 3883 3884 3821
3878 3 2 1 1 3821 3884 3885 3822
3879 3 2 1 1 3822 3885 3886 3823
3880 3 2 1 1 3823 3886 3887 3824
3881 3 2 1 1 3824 3887 3888 3825
3882 3 2 1 1 3825 3888 3889 3826
3883 3 2 1 1 3826 3889 3890 3827
3884 3 2 1 1 3827 3890 3891 3828
3885 3 2 1 1 3828 3891 3892 3829
3886 3 2 1 1 3829 3892 3893 3830
3887 3 2 1 1 3830 3893 3894 3831
3888 3 2 1 1 3831 3894 3895 3832
3889 3 2 1 1 3832 3895 3896 3833
3890 3 2 1 1 3833 3896 3897 3834
3891 3 2 1 1 3834 3897 3898 3835
3892 3 2 1 1 3835 3898 3899 3836
3893 3 2 1 1 3836 3899 3900 3837
3894 3 2 1 1 3837 3900 3901 3838
3895 3 2 1 1 3838 3901 3902 3839
3896 3 2 1 1 3839 3902 3903 3840
3897 3 2 1 1 3840 3903 3904 3841
3898 3 2 1 1 3841 3904 3905 3842
3899 3 2 1 1 3842 3905 3906 3843
3900 3 2 1 1 3843 3906 3907 3844
3901 3 2 1 1 3844 3907 3908 3845
3902 3 2 1 1 3845 3908 3909 3846
3903 3 2 1 1 3846 3909 3910 3847
3904 3 2 1 1 3847 3910 136 137
3905 3 2 1 1 62 63 3911 3848
3906 3 2 1 1 3848 3911 3912 3849
3907 3 2 1 1 3849 3912 3913 3850
3908 3 2 1 1 3850 3913 3914 3851
3909 3 2 1 1 3851 3914 3915 3852
3910 3 2 1 1 3852 3915 3916 3853
3911 3 2 1 1 3853 3916 3917 3854
3912 3 2 1 1 3854 3917 3918 3855
3913 3 2 1 1 3855 3918 3919 3856
3914 3 2 1 1 3856 3919 3920 3857
3915 3 2 1 1 3857 3920 3921 3858
3916 3 2 1 1 3858 3921 3922 3859
3917 3 2 1 1 3859 3922 3923 3860
3918 3 2 1 1 3860 3923 3924 3861
3919 3 2 1 1 3861 3924 3925 3862
3920 3 2 1 1 3862 3925 3926 3863
3921 3 2 1 1 3863 3926 3927 3864
3922 3 2 1 1 3864 3927 3928 3865
3923 3 2 1 1 3865 3928 3929 3866
3924 3 2 1 1 3866 3929 3930 3867
3925 3 2 1 1 3867 3930 3931 3868
3926 3 2 1 1 3868 3931 3932 3869
3927 3 2 1 1 3869 3932 3933 3870
3928 3 2 1 1 3870 3933 3934 3871
3929 3 2 1 1 3871 3934 3935 3872
3930 3 2 1 1 3872 3935 3936 3873
3931 3 2 1 1 3873 3936 3937 3874
3932 3 2 1 1 3874 3937 3938 3875
3933 3 2 1 1 3875 3938 3939 3876
3934 3 2 1 1 3876 3939 3940 3877
3935 3 2 1 1 3877 3940 3941 3878
3936 3 2 1 1 3878 3941 3942 3879
3937 3 2 1 1 3879 3942 3943 3880
3938 3 2 1 1 3880 3943 3944 3881
3939 3 2 1 1 3881 3944 3945 3882
3940 3 2 1 1 3882 3945 3946 3883
3941 3 2 1 1 3883 3946 3947 3884
3942 3 2 1 1 3884 3947 3948 3885
3943 3 2 1 1 3885 3948 3949 3886
3944 3 2 1 1 3886 3949 3950 3887
3945 3 2 1 1 3887 3950 3951 3888
3946 3 2 1 1 3888 3951 3952 3889
3947 3 2 1 1 3889 3952 3953 3890
3948 3 2 1 1 3890 3953 3954 3891
3949 3 2 1 1 3891 3954 3955 3892
3950 3 2 1 1 3892 3955 3956 3893
3951 3 2 1 1 3893 3956 3957 3894
3952 3 2 1 1 3894 3957 3958 3895
3953 3 2 1 1 3895 3958 3959 3896
3954 3 2 1 1 3896 3959 3960 3897
3955 3 2 1 1 3897 3960 3961 3898
3956 3 2 1 1 3898 3961 3962 3899
3957 3 2 1 1 3899 3962 3963 3900
3958 3 2 1 1 3900 3963 3964 3901
3959 3 2 1 1 3901 3964 3965 3902
3960 3 2 1 1 3902 3965 3966 3903
3961 3 2 1 1 3903 3966 3967 3904
3962 3 2 1 1 3904 3967 3968 3905
3963 3 2 1 1 3905 3968 3969 3906
3964 3 2 1 1 3906 3969 3970 3907
3965 3 2 1 1 3907 3970 3971 3908
3966 3 2 1 1 3908 3971 3972 3909
3967 3 2 1 1 3909 3972 3973 3910
3968 3 2 1 1 3910 3973 135 136
3969 3 2 1 1 63 64 3974 3911
3970 3 2 1 1 3911 3974 3975 3912
3971 3 2 1 1 3912 3975 3976 3913
3972 3 2 1 1 3913 3976 3977 3914
3973 3 2 1 1 3914 3977 3978 3915
3974 3 2 1 1 3915 3978 3979 3916
3975 3 2 1 1 3916 3979 3980 3917
3976 3 2 1 1 3917 3980 3981 3918
3977 3 2 1 1 3918 3981 3982 3919
3978 3 2 1 1 3919 3982 3983 3920
3979 3 2 1 1 3920 3983 3984 3921
3980 3 2 1 1 3921 3984 3985 3922
3981 3 2 1 1 3922 3985 3986 3923
3982 3 2 1 1 3923 3986 3987 3924
3983 3 2 1 1 3924 3987 3988 3925
3984 3 2 1 1 3925 3988 3989 3926
3985 3 2 1 1 3926 3989 3990 3927
3986 3 2 1 1 3927 3990 3991 3928
3987 3 2 1 1 3928 3991 3992 3929
3988 3 2 1 1 3929 3992 3993 3930
3989 3 2 1 1 3930 3993 3994 3931
3990 3 2 1 1 3931 3994 3995 3932
3991 3 2 1 1 3932 3995 3996 3933
3992 3 2 1 1 3933 3996 3997 3934
3993 3 2 1 1 3934 3997 3998 3935
3994 3 2 1 1 3935 3998 3999 3936
3995 3 2 1 1 3936 3999 4000 3937
3996 3 2 1 1 3937 4000 4001 3938
3997 3 2 1 1 3938 4001 4002 3939
3998 3 2 1 1 3939 4002 4003 3940
3999 3 2 1 1 3940 4003 4004 3941
4000 3 2 1 1 3941 4004 4005 3942
4001 3 2 1 1 3942 4005 4006 3943
4002 3 2 1 1 3943 4006 4007 3944
4003 3 2 1 1 3944 4007 4008 3945
4004 3 2 1 1 3945 4008 4009 3946
4005 3 2 1 1 3946 4009 4010 3947
4006 3 2 1 1 3947 4010 4011 3948
4007 3 2 1 1 3948 4011 4012 3949
4008 3 2 1 1 3949 4012 4013 3950
4009 3 2 1 1 3950 4013 4014 3951
4010 3 2 1 1 3951 4014 4015 3952
4011 3 2 1 1 3952 4015 4016 3953
4012 3 2 1 1 3953 4016 4017 3954
4013 3 2 1 1 3954 4017 4018 3955
4014 3 2 1 1 3955 4018 4019 3956
4015 3 2 1 1 3956 4019 4020 3957
4016 3 2 1 1 3957 4020 4021 3958
4017 3 2 1 1 3958 4021 4022 3959
4018 3 2 1 1 3959 4022 4023 3960
4019 3 2 1 1 3960 4023 4024 3961
4020 3 2 1 1 3961 4024 4025 3962
4021 3 2 1 1 3962 4025 4026 3963
4022 3 2 1 1 3963 4026 4027 3964
4023 3 2 1 1 3964 4027 4028 3965
4024 3 2 1 1 3965 4028 4029 3966
4025 3 2 1 1 3966 4029 4030 3967
4026 3 2 1 1 3967 4030 4031 3968
4027 3 2 1 1 3968 4031 4032 3969
4028 3 2 1 1 3969 4032 4033 3970
4029 3 2 1 1 3970 4033 4034 3971
4030 3 2 1 1 3971 4034 4035 3972
4031 3 2 1 1 3972 4035 4036 3973
4032 3 2 1 1 3973 4036 134 135
4033 3 2 1 1 64 65 4037 3974
4034 3 2 1 1 3974 4037 4038 3975
4035 3 2 1 1 3975 4038 4039 3976
4036 3 2 1 1 3976 4039 4040 3977
4037 3 2 1 1 3977 4040 4041 3978
4038 3 2 1 1 3978 4041 4042 3979
4039 3 2 1 1 3979 4042 4043 3980
4040 3 2 1 1 3980 4043 4044 3981
4041 3 2 1 1 3981 4044 4045 3982
4042 3 2 1 1 3982 4045 4046 3983
4043 3 2 1 1 3983 4046 4047 3984
4044 3 2 1 1 3984 4047 4048 3985
4045 3 2 1 1 3985 4048 4049 3986
4046 3 2 1 1 3986 4049 4050 3987
4047 3 2 1 1 3987 4050 4051 3988
4048 3 2 1 1 3988 4051 4052 3989
4049 3 2 1 1 3989 4052 4053 3990
4050 3 2 1 1 3990 4053 4054 3991
4051 3 2 1 1 3991 4054 4055 3992
4052 3 2 1 1 3992 4055 4056 3993
4053 3 2 1 1 3993 4056 4057 3994
4054 3 2 1 1 3994 4057 4058 3995
4055 3 2 1 1 3995 4058 4059 3996
4056 3 2 1 1 3996 4059 4060 3997
4057 3 2 1 1 3997 4060 4061 3998
4058 3 2 1 1 3998 4061 4062 3999
4059 3 2 1 1 3999 4062 4063 4000
4060 3 2 1 1 4000 4063 4064 4001
4061 3 2 1 1 4001 4064 4065 4002
4062 3 2 1 1 4002 4065 4066 4003
4063 3 2 1 1 4003 4066 4067 4004
4064 3 2 1 1 4004 4067 4068 4005
4065 3 2 1 1 4005 4068 4069 4006
4066 3 2 1 1 4006 4069 4070 4007
4067 3 2 1 1 4007 4070 4071 4008
4068 3 2 1 1 4008 4071 4072 4009
4069 3 2 1 1 4009 4072 4073 4010
4070 3 2 1 1 4010 4073 4074 4011
4071 3 2 1 1 4011 4074 4075 4012
4072 3 2 1 1 4012 4075 4076 4013
4073 3 2 1 1 4013 4076 4077 4014
4074 3 2 1 1 4014 4077 4078 4015
4075 3 2 1 1 4015 4078 4079 4016
4076 3 2 1 1 4016 4079 4080 4017
4077 3 2 1 1 4017 4080 4081 4018
4078 3 2 1 1 4018 4081 4082 4019
4079 3 2 1 1 4019 4082 4083 4020
4080 3 2 1 1 4020 4083 4084 4021
4081 3 2 1 1 4021 4084 4085 4022
4082 3 2 1 1 4022 4085 4086 4023
4083 3 2 1 1 4023 4086 4087 4024
4084 3 2 1 1 4024 4087 4088 4025
4085 3 2 1 1 4025 4088 4089 4026
4086 3 2 1 1 4026 4089 4090 4027
4087 3 2 1 1 4027 4090 4091 4028
4088 3 2 1 1 4028 4091 4092 4029
4089 3 2 1 1 4029 4092 4093 4030
4090 3 2 1 1 4030 4093 4094 4031
4091 3 2 1 1 4031 4094 4095 4032
4092 3 2 1 1 4032 4095 4096 4033
4093 3 2 1 1 4033 4096 4097 4034
4094 3 2 1 1 4034 4097 4098 4035
4095 3 2 1 1 4035 4098 4099 4036
4096 3 2 1 1 4036 4099 133 134
4097 3 2 1 1 65 66 4100 4037
4098 3 2 1 1 4037 4100 4101 4038
4099 3 2 1 1 4038 4101 4102 4039
4100 3 2 1 1 4039 4102 4103 4040
4101 3 2 1 1 4040 4103 4104 4041
4102 3 2 1 1 4041 4104 4105 4042
4103 3 2 1 1 4042 4105 4106 4043
4104 3 2 1 1 4043 4106 4107 4044
4105 3 2 1 1 4044 4107 4108 4045
4106 3 2 1 1 4045 4108 4109 4046
4107 3 2 1 1 4046 4109 4110 4047
4108 3 2 1 1 4047 4110 4111 4048
4109 3 2 1 1 4048 4111 4112 4049
4110 3 2 1 1 4049 4112 4113 4050
4111 3 2 1 1 4050 4113 4114 4051
4112 3 2 1 1 4051 4114 4115 4052
4113 3 2 1 1 4052 4115 4116 4053
4114 3 2 1 1 4053 4116 4117 4054
4115 3 2 1 1 4054 4117 4118 4055
4116 3 2 1 1 4055 4118 4119 4056
4117 3 2 1 1 4056 4119 4120 4057
4118 3 2 1 1 4057 4120 4121 4058
4119 3 2 1 1 4058 4121 4122 4059
4120 3 2 1 1 4059 4122 4123 4060
4121 3 2 1 1 4060 4123 4124 4061
4122 3 2 1 1 4061 4124 4125 4062
4123 3 2 1 1 4062 4125 4126 4063
4124 3 2 1 1 4063 4126 4127 4064
4125 3 2 1 1 4064 4127 4128 4065
4126 3 2 1 1 4065 4128 4129 4066
4127 3 2 1 1 4066 4129 4130 4067
4128 3 2 1 1 4067 4130 4131 4068
4129 3 2 1 1 4068 4131 4132 4069
4130 3 2 1 1 4069 4132 4133 4070
4131 3 2 1 1 4070 4133 4134 4071
4132 3 2 1 1 4071 4134 4135 4072
4133 3 2 1 1 4072 4135 4136 4073
4134 3 2 1 1 4073 4136 4137 4074
4135 3 2 1 1 4074 4137 4138 4075
4136 3 2 1 1 4075 4138 4139 4076
4137 3 2 1 1 4076 4139 4140 4077
4138 3 2 1 1 4077 4140 4141 4078
4139 3 2 1 1 4078 4141 4142 4079
4140 3 2 1 1 4079 4142 4143 4080
4141 3 2 1 1 4080 4143 4144 4081
4142 3 2 1 1 4081 4144 4145 4082
4143 3 2 1 1 4082 4145 4146 4083
4144 3 2 1 1 4083 4146 4147 4084
4145 3 2 1 1 4084 4147 4148 4085
4146 3 2 1 1 4085 4148 4149 4086
4147 3 2 1 1 4086 4149 4150 4087
4148 3 2 1 1 4087 4150 4151 4088
4149 3 2 1 1 4088 4151 4152 4089
4150 3 2 1 1 4089 4152 4153 4090
4151 3 2 1 1 4090 4153 4154 4091
4152 3 2 1 1 4091 4154 4155 4092
4153 3 2 1 1 4092 4155 4156 4093
4154 3 2 1 1 4093 4156 4157 4094
4155 3 2 1 1 4094 4157 4158 4095
4156 3 2 1 1 4095 4158 4159 4096
4157 3 2 1 1 4096 4159 4160 4097
4158 3 2 1 1 4097 4160 4161 4098
4159 3 2 1 1 4098 4161 4162 4099
4160 3 2 1 1 4099 4162 132 133
4161 3 2 1 1 66 67 4163 4100
4162 3 2 1 1 4100 4163 4164 4101
4163 3 2 1 1 4101 4164 4165 4102
4164 3 2 1 1 4102 4165 4166 4103
4165 3 2 1 1 4103 4166 4167 4104
4166 3 2 1 1 4104 4167 4168 4105
4167 3 2 1 1 4105 4168 4169 4106
4168 3 2 1 1 4106 4169 4170 4107
4169 3 2 1 1 4107 4170 4171 4108
4170 3 2 1 1 4108 4171 4172 4109
4171 3 2 1 1 4109 4172 4173 4110
4172 3 2 1 1 4110 4173 4174 4111
4173 3 2 1 1 4111 4174 4175 4112
4174 3 2 1 1 4112 4175 4176 4113
4175 3 2 1 1 4113 4176 4177 4114
4176 3 2 1 1 4114 4177 4178 4115
4177 3 2 1 1 4115 4178 4179 4116
4178 3 2 1 1 4116 4179 4180 4117
4179 3 2 1 1 4117 4180 4181 4118
4180 3 2 1 1 4118 4181 4182 4119
4181 3 2 1 1 4119 4182 4183 4120
4182 3 2 1 1 4120 4183 4184 4121
4183 3 2 1 1 4121 4184 4185 4122
4184 3 2 1 1 4122 4185 4186 4123
4185 3 2 1 1 4123 4186 4187 4124
4186 3 2 1 1 4124 4187 4188 4125
4187 3 2 1 1 4125 4188 4189 4126
4188 3 2 1 1 4126 4189 4190 4127
4189 3 2 1 1 4127 4190 4191 4128
4190 3 2 1 1 4128 4191 4192 4129
4191 3 2 1 1 4129 4192 4193 4130
4192 3 2 1 1 4130 4193 4194 4131
4193 3 2 1 1 4131 4194 4195 4132
4194 3 2 1 1 4132 4195 4196 4133
4195 3 2 1 1 4133 4196 4197 4134
4196 3 2 1 1 4134 4197 4198 4135
4197 3 2 1 1 4135 4198 4199 4136
4198 3 2 1 1 4136 4199 4200 4137
4199 3 2 1 1 4137 4200 4201 4138
4200 3 2 1 1 4138 4201 4202 4139
4201 3 2 1 1 4139 4202 4203 4140
4202 3 2 1 1 4140 4203 4204 4141
4203 3 2 1 1 4141 4204 4205 4142
4204 3 2 1 1 4142 4205 4206 4143
4205 3 2 1 1 4143 4206 4207 4144
4206 3 2 1 1 4144 4207 4208 4145
4207 3 2 1 1 4145 4208 4209 4146
4208 3 2 1 1 4146 4209 4210 4147
4209 3 2 1 1 4147 4210 4211 4148
4210 3 2 1 1 4148 4211 4212 4149
4211 3 2 1 1 4149 4212 4213 4150
4212 3 2 1 1 4150 4213 4214 4151
4213 3 2 1 1 4151 4214 4215 4152
4214 3 2 1 1 4152 4215 4216 4153
4215 3 2 1 1 4153 4216 4217 4154
4216 3 2 1 1 4154 4217 4218 4155
4217 3 2 1 1 4155 4218 4219 4156
4218 3 2 1 1 4156 4219 4220 4157
4219 3 2 1 1 4157 4220 4221 4158
4220 3 2 1 1 4158 4221 4222 4159
4221 3 2 1 1 4159 4222 4223 4160
4222 3 2 1 1 4160 4223 4224 4161
4223 3 2 1 1 4161 4224 4225 4162
4224 3 2 1 1 4162 4225 131 132
4225 3 2 1 1 67 2 68 4163
4226 3 2 1 1 4163 68 69 4164
4227 3 2 1 1 4164 69 70 4165
4228 3 2 1 1 4165 70 71 4166
4229 3 2 1 1 4166 71 72 4167
4230 3 2 1 1 4167 72 73 4168
4231 3 2 1 1 4168 73 74 4169
4232 3 2 1 1 4169 74 75 4170
4233 3 2 1 1 4170 75 76 4171
4234 3 2 1 1 4171 76 77 4172
4235 3 2 1 1 4172 77 78 4173
4236 3 2 1 1 4173 78 79 4174
4237 3 2 1 1 4174 79 80 4175
4238 3 2 1 1 4175 80 81 4176
4239 3 2 1 1 4176 81 82 4177
4240 3 2 1 1 4177 82 83 4178
4241 3 2 1 1 4178 83 84 4179
4242 3 2 1 1 4179 84 85 4180
4243 3 2 1 1 4180 85 86 4181
4244 3 2 1 1 4181 86 87 4182
4245 3 2 1 1 4182 87 88 4183
4246 3 2 1 1 4183 88 89 4184
4247 3 2 1 1 4184 89 90 4185
4248 3 2 1 1 4185 90 91 4186
4249 3 2 1 1 4186 91 92 4187
4250 3 2 1 1 4187 92 93 4188
4251 3 2 1 1 4188 93 94 4189
4252 3 2 1 1 4189 94 95 4190
4253 3 2 1 1 4190 95 96 4191
4254 3 2 1 1 4191 96 97 4192
4255 3 2 1 1 4192 97 98 4193
4256 3 2 1 1 4193 98 99 4194
4257 3 2 1 1 4194 99 100 4195
4258 3 2 1 1 4195 100 101 4196
4259 3 2 1 1 4196 101 102 4197
4260 3 2 1 1 4197 102 103 4198
4261 3 2 1 1 4198 103 104 4199
4262 3 2 1 1 4199 104 105 4200
4263 3 2 1 1 4200 105 106 4201
4264 3 2 1 1 4201 106 107 4202
4265 3 2 1 1 4202 107 108 4203
4266 3 2 1 1 4203 108 109 4204
4267 3 2 1 1 4204 109 110 4205
4268 3 2 1 1 4205 110 111 4206
4269 3 2 1 1 4206 111 112 4207
4270 3 2 1 1 4207 112 113 4208
4271 3 2 1 1 4208 113 114 4209
4272 3 2 1 1 4209 114 115 4210
4273 3 2 1 1 4210 115 116 4211
4274 3 2 1 1 4211 116 117 4212
4275 3 2 1 1 4212 117 118 4213
4276 3 2 1 1 4213 118 119 4214
4277 3 2 1 1 4214 119 120 4215
4278 3 2 1 1 4215 120 121 4216
4279 3 2 1 1 4216 121 122 4217
4280 3 2 1 1 4217 122 123 4218
4281 3 2 1 1 4218 123 124 4219
4282 3 2 1 1 4219 124 125 4220
4283 3 2 1 1 4220 125 126 4221
4284 3 2 1 1 4221 126 127 4222
4285 3 2 1 1 4222 127 128 4223
4286 3 2 1 1 4223 128 129 4224
4287 3 2 1 1 4224 129 130 4225
4288 3 2 1 1 4225 130 3 131
$EndElements
