# vtk DataFile Version 3.0
Broken Mesh Solution
ASCII
DATASET UNSTRUCTURED_GRID

POINTS 3496 float
-0.5 -0.5 0.0
0.5 -0.5 0.0
0.5 0.5 0.0
-0.5 0.5 0.0
-0.4750000000000694 -0.5 0.0
-0.4500000000001387 -0.5 0.0
-0.425000000000208 -0.5 0.0
-0.4000000000002774 -0.5 0.0
-0.3750000000003467 -0.5 0.0
-0.3500000000004161 -0.5 0.0
-0.3250000000004855 -0.5 0.0
-0.3000000000005548 -0.5 0.0
-0.2750000000006241 -0.5 0.0
-0.2500000000006935 -0.5 0.0
-0.2250000000007629 -0.5 0.0
-0.2000000000008322 -0.5 0.0
-0.1750000000009015 -0.5 0.0
-0.1500000000009709 -0.5 0.0
-0.1250000000010403 -0.5 0.0
-0.1000000000011096 -0.5 0.0
-0.0750000000011789 -0.5 0.0
-0.05000000000124821 -0.5 0.0
-0.02500000000131763 -0.5 0.0
-1.376121439022882e-12 -0.5 0.0
0.02499999999868241 -0.5 0.0
0.04999999999875171 -0.5 0.0
0.07499999999882101 -0.5 0.0
0.09999999999889042 -0.5 0.0
0.1249999999989597 -0.5 0.0
0.1499999999990291 -0.5 0.0
0.1749999999990984 -0.5 0.0
0.1999999999991677 -0.5 0.0
0.2249999999992371 -0.5 0.0
0.2499999999993064 -0.5 0.0
0.2749999999993757 -0.5 0.0
0.2999999999994452 -0.5 0.0
0.3249999999995146 -0.5 0.0
0.349999999999584 -0.5 0.0
0.3749999999996533 -0.5 0.0
0.3999999999997227 -0.5 0.0
0.424999999999792 -0.5 0.0
0.4499999999998613 -0.5 0.0
0.4749999999999307 -0.5 0.0
0.5 -0.4750000000000694 0.0
0.5 -0.4500000000001387 0.0
0.5 -0.425000000000208 0.0
0.5 -0.4000000000002774 0.0
0.5 -0.3750000000003467 0.0
0.5 -0.3500000000004161 0.0
0.5 -0.3250000000004855 0.0
0.5 -0.3000000000005548 0.0
0.5 -0.2750000000006241 0.0
0.5 -0.2500000000006935 0.0
0.5 -0.2250000000007629 0.0
0.5 -0.2000000000008322 0.0
0.5 -0.1750000000009015 0.0
0.5 -0.1500000000009709 0.0
0.5 -0.1250000000010403 0.0
0.5 -0.1000000000011096 0.0
0.5 -0.0750000000011789 0.0
0.5 -0.05000000000124821 0.0
0.5 -0.02500000000131763 0.0
0.5 -1.376121439022882e-12 0.0
0.5 0.02499999999868241 0.0
0.5 0.04999999999875171 0.0
0.5 0.07499999999882101 0.0
0.5 0.09999999999889042 0.0
0.5 0.1249999999989597 0.0
0.5 0.1499999999990291 0.0
0.5 0.1749999999990984 0.0
0.5 0.1999999999991677 0.0
0.5 0.2249999999992371 0.0
0.5 0.2499999999993064 0.0
0.5 0.2749999999993757 0.0
0.5 0.2999999999994452 0.0
0.5 0.3249999999995146 0.0
0.5 0.349999999999584 0.0
0.5 0.3749999999996533 0.0
0.5 0.3999999999997227 0.0
0.5 0.424999999999792 0.0
0.5 0.4499999999998613 0.0
0.5 0.4749999999999307 0.0
0.4750000000000694 0.5 0.0
0.4500000000001387 0.5 0.0
0.425000000000208 0.5 0.0
0.4000000000002774 0.5 0.0
0.3750000000003467 0.5 0.0
0.3500000000004161 0.5 0.0
0.3250000000004855 0.5 0.0
0.3000000000005548 0.5 0.0
0.2750000000006241 0.5 0.0
0.2500000000006935 0.5 0.0
0.2250000000007629 0.5 0.0
0.2000000000008322 0.5 0.0
0.1750000000009015 0.5 0.0
0.1500000000009709 0.5 0.0
0.1250000000010403 0.5 0.0
0.1000000000011096 0.5 0.0
0.0750000000011789 0.5 0.0
0.05000000000124821 0.5 0.0
0.02500000000131763 0.5 0.0
1.376121439022882e-12 0.5 0.0
-0.02499999999868241 0.5 0.0
-0.04999999999875171 0.5 0.0
-0.07499999999882101 0.5 0.0
-0.09999999999889042 0.5 0.0
-0.1249999999989597 0.5 0.0
-0.1499999999990291 0.5 0.0
-0.1749999999990984 0.5 0.0
-0.1999999999991677 0.5 0.0
-0.2249999999992371 0.5 0.0
-0.2499999999993064 0.5 0.0
-0.2749999999993757 0.5 0.0
-0.2999999999994452 0.5 0.0
-0.3249999999995146 0.5 0.0
-0.349999999999584 0.5 0.0
-0.3749999999996533 0.5 0.0
-0.3999999999997227 0.5 0.0
-0.424999999999792 0.5 0.0
-0.4499999999998613 0.5 0.0
-0.4749999999999307 0.5 0.0
-0.5 0.4750000000000694 0.0
-0.5 0.4500000000001387 0.0
-0.5 0.425000000000208 0.0
-0.5 0.4000000000002774 0.0
-0.5 0.3750000000003467 0.0
-0.5 0.3500000000004161 0.0
-0.5 0.3250000000004855 0.0
-0.5 0.3000000000005548 0.0
-0.5 0.2750000000006241 0.0
-0.5 0.2500000000006935 0.0
-0.5 0.2250000000007629 0.0
-0.5 0.2000000000008322 0.0
-0.5 0.1750000000009015 0.0
-0.5 0.1500000000009709 0.0
-0.5 0.1250000000010403 0.0
-0.5 0.1000000000011096 0.0
-0.5 0.0750000000011789 0.0
-0.5 0.05000000000124821 0.0
-0.5 0.02500000000131763 0.0
-0.5 1.376121439022882e-12 0.0
-0.5 -0.02499999999868241 0.0
-0.5 -0.04999999999875171 0.0
-0.5 -0.07499999999882101 0.0
-0.5 -0.09999999999889042 0.0
-0.5 -0.1249999999989597 0.0
-0.5 -0.1499999999990291 0.0
-0.5 -0.1749999999990984 0.0
-0.5 -0.1999999999991677 0.0
-0.5 -0.2249999999992371 0.0
-0.5 -0.2499999999993064 0.0
-0.5 -0.2749999999993757 0.0
-0.5 -0.2999999999994452 0.0
-0.5 -0.3249999999995146 0.0
-0.5 -0.349999999999584 0.0
-0.5 -0.3749999999996533 0.0
-0.5 -0.3999999999997227 0.0
-0.5 -0.424999999999792 0.0
-0.5 -0.4499999999998613 0.0
-0.5 -0.4749999999999307 0.0
0.01250258979832731 -0.4802410094210594 0.0
0.4783493649914454 0.01250000010784282 0.0
-0.0125000000086547 0.4783493649834427 0.0
-0.478349364905389 -0.01249999999865323 0.0
0.478349366693311 -0.1124999990869419 0.0
0.111557928867399 0.4773356379663706 0.0
-0.109557895940033 -0.4762200490505169 0.0
-0.4777975394416343 0.1125439066296169 0.0
0.4783493652245874 0.1374999995682864 0.0
-0.137771401796891 0.4810323916748992 0.0
-0.4792223374613129 -0.137500870386381 0.0
0.1374999999989945 -0.4783493649053291 0.0
-0.2370113559826475 -0.4779310728206154 0.0
-0.4770195299522361 0.2374999966336873 0.0
0.2385941381736383 0.4747667164769001 0.0
0.4783493662626185 -0.2374999999756544 0.0
-0.2369092549386193 0.477330974605077 0.0
-0.4770195248733045 -0.2375000022141982 0.0
0.4783493636698904 0.2374999994206351 0.0
0.2385941455557499 -0.4747667159213693 0.0
-0.33651116525082 0.4775888533361964 0.0
-0.4777975376702283 -0.3374560930928213 0.0
0.337499999879364 -0.4783493647737478 0.0
0.4783493642712856 0.3374999998693519 0.0
-0.477968296576076 0.3375000000307185 0.0
-0.3370256181963034 -0.4789445956041007 0.0
0.3375000000004509 0.4783493650142383 0.0
0.4783493690396323 -0.3374999984860833 0.0
-0.4777975399782639 -0.4125439113231564 0.0
0.4783493626250261 0.4124999992923266 0.0
-0.4099449079386109 0.4768864705600698 0.0
0.4128846312553226 -0.4773351409098385 0.0
-0.4781271961178274 0.4136119150752315 0.0
0.4127569789690197 0.4777800134332653 0.0
-0.4106775963124472 -0.4788064740176264 0.0
0.478349370559257 -0.4124999955934711 0.0
0.4783493649019706 -0.03750000014482126 0.0
0.4783493649407358 0.0874999999043212 0.0
0.4783493647692766 0.18749999936958 0.0
0.4783493637202709 0.2874999995725596 0.0
-0.06250000009457993 0.4783493649815884 0.0
0.03750000006137533 0.4783493650142384 0.0
-0.4790289184538777 -0.08634227284190829 0.0
-0.1894531848404053 0.4767862981274312 0.0
-0.2838850135989146 0.4762439639969891 0.0
0.1586526915131929 0.47624562626931 0.0
0.2880475195526193 0.4802143024390568 0.0
-0.4763676580994742 0.2874999987351954 0.0
0.0641406442319926 -0.4769364998511914 0.0
-0.03749999996372508 -0.478349364773868 0.0
-0.478349364773868 0.03749999994119016 0.0
0.1874999999991331 -0.4783493650141183 0.0
-0.478349364905329 -0.2874999999994103 0.0
-0.4780802226650701 -0.1864707814984239 0.0
0.2880475254281963 -0.4802142996221497 0.0
-0.478349364773868 0.1625000000009361 0.0
-0.1625000000009362 -0.478349364905449 0.0
0.4783493657363135 -0.2874999999706684 0.0
0.4783493686158351 -0.1874999975847853 0.0
-0.2838850086937533 -0.4762408776765074 0.0
0.4602043622323722 -0.4773575657324607 0.0
-0.4625000001200811 0.4783493650141183 0.0
-0.4788797294635169 -0.4624074826967701 0.0
0.4789075896807184 0.4615331209240625 0.0
0.4783493649481244 -0.01249999991523532 0.0
0.456698729839676 1.197708651007323e-10 0.0
0.4566987299543603 0.02500000007631561 0.0
0.4350480947868172 0.01250000011588946 0.0
0.4350480948368609 -0.01249999995785421 0.0
0.4133974597270286 1.215161200829318e-10 0.0
0.4133974596715377 -0.02499999996048573 0.0
0.3917468246687442 -0.01249999977283016 0.0
0.3917468245356839 -0.03749999975830885 0.0
0.3700961896348497 -0.02499999959652832 0.0
0.3700961893723135 -0.04999999957228385 0.0
0.3484455544627137 -0.03749999937538639 0.0
0.348445554721905 -0.01249999947832613 0.0
0.3267949196563413 -0.02499999923383689 0.0
0.3267949198948673 6.832033758175093e-10 0.0
0.3051442847892625 -0.01249999920610945 0.0
0.30514428483832 0.01250000066958178 0.0
0.2834936498231974 6.92554784353927e-10 0.0
0.2834936498495042 -0.02499999921665613 0.0
0.2618430148412438 -0.01249999934359484 0.0
0.2618430147837096 0.01250000051168887 0.0
0.2401923797657637 4.101722295146715e-10 0.0
0.2401923799758667 -0.02499999949232245 0.0
0.2185417447747162 -0.01249999975333416 0.0
0.2185417445417721 0.01250000013298778 0.0
0.1968911095503798 -5.931038993267634e-11 0.0
0.1968911092614617 0.02499999985197898 0.0
0.1752404742555347 0.01249999965650485 0.0
0.1752404743235638 -0.01249999984392867 0.0
0.1535898392868347 -6.138188290982782e-10 0.0
0.1535898396515469 -0.02500000026830684 0.0
0.1319392044488072 -0.01250000099743993 0.0
0.131939203925829 0.01249999887345421 0.0
0.1102885691126829 -1.596208720755499e-09 0.0
0.1102885696800361 -0.02500000152991039 0.0
0.08863793429046939 -0.01250000205007913 0.0
0.08863793380761599 0.01249999787910459 0.0
0.06698729898182032 -2.436462975818898e-09 0.0
0.06698729856762 0.02499999745125057 0.0
0.04533666376449753 0.01249999721422866 0.0
0.04533666413212221 -0.01250000271743852 0.0
0.02368602887575923 -3.077205282253637e-09 0.0
0.02368602857323621 0.02499999682483378 0.0
0.02368602929041234 -0.0250000030726477 0.0
0.002035393692412985 0.01249999652235789 0.0
0.002035393296040078 0.0374999964375573 0.0
-0.01961524166464493 0.02499999616398352 0.0
-0.01961524198428163 0.04999999606332139 0.0
-0.04126587695726955 0.03749999570343268 0.0
-0.04126587720604587 0.06249999569538434 0.0
-0.01961524237409851 0.0749999959698151 0.0
-0.04126587758776411 0.08749999557540697 0.0
-0.06291651253950307 0.07499999533726134 0.0
-0.01961524283777813 0.0999999958377249 0.0
-0.06291651281802997 0.09999999520655622 0.0
-0.08456714776195624 0.08749999507068071 0.0
-0.08456714800114144 0.1124999949915563 0.0
-0.1062177829747606 0.09999999487468658 0.0
-0.1062177832054572 0.1249999947416014 0.0
-0.1278684181702287 0.1124999946361106 0.0
-0.1278684179981888 0.0874999947360221 0.0
-0.1278684183816624 0.1374999945792534 0.0
-0.1062177833612121 0.149999994617998 0.0
-0.1278684185738068 0.162499994489372 0.0
-0.1495190533203201 0.09999999463286324 0.0
-0.1495190530229527 0.07499999450498697 0.0
-0.1062177834318617 0.1749999944868103 0.0
-0.1278684186324761 0.187499994448122 0.0
-0.171169688378859 0.0874999943416618 0.0
-0.1711696878617542 0.0624999940486336 0.0
-0.1062177834686382 0.1999999944123502 0.0
-0.1928203233592192 0.07499999391581938 0.0
-0.19282032273673 0.04999999381416054 0.0
-0.12659238847717216 0.21037940509115294 0.0
-0.1480371635711079 0.19801778535094966 0.0
-0.1495190537852652 0.2249999942786509 0.0
-0.1711696888952003 0.2124999945733519 0.0
-0.10516124577408853 0.22276194158589235 0.0
-0.2144709583305433 0.06249999346409382 0.0
-0.2144709575454177 0.0374999934192668 0.0
-0.1928203220752132 0.02499999386787186 0.0
-0.2144709567435342 0.01249999346121641 0.0
-0.1928203212047528 -5.712222833631486e-09 0.0
-0.2144709557842329 -0.01250000654233627 0.0
-0.1928203201956508 -0.02500000592374008 0.0
-0.2144709546363525 -0.03750000657734365 0.0
-0.1928203192965355 -0.05000000639545821 0.0
-0.2144709535149394 -0.06250000653565399 0.0
-0.1928203182089428 -0.07500000626417425 0.0
-0.2144709526769222 -0.08750000634755573 0.0
-0.1928203171494729 -0.1000000058074013 0.0
-0.2144709516574993 -0.1125000063789728 0.0
-0.1928203163424452 -0.1250000058242862 0.0
-0.2144709510042636 -0.1375000063357312 0.0
-0.1928203155988226 -0.1500000057416828 0.0
-0.2144709503363609 -0.1625000062917618 0.0
-0.1928203149945365 -0.1750000057716074 0.0
-0.2144709497609138 -0.1875000062987033 0.0
-0.1928203143700858 -0.2000000057739754 0.0
-0.1711696795162348 -0.1875000052320013 0.0
-0.214470949124999 -0.2125000064360534 0.0
-0.1711696789408773 -0.212500005231204 0.0
-0.14803715404603543 -0.19801779554693258 0.0
-0.1495190435556314 -0.2250000047630432 0.0
-0.1265923787415495 -0.21037941484827583 0.0
-0.1278684080248409 -0.2375000041476257 0.0
-0.10516123567188118 -0.22276195087427658 0.0
-0.1711696888943044 0.2374999943798221 0.0
-0.192820324631058 0.224999994446939 0.0
0.34844555412963 -0.06249999928747312 0.0
-0.2361215892271459 -0.05000000688386808 0.0
-0.1495190429471782 -0.2500000046395915 0.0
-0.1062177725903339 -0.250000003556018 0.0
-0.08539732390830589 -0.23983151369646497 0.0
-0.1928203240994855 0.2499999944168077 0.0
-0.2144709594053202 0.2374999945930463 0.0
-0.2361215845328589 -0.20000000683632 0.0
-0.2361215839136382 -0.2250000068463727 0.0
-0.2361215867959416 -0.1250000064212868 0.0
-0.236121592224332 0.02499999282036006 0.0
-0.2144709588807565 0.262499994684379 0.0
-0.236121594765509 0.249999994501634 0.0
-0.1711696891364154 0.2624999941749946 0.0
-0.08456713715421721 -0.2625000029174185 0.0
-0.06291650239661406 -0.250000002325332 0.0
-0.257772219349007 -0.2125000073041466 0.0
-0.2577722188895429 -0.2375000074022549 0.0
-0.06291650307674404 -0.2250000021986209 0.0
-0.04126586766264906 -0.2375000016746958 0.0
-0.04126586684279941 -0.2625000016908074 0.0
-0.019808820495090734 -0.25246732243979486 0.0
-0.01961523119859537 -0.2750000009880604 0.0
0.002035403260053914 -0.262500000133395 0.0
0.002035402463766961 -0.2375000002178849 0.0
0.023919475224357528 -0.2524638700703391 0.0
0.02368603707938197 -0.2249999995308906 0.0
0.04533667249859321 -0.2374999987538055 0.0
0.04533667327011593 -0.2624999988853128 0.0
0.06698730790065568 -0.249999998007343 0.0
0.06698730889399421 -0.2749999991184845 0.0
0.08863794333755282 -0.2624999973630987 0.0
0.08863794251908749 -0.2374999973292668 0.0
0.1102885779136338 -0.2499999966535789 0.0
0.110288578792833 -0.2749999966739796 0.0
0.1319392132742374 -0.2624999959205351 0.0
0.1319392125821323 -0.237499996017188 0.0
0.1535898479272415 -0.2499999952963533 0.0
0.153589847262316 -0.2249999953547776 0.0
0.175240482568976 -0.2374999947631675 0.0
0.1752404833196038 -0.2624999946631175 0.0
0.1968911180239773 -0.2499999941117413 0.0
0.1968911187319428 -0.2749999941873559 0.0
0.2185417534579429 -0.2624999935375706 0.0
0.2185417526685651 -0.2374999935907928 0.0
0.2401923880750801 -0.2499999931217053 0.0
-0.2361215941164106 0.2749999947316875 0.0
-0.2577722298088136 0.2624999942334639 0.0
-0.2577722307036936 0.2374999938405438 0.0
0.2401923889067593 -0.2749999928467108 0.0
0.2618430234942526 -0.262499992288349 0.0
-0.17116968294721 -0.08750000665015367 0.0
-0.08456714833383841 0.2124999943831022 0.0
-0.08539733468993092 0.23983150500103978 0.0
-0.06291651327973005 0.2249999944968127 0.0
-0.06291651352480004 0.2499999944019084 0.0
-0.04126587832715212 0.2374999947379864 0.0
-0.04126587860069134 0.2624999945800874 0.0
-0.01980883190385653 0.25246731633915753 0.0
-0.01961524367167297 0.2749999947020232 0.0
0.002035391499971478 0.2624999948575587 0.0
-0.04126587898549902 0.2874999943583182 0.0
0.2618430243537631 -0.2874999921460805 0.0
-0.2577722291074315 0.287499994778338 0.0
0.002035391309789886 0.2874999947496837 0.0
0.02368602638961925 0.2749999948551984 0.0
0.02391946366784269 0.252463865655745 0.0
0.04533666146647664 0.2624999950174377 0.0
0.04533666145851281 0.237499995123329 0.0
0.06698729653232302 0.2499999951264725 0.0
0.0669872965428722 0.2249999952731064 0.0
0.08863793162397562 0.2374999952662454 0.0
0.08863793153055655 0.2624999951307292 0.0
0.1102885665756809 0.2499999952147717 0.0
0.11137786947636696 0.22722228494009825 0.0
0.131939201653199 0.2374999952791306 0.0
0.1319392015289168 0.2624999951810564 0.0
0.1535898367056598 0.2499999952910841 0.0
0.1535898363387159 0.2749999953652846 0.0
0.1752404716312959 0.2624999955093941 0.0
0.175240471827157 0.2374999955347641 0.0
0.1968911067127234 0.249999995700517 0.0
0.1968911068879187 0.2249999957371689 0.0
0.2185417418031622 0.2374999957813684 0.0
0.2185417415708857 0.2624999958917396 0.0
0.240192376841393 0.2499999958329024 0.0
0.240192376931271 0.2249999958383919 0.0
0.2618430118848991 0.2374999958943839 0.0
0.2618430114061772 0.2624999959821427 0.0
0.2618430120985578 0.2124999960469237 0.0
-0.2794228541652546 -0.2250000079299317 0.0
-0.2794228536703179 -0.2500000079616859 0.0
-0.2794228647790071 0.2749999945295398 0.0
0.283493646957918 0.2249999962101089 0.0
0.2834936471826058 0.1999999963383362 0.0
-0.2577722184054352 -0.2625000075440488 0.0
-0.2794228532073254 -0.2750000080842503 0.0
-0.2577722178529775 -0.2875000075612115 0.0
0.3267949199380045 0.02500000054927765 0.0
0.2834936589843737 -0.2749999915409315 0.0
0.2834936581528273 -0.249999991548751 0.0
0.02368602634720141 0.2999999947990758 0.0
-0.2794228638061804 0.2999999950780701 0.0
-0.2794228527208902 -0.3000000081637684 0.0
0.283493659676562 -0.2999999915607161 0.0
-0.236121594548794 0.2999999942726929 0.0
-0.3010734884181336 -0.2625000087627843 0.0
-0.2577722172487921 -0.3125000076168558 0.0
-0.3010734989565298 0.287499995658212 0.0
0.2618430249899459 -0.3124999921201197 0.0
0.3051442821669288 0.2124999965547687 0.0
0.2618430119880334 0.1874999967448964 0.0
0.3051442935796901 -0.2624999908657392 0.0
0.305144292829108 -0.2374999908252204 0.0
-0.3010734986593986 0.3124999954377337 0.0
-0.0412658766028404 0.01249999570830765 0.0
0.3051442824080478 0.1874999966905047 0.0
-0.2794228520677401 -0.3250000081309072 0.0
0.2834936602335698 -0.3249999916220945 0.0
-0.2144709588431624 0.08749999346041207 0.0
-0.3227241338105677 0.299999996109255 0.0
-0.3227241356351505 0.2749999940980973 0.0
-0.3227241333475623 0.32499999601534 0.0
-0.1278684094512483 -0.1875000046390303 0.0
0.3267949173263687 0.1999999968544325 0.0
0.3267949170533047 0.2249999967588067 0.0
0.3267949175253846 0.1749999969826833 0.0
0.3267949282319379 -0.2499999902228143 0.0
0.3267949275389537 -0.2249999900182539 0.0
0.3051442921308751 -0.2124999908218383 0.0
-0.3010734983427547 0.3374999952730101 0.0
-0.2577722166120302 -0.3375000075090622 0.0
0.2618430255907818 -0.3374999921006136 0.0
0.3267949267684721 -0.1999999900452964 0.0
0.3051442912040127 -0.1874999909115737 0.0
0.2834936609038385 -0.3499999915926442 0.0
0.3051442957398257 -0.3374999909452505 0.0
-0.2794228513771347 -0.3500000081599022 0.0
-0.3010734866929542 -0.3375000088243807 0.0
0.3700961888674191 -0.07499999961951503 0.0
-0.2361215817294141 -0.3250000069737073 0.0
-0.2361215811694516 -0.3500000071011427 0.0
-0.2144709463417446 -0.3375000064584259 0.0
-0.3443747686750898 0.3124999965736226 0.0
-0.3443747681307879 0.3374999965411793 0.0
0.3484455522505793 0.2124999970692039 0.0
0.3484455519257317 0.2374999970145546 0.0
-0.1711696859667198 -0.01250000589315839 0.0
0.3484455623251191 -0.2124999894322964 0.0
0.04533666143442161 0.2124999952518348 0.0
-0.2794228546775189 -0.2000000076786999 0.0
0.4133974598352426 0.02500000007523983 0.0
-0.214470945638661 -0.3625000065653275 0.0
-0.1928203109071904 -0.3500000060056074 0.0
-0.3010734860619816 -0.3625000088573926 0.0
-0.3227241214509528 -0.3500000093880734 0.0
0.3051442962826642 -0.362499991027713 0.0
0.3267949311377879 -0.3499999903761207 0.0
0.2618430262298627 -0.3624999921045662 0.0
0.2401923909317656 -0.3499999926111372 0.0
-0.1928203252628757 0.1999999943039595 0.0
-0.04126587818316631 0.2124999949350029 0.0
0.3484455614609799 -0.1874999893267525 0.0
-0.3660254036266125 0.3249999970098718 0.0
-0.3660254031045885 0.3499999970007716 0.0
0.2401923914175974 -0.3749999926107355 0.0
0.2185417561599713 -0.3624999930956785 0.0
0.326794931695757 -0.3749999903447673 0.0
0.3484455664779963 -0.3624999898512391 0.0
-0.1928203101475177 -0.3750000060176029 0.0
-0.1711696754605268 -0.3625000053508198 0.0
-0.3227241206934662 -0.3750000093538333 0.0
-0.3443747561166397 -0.3625000099903949 0.0
-0.3443747568449588 -0.3375000099429583 0.0
-0.3660253915807565 -0.3500000105393863 0.0
-0.3660253921533944 -0.3250000104369266 0.0
-0.3660253909110461 -0.3750000105174705 0.0
0.1752404739831838 0.03749999950335427 0.0
0.1968911089023715 0.04999999968508041 0.0
0.1752404738002423 0.06249999938152773 0.0
0.196891108727849 0.07499999951750846 0.0
0.1752404736303282 0.08749999925925422 0.0
0.3700961871649722 0.2249999973497242 0.0
0.3700961868687326 0.2499999972525668 0.0
0.3484455515922916 0.2624999968931346 0.0
0.3700961866178897 0.2749999971753826 0.0
0.3484455512675354 0.2874999967992371 0.0
0.3700961862177931 0.2999999970643978 0.0
0.3484455508908353 0.3124999967139882 0.0
0.3700961858382797 0.3249999969637367 0.0
0.3484455505039258 0.3374999965805714 0.0
0.3700961854792519 0.3499999968815455 0.0
0.3484455502740721 0.3624999964752371 0.0
0.326794915247044 0.3499999961984521 0.0
0.3700961850904548 0.3749999967801254 0.0
0.3267949150799629 0.3749999960708321 0.0
0.3051442801087189 0.3624999958722916 0.0
-0.233762819781967 0.07425076869230239 0.0
-0.2361215943218234 0.09999999292526793 0.0
-0.2577722292553244 0.08749999238692649 0.0
-0.2577722298376239 0.1124999922780124 0.0
-0.2794228645485474 0.09999999189838871 0.0
-0.279422865137738 0.1249999917184177 0.0
-0.3010734998472676 0.1124999912757075 0.0
-0.3010734992271835 0.087499991425079 0.0
-0.3227241345637493 0.09999999076572608 0.0
-0.3227241339418511 0.07499999085298836 0.0
-0.322724135210779 0.1249999905607809 0.0
-0.3443747694056132 0.0874999901637191 0.0
-0.344374768761646 0.06249999022276634 0.0
-0.3660254042161517 0.07499998962718321 0.0
-0.3660254036653611 0.04999998973649578 0.0
-0.3443747681136913 0.03749999033793963 0.0
-0.3660254027430866 0.02499998977659501 0.0
-0.3443747673042086 0.0124999905238378 0.0
-0.3660254018512317 -1.021703344150637e-08 0.0
-0.3443747663675165 -0.01250000957454825 0.0
-0.3660254010934478 -0.02500001022094644 0.0
-0.3443747656023873 -0.03750000961810596 0.0
-0.3713810374125192 -0.051504835123519 0.0
-0.345267370955044 -0.06275081374704339 0.0
-0.3675063338902839 -0.07717815960284982 0.0
-0.3447703540528894 -0.08790483516951489 0.0
-0.3660056775277931 -0.101006370121881 0.0
-0.3660254048686661 0.09999998949600286 0.0
-0.04126586603037469 -0.2875000017296674 0.0
-0.01961523044912804 -0.3000000011377753 0.0
-0.04126586521920044 -0.3125000018086982 0.0
-0.01961522981416455 -0.3250000013044 0.0
-0.04126586466130142 -0.3375000016600997 0.0
-0.01961522939718598 -0.3500000012459151 0.0
-0.04126586435838836 -0.3625000016429969 0.0
-0.0196152291476962 -0.3750000014074867 0.0
0.002035405776993904 -0.3625000011862743 0.0
-0.3660254040563113 0.2999999970558669 0.0
0.08863793497288573 -0.03750000202899058 0.0
0.002035391205598369 0.3124999946154028 0.0
0.02368602621963933 0.3249999946898662 0.0
0.002035391120838753 0.3374999944946497 0.0
0.02311964593424184 0.3490189954800316 0.0
0.04524226445441823 0.3373364949801967 0.0
0.04325175869938469 0.3648648082024141 0.0
0.06662407954389801 0.3503668805807908 0.0
0.001374614073502256 0.361355495410284 0.0
0.06698729584860297 0.3749999948420609 0.0
0.08857739484342489 0.3625611426641309 0.0
0.3051442849010269 0.03750000053818792 0.0
0.3267949199798194 0.05000000051313414 0.0
0.3051442847647927 0.06250000045300219 0.0
0.370096187501851 0.1999999974318638 0.0
-0.06291649962597945 -0.3500000022131242 0.0
-0.06291649926758186 -0.3750000020914266 0.0
0.13324467893212621 0.21460258466589965 0.0
0.3484455659424966 -0.337499989861677 0.0
0.1332446891848015 -0.2146025849559547 0.0
0.1550972414143489 -0.2019628790578051 0.0
0.1319392111021505 -0.1874999960090484 0.0
0.1535898457858976 -0.1749999955063295 0.0
0.1319392104439408 -0.1624999961734456 0.0
0.1535898451354747 -0.1499999954752818 0.0
0.1752404804055002 -0.1624999948489451 0.0
0.1752404798112086 -0.1374999948380212 0.0
0.196891115117137 -0.1499999943799797 0.0
-0.1278684177665868 0.06249999450258903 0.0
0.1752404711333511 0.2874999956379596 0.0
-0.1062177719141476 -0.275000003465464 0.0
-0.3444374080883894 -0.1127352072696739 0.0
-0.36603255167355 -0.1252069366352073 0.0
0.002035392368719191 0.08749999636669781 0.0
0.1102885757031727 -0.1749999965375617 0.0
0.1102885751133811 -0.1499999965920196 0.0
0.08863794042205797 -0.1624999969964341 0.0
0.1535898387287624 0.07499999915828214 0.0
0.1535898385392996 0.09999999903237444 0.0
0.1752404734550842 0.1124999991644991 0.0
0.131939203574157 0.08749999876900671 0.0
0.066987296525893 0.1999999953672543 0.0
-0.3010734894849552 -0.2125000083885145 0.0
-0.2361215803940131 -0.3750000073210825 0.0
-0.3443747675776223 0.3624999965736183 0.0
-0.3660195996254089 0.375010072363556 0.0
0.002035401567957118 -0.2125000001686096 0.0
0.1752404840433083 -0.2874999946483455 0.0
0.002035392033001182 0.1124999961326263 0.0
0.02368602717605792 0.09999999659243775 0.0
-0.01972537350545545 0.3498092443149705 0.0
-0.01980251198708174 0.3746756370290234 0.0
-0.04131544560471287 0.3624141426586867 0.0
-0.08456714880423064 0.2624999940802415 0.0
0.3267949197863093 0.07500000018280917 0.0
0.3051442826984481 0.1624999969902377 0.0
0.1319392034169357 0.112499998785612 0.0
0.1535898444524002 -0.1249999955395864 0.0
0.2185417453027255 -0.03749999942092806 0.0
0.2401923802616805 -0.04999999940636591 0.0
0.08863793991841427 -0.1374999968995445 0.0
0.06698730516121586 -0.1499999974201554 0.0
0.06698730458221795 -0.1249999973326867 0.0
0.04533666978916058 -0.1374999978385389 0.0
0.3700961969708513 -0.1999999886847965 0.0
0.3700961977864891 -0.2249999887040695 0.0
0.3484455536082985 -0.08749999928311453 0.0
0.3700961967263045 -0.1749999895794298 0.0
0.3700962012844967 -0.3499999893684559 0.0
0.3700962018500663 -0.3749999892606091 0.0
0.3700962007927555 -0.3249999891325765 0.0
0.003041431101256792 0.3867253268705797 0.0
0.2185417567309844 -0.3874999931225676 0.0
0.1968911216387744 -0.3749999935649337 0.0
-0.3443621921551676 0.3875117499263639 0.0
-0.1711696746799135 -0.3875000053392637 0.0
0.002035406025051263 -0.3875000012877646 0.0
0.02368604094689777 -0.3750000009921493 0.0
0.2618430268144635 -0.3874999921162174 0.0
-0.3876760264632139 -0.3625000110310216 0.0
-0.3859261993390519 -0.03270419021893012 0.0
-0.3876760396442963 0.08749998898369404 0.0
-0.3876760401881661 0.1124999888748019 0.0
-0.3876750708966963 0.3625016767437317 0.0
-0.3867790696918276 -0.1136666879197698 0.0
-0.3871365971116378 -0.1377289450700945 0.0
-0.3876760389611418 0.3124999975285367 0.0
-0.387676040089232 0.2874999962586784 0.0
-0.3872167170003783 0.01329920778726179 0.0
-0.3876691060697806 0.3875120319444003 0.0
-0.3879937095534496 -0.3883879955579717 0.0
0.08862784143503691 0.3875101862231063 0.0
0.1102767948993748 0.3750118850000442 0.0
-0.3010734852467268 -0.387500008827264 0.0
-0.041364135236966 0.3873298101527519 0.0
-0.06294115170211192 0.3749573211350691 0.0
0.3051442798951897 0.3874999957423305 0.0
0.2834936450828111 0.3749999956325692 0.0
0.3917468203520382 0.3624999971100333 0.0
0.3917468198589699 0.3874999971839892 0.0
-0.2577722303237582 0.1374999922799829 0.0
-0.2794228657958648 0.1499999916145799 0.0
0.3917468210839629 0.3124999972904268 0.0
0.3917468217893547 0.2624999975994499 0.0
0.3917468224269305 0.2124999977158576 0.0
0.391746822666793 0.1874999980025724 0.0
-0.3228005010551772 -0.1001066793658427 0.0
-0.3227241308681686 -0.02500000895896459 0.0
-0.2144709592195335 0.1124999936724682 0.0
-0.2361215830349994 -0.2750000070429516 0.0
0.4133974594909013 -0.05000000005273485 0.0
-0.3659366833152428 -0.1500726539787691 0.0
-0.3878805042964477 -0.1625502742596394 0.0
-0.1711696762270243 -0.3375000052529302 0.0
0.2834936450738774 0.3499999957457763 0.0
0.2618430100953805 0.3624999955967988 0.0
0.2618430101110076 0.3874999954856106 0.0
0.240192375089457 0.3749999956165767 0.0
-0.06291651313826796 0.1249999950969041 0.0
0.2401923750360134 0.3499999957672627 0.0
0.2185417400492283 0.3624999958268466 0.0
0.2185417401989292 0.3874999956466018 0.0
0.0453366692471131 -0.112499997725178 0.0
0.02368603446061093 -0.1249999981625062 0.0
0.3917468325172476 -0.2124999879267633 0.0
0.3917468333561032 -0.2374999878710835 0.0
0.3917468366332408 -0.3624999888327677 0.0
0.3917468371326648 -0.3874999887916793 0.0
-0.1928203094207854 -0.4000000061146561 0.0
0.02379505602881957 -0.3995071354461219 0.0
0.04526983808141925 -0.38727061966354 0.0
0.04532553606529843 -0.3624617704954352 0.0
0.0669743146656484 -0.3749553986534382 0.0
0.110288568464339 0.09999999848484398 0.0
-0.1495190407406092 -0.3500000047086613 0.0
-0.3227472971702836 -0.1250569869779062 0.0
0.1319392012313802 0.2874999952044025 0.0
-0.3227241326948568 0.02499999082456106 0.0
0.04533666139719991 0.1874999954776283 0.0
0.1968911051918898 0.3749999957972449 0.0
0.06698729623728406 0.1749999959664399 0.0
0.1102885701229607 -0.05000000098157964 0.0
0.1752404790444735 -0.1124999948087567 0.0
0.06700133829864709 -0.3999497869276171 0.0
0.08863811792892573 -0.3874841977138572 0.0
0.08863580848163377 -0.3624899328893987 0.0
0.11028858112603 -0.3750000000478291 0.0
0.1968911053434174 0.3999999957053605 0.0
0.3700962023752113 -0.3999999893274358 0.0
0.3700961846847443 0.3999999968121409 0.0
-0.063651231799565 0.3987274264851254 0.0
-0.08469370895137535 0.3872807868825446 0.0
-0.08459234922193762 0.3624563470878737 0.0
-0.106243078110216 0.3749561846904013 0.0
-0.1062177850589394 0.3499999936074222 0.0
-0.1278726357205961 0.3624926921716288 0.0
-0.1278733381562807 0.3874914751722408 0.0
-0.1495205774629216 0.3749973569934992 0.0
-0.1495200115015966 0.3499983373886271 0.0
-0.1711701034396929 0.3624992782469748 0.0
-0.1711700128128379 0.3874994349898301 0.0
-0.1928204480830551 0.374999781470567 0.0
-0.1928203994758054 0.3999998652202944 0.0
-0.2144709932611919 0.3874999371468079 0.0
-0.0856214609089091 0.4107743708618936 0.0
0.06788998932691245 0.400001208107897 0.0
-0.40937960846449 -0.3751480090504233 0.0
-0.4093354864109782 -0.3500246778068022 0.0
-0.4093253564681822 0.3750022837561501 0.0
-0.3669213602386885 -0.4020909339214825 0.0
0.1102849223603951 0.4000036751892595 0.0
0.1102886099465111 -0.3999973662548721 0.0
-0.4096298657613183 0.400590716015005 0.0
-0.4106084845287392 -0.4025454966463262 0.0
-0.3879518008849069 0.4133581686579277 0.0
0.1968911223251458 -0.3999999936160246 0.0
-0.02019692458920939 -0.3989924750140723 0.0
0.1102882245309798 -0.3499983221087992 0.0
-0.257772230943991 0.1624999922527307 0.0
-0.2794228665658293 0.1749999915375004 0.0
0.4133974551923397 0.3749999976759522 0.0
0.4133974547513707 0.3999999975679452 0.0
-0.1495190538315641 0.1499999945051117 0.0
-0.06291651192035219 0.02499999530412746 0.0
-0.06291651144547095 -4.733678893309445e-09 0.0
-0.08456714677948088 0.01249999481221498 0.0
-0.08456714634240836 -0.01250000514999547 0.0
-0.06291651107634089 -0.02500000474905836 0.0
-0.08456714602307794 -0.03750000511503557 0.0
-0.06291651073927572 -0.05000000482634473 0.0
-0.08456714572386079 -0.06250000518687251 0.0
-0.06291651023268832 -0.07500000492257718 0.0
-0.08456714522998414 -0.08750000540847268 0.0
-0.06291650964914752 -0.100000004908964 0.0
-0.08456714442714167 -0.1125000053148073 0.0
-0.06291650817588346 -0.125000004462275 0.0
-0.1711696811531909 -0.137500006177298 0.0
-0.04126587435099024 -0.06250000318933734 0.0
0.00203540494599172 -0.3125000005852447 0.0
0.3484455549407759 0.06250000046477322 0.0
0.3484455544532825 0.08749999989395962 0.0
0.3700961899133332 0.07500000038900435 0.0
0.3700961895857866 0.1000000000916937 0.0
0.3917468249385639 0.087500000281271 0.0
-0.3660446891410882 -0.175020495068646 0.0
-0.3880224894008136 -0.1875118027113046 0.0
-0.366086353683349 -0.2000053899688015 0.0
-0.3877439327254614 -0.2125028732277316 0.0
0.2185417437718925 0.06249999974889719 0.0
0.2185417435729282 0.08749999960245236 0.0
0.2834936566484705 -0.1999999917229559 0.0
0.28349365571464 -0.174999991838809 0.0
0.3051442903036913 -0.1624999909254551 0.0
0.2834936551913951 -0.1499999923698843 0.0
0.3267949156638245 0.2999999964308411 0.0
0.2618430211892085 -0.1874999926401966 0.0
-0.3660332210939786 -0.22500051117234 0.0
-0.3876886504858371 -0.2375005717242152 0.0
-0.3660288015423179 -0.2500001873117994 0.0
0.3267949187356751 -0.07499999898531105 0.0
-0.3876786997528099 -0.2625001340314914 0.0
0.3917468252185021 0.1125000002463554 0.0
-0.1711699187235797 0.337499598576818 0.0
-0.149519252846283 0.324999651893892 0.0
-0.1062177811034397 -0.05000000559826689 0.0
0.3051442848762786 0.08750000029122638 0.0
0.02368603365013877 -0.09999999864800803 0.0
0.3700961884000487 -0.09999999967968315 0.0
0.4133974721207703 -0.3749999881426532 0.0
0.4133974722661635 -0.3499999876118106 0.0
0.4133974723233227 -0.3999999883118043 0.0
-0.1712731668371608 0.4123207664005184 0.0
-0.04500170771932541 0.4132682410942835 0.0
-0.4093292124372513 -0.2500001259009039 0.0
-0.409327533136113 -0.2750000513238605 0.0
-0.4100674801671049 -0.1991823201215099 0.0
-0.4101813564873897 -0.1481574432171386 0.0
-0.4093266750552382 0.09999998826720463 0.0
-0.4093266755479306 0.1249999882547294 0.0
-0.3876760407569029 0.1374999887649194 0.0
-0.4093251446050054 0.1499999882522093 0.0
-0.387675786308506 0.1624999888727529 0.0
-0.4093250054809325 0.1749997144496969 0.0
-0.3876757210373955 0.1874999431581635 0.0
-0.4093265888143839 0.1999998213799663 0.0
-0.3876759744162925 0.2124999532640694 0.0
-0.366025342556225 0.1999999758760797 0.0
-0.4093266519572182 0.2249999543775206 0.0
-0.4093266742882013 0.07499998835980204 0.0
-0.4093266742083539 0.2999999979027494 0.0
-0.2144709780287281 0.4124999629517202 0.0
-0.236121603825602 0.3999999795186747 0.0
-0.2361216024742864 0.3749999822195098 0.0
-0.2577722328446616 0.3874999897822129 0.0
-0.2577722322680048 0.4124999909778778 0.0
0.2185417403761768 0.4124999955176772 0.0
0.2185417573518741 -0.4124999931121726 0.0
-0.1711696738850546 -0.4125000053742102 0.0
-0.1495190393073856 -0.4000000046495245 0.0
-0.1928203084964431 -0.4250000061550941 0.0
-0.3660253858447269 0.224999981123858 0.0
-0.3443747690317659 0.2124999889224077 0.0
0.08863752999567776 -0.3374980428494003 0.0
0.00203539891171281 -0.1124999989850484 0.0
0.002035399361638768 -0.1374999994319668 0.0
0.4133974575089236 0.1999999980534264 0.0
0.413397458016425 0.1749999984526023 0.0
-0.3010900833421646 -0.1125272827988955 0.0
-0.3010889876446158 -0.08752233227109754 0.0
0.04533667031847555 -0.1624999980477687 0.0
0.08863793333129986 0.03749999773295386 0.0
0.24255479365801913 0.0757376632486211 0.0
0.2401923785091954 0.09999999972070717 0.0
-0.1495190414255227 -0.3250000046550878 0.0
-0.1711696768051282 -0.31250000500202 0.0
-0.127868405954153 -0.3375000040689191 0.0
-0.3010801186636702 -0.1375140501986671 0.0
0.3267949289948818 -0.2749999902740791 0.0
0.110276514749501 0.3500121682265962 0.0
-0.3443747574614369 -0.3125000099254209 0.0
0.1968911050883336 0.3499999959289708 0.0
-0.08457134978113931 0.3374927191979606 0.0
0.06691102735301024 0.3250338925991405 0.0
-0.3443747606537879 0.187499987490275 0.0
0.06698729815361826 0.04999999729808624 0.0
0.196891115828438 -0.1749999943343792 0.0
0.196891119353788 -0.2999999940884828 0.0
0.1752404847232021 -0.3124999946157287 0.0
0.4133974601199902 0.1000000002096687 0.0
0.3700961888024078 0.1249999993254662 0.0
0.1102885679893267 0.124999998550918 0.0
0.1319392030453698 0.1374999984476137 0.0
0.0886379326803409 0.1124999980710396 0.0
0.02368602642254394 0.1999999952970095 0.0
0.02368602641437534 0.1749999955926835 0.0
0.1319366316570633 0.3875025902552951 0.0
0.1319381654131946 0.4125010410352411 0.0
0.131939220775621 -0.3874995604069447 0.0
0.1319392221258349 -0.4124994863016792 0.0
0.1102885872788121 -0.4249994753976706 0.0
-0.1062177816875243 -5.443336253962983e-09 0.0
0.1535898436985463 -0.09999999553412398 0.0
-0.1062177799855475 -0.1000000062060407 0.0
-0.1062177790672647 -0.1250000058794934 0.0
0.4133974666668289 -0.2249999871865895 0.0
0.4133974668781752 -0.1999999871583753 0.0
0.4133974673097855 -0.2499999871885222 0.0
0.3917468339346547 -0.2624999880129184 0.0
0.4133974695252934 -0.2749999871243384 0.0
-0.2794228654137132 0.3999999927764627 0.0
0.08863793923820562 -0.1124999971314614 0.0
0.1752404779037274 -0.0874999950657892 0.0
0.1968911134754691 -0.09999999431081918 0.0
0.04533666783628451 -0.08749999877093617 0.0
0.3267949183335764 -0.0999999989916806 0.0
0.3051442838376934 -0.08749999802622849 0.0
0.1968911054308407 0.4249999955635868 0.0
-0.1495190384144703 -0.4250000047282423 0.0
-0.1278684038036649 -0.4125000040282111 0.0
0.1102881678965125 0.4250003968060158 0.0
-0.4309875918832415 -0.3625287893279144 0.0
-0.4315467064565974 -0.3373884323359054 0.0
-0.4309773097465087 0.0874999874886061 0.0
-0.4313634475781571 0.06192005872941378 0.0
-0.4309774518768842 0.2124996804315434 0.0
-0.4309773315569719 0.2374999326042654 0.0
-0.4314137593470045 0.3881787623604545 0.0
-0.4326964031241257 0.4140696351742176 0.0
-0.4310498309710254 0.3626135070924811 0.0
-0.4309778683441654 -0.2625000381997391 0.0
-0.4322106422900587 0.1377059733092142 0.0
0.1968911225570686 -0.4249999934768442 0.0
-0.2794228658346899 0.4249999934310906 0.0
0.4350480900243253 0.3874999979176935 0.0
0.4350480895466684 0.4124999979051828 0.0
0.413397454398899 0.4249999975148252 0.0
0.43504808926683 0.4374999977464982 0.0
0.1102884515310016 -0.324999394197507 0.0
0.4350480906708635 0.3624999976891753 0.0
-0.2577722318728431 0.1874999921312792 0.0
-0.2794228674982505 0.1999999912579578 0.0
-0.2361215962466129 0.1749999929276392 0.0
0.1319392156403708 -0.3374999996950157 0.0
0.002035398369509361 -0.08749999887649351 0.0
-0.279422858311539 -0.1000000074138573 0.0
-0.1711696886915082 0.1124999944341465 0.0
-0.2144709439645341 -0.4125000068997365 0.0
0.3267949177580789 0.1499999971383148 0.0
0.3917468237282984 -0.08750000005435377 0.0
0.3917468237581787 -0.1124999990607324 0.0
0.4133974585434222 -0.1000000003296599 0.0
0.4133974624525913 -0.1249999969631685 0.0
0.04533667179361756 -0.2124999985853666 0.0
-0.2144709485566238 -0.2375000063402994 0.0
0.3484455604896812 -0.1624999913090218 0.0
-0.3660254068430815 0.2749999931120697 0.0
-0.08456714750452268 0.06249999491678872 0.0
-0.2577722285417219 0.06249999223756694 0.0
-0.08456713649103918 -0.2875000028924538 0.0
0.4133974599890886 0.07500000027402029 0.0
0.1752404720783617 0.2124999956339614 0.0
0.196891107132523 0.199999995943611 0.0
0.1752404725105188 0.1874999957795397 0.0
0.1968911073295898 0.1749999962837832 0.0
-0.322729092628979 -0.1500118457005362 0.0
-0.1062184850848568 0.3249987813399992 0.0
-0.2794254414447898 -0.07500372808917377 0.0
0.1102885673342388 0.1499999981332255 0.0
0.1319392035873316 0.06249999876014345 0.0
-0.3231905981270127 -0.4008079730939182 0.0
-0.3011473114349474 -0.4126278804466817 0.0
-0.3231572028942453 -0.426267737536363 0.0
-0.2794351543767766 -0.4000213203491437 0.0
-0.2794332846500652 -0.4250180835392506 0.0
-0.1278684052980512 -0.3625000041641183 0.0
0.04533667420269771 -0.2874999996087806 0.0
0.305144296917358 -0.3874999909854631 0.0
0.088637940980874 -0.1874999969886583 0.0
0.3267949322879195 -0.3999999902847345 0.0
0.3051442973873861 -0.4124999909275687 0.0
0.3267949327317147 -0.4249999904471974 0.0
0.2834936496042277 0.05000000043814668 0.0
-0.3443881356851336 -0.1875043205028906 0.0
0.218541750602596 -0.1624999938589619 0.0
0.218541749908299 -0.1374999937435371 0.0
0.2185417433126566 0.1124999991544146 0.0
0.24019237829242 0.1249999994312628 0.0
0.2618430133140485 0.1124999997481608 0.0
0.02368602810003709 0.04999999670259947 0.0
-0.1711697090256517 0.3124999619624874 0.0
-0.1495190419251922 -0.3000000046244874 0.0
-0.1711696774777476 -0.2875000051569114 0.0
-0.1928203122282788 -0.3000000056660281 0.0
0.4133974572287952 0.2249999978873042 0.0
0.4350480924065647 0.2124999981978843 0.0
0.435048092155875 0.2374999980756274 0.0
-0.4313059337401137 -0.2369317240906648 0.0
0.2185417511789945 -0.1874999938172895 0.0
0.1535898492643002 -0.2999999958614989 0.0
0.3700961900558796 0.0500000004627832 0.0
-0.3660253634990983 0.1499999894400329 0.0
-0.08456714838501309 0.1624999947691417 0.0
-0.3443766313467831 -0.2375001225765151 0.0
-0.4094230347451001 -0.3249855259647589 0.0
-0.4323213985631039 -0.3122718100595299 0.0
-0.3010734987292942 0.06249999136380688 0.0
-0.08456796660101576 0.312498579281538 0.0
-0.1062178508482765 0.2999998798133104 0.0
0.3267949147282863 0.3999999960014529 0.0
0.3051442795230765 0.412499995580326 0.0
0.3267949142951437 0.4249999958694501 0.0
-0.04126586841290238 -0.2125000014644034 0.0
-0.06291650391940215 -0.2000000022390743 0.0
-0.04126586932145285 -0.1875000014415584 0.0
-0.01961524310492393 0.1249999956852662 0.0
-0.3010735013257272 0.1624999909144654 0.0
-0.04129249524395975 0.3374538937745217 0.0
0.002035391537270059 0.1874999953422796 0.0
0.02368602687012122 0.1249999964534664 0.0
0.1752404703149875 0.3624999958421949 0.0
0.1752404702997806 0.337499995756262 0.0
0.1968911053181737 0.3249999959627071 0.0
0.4133974604140049 0.1249999998414855 0.0
0.4350480953897831 0.1124999998285214 0.0
0.4350481072445511 -0.3874999880920649 0.0
0.4350480948391283 0.1374999991734653 0.0
-0.3443756385841396 -0.2625000582415653 0.0
-0.1928203665427436 0.3249999227600499 0.0
0.3700961875980491 0.1749999977226767 0.0
0.1102885665607195 0.1999999956171356 0.0
0.1319392021492312 0.1624999972574512 0.0
-0.06291650473733237 -0.1750000024925102 0.0
-0.04126587009128177 -0.1625000017383726 0.0
-0.01961523466004267 -0.1750000007517272 0.0
-0.2577722315510602 0.3624999915633895 0.0
-0.2361215970628117 0.349999991783035 0.0
0.3051442827633259 0.137499997795806 0.0
0.1752404726375496 0.1624999964750996 0.0
-0.1495190912806484 0.2999999315978131 0.0
0.2618430129209415 0.1374999991708106 0.0
-0.3227220367964853 0.3750019542290892 0.0
0.2401923774917998 0.149999998457419 0.0
-0.3010734997578155 0.4124999935785592 0.0
-0.127868414750157 -0.1125000070421839 0.0
-0.127868412665477 -0.1375000066743098 0.0
0.08863793567985533 -0.06250000194207293 0.0
0.1535898417194451 -0.07499999637650445 0.0
0.1752404757581991 -0.06249999683573416 0.0
0.04533666444587181 -0.0375000023566654 0.0
0.131939207204416 -0.08749999775208038 0.0
-0.1062177767308985 -0.1500000051573342 0.0
-0.1278684157163887 -0.08750000694061377 0.0
0.4350480997495689 -0.2124999912252517 0.0
0.4350481012633994 -0.1874999896132663 0.0
0.4133974667271985 -0.1749999888415041 0.0
0.4350481011591769 -0.162499987222445 0.0
0.4350481026431805 -0.2624999911039823 0.0
0.4350481047080434 -0.287499991819639 0.0
0.413397470982709 -0.2999999878970305 0.0
0.4350481059878899 -0.312499992121017 0.0
0.4350481057434973 -0.4124999876414496 0.0
0.4133974723969386 -0.4249999883117943 0.0
0.131945596045062 0.437511748012377 0.0
0.4350481058983878 -0.4374999880022648 0.0
-0.3008945837341781 0.4370538429208373 0.0
-0.3226885098094623 0.4249256349223498 0.0
-0.4530989109731597 0.3757119743250148 0.0
-0.453078439561692 0.07432340290891484 0.0
-0.214590069574915 -0.4379543653345589 0.0
-0.2577722305421157 0.437499994095052 0.0
0.218907753035036 0.4368660431133056 0.0
0.24025337733719 0.4248943366124018 0.0
0.1981110205773598 0.4535139331950163 0.0
0.21890776989031 -0.4368660414858492 0.0
0.2402533945087745 -0.4248943338873497 0.0
0.3048032237839328 -0.4369092333779834 0.0
0.3048032052031621 0.4369092382403205 0.0
-0.1275770646116723 -0.4369953910733836 0.0
-0.1061692119292586 -0.4249159012170142 0.0
-0.106209676415058 -0.3999859863752183 0.0
-0.08455769208066286 -0.4124836496368323 0.0
-0.0845574665263002 -0.4374832602701623 0.0
-0.06291331360266765 -0.4249944861704408 0.0
-0.4093266748254524 0.2749999982007097 0.0
-0.4310306019652566 0.2874999976733561 0.0
-0.431610967072856 0.3124999986248507 0.0
-0.3443747690761547 0.2374999882265136 0.0
-0.3227241371146971 0.2249999898804574 0.0
0.4566987251754811 0.3749999981344528 0.0
-0.01961523659219722 -0.09999999958461436 0.0
-0.2361215970989728 0.1999999926475817 0.0
0.08863785440561253 -0.3124995732439415 0.0
0.0669872258433363 -0.3249996028126299 0.0
0.4350480970410834 -0.1124999977528035 0.0
0.4350480945380046 -0.08750000031205625 0.0
0.08863793296557208 0.08749999773455928 0.0
0.04533666201017192 0.1124999969110914 0.0
-0.257772653855847 -0.0875006268966767 0.0
-0.1062177704079601 -0.3500000034366255 0.0
-0.2361414330224184 -0.4250757340998524 0.0
-0.1062177820709137 0.02499999448832702 0.0
-0.1278684168918218 0.01249999424898252 0.0
-0.1278684165412968 -0.0125000057767195 0.0
0.1752404873239634 -0.4124999942462459 0.0
0.1752404876704636 -0.4374999937477295 0.0
0.3484455636391488 -0.2624999894486646 0.0
-0.1062177711177474 -0.3250000034804199 0.0
0.3484455644289253 -0.2874999894985866 0.0
-0.3010754230328851 -0.1625043212709928 0.0
-0.2794242828228922 -0.1500030664880528 0.0
0.3267949297216636 -0.2999999902613824 0.0
0.04533666248808066 0.0874999969026996 0.0
-0.4092348097645577 0.05017391490914791 0.0
-0.4302904794997335 0.03662159380111432 0.0
0.240192379028397 0.05000000004127569 0.0
0.261843022038052 -0.2124999925873829 0.0
0.2834368168142891 -0.4249015318633007 0.0
-0.3010765072464406 -0.0625043488330228 0.0
-0.279423792288621 -0.05000135110733162 0.0
0.2185417422926336 0.1874999963395116 0.0
0.1968911165343276 -0.1999999942381361 0.0
0.2185417554735465 -0.3374999932055741 0.0
-0.08456713936009885 -0.1875000031347678 0.0
0.002035391597921654 0.2124999951768858 0.0
-0.1928203127061722 -0.2750000057673784 0.0
0.00203539154919527 0.1624999956131912 0.0
-0.0196152434015833 0.1749999954722905 0.0
0.1752404704875419 0.4374999956268742 0.0
-0.3660253925950209 -0.3000000105140008 0.0
0.1535892349466154 0.4000006024131045 0.0
0.2401923852042455 -0.1499999933349447 0.0
0.2401923833511388 -0.1249999935712409 0.0
0.305144283871317 -0.0624999986741941 0.0
0.2834936488979513 -0.07499999837642424 0.0
0.2834936498217037 -0.09999999692678867 0.0
0.2618430144325228 -0.08749999710959146 0.0
0.1535898354323643 0.3499999957495558 0.0
0.1535898355276459 0.3249999955815189 0.0
0.04533666156618166 0.1374999967824904 0.0
0.2834367989087903 0.424901535777797 0.0
-0.1928203348600208 0.2999999766781836 0.0
0.3267949180005076 0.1249999981060789 0.0
-0.2577722305987231 0.3374999940215053 0.0
0.1968911075662018 0.1499999974279924 0.0
0.02368602987712469 -0.05000000264637681 0.0
0.00203539452196333 -0.03750000360545136 0.0
0.2185417458297512 -0.06249999838287922 0.0
0.3051442887309811 -0.1374999929219497 0.0
0.37009619099559 -0.1249999967415348 0.0
0.131553152885804 -0.4377007797561105 0.0
0.1097631862373931 -0.4494680352030611 0.0
0.0886379465499807 -0.4375000003035836 0.0
-0.1931057359725017 -0.4500723690500339 0.0
-0.0635457843316015 -0.4495053010499568 0.0
-0.03905497121719854 -0.4367507871510834 0.0
-0.08571590179189621 -0.4619045436418287 0.0
-0.3233302692334189 0.4534393106609178 0.0
-0.3443747708706757 0.4374999937551093 0.0
-0.1496336927800909 -0.4535585937129812 0.0
0.08788627847344188 -0.4620367673962698 0.0
0.06635073748497457 -0.4496606107330539 0.0
0.04374018962919421 -0.4590870168521726 0.0
0.0456563175655913 -0.4356932119358219 0.0
0.02325442026057788 -0.4458264603492681 0.0
0.326155638510054 0.4535510126571152 0.0
0.3484455490331861 0.4374999962459603 0.0
0.3261630826669055 -0.4535530007338444 0.0
0.3484455682202163 -0.4374999899926523 0.0
0.281266151289583 0.4469783104117558 0.0
0.2812661691258588 -0.4469783049751028 0.0
-0.452947550902019 0.1000039023982822 0.0
-0.4526279438335644 0.3499999994334975 0.0
0.2399274938360297 -0.4484492287131893 0.0
0.2399274783842559 0.4484492302735987 0.0
-0.4530832290146631 -0.3499484063652629 0.0
-0.4527055301371621 -0.374996207684045 0.0
-0.4531933170566902 -0.2499052984168049 0.0
-0.4529907007574414 -0.224684022418876 0.0
-0.4526279333713025 -0.2750000131691804 0.0
0.1105077599428635 0.450402785140522 0.0
0.08867439684471745 0.4375671936078462 0.0
0.08870244626157509 0.4622702786140321 0.0
0.06748543971220936 0.4495552845007822 0.0
-0.4531384892124491 0.2249999283247564 0.0
-0.4527311508499741 0.1999894917175324 0.0
-0.4532768446021012 0.2499999749103784 0.0
-0.4538893082686843 0.2999999983323635 0.0
-0.2361215777897965 -0.4500000077315276 0.0
0.4133119988735554 -0.450389180397339 0.0
0.3917325922005242 -0.4375648540465895 0.0
0.4359413068563258 -0.4626391722064109 0.0
0.4575498421385374 -0.4502117934501083 0.0
0.4132177272099327 0.4506282725393109 0.0
0.3917093062738646 0.4376063889689482 0.0
0.4350480889160372 0.4624999976458424 0.0
0.1109746237446231 -0.4760397416270193 0.0
0.3907851829020613 0.4624841276899631 0.0
0.3896709042664132 -0.4627885635209564 0.0
0.06491606120922888 0.4762121776503591 0.0
-0.06331452150278312 -0.4757685627465083 0.0
-0.4763108104338568 -0.3624834533895443 0.0
-0.4552283423385081 -0.3246797079502615 0.0
-0.4763503514114805 0.08739519962234676 0.0
-0.4551326384395087 0.1252978246973854 0.0
-0.4762015227163429 0.212486801497742 0.0
-0.4771923685040948 -0.2117407091402633 0.0
-0.4554857124964157 -0.1971774908995571 0.0
-0.4580611247729749 -0.1723288487557104 0.0
-0.4354512447896525 -0.1812791716025619 0.0
-0.4356271443739808 -0.1568831277830325 0.0
-0.4329459894262327 -0.2090901425418365 0.0
-0.476601955486754 0.2624999938931176 0.0
-0.4757559705071377 -0.2624919483785886 0.0
-0.4763289549822641 0.3626186622029255 0.0
-0.45525787724365 0.3249999993827457 0.0
-0.4755089066018379 0.187462886147113 0.0
-0.4530300719781222 0.1750071197257063 0.0
-0.4770833062816333 0.3884036882114335 0.0
-0.4552134156899688 0.4013613146835838 0.0
-0.4568724370501974 0.4270086995821875 0.0
-0.4334266433338955 0.4392567275341819 0.0
-0.4097231771803117 0.4265253095203343 0.0
-0.3868106712830817 0.4384377899046821 0.0
-0.4538842174980916 0.4543293053748213 0.0
-0.40868205152855 0.450640067706795 0.0
-0.3852540366001703 0.4631163573071853 0.0
-0.4759179012701047 -0.3875028113957643 0.0
-0.4543809871325213 -0.4006603716465131 0.0
-0.4561232212974854 -0.4262000313107936 0.0
-0.4331697396702149 -0.4151877784144853 0.0
-0.4361436674353748 -0.4393610103191868 0.0
-0.4127765523006652 -0.4293335870994305 0.0
-0.3895935826929486 -0.4161783351695399 0.0
-0.3924157060348147 -0.4416096715573837 0.0
-0.3686867532038883 -0.4306158124845668 0.0
-0.3724292501659924 -0.4572210781364955 0.0
-0.3472667565959652 -0.4412149223900076 0.0
-0.3463705355514427 -0.4160221663506445 0.0
-0.3245247031276658 -0.4551539462508288 0.0
-0.4771204885988779 0.06178983601457055 0.0
-0.4538877317372587 0.04827988646548034 0.0
-0.450895365285584 0.02236349122300327 0.0
-0.4278561530575763 0.01231087619823235 0.0
-0.4513688587891597 -0.004085007205427676 0.0
-0.4242467215003564 -0.01214088399437108 0.0
-0.4428214370442629 -0.02765642039273608 0.0
-0.4210338662179762 -0.03800432045638227 0.0
-0.4392109229982363 -0.05258010615993869 0.0
-0.4163815716300818 -0.06278819520739351 0.0
-0.4356150632671829 -0.07853868336858338 0.0
-0.4618139679530462 -0.04407231970539374 0.0
-0.4112257699713091 -0.08492097860940706 0.0
-0.428813636784545 -0.1040249899257544 0.0
-0.3918430902899436 -0.07000384415559344 0.0
-0.4747857239006641 0.01220838892727782 0.0
0.1333932648814885 0.4624554575445272 0.0
-0.4111983553513158 -0.1732814486145295 0.0
-0.4278526694078619 -0.1318451586656016 0.0
0.3700961839371441 0.4501337221302375 0.0
0.3668123256777713 0.4759956250848643 0.0
-0.4536906131374174 0.2749999937442926 0.0
-0.4774707347844291 0.312499999531559 0.0
-0.4780007777945407 -0.3123525980275411 0.0
-0.4779868122970192 0.1376424521633357 0.0
-0.4783293634423157 -0.4376633715984126 0.0
-0.3659273477629313 0.4250947529292628 0.0
-0.3660449968888421 0.4001644612207105 0.0
0.1546369764235176 0.4497582183408473 0.0
-0.4093266759742883 0.2499999769971165 0.0
-0.3660254039127084 0.2499999883728305 0.0
-0.3227241363700991 0.2499999914185437 0.0
-0.3010735021242817 0.2374999915210081 0.0
0.4567917627553384 0.4498388520282173 0.0
0.4592780236647119 0.4769748389471643 0.0
-0.04126587394586866 -0.112500003924086 0.0
-0.4312714569534686 0.2624999789915472 0.0
0.110288542862921 -0.2999998267548667 0.0
0.4566987280199215 0.224999998772709 0.0
0.4566987273781848 0.2499999983955953 0.0
0.4350480920041543 0.2624999980451069 0.0
0.4566987268993315 0.2749999980831929 0.0
0.4350480916767086 0.2874999979376004 0.0
0.4566987271060703 0.299999998543419 0.0
0.4350480915453533 0.3124999977198417 0.0
0.456698726446104 0.3249999979478402 0.0
-0.2144709610621054 0.1874999937206674 0.0
-0.2144709602082977 0.1624999938933988 0.0
0.0886379230397697 -0.2874998990436628 0.0
0.1535898500483194 -0.3249999974180691 0.0
0.1752404856936218 -0.3374999955653447 0.0
0.4566987361897298 -0.1749999932812459 0.0
0.4566987369141148 -0.1499999945450559 0.0
0.4133974722548426 -0.3249999869802835 0.0
0.4350481056440929 -0.3374999907427523 0.0
0.4350481058572422 -0.3624999889810213 0.0
0.4566987397202802 -0.3749999923159223 0.0
0.4566987282434787 0.1999999986504952 0.0
-0.01961523538388668 -0.1500000009398332 0.0
0.002035400033229301 -0.1624999998881724 0.0
0.391746836201012 -0.312499988175976 0.0
-0.2577722943518519 -0.1125001100837841 0.0
-0.0629165132625853 0.1999999947533585 0.0
-0.2144709608692646 0.2124999935923331 0.0
-0.2577772616584749 -0.4375156418449117 0.0
-0.2589727811699969 -0.4624670167835341 0.0
-0.2141912834365197 -0.4627039705087001 0.0
-0.1911741255378483 -0.4758512756701835 0.0
-0.2799682306879958 -0.4498217101570104 0.0
-0.08456714055747774 -0.1625000040226492 0.0
-0.0629217866830247 0.3249908622663509 0.0
0.08863793307403069 0.06249999763039983 0.0
0.1102885680778022 0.04999999804005771 0.0
-0.3876760418135958 0.2624999900883755 0.0
0.4133974591776491 -0.07500000021090025 0.0
0.4350480942295437 -0.0625000009355951 0.0
0.4566987291743125 -0.07500000115510885 0.0
0.4350480947216262 -0.03750000052219048 0.0
-0.2794234151445119 -0.1750012361971682 0.0
-0.2577725517220343 -0.1625007215436575 0.0
-0.4093383801391721 0.3500195770205092 0.0
-0.3876778284148088 0.3375035405340812 0.0
0.0669872968340541 0.1249999971712046 0.0
0.4566987251288271 0.3999999980010297 0.0
0.4783493620647613 0.3874999990801719 0.0
-0.1711696893261366 0.1874999945419888 0.0
-0.1928203250009861 0.174999994268477 0.0
-0.1928203247732119 0.1499999945719192 0.0
-0.1278684174002315 0.03749999406886365 0.0
-0.1495190519374915 0.02499999404062836 0.0
0.002035405436494733 -0.3375000007686794 0.0
0.02368604011906314 -0.3250000001608015 0.0
-0.2361248886086219 -0.400012628573325 0.0
0.261843013893124 0.0625000001836864 0.0
-0.1062177806842488 -0.0750000058565832 0.0
-0.1278684157997193 -0.0625000064897312 0.0
-0.127868416335233 -0.03750000608124415 0.0
-0.149519050295325 -0.05000000659086301 0.0
0.3700961992118464 -0.2749999888914355 0.0
0.3700961984425249 -0.2499999887629792 0.0
-0.01961523632109308 -0.1250000010108926 0.0
-0.2361215952018959 0.1499999930004275 0.0
0.06698730011959184 -0.05000000150293671 0.0
-0.192820311593168 -0.3250000056828836 0.0
0.002035404178870506 -0.2875000003526741 0.0
0.1102885744663633 -0.1249999969787399 0.0
0.2618430101157479 0.3374999956907235 0.0
0.2834936451994614 0.3249999958342412 0.0
0.2618430102515802 0.3124999959164447 0.0
0.2834936453845595 0.2999999960398501 0.0
-0.1495190525568998 0.04999999404666111 0.0
-0.06291752921608951 0.2999982363552977 0.0
-0.2144709878522217 0.3624999467662914 0.0
0.3484455526907164 0.1374999982740713 0.0
0.3051442803239417 0.3124999961056196 0.0
0.3051442806255332 0.2874999962804617 0.0
0.3267949158379128 0.2749999964083751 0.0
0.3051442811350525 0.2624999962903116 0.0
-0.06291650162454182 -0.2750000023391463 0.0
-0.2361215998116302 0.4249999859293768 0.0
-0.2144709635435728 0.4374999873685513 0.0
-0.2362528730766208 0.4503884883506842 0.0
-0.2137344335200266 0.4625478793074312 0.0
-0.1918583452630079 0.4497401164939525 0.0
-0.1693061974196138 0.4599134428178857 0.0
-0.2589756653500243 0.4624403224067914 0.0
-0.2799482423460744 0.4497691895857245 0.0
-0.2361215913516432 -7.252205391772293e-09 0.0
-0.2577722268710017 0.01249999192868981 0.0
-0.2577722259361397 -0.01250000786957484 0.0
-0.2794228614883497 -8.867066192408402e-09 0.0
-0.279422862414928 0.02499999140681564 0.0
-0.3010734971460201 0.01249999097941737 0.0
-0.2577722277405149 0.03749999207374477 0.0
-0.1928204642272615 0.3499997535994354 0.0
0.370096200236962 -0.2999999888375569 0.0
0.3484455652381213 -0.3124999897755334 0.0
-0.3227241256030673 -0.1750000089995443 0.0
-0.2144709597867512 0.1374999937965244 0.0
-0.1928203241581583 0.124999994124419 0.0
0.1968911143694563 -0.1249999942202034 0.0
-0.2794249015210531 -0.3750035603851574 0.0
-0.2577751592790173 -0.3875062556038575 0.0
-0.08456637355307049 -0.3874986850445047 0.0
-0.1711696895535672 0.162499994444799 0.0
0.4350480910490031 0.3374999975503913 0.0
0.15509723203601572 0.20196287949219976 0.0
-0.04126587618373675 -0.01250000450131084 0.0
-0.01961524132999549 -4.064951236726344e-09 0.0
-0.08456713522689774 -0.3375000028897047 0.0
-0.2577730483390454 -0.3625016410542361 0.0
-0.1062177824331785 0.04999999449364835 0.0
-0.2794228633278462 0.04999999181691875 0.0
0.2185417482082748 -0.1124999945003425 0.0
-0.4314603616110242 0.1125604326215416 0.0
0.3917468239791742 0.1374999993876677 0.0
-0.01961523747260877 -0.07500000018916309 0.0
-0.1711696783419189 -0.2375000051365301 0.0
-0.2361215835094829 -0.2500000070219077 0.0
0.1535898388065615 0.02499999926849529 0.0
-0.2577723684274666 -0.187500331079548 0.0
0.4350480948899461 0.03750000003420426 0.0
0.4566987298800311 0.04999999988104045 0.0
0.4133974598934836 0.05000000013706464 0.0
-0.3443747699683945 0.1124999900119373 0.0
0.1752404811997067 -0.1874999948751552 0.0
-0.3443662481721089 -0.1625182223956407 0.0
-0.3227241333875979 0.04999999087433268 0.0
-0.3443747635299519 0.137499989881854 0.0
0.4566987297613018 -0.02499999983507878 0.0
0.02368603487093068 -0.1499999988293367 0.0
-0.3010739055234329 -0.1875009318423775 0.0
-0.4381909035449084 0.4781679431243488 0.0
0.4783493643128325 0.2124999996040716 0.0
0.4566987291838887 0.1749999989078732 0.0
0.3656810154280392 -0.4762911979108824 0.0
0.3484455549109672 0.01250000055934752 0.0
0.1981110301547404 -0.4535139325456599 0.0
-0.06291426775561539 -0.399996137724705 0.0
0.1319391573892955 -0.3624996469492276 0.0
0.1535898511740216 -0.3749999997876012 0.0
0.1535898412372407 -0.3499999389615627 0.0
-0.3010734873882495 -0.3125000087109522 0.0
-0.3010734879168514 -0.2875000087790252 0.0
-0.06291650080993963 -0.3000000023520069 0.0
-0.1928203237346763 0.09999999396594425 0.0
0.391746824980774 0.06250000028506619 0.0
-0.2361215930239835 0.04999999282376957 0.0
-0.2144714963459816 -0.3875021102060257 0.0
0.4133974569862617 0.2499999979101275 0.0
0.3267949237047208 -0.1499999923181032 0.0
-0.0845672322019215 0.2874998512926381 0.0
-0.1062177939159966 0.2749999783291588 0.0
-0.1278684384877938 0.2874999619233518 0.0
-0.1278684238494066 0.2624999860050095 0.0
0.4566987262324049 0.3499999983805255 0.0
0.4133974555976513 0.3499999974203831 0.0
-0.3227241220493866 -0.3250000093649366 0.0
0.1102885764270487 -0.1999999965719044 0.0
0.08863794170642467 -0.2124999970217907 0.0
0.11137788007071715 -0.2272222862126296 0.0
0.0003470360235181755 -0.4137364657551157 0.0
0.2401923750984014 0.3249999960120218 0.0
0.2401923756069283 0.2999999961306141 0.0
-0.1711696889881915 0.1374999944373579 0.0
-0.1495190535553989 0.1249999945418159 0.0
0.2185417541439889 -0.287499993434278 0.0
-0.2577811969120371 -0.4125249440107068 0.0
-0.1278684072671584 -0.2625000039409061 0.0
-0.1278684069328166 -0.2875000040755145 0.0
-0.1062177715211927 -0.3000000034540899 0.0
-0.3443748802120327 -0.137600308795951 0.0
0.3267949304404375 -0.3249999903898846 0.0
0.4783493650864415 0.112499999803877 0.0
-0.3443747704852687 0.2874999944287692 0.0
-0.4098468665004077 -0.2242012929687694 0.0
0.175240481970405 -0.2124999947910502 0.0
-0.3010734889125262 -0.2375000086347008 0.0
0.06764485926689165 0.4249372785144329 0.0
0.04317788561892355 0.4362946018176829 0.0
0.2834936614978283 -0.3749999915747547 0.0
0.3917468350290944 -0.2874999881413118 0.0
-0.1711696820091177 -0.1125000066644264 0.0
-0.2361216711128155 -0.1000001271005708 0.0
-0.08750000016214973 0.4783493650686964 0.0
-0.07470772202942869 0.4568674770430137 0.0
-0.09935020906194408 0.4586152146575261 0.0
-0.04995128718903552 0.4569199241816326 0.0
-0.06001816189290457 0.4361500300513501 0.0
0.4783493633325939 0.3124999995167826 0.0
0.01291684156514836 0.4781087014525616 0.0
0.0004863151711356206 0.4564179558389309 0.0
-0.02491082862654612 0.4568818697152867 0.0
-0.0120418719472275 0.4360918647885836 0.0
0.01402056302003307 0.4351423485163619 0.0
0.0005239145682810475 0.4124572918491394 0.0
0.02528763473900206 0.4133890111839419 0.0
0.02971676469979781 0.3860841825812892 0.0
0.02750104910698012 0.4552547486500447 0.0
0.18749999983052 0.4783493649344107 0.0
0.2643429526548915 0.4797641100449114 0.0
-0.1495190446081293 -0.1750000047909676 0.0
-0.1711696803038234 -0.1625000056374933 0.0
0.4133974564141304 0.299999997617181 0.0
0.2402025589722057 -0.3999823827552278 0.0
-0.1062177827112089 0.07499999478193486 0.0
0.3484455550117662 0.03750000048323466 0.0
0.002035400779855118 -0.1875000000531165 0.0
0.0236860354794349 -0.1749999990254332 0.0
0.04533667121845528 -0.1874999980929297 0.0
0.02368603624104327 -0.1999999990992816 0.0
0.3051442817166413 0.2374999963802852 0.0
-0.08456713863227894 -0.2125000028660587 0.0
0.3700961899572255 0.02500000039330541 0.0
0.06698729945867074 -0.02500000213800474 0.0
-0.2361215948121895 0.1249999930074864 0.0
-0.4310597316733937 0.1874993024953465 0.0
0.2116571623863994 0.4775543826981473 0.0
-0.3876920893584151 -0.3124975966490291 0.0
-0.3876962368299455 -0.3375013053789743 0.0
0.06698729786832212 0.0749999972512486 0.0
-0.1278684065292056 -0.3125000040333807 0.0
-0.236121642228544 -0.1750001304652187 0.0
0.02368603945288582 -0.2999999998884562 0.0
0.04533666083597646 -0.3124999339485308 0.0
0.3484455675644721 -0.4124999898157755 0.0
0.3917468365410569 -0.3374999883871225 0.0
0.1535898368413881 0.2249999955382301 0.0
0.2834936473396493 0.1749999970944576 0.0
-0.3010741527760143 -0.03750095582464685 0.0
-0.3443749047651727 -0.287500018192283 0.0
0.2401923761424507 0.2749999960796121 0.0
0.2401923902967565 -0.3249999927127467 0.0
-0.2144709951865522 0.3374999339362112 0.0
-0.4314337727457831 -0.3880158777219087 0.0
-0.214470946903435 -0.3125000062570271 0.0
-0.2144709475578184 -0.2875000064231263 0.0
0.240192386626257 -0.1999999933384745 0.0
-0.1278694317842957 0.3374982416727266 0.0
0.4566987312274233 -0.09999999857716947 0.0
0.3917468241868146 -0.06249999987148495 0.0
-0.01249956834037384 -0.4786646390413158 0.0
0.002617703423551266 -0.4563076822904971 0.0
0.4784579065950429 0.4373119950748703 0.0
-0.03748358522431364 0.4783974999596281 0.0
-0.4786081192646405 -0.1123071905306079 0.0
-0.4600327386248968 -0.1261364436583422 0.0
-0.4543583947966556 -0.09901748425997903 0.0
0.162500000050671 -0.4788723243090997 0.0
0.1514853465430013 -0.4546044226062974 0.0
0.2116571677786221 -0.4775543828732778 0.0
0.2643429605629671 -0.4797641072788061 0.0
-0.3125000000230373 0.47834936491893 0.0
-0.3633611003663765 0.4766804728243013 0.0
-0.1375000000444082 -0.4783493649658815 0.0
0.4783493661184344 -0.2624999999062798 0.0
0.4783493670627148 -0.2124999995878722 0.0
0.4783493649153973 -0.06250000007630054 0.0
0.4783493649855951 -0.08749999980237799 0.0
0.4783493665288606 -0.3124999998506821 0.0
0.3133001655940479 0.4785116887066015 0.0
-0.311739221630914 -0.478356811493151 0.0
-0.3864066362867576 -0.4795151976332014 0.0
-0.4339814539294393 -0.4786180520681731 0.0
-0.01961524050549979 -0.02500000357328402 0.0
-0.3010735021494326 0.1874999908270744 0.0
-0.3227241348288919 0.1749999900063267 0.0
0.06698729759817579 0.09999999725795217 0.0
0.08863793198690906 0.1374999975323339 0.0
-0.01961524385708846 0.2999999944925049 0.0
-0.04126587523800275 -0.0375000037293145 0.0
0.1968911210989322 -0.349999993946033 0.0
0.2834936497906345 0.02500000055272866 0.0
-0.1928203136891474 -0.2250000057133015 0.0
0.3917468317359667 -0.1874999884079565 0.0
0.3917468314743392 -0.1624999914412819 0.0
-0.0239985449966347 -0.457445770287044 0.0
-0.01260720595982716 -0.4360703385225893 0.0
0.1968911062962983 0.2749999957942265 0.0
0.196891106012037 0.2999999957722803 0.0
-0.2361215822780959 -0.3000000069330949 0.0
-0.1495190540387268 0.174999994505716 0.0
0.0669872965015954 0.2749999950247137 0.0
0.08863793152688879 0.2874999950828382 0.0
0.06697458494439956 0.300005644567921 0.0
0.08862310126405248 0.3125065862594898 0.0
-0.04136244146242003 -0.3873314366120355 0.0
0.435048094952512 0.06249999991725474 0.0
0.4350480952374022 0.08749999988453425 0.0
0.1535898485764562 -0.2749999952062932 0.0
0.1319392077333249 -0.2874999682679273 0.0
0.3917405674103595 0.4125177291435084 0.0
-0.1278684196419644 0.2374999927150981 0.0
-0.1711696778238131 -0.2625000051293369 0.0
-0.08456713575519867 -0.3125000029043596 0.0
0.4783493649552922 0.0625000001293178 0.0
0.1968911097883204 -0.02499999912638695 0.0
0.4567323226505811 0.4249418066661013 0.0
0.08863793134789821 0.1874999959340924 0.0
0.0236841839121943 -0.349993628959359 0.0
0.3484455524225519 0.1874999971948251 0.0
-0.01961523304818705 -0.2250000010046988 0.0
0.1319392048310511 -0.03750000060398989 0.0
0.3484455546376768 -0.1124999971756996 0.0
-0.06291651224875602 0.04999999525190732 0.0
-0.1711696730058362 -0.4375000052962126 0.0
-0.1495190399967783 -0.3750000046846791 0.0
0.3051442943380116 -0.2874999910137526 0.0
0.08879251784948043 -0.4124884710504585 0.0
-0.4315352787750391 0.3375221799045821 0.0
0.04530609848363043 0.3124793360897047 0.0
-0.08456714719007133 0.03749999486232149 0.0
-0.1278670557847206 -0.387497667939948 0.0
0.4783493650031908 0.03750000005109412 0.0
0.02368602759622362 0.07499999665818569 0.0
0.4783493635019 0.2624999994689605 0.0
0.3133014103152136 -0.478512018454136 0.0
-0.1062177863265164 0.2499999899541087 0.0
-0.3660253971293382 0.1249999893677321 0.0
0.4566987341411703 -0.2249999962351408 0.0
-0.3660252908991998 0.1749999791184135 0.0
0.3484455670794697 -0.3874999898086273 0.0
0.1752404706883129 0.3124999953773308 0.0
0.1535898388917271 0.04999999920899521 0.0
-0.322954641777185 -0.0751315029815374 0.0
0.06698730708572907 -0.2249999979090866 0.0
0.3267949257008205 -0.1749999906850942 0.0
0.02368602649180732 0.2249999951262843 0.0
0.04532944903400535 0.2874974933855073 0.0
-0.3227264233082699 -0.2000008814976761 0.0
-0.06291669688511614 0.274999677499902 0.0
0.3484455499369769 0.3874999964616931 0.0
0.1102860946214705 0.3000010936211608 0.0
0.1102836737971151 0.3250033056869657 0.0
-0.257772232268155 0.2124999920903147 0.0
0.04533449290781653 -0.3374924894972022 0.0
0.1535898382447802 0.1249999988309146 0.0
-0.3227241471301702 -0.3000000109072423 0.0
-0.1928203131903356 -0.250000005708533 0.0
-0.1278687584230755 0.3124994080550237 0.0
-0.04126587408023696 -0.08750000396819402 0.0
0.3917444631989344 -0.4125107997406022 0.0
-0.3443747704414911 0.2624999915911689 0.0
-0.1062177739104176 -0.2000000038048002 0.0
-0.1062177673431232 -0.4500000034431484 0.0
0.3917468215655878 0.2874999973332821 0.0
-0.06293909635762063 0.3499608810199708 0.0
0.2402025422291967 0.3999823856859431 0.0
-0.1495374283345524 0.3999681700645553 0.0
-0.1278723019923666 0.4124932698452772 0.0
-0.1494914269100221 0.4245213235305679 0.0
-0.1279215906745698 0.4364370303719856 0.0
-0.1073377784388017 0.4230155435565169 0.0
0.1968911083707351 0.09999999909231218 0.0
0.00203539414134471 -0.01250000344186107 0.0
-0.1062177813325704 -0.02500000556796161 0.0
0.06698730364839835 -0.0999999981115187 0.0
0.3917468220893014 0.2374999976286029 0.0
0.4350480930387622 0.1874999985654119 0.0
0.3484455630152219 -0.2374999894366246 0.0
-0.2144709480972684 -0.2625000064110081 0.0
-0.3227237835607687 0.3500003223694599 0.0
0.3917468206527037 0.3374999971561724 0.0
-0.3876760223455146 0.2374999740781594 0.0
-0.0196152434938943 0.1499999956052529 0.0
-0.04126587834227903 0.1624999953677441 0.0
0.2618430137074247 0.08750000001465962 0.0
0.2834936485151187 0.0999999998692217 0.0
0.2834936492110229 0.07500000019953434 0.0
0.1319392036315702 0.03749999872792864 0.0
0.3051442950049807 -0.3124999909971091 0.0
-0.01961523378857102 -0.2000000006718043 0.0
0.2834936574200722 -0.2249999916606098 0.0
0.3917468248319931 0.01250000022458465 0.0
0.3700961843799759 0.4249999969393967 0.0
0.08870659098804234 0.4125008612876256 0.0
0.3267949193396108 -0.04999999911594009 0.0
0.06698248469600565 -0.3499828728432528 0.0
0.2834841877354685 -0.39998358157329 0.0
0.1968911171479347 -0.2249999941932395 0.0
0.3484455495561738 0.4124999964222041 0.0
-0.3010730905894797 0.362500375667174 0.0
-0.2794269765558378 -0.1250074204881053 0.0
-0.3443891482704239 -0.2125018724717622 0.0
0.2185417518927126 -0.2124999936105616 0.0
-0.08456714842280497 0.1874999946661387 0.0
0.32679491543202 0.3249999963375129 0.0
0.2401923895338774 -0.2999999927111545 0.0
-0.3449344602858179 -0.3885701838792065 0.0
-0.08456700800513126 -0.3624997831497881 0.0
-0.1927919985034998 0.4248197620262355 0.0
0.4133974567499021 0.2749999978496425 0.0
0.1752403705001702 0.4125000968689331 0.0
-0.1495190425062427 -0.2750000047450876 0.0
-0.3876607283743673 0.06252897677604186 0.0
0.04533666290783436 0.06249999695122443 0.0
0.04533666334246121 0.03749999709143849 0.0
-0.2577732129626087 -0.1375018886752699 0.0
0.08863793171156087 0.2124999954087047 0.0
0.1102881545001586 0.2750001782354938 0.0
0.2618430227647744 -0.2374999924429646 0.0
-0.1062160482968326 -0.3749970216724738 0.0
0.240192385802337 -0.174999993442797 0.0
-0.3010735005441736 0.2624999939183481 0.0
-0.2794228666128662 0.24999999226773 0.0
0.2618438354505265 -0.4124603022971626 0.0
0.1102885682653368 0.07499999812990776 0.0
-0.04126587793110781 0.1124999954786017 0.0
0.00203539277721318 0.06249999629770264 0.0
0.370096189808171 3.785139909839863e-10 0.0
-0.2361215902598459 -0.02500000704101418 0.0
-0.2577728815380701 -0.06250095447653312 0.0
0.02368603868461804 -0.2749999996122566 0.0
0.3267949166230275 0.2499999965835917 0.0
0.2618430146553641 0.03750000035103528 0.0
-0.2361218158462695 -0.1500004600522417 0.0
-0.3863946110275046 -0.01051226397806526 0.0
-0.08456714827258295 0.1374999948516989 0.0
-0.06291651332313286 0.1499999951259193 0.0
0.1102885685276638 0.02499999822192478 0.0
0.3051442802244942 0.3374999960193148 0.0
-0.01963803486267567 0.3249605192879511 0.0
0.2609927506727975 -0.4359426178166297 0.0
-0.301073502505442 0.212499990784013 0.0
0.06698730640718835 -0.199999997567846 0.0
0.1319392098622149 -0.1374999961223572 0.0
-0.3443747415152452 0.1624999876564918 0.0
-0.2794228639633582 0.07499999184899878 0.0
0.08854929859176852 0.3375806626695766 0.0
0.2618430149969366 -0.03749999921506715 0.0
-0.04159122018399794 -0.411170027584838 0.0
-0.1063190863314459 0.3998269608569187 0.0
0.06698730574964869 -0.1749999974348189 0.0
-0.3227272173740112 -0.2250004837035397 0.0
0.002035391619646137 0.2374999950291654 0.0
-0.3227241298374918 -0.05000000881016428 0.0
0.2185417441985631 0.03749999994199606 0.0
-0.3010735005393924 0.1374999910792813 0.0
-0.3227241294379215 0.1499999900512279 0.0
0.456698729586183 -0.05000000045618745 0.0
-0.04126587821649916 0.1374999953662023 0.0
0.2401923796898203 0.02500000025062166 0.0
-0.409569563565399 -0.299959167841207 0.0
0.3051442845357603 -0.03749999903178397 0.0
0.2185417547705941 -0.3124999932973797 0.0
-0.06291650018428283 -0.3250000022268936 0.0
-0.236121601042428 0.3249999836312347 0.0
0.2834841706261821 0.3999835855611029 0.0
0.4566987301535011 0.09999999968606875 0.0
-0.1711696976131173 0.2874999807732865 0.0
0.2185417418855811 0.2124999960197681 0.0
-0.3874254022373584 0.03793759258181539 0.0
-0.1124369352224425 0.4796222425617419 0.0
-0.3227241343811608 0.1999999896528173 0.0
0.2185417399908323 0.337499996157776 0.0
0.3484455524383869 0.1624999977220604 0.0
0.1968911201869558 -0.3249999941407704 0.0
0.2401923873577075 -0.2249999931631634 0.0
0.2618430204883571 -0.1624999926827881 0.0
0.2401923768892414 0.1999999964175286 0.0
-0.149519050861366 -0.02500000608429462 0.0
-0.04126926196718328 0.31249413503648 0.0
0.153589835831105 0.2999999955833952 0.0
-0.3660262391040171 -0.2750000529695098 0.0
-0.4319089530374217 -0.2873684780706411 0.0
-0.01961524325597373 0.2249999950067436 0.0
0.1319392088092277 -0.1124999968124461 0.0
-0.4095275278986473 0.3250075486004588 0.0
0.1102885711380088 -0.0750000003143162 0.0
0.06698729192169628 -0.2999999160346439 0.0
0.002035391828138028 0.1374999958787617 0.0
0.2618430192118143 -0.1374999935201293 0.0
0.3700934326613772 -0.4250126020513947 0.0
-0.3227241232914928 -0.2500000089747452 0.0
-0.1711696872860139 0.03749999396301573 0.0
0.3917468249497147 0.03750000025572386 0.0
-0.3227242983005563 -0.2750000189502532 0.0
0.4566987299986537 0.07499999986124975 0.0
-0.3227241316438323 -9.117612470577185e-09 0.0
0.4133974560958542 0.3249999974467267 0.0
-0.3877199195408834 -0.2874928355554576 0.0
-0.3010734979726252 0.03749999118851677 0.0
0.1537651356326852 0.4249619503756015 0.0
-0.01961524324571073 0.199999995236337 0.0
0.218541740379016 0.3124999961968794 0.0
0.1319392006015422 0.3374999956595268 0.0
0.2834936464490532 0.2499999959493162 0.0
-0.04126587830330009 0.1874999951759359 0.0
0.02368602660478511 0.1499999960077714 0.0
0.3696749697669623 -0.4499119693094251 0.0
0.1535893073209959 0.3750005293161848 0.0
0.1319359959873919 0.3625032326242246 0.0
-0.06291651334217663 0.174999994973378 0.0
0.2834936459023812 0.2749999963833012 0.0
0.2618438181512226 0.4124603057150462 0.0
0.1752404173476486 0.3875000497389189 0.0
0.4566987302091376 0.1249999993929327 0.0
0.2618430108048809 0.2874999961166943 0.0
-0.2794228669539478 0.2249999919497547 0.0
0.4350480941935688 0.1624999987143321 0.0
0.218541743300675 0.1374999986967878 0.0
-0.1711696865228554 0.01249999407259381 0.0
0.2834936495449241 -0.04999999872406081 0.0
-0.2794231254483108 -0.02500038992947173 0.0
0.2185417409593745 0.2874999959743838 0.0
-0.2577725341295464 -0.03750045286255987 0.0
0.04533666127258784 0.1624999960238946 0.0
-0.23376301040942163 -0.07425106159384691 0.0
0.1319392007334947 0.3124999950849333 0.0
0.4783493650420924 0.1624999994064009 0.0
-0.149519054885318 0.2499999926294172 0.0
0.0669872964449553 0.1499999967563986 0.0
-0.1495190658841235 0.274999974546999 0.0
0.2609927333947759 0.4359426212516183 0.0
-0.3010736498931053 -0.01250023031068204 0.0
0.2834936479742234 0.1249999988302227 0.0
-0.236121596365848 0.2249999930767837 0.0
-0.1928203249957198 0.2749999924584476 0.0
0.4783493629209263 0.3624999992202596 0.0
-0.1495190512951551 -5.928346896721948e-09 0.0
0.1531747577240836 -0.425800778925531 0.0
0.1535898380418146 0.1749999960595523 0.0
0.2618430147257335 -0.06249999831092291 0.0
-0.2144709611131149 0.2874999911132525 0.0
-0.2144709709680568 0.312499974805575 0.0
0.1319392139335474 -0.3124999995575455 0.0
-0.08456714304376528 -0.1375000040242385 0.0
0.218541742080157 0.1624999975851332 0.0
0.3917468224675693 0.1624999990862294 0.0
0.1752404873753681 -0.3874999946549514 0.0
-0.1062177751978284 -0.1750000045124227 0.0
-0.171169685073215 -0.03750000614874135 0.0
-0.2577722304698076 0.3124999926542348 0.0
0.2834936475728059 0.1499999979798561 0.0
0.4566987297628871 0.1499999991486808 0.0
-0.06291650520166399 -0.1500000037615971 0.0
0.242554795531305 -0.07573766072424651 0.0
0.1752404846631113 -0.3624999860302497 0.0
-0.04126587042725535 -0.1375000028904201 0.0
0.3700961875989407 0.1499999986981024 0.0
0.08863793148611232 0.1624999968744121 0.0
0.3484455537298506 0.1124999990768816 0.0
0.1102885663386198 0.1749999968377914 0.0
-0.2794228637673297 0.324999994113522 0.0
-0.2794227963259904 0.3500000574878918 0.0
0.3267949189859339 0.09999999907895007 0.0
0.1319392011807995 0.1874999967752162 0.0
0.1968911076872594 0.1249999979995668 0.0
0.4133974589893152 0.149999999100236 0.0
0.1752404724810818 0.1374999976243518 0.0
0.1535898373922981 0.1499999973613996 0.0
0.3051442827618586 0.1124999986587285 0.0
0.2401923768238095 0.1749999973576355 0.0
0.2618430122283084 0.1624999978444981 0.0
-0.27942278571613 0.3750000668040796 0.0
-0.1278684109320379 -0.1625000062653858 0.0
-0.1711696843903571 -0.06250000706279471 0.0
-0.3010730685926715 0.3875003961523577 0.0
-0.3227098737873876 0.3999899533233588 0.0
0.196891110153635 -0.0499999978580461 0.0
0.1102885731526024 -0.09999999854840304 0.0
0.1319392056218026 -0.06249999903485559 0.0
-0.1495190469806153 -0.1250000075583106 0.0
-0.1495190480001445 -0.1000000075829243 0.0
-0.1495190488534796 -0.0750000072735657 0.0
-0.1495190462122914 -0.1500000066137306 0.0
0.04533666605177758 -0.06250000099213548 0.0
0.1968911115449192 -0.07499999628441799 0.0
0.1535898395065161 -0.0499999982333867 0.0
0.4566987385643732 -0.3999999919381039 0.0
0.002035396597265954 -0.06250000106675047 0.0
0.08863793759452022 -0.08749999937595108 0.0
0.06698730182983047 -0.07500000012281784 0.0
-0.01961523882526439 -0.05000000166402974 0.0
0.0236860317306693 -0.07500000048088484 0.0
0.1752404744165657 -0.0374999983678298 0.0
0.153520671083355 -0.4001333023708549 0.0
0.2185417474914772 -0.08749999647768392 0.0
0.2834936523135872 -0.1249999940223198 0.0
0.2401923812993931 -0.09999999523481173 0.0
0.2618430167416006 -0.1124999950776865 0.0
0.3051442855836015 -0.1124999946463189 0.0
0.3267949211406683 -0.1249999950105905 0.0
0.3484455582205385 -0.1374999945183717 0.0
0.3700961952406441 -0.1499999934002344 0.0
0.4783493694913256 -0.1374999985059177 0.0
0.3917468288717005 -0.1374999951637018 0.0
0.4783493697013985 -0.162499998141607 0.0
0.4133974682575106 -0.1499999934530424 0.0
0.4566987345661532 -0.1999999946733214 0.0
0.4350481025630895 -0.1374999937474988 0.0
0.4350481015257076 -0.2374999922232227 0.0
0.4566987372772534 -0.2499999987304282 0.0
0.4566987339427166 -0.1249999970208089 0.0
0.4566987379102263 -0.2749999991330873 0.0
0.4783493725530069 -0.3874999983387654 0.0
0.4783493693535679 -0.3624999967636354 0.0
0.4568405895996883 -0.4250352927579877 0.0
0.4786328285944306 -0.4373368549022512 0.0
0.4566987390871008 -0.299999999246876 0.0
0.4566987385424972 -0.32499999754697 0.0
0.4566987380662804 -0.3499999942087864 0.0
-0.4584568148916971 -0.0705084777095775 0.0
-0.4319319876707611 0.1626208466649246 0.0
-0.3443512819155969 0.4125310909588319 0.0
-0.3010499663867229 -0.4374592742942185 0.0
-0.456137449428802 -0.2995793067704213 0.0
-0.4559606657781375 0.1503730598616626 0.0
-0.02090495456644739 0.3988426002803598 0.0
0.06716984619492927 -0.4246319835339601 0.0
0.04539601074791155 -0.4116498521090033 0.0
-0.4177903454074421 -0.4555140609871205 0.0
-0.3625000001142844 -0.4794810952352987 0.0
-0.03579176263931139 0.4363185374274833 0.0
-0.4797936420433428 0.4628129000701154 0.0
-0.4585757502560138 -0.4506626929644045 0.0
-0.171159822460772 0.4365259920094945 0.0
-0.3653451304601238 0.4499439605340999 0.0
-0.4602456601032772 -0.4769422575681679 0.0
0.4793754301065539 -0.4616108380831102 0.0
-0.4795042132528659 -0.1620602050217404 0.0
-0.149084574642047 0.4472835718136915 0.0
-0.408293580571129 0.02588230250805854 0.0
-0.085746330380466 0.4360605772177005 0.0
-0.4781129155175877 0.438793803371143 0.0
-0.4069798656191257 -0.1250000118172404 0.0
-0.4803426046177629 -0.06057051171692107 0.0
0.02485017341209082 -0.422926227975311 0.0
0.04735640539059513 0.4080343794591559 0.0
-0.1269771890722094 0.4588408041749257 0.0
-0.3000000002321564 -0.459801449241136 0.0
0.3500000002100162 -0.4598076161749654 0.0
-0.300056949806209 0.4593884178547052 0.0
0.3498436611020928 0.4593024391051412 0.0
0.1749673728853252 -0.4605680076593137 0.0
0.1749552871903748 0.4596378561759562 0.0
-0.1624999999990637 0.4815413427841318 0.0
-0.4601532316933238 -0.1500052216573557 0.0
-0.1261038806105831 -0.4591525792329225 0.0
0.03710875523626558 -0.4810155266680267 0.0
-0.4068682178132109 0.001739427868847176 0.0
-0.1735166454691796 -0.4590663217945379 0.0
-0.3882510561023481 -0.09198461138174083 0.0
0.2981266603740905 0.4602993641756181 0.0
0.2981281183752361 -0.46029974663786 0.0
-0.3463428555242871 0.4588343964051815 0.0
0.2214395214396094 -0.4582300603558382 0.0
0.2214395105283958 0.458230061149976 0.0
-0.4810989702029087 -0.03640447811496816 0.0
0.04816920812953149 0.4595549569591241 0.0
-0.4278162953124093 0.4594425178284325 0.0
0.1374999999064396 0.4829644725874752 0.0
-0.2624999999993411 0.4830353060596994 0.0
-0.2625000000006588 -0.483035311570396 0.0
0.388647310133851 -0.4832829804052409 0.0
0.1282552619485752 -0.4592324687950786 0.0
-0.08694118845173916 -0.4829043495301881 0.0
0.4368060600681413 -0.4834663757666952 0.0
0.437499994315443 0.4832531722677441 0.0
-0.2124999999992023 0.4832815340739373 0.0
0.08750000000114422 0.4833160652954266 0.0
0.08749999995254873 -0.4833160678440948 0.0
0.05073718855818202 0.3871412803837017 0.0
0.2592287943441568 -0.4579720053351112 0.0
0.2592287762766697 0.4579720086810647 0.0
-0.3874999999996879 0.4836406645861837 0.0
0.3890708974988108 0.4832519532421018 0.0
-0.4052041323311537 -0.0224154822373448 0.0
-0.04516593198166031 -0.4595566315049755 0.0
0.007623128229928812 -0.4341177850169284 0.0
-0.4044098796115525 -0.1039194559329435 0.0
-0.2131966806654266 -0.4837140527747584 0.0
-0.4621111884808975 -0.02365478481062611 0.0
-0.396869162646371 -0.4620676189776527 0.0
0.4816987297792056 -0.481698729843649 0.0
0.4816987298565542 0.481698729792111 0.0
-0.4816987299590137 -0.4816987295538877 0.0
-0.4816987296009979 0.4816987300552187 0.0
-0.3492990118636214 -0.462870885245718 0.0
-0.0226956884389061 0.4191681606883717 0.0
0.02028774527867908 0.3691139998602393 0.0
-0.4410324838878867 -0.4597628696655744 0.0
-0.02310540277930946 -0.4189548429526026 0.0
-0.398752885905526 -0.04939055338662957 0.0
0.02458885950796464 -0.4644655532108874 0.0
-0.1516284105069527 0.4665671584068766 0.0
-0.4416903804881531 -0.1189145214584977 0.0
-0.4453998683578769 -0.1386278061234917 0.0
-0.0674116946070071 0.4179467418144928 0.0
-0.1106472015016129 0.4423280198256667 0.0
0.0159735161738721 0.3983263641982935 0.0
0.2767256136214962 0.4653326461694778 0.0
0.276725775536851 -0.4653326788782983 0.0
-0.2395832810953936 -0.07140269961616309 0.0
-0.23923508393305223 -0.07257116931361553 0.0
-0.23851110060157013 -0.07491631924906411 0.0
-0.2379801138664736 -0.0765782426603911 0.0
0.15478190132196704 0.19632253243075504 0.0
0.1547734873274585 0.19632923272018624 0.0
0.15283860185920414 0.19783923216016505 0.0
0.15088898548839283 0.1993301634431768 0.0
0.15088568064570787 0.19933263971942344 0.0
-0.2266644295981036 -0.10546019402742583 0.0
-0.2259973232808608 -0.10688877335757055 0.0
-0.22493707101305538 -0.10910231016833546 0.0
-0.2238551388421742 -0.1113053314713671 0.0
-0.22275163104709197 -0.11349762493488667 0.0
-0.2216266539861866 -0.1156789792610875 0.0
-0.2212411577212274 -0.11640878667765395 0.0
-0.19282032485630235 0.1591198247717782 0.0
-0.19325261334068417 0.15859832104091146 0.0
-0.19480031066012918 0.15669345540486737 0.0
-0.19632923272018626 0.15477348732745846 0.0
-0.19780745778557746 0.15287931695751875 0.0
-0.2144709595816503 0.12846021364289018 0.0
-0.21568359649444796 0.12641434334449614 0.0
-0.21691425245488602 0.12429081656316358 0.0
-0.21812400176819924 0.12215531037423881 0.0
-0.21931272783623101 0.12000803060225285 0.0
-0.22048031608708873 0.11784918420649947 0.0
-0.2212411647544301 0.1164087733626519 0.0
-0.2103403715599831 0.13511519769326286 0.0
-0.21055430842907166 0.13478458072775001 0.0
-0.2118673848685586 0.1327110064348774 0.0
-0.21316004108852304 0.13062464117898723 0.0
-0.214432152500068 0.12852568604830544 0.0
-0.2305119170031959 -0.09676131523515405 0.0
-0.2300195210836488 -0.09793375271298888 0.0
-0.229046989279284 -0.10018720827578523 0.0
-0.22805238144936693 -0.10243100758692383 0.0
-0.22703579345627037 -0.10466493438435694 0.0
-0.243976370147402 -0.054535172878853296 0.0
-0.24365371714101125 -0.05597201196462466 0.0
-0.24309248009941917 -0.05836134096397632 0.0
-0.242507813298636 -0.060745044975815954 0.0
-0.24189977309006497 -0.06312289425378938 0.0
-0.24126841807788685 -0.06549465961583438 0.0
-0.24061380911341185 -0.06786011246626848 0.0
-0.23993600928921435 -0.07021902481782305 0.0
0.21854174881353172 -0.1214007044104497 0.0
0.21931272783623107 -0.12000803060225278 0.0
0.2204803160870887 -0.11784918420649948 0.0
0.22162665398618653 -0.11567897926108768 0.0
0.2221821815700094 -0.1146017995207994 0.0
0.08863794239745207 -0.23375812038859392 0.0
0.08882772532010394 -0.23368704545707314 0.0
0.09111762496978724 -0.23280373368970095 0.0
0.09339874251312903 -0.23189798381393104 0.0
0.09567085809127229 -0.23096988312782174 0.0
0.09793375271298896 -0.23001952108364873 0.0
0.10018720827578512 -0.22904698927928402 0.0
0.10243100758692382 -0.22805238144936693 0.0
0.10466493438435713 -0.22703579345627029 0.0
0.10688877335757054 -0.22599732328086083 0.0
0.10838146329518691 -0.22528234628847804 0.0
-0.1676398513531478 0.18546204165032218 0.0
-0.1678897387117546 0.18523778133873975 0.0
-0.1697001863832354 0.18358062735892144 0.0
-0.1711696893742718 0.18220879443564852 0.0
0.05598851285296808 -0.24364984119518723 0.0
0.05836134096397642 -0.24309248009941914 0.0
0.06074504497581594 -0.242507813298636 0.0
0.06312289425378957 -0.2418997730900649 0.0
0.06549465961583437 -0.24126841807788685 0.0
0.06698730760256683 -0.2408553467487578 0.0
-0.18360141774063451 -0.1696774728040365 0.0
-0.18358062735892136 -0.16970018638323545 0.0
-0.18190577949614375 -0.17149427799754813 0.0
-0.18021339917572968 -0.173271840636409 0.0
-0.1785036495128171 -0.17503270297463086 0.0
-0.17677669529663692 -0.17677669529663687 0.0
-0.175032702974631 -0.17850364951281697 0.0
-0.17327184063640896 -0.1802133991757297 0.0
-0.17149427799754827 -0.18190577949614364 0.0
-0.17116967968292623 -0.18220880348286345 0.0
0.2114335656291416 -0.1333960818772167 0.0
0.21186738486855858 -0.13271100643487743 0.0
0.21316004108852296 -0.13062464117898737 0.0
0.214432152500068 -0.12852568604830547 0.0
0.21568359649444788 -0.12641434334449628 0.0
0.216914252454886 -0.12429081656316361 0.0
0.21812400176819932 -0.12215531037423864 0.0
0.10910231016833545 -0.2249370710130554 0.0
0.1112443417745549 -0.22388509166876844 0.0
-0.18360142789849376 0.16967746170653347 0.0
-0.18523778133873972 0.16788973871175464 0.0
-0.18687708171564915 0.16606310947782046 0.0
-0.18849837049046736 0.16422047473576037 0.0
-0.19010149140000773 0.16236201208254594 0.0
-0.19168628993214037 0.16048790064067578 0.0
-0.243976414410881 0.054534975764628686 0.0
-0.2441914703302181 0.053577288266262686 0.0
-0.2447056878372681 0.05117740067734489 0.0
-0.2451963201008076 0.04877258050403215 0.0
-0.24566331983267792 0.0463630595278978 0.0
-0.24604787888205618 0.04426904856761209 0.0
0.20230677968984817 -0.1468732587780617 0.0
0.2036871206318724 -0.14495363703162836 0.0
0.2051003608813784 -0.1429469900569031 0.0
0.20649383313121836 -0.1409265655537541 0.0
0.2078674030756363 -0.13889255825490054 0.0
0.20922093832710228 -0.13684516420219922 0.0
0.21055430842907152 -0.1347845807277502 0.0
-0.16970018638323542 -0.1835806273589214 0.0
-0.16788973871175467 -0.18523778133873972 0.0
-0.16763984033327312 -0.1854620515400622 0.0
-0.24987175632299052 0.007938653519453484 0.0
-0.2498915771255053 0.007362043311990752 0.0
-0.2499518101205162 0.004908423115157133 0.0
-0.249987952239832 0.002454329834287449 0.0
-0.25 3.061616997868383e-17 0.0
-0.249987952239832 -0.0024543298342873878 0.0
-0.2499518101205162 -0.0049084231151570725 0.0
-0.24989157712550533 -0.007362043311990691 0.0
-0.2498717557918047 -0.007938668972265405 0.0
0.1113053314713669 -0.2238551388421743 0.0
0.11349762493488666 -0.222751631047092 0.0
0.11567897926108739 -0.22162665398618667 0.0
0.1178491842064994 -0.22048031608708876 0.0
0.1200080306022527 -0.21931272783623112 0.0
0.12215531037423874 -0.21812400176819927 0.0
0.12429081656316351 -0.21691425245488605 0.0
0.12641434334449617 -0.21568359649444793 0.0
0.1285256860483054 -0.21443215250006806 0.0
0.1306246411789871 -0.21316004108852313 0.0
0.1308031035845704 -0.21304947054582626 0.0
0.21854174330839074 0.12140071435477372 0.0
0.2181240017681993 0.12215531037423873 0.0
0.216914252454886 0.1242908165631636 0.0
0.21568359649444796 0.12641434334449614 0.0
0.214432152500068 0.12852568604830544 0.0
0.21316004108852304 0.1306246411789872 0.0
0.21186738486855863 0.13271100643487735 0.0
0.21143356173542133 0.13339608802607344 0.0
-0.19282031537838315 -0.15911983620574258 0.0
-0.1916862899321404 -0.16048790064067575 0.0
-0.19010149140000784 -0.1623620120825458 0.0
-0.1884983704904674 -0.16422047473576032 0.0
-0.18687708171564926 -0.16606310947782035 0.0
-0.18523778133873978 -0.1678897387117546 0.0
-0.08525094241932432 -0.23501231566079567 0.0
-0.0842224633480552 -0.23538601629575512 0.0
-0.08190754489042344 -0.23620151161671948 0.0
-0.08058124569270063 -0.23665415109193846 0.0
0.06786011246626847 -0.24061380911341185 0.0
0.07021902481782283 -0.2399360092892144 0.0
0.07257116931361551 -0.23923508393305223 0.0
0.07491631924906399 -0.23851110060157016 0.0
0.07725424859373681 -0.2377641290737884 0.0
0.07958473201313751 -0.23699424134437758 0.0
0.08190754489042336 -0.2362015116167195 0.0
0.08422246334805511 -0.23538601629575515 0.0
0.08468519912416507 -0.2352178800077343 0.0
0.24555894011281879 0.046901614707527156 0.0
0.2451963201008076 0.04877258050403206 0.0
0.2447056878372681 0.0511774006773449 0.0
0.2444333297498279 0.052448514135807374 0.0
-0.0795847320131376 -0.23699424134437755 0.0
-0.07725424859373689 -0.23776412907378838 0.0
-0.07491631924906407 -0.23851110060157013 0.0
-0.07257116931361561 -0.2392350839330522 0.0
-0.07021902481782291 -0.23993600928921438 0.0
-0.06786011246626855 -0.24061380911341182 0.0
-0.06549465961583445 -0.24126841807788682 0.0
-0.06312289425378967 -0.2418997730900649 0.0
-0.06291650261554656 -0.24195254952796952 0.0
-0.09564593149161155 -0.2309800650016978 0.0
-0.09339874251312912 -0.231897983813931 0.0
-0.09111762496978733 -0.23280373368970092 0.0
-0.08882772532010404 -0.2336870454570731 0.0
-0.08652926426937334 -0.234547833980621 0.0
-0.24980725906018073 -0.009814953939767066 0.0
-0.2496988640512931 -0.012266918581854431 0.0
-0.24956640254617898 -0.0147177009127972 0.0
-0.24940988731175393 -0.017167064721093396 0.0
-0.24939748749676732 -0.017335164911536367 0.0
-0.24939748861437536 0.017335149760492063 0.0
-0.24940988731175393 0.017167064721093455 0.0
-0.24956640254617896 0.014717700912797373 0.0
-0.2496988640512931 0.012266918581854492 0.0
-0.24980725906018073 0.009814953939767126 0.0
-0.23798017498737345 0.07657805135946343 0.0
-0.2385111006015701 0.07491631924906417 0.0
-0.2392350839330522 0.0725711693136156 0.0
-0.23958349157611242 0.07140199329121728 0.0
-0.17149427799754816 0.18190577949614375 0.0
-0.17327184063640894 0.18021339917572973 0.0
-0.1750327029746309 0.17850364951281708 0.0
-0.17677669529663687 0.1767766952966369 0.0
-0.17850364951281705 0.17503270297463092 0.0
-0.1802133991757297 0.17327184063640896 0.0
-0.18190577949614373 0.17149427799754818 0.0
-0.18358062735892142 0.16970018638323542 0.0
-0.23776412907378844 -0.07725424859373672 0.0
-0.2369942413443776 -0.07958473201313741 0.0
-0.2362015116167195 -0.08190754489042337 0.0
-0.23538601629575523 -0.08422246334805492 0.0
-0.23481928309452574 -0.08578219641225086 0.0
-0.14821854339774657 0.20132034334808072 0.0
-0.14892482612310834 0.20080188287016124 0.0
-0.1505450589421609 0.19958786319427324 0.0
-0.06074504497581603 -0.242507813298636 0.0
-0.0583613409639765 -0.2430924800994191 0.0
-0.05597201196462463 -0.24365371714101125 0.0
-0.05357728826626281 -0.24419147033021807 0.0
-0.05305110768137098 -0.2443042136394759 0.0
0.08652926426937325 -0.23454783398062104 0.0
0.19689111523246763 -0.1540535014260778 0.0
0.1978392321601649 -0.15283860185920428 0.0
0.19905472899441623 -0.15124915735983172 0.0
-0.15869645470874955 0.1931712677010923 0.0
-0.16048790064067575 0.1916862899321404 0.0
-0.1623620120825459 0.19010149140000776 0.0
-0.16422047473576032 0.1884983704904674 0.0
-0.16606310947782044 0.18687708171564918 0.0
-0.22162665398618658 0.11567897926108756 0.0
-0.22275163104709195 0.11349762493488671 0.0
-0.22385513884217423 0.11130533147136706 0.0
-0.22493707101305538 0.10910231016833552 0.0
-0.22599732328086083 0.10688877335757051 0.0
-0.22666449620399312 0.10546005139379393 0.0
0.24823515145608016 0.02964349675988569 0.0
0.2479666744469065 0.0318202508434783 0.0
0.2476423351108943 0.034253085420492005 0.0
0.24729412749119525 0.03668261861384044 0.0
0.24692208514878444 0.03910861626005772 0.0
0.2465262439418772 0.04153084453644137 0.0
0.2461066420224729 0.04394906998358863 0.0
0.24566331983267795 0.04636305952789773 0.0
-0.23481918779280586 0.08578245869658735 0.0
-0.2353860162957552 0.08422246334805497 0.0
-0.23620151161671948 0.08190754489042343 0.0
-0.23699424134437758 0.07958473201313747 0.0
-0.23776412907378838 0.07725424859373688 0.0
-0.19783923216016508 0.1528386018592041 0.0
-0.19933016344317675 0.15088898548839288 0.0
-0.2008018828701612 0.14892482612310837 0.0
-0.20225424859373684 0.1469463130731183 0.0
-0.20368712063187236 0.14495363703162842 0.0
-0.2051003608813784 0.14294699005690306 0.0
-0.2051426246310582 0.14288571096400626 0.0
-0.15088898548839286 0.19933016344317678 0.0
-0.15283860185920406 0.1978392321601651 0.0
-0.15477348732745844 0.1963292327201863 0.0
-0.15669345540486734 0.1948003106601292 0.0
-0.15859832104091143 0.1932526133406842 0.0
-0.05117740067734491 -0.2447056878372681 0.0
-0.048772580504031944 -0.24519632010080764 0.0
-0.04636305952789771 -0.24566331983267795 0.0
-0.0439490699835887 -0.2461066420224729 0.0
-0.041530844536441534 -0.24652624394187717 0.0
-0.04126586736522255 -0.2465695465836144 0.0
-0.22048031608708882 -0.11784918420649931 0.0
-0.21931272783623104 -0.1200080306022528 0.0
-0.21812400176819932 -0.12215531037423866 0.0
-0.21691425245488605 -0.12429081656316353 0.0
-0.21568359649444793 -0.1264143433444962 0.0
-0.2144709512404678 -0.12846022771550922 0.0
-0.2461066420224729 0.04394906998358868 0.0
-0.24652624394187717 0.04153084453644141 0.0
-0.24692208514878441 0.039108616260057745 0.0
-0.24729412749119525 0.03668261861384045 0.0
-0.2476423351108943 0.03425308542049201 0.0
-0.24796438399277365 0.031837431294295934 0.0
-0.0805812611907353 0.23665414580276609 0.0
-0.08190754489042333 0.2362015116167195 0.0
-0.08422246334805499 0.2353860162957552 0.0
-0.08525095315500424 0.2350123117599568 0.0
-0.15869643858821197 -0.19317128106384124 0.0
-0.15859832104091148 -0.19325261334068417 0.0
-0.15669345540486737 -0.19480031066012918 0.0
-0.15477348732745858 -0.19632923272018618 0.0
-0.1528386018592041 -0.19783923216016508 0.0
-0.1508889854883929 -0.19933016344317675 0.0
-0.15054504713534375 -0.1995878720409686 0.0
-0.23993600928921432 0.07021902481782312 0.0
-0.2406138091134118 0.06786011246626865 0.0
-0.24126841807788682 0.06549465961583444 0.0
-0.24189977309006497 0.06312289425378943 0.0
-0.242507813298636 0.060745044975816016 0.0
-0.24309248009941914 0.05836134096397638 0.0
-0.24365371714101125 0.05597201196462461 0.0
-0.14892482612310828 -0.20080188287016126 0.0
-0.14821853361877257 -0.20132035052652691 0.0
-0.1660631094778205 -0.18687708171564915 0.0
-0.1642204747357603 -0.18849837049046742 0.0
-0.16236201208254603 -0.19010149140000765 0.0
-0.1604879006406758 -0.19168628993214035 0.0
0.19933016344317672 -0.1508889854883929 0.0
0.20080188287016112 -0.14892482612310848 0.0
0.20225424859373684 -0.14694631307311834 0.0
-0.03910861626005776 -0.24692208514878441 0.0
-0.036682618613840576 -0.24729412749119523 0.0
-0.034253085420492026 -0.2476423351108943 0.0
-0.03182025084347841 -0.2479666744469065 0.0
-0.0293843493644594 -0.24826711423873157 0.0
-0.026945615760689923 -0.24854362552935705 0.0
-0.02517055371819194 -0.2487272560466717 0.0
-0.13079105034416796 0.21305693841183557 0.0
-0.13271100643487735 0.2118673848685586 0.0
-0.13478458072774996 0.2105543084290717 0.0
-0.13684516420219917 0.2092209383271023 0.0
-0.13889255825490057 0.20786740307563628 0.0
-0.1409265655537542 0.20649383313121827 0.0
-0.14294699005690303 0.20510036088137842 0.0
-0.1449536370316284 0.2036871206318724 0.0
-0.14694631307311826 0.20225424859373686 0.0
-0.0629165134459125 0.24195254675853467 0.0
-0.06312289425378945 0.24189977309006497 0.0
-0.0654946596158344 0.24126841807788685 0.0
-0.0678601124662686 0.24061380911341182 0.0
-0.07021902481782302 0.23993600928921435 0.0
-0.0725711693136156 0.2392350839330522 0.0
-0.07491631924906413 0.23851110060157013 0.0
-0.07725424859373684 0.2377641290737884 0.0
-0.07958473201313743 0.2369942413443776 0.0
0.04533667275633779 -0.2458518127912405 0.0
0.04636305952789762 -0.24566331983267795 0.0
0.048772580504031854 -0.24519632010080766 0.0
0.05117740067734482 -0.24470568783726812 0.0
0.05357728826626272 -0.2441914703302181 0.0
0.05597201196462454 -0.24365371714101128 0.0
0.08863793163708494 0.23375812441841967 0.0
0.08652926426937325 0.23454783398062104 0.0
0.08468519478109335 0.23521788158580037 0.0
-0.1978074487243618 -0.15287932856839268 0.0
-0.1963292327201863 -0.15477348732745844 0.0
-0.19480031066012915 -0.1566934554048674 0.0
-0.19325261334068428 -0.15859832104091132 0.0
0.019230542242461117 -0.24925767606543103 0.0
0.019614773931961302 -0.249229333433282 0.0
0.022060592630092347 -0.2490247583129218 0.0
0.023888789858438956 -0.24885375349264366 0.0
-0.2051426168596376 -0.1428857222319511 0.0
-0.20510036088137845 -0.142946990056903 0.0
-0.20368712063187244 -0.14495363703162828 0.0
-0.2022542485937369 -0.14694631307311826 0.0
-0.20080188287016118 -0.1489248261231084 0.0
-0.19933016344317678 -0.15088898548839286 0.0
-0.19783923216016505 -0.15283860185920412 0.0
0.0020354028615921916 -0.24999000865931745 0.0
0.002454329834287261 -0.249987952239832 0.0
0.004908423115157057 -0.2499518101205162 0.0
0.007362043311990675 -0.24989157712550533 0.0
0.009814953939767161 -0.24980725906018073 0.0
0.012266918581854415 -0.2496988640512931 0.0
0.014717700912797295 -0.24956640254617898 0.0
0.01716706472109338 -0.24940988731175393 0.0
0.03004226763302919 -0.24818596775996404 0.0
0.03182025084347832 -0.2479666744469065 0.0
0.034253085420491935 -0.2476423351108943 0.0
0.036682618613840486 -0.24729412749119523 0.0
0.03910861626005767 -0.24692208514878444 0.0
0.041530844536441444 -0.24652624394187717 0.0
0.04394906998358861 -0.24610664202247293 0.0
-0.2305119409427818 0.0967612582329232 0.0
-0.23096988312782168 0.09567085809127247 0.0
-0.231897983813931 0.0933987425131291 0.0
-0.23280373368970084 0.09111762496978752 0.0
-0.2336870454570731 0.08882772532010402 0.0
-0.23454783398062104 0.08652926426937321 0.0
0.1508856853140569 -0.19933263622149114 0.0
0.15088898548839283 -0.1993301634431768 0.0
0.15283860185920403 -0.19783923216016513 0.0
0.1547734873274585 -0.19632923272018624 0.0
0.15478190999785937 -0.19632252552191012 0.0
-0.1053152346358443 -0.22673212155179995 0.0
-0.10466493438435721 -0.22703579345627023 0.0
-0.1024310075869239 -0.22805238144936688 0.0
-0.1001872082757852 -0.229046989279284 0.0
-0.09793375271298904 -0.2300195210836487 0.0
-0.09567085809127238 -0.2309698831278217 0.0
-0.1469463130731183 -0.20225424859373684 0.0
-0.14495363703162853 -0.20368712063187228 0.0
-0.1429469900569031 -0.2051003608813784 0.0
-0.14092656555375427 -0.20649383313121825 0.0
-0.13889255825490054 -0.2078674030756363 0.0
-0.13684516420219922 -0.20922093832710228 0.0
-0.13478458072775001 -0.21055430842907166 0.0
-0.1327110064348774 -0.21186738486855858 0.0
-0.13079103749383814 -0.21305694637355707 0.0
0.13271100643487732 -0.21186738486855863 0.0
0.13310104308608223 -0.2116203968831298 0.0
-0.2479666744469065 0.03182025084347829 0.0
-0.24826711423873157 0.029384349364459387 0.0
-0.24854362552935705 0.026945615760689906 0.0
-0.2487961816680492 0.024504285082390206 0.0
-0.24902475831292178 0.022060592630092423 0.0
-0.249229333433282 0.019614773931961267 0.0
-0.13062464117898714 -0.2131600410885231 0.0
-0.12852568604830544 -0.214432152500068 0.0
-0.12683034033522364 -0.21543702499528453 0.0
-0.2103403633898292 -0.13511521031937904 0.0
-0.2092209383271024 -0.13684516420219905 0.0
-0.2078674030756363 -0.13889255825490057 0.0
-0.20649383313121833 -0.1409265655537541 0.0
-0.22703579345627034 0.10466493438435699 0.0
-0.2280523814493669 0.10243100758692389 0.0
-0.22904698927928396 0.1001872082757853 0.0
-0.2300195210836487 0.09793375271298903 0.0
-0.10876293399798855 -0.22509962731322708 0.0
-0.10688877335757062 -0.22599732328086078 0.0
0.08422246334805507 0.23538601629575517 0.0
0.08190754489042336 0.2362015116167195 0.0
0.07958473201313745 0.2369942413443776 0.0
0.07725424859373686 0.23776412907378838 0.0
0.07491631924906415 0.2385111006015701 0.0
0.07257116931361562 0.2392350839330522 0.0
0.070219024817823 0.23993600928921435 0.0
0.06786011246626858 0.24061380911341182 0.0
0.06698729653618173 0.24085534981123863 0.0
0.0020353915598566117 0.24999000871479515 0.0
1.5308084989341915e-17 0.25 0.0
-0.002454329834287403 0.249987952239832 0.0
-0.004908423115157033 0.2499518101205162 0.0
-0.007362043311990762 0.2498915771255053 0.0
-0.009814953939767081 0.24980725906018073 0.0
-0.012266918581854446 0.2496988640512931 0.0
-0.01471770091279727 0.24956640254617898 0.0
-0.015501924266538855 0.24951629038985634 0.0
0.055988508906424796 0.2436498421222029 0.0
0.0559720119646246 0.24365371714101125 0.0
0.05357728826626267 0.24419147033021812 0.0
0.051177400677344935 0.2447056878372681 0.0
0.04877258050403208 0.2451963201008076 0.0
0.046363059527897786 0.24566331983267792 0.0
0.04533666146117332 0.24585181486556376 0.0
-0.08652926426937317 0.23454783398062107 0.0
-0.08882772532010397 0.2336870454570731 0.0
-0.09111762496978743 0.2328037336897009 0.0
-0.09339874251312912 0.231897983813931 0.0
-0.09564593150174916 0.23098006499755616 0.0
0.024504285082390023 -0.24879618166804923 0.0
0.02694561576068983 -0.24854362552935705 0.0
0.02938434936445931 -0.24826711423873157 0.0
0.2441914703302181 0.05357728826626268 0.0
0.24365371714101125 0.0559720119646246 0.0
0.24309248009941914 0.05836134096397635 0.0
0.242507813298636 0.06074504497581597 0.0
0.24189977309006494 0.06312289425378949 0.0
0.24152584277190978 0.06452761102852476 0.0
-0.015501906028726807 -0.24951629155525912 0.0
-0.014717700912797387 -0.24956640254617896 0.0
-0.012266918581854507 -0.2496988640512931 0.0
-0.009814953939767253 -0.24980725906018073 0.0
-0.007362043311990767 -0.2498915771255053 0.0
-0.004908423115157149 -0.2499518101205162 0.0
-0.002454329834287353 -0.249987952239832 0.0
-4.592425496802574e-17 -0.25 0.0
-0.21443215250006803 -0.1285256860483054 0.0
-0.21316004108852302 -0.13062464117898728 0.0
-0.21186738486855863 -0.13271100643487735 0.0
-0.21055430842907163 -0.13478458072775004 0.0
0.19689110752783748 0.15405351129864622 0.0
0.19632923272018624 0.1547734873274585 0.0
0.19480031066012918 0.1566934554048674 0.0
0.19325261334068425 0.15859832104091137 0.0
0.19168628993214037 0.16048790064067578 0.0
0.19010149140000773 0.16236201208254591 0.0
0.1884983704904674 0.16422047473576032 0.0
0.1868770817156492 0.16606310947782044 0.0
0.18523778133873978 0.16788973871175458 0.0
0.1850088951331833 0.16813979785105904 0.0
0.043949069983588614 0.24610664202247293 0.0
0.041530844536441396 0.2465262439418772 0.0
0.03910861626005773 0.24692208514878444 0.0
0.03668261861384044 0.24729412749119525 0.0
0.03425308542049205 0.2476423351108943 0.0
0.031820250843478275 0.2479666744469065 0.0
0.03004224649509692 0.24818597036707923 0.0
0.22513215571909542 0.10869502296777821 0.0
0.22493707101305538 0.10910231016833552 0.0
0.22385513884217423 0.11130533147136706 0.0
0.22275163104709197 0.11349762493488669 0.0
0.22218217851037914 0.11460180545348675 0.0
-0.24604781750355909 -0.04426938278740616 0.0
-0.24566331983267795 -0.04636305952789763 0.0
-0.2451963201008076 -0.04877258050403209 0.0
-0.24470568783726812 -0.05117740067734483 0.0
-0.24419147033021812 -0.05357728826626263 0.0
0.18500889899412976 -0.16813979363295714 0.0
0.18523778133873972 -0.16788973871175467 0.0
0.1868770817156492 -0.1660631094778204 0.0
0.18849837049046733 -0.16422047473576037 0.0
0.19010149140000776 -0.16236201208254586 0.0
0.19168628993214035 -0.1604879006406758 0.0
0.1932526133406843 -0.15859832104091132 0.0
0.19480031066012918 -0.1566934554048674 0.0
0.19632923272018615 -0.15477348732745858 0.0
0.24993423238404783 -0.0056244607155754404 0.0
0.2499518101205162 -0.0049084231151571645 0.0
0.249987952239832 -0.0024543298342875903 0.0
0.25 0.0 0.0
0.249987952239832 0.0024543298342874042 0.0
0.2499518101205162 0.004908423115157075 0.0
0.2499342323600416 0.005624461693478623 0.0
0.13478458072774993 -0.21055430842907172 0.0
0.13684516420219914 -0.20922093832710234 0.0
0.13889255825490046 -0.20786740307563636 0.0
0.14092656555375419 -0.20649383313121827 0.0
0.142946990056903 -0.20510036088137845 0.0
0.14495363703162845 -0.20368712063187233 0.0
0.14694631307311823 -0.2022542485937369 0.0
0.14892482612310823 -0.20080188287016132 0.0
-0.2479643639088638 -0.031837581941550154 0.0
-0.2476423351108943 -0.03425308542049206 0.0
-0.24729412749119525 -0.036682618613840395 0.0
-0.24692208514878444 -0.03910861626005768 0.0
-0.24652624394187722 -0.04153084453644124 0.0
-0.2461066420224729 -0.04394906998358862 0.0
-0.20649383313121825 0.14092656555375424 0.0
-0.20786740307563625 0.13889255825490063 0.0
-0.20922093832710228 0.1368451642021992 0.0
0.06549465961583437 0.24126841807788685 0.0
0.06312289425378953 0.24189977309006494 0.0
0.060745044975815995 0.242507813298636 0.0
0.05836134096397637 0.24309248009941914 0.0
0.029384349364459425 0.24826711423873157 0.0
0.026945615760689837 0.24854362552935705 0.0
0.024504285082390193 0.2487961816680492 0.0
0.02388877847585267 0.2488537545573412 0.0
0.24921459145557323 -0.019791023148698777 0.0
0.249229333433282 -0.019614773931961187 0.0
0.24940988731175393 -0.017167064721093486 0.0
0.24956640254617898 -0.01471770091279718 0.0
0.2496988640512931 -0.012266918581854523 0.0
0.24980725906018073 -0.009814953939767269 0.0
0.2498915771255053 -0.007362043311991005 0.0
0.1752404809073721 -0.17829790148718017 0.0
0.17677669529663684 -0.17677669529663692 0.0
0.1785036495128171 -0.17503270297463086 0.0
0.18021339917572968 -0.173271840636409 0.0
0.18190577949614362 -0.1714942779975483 0.0
0.18358062735892122 -0.16970018638323559 0.0
0.15669345540486732 -0.19480031066012923 0.0
0.1585983210409114 -0.19325261334068422 0.0
0.16048790064067572 -0.1916862899321404 0.0
0.16236201208254597 -0.1901014914000077 0.0
0.16422047473576032 -0.1884983704904674 0.0
0.16606310947782033 -0.1868770817156493 0.0
0.16788973871175458 -0.18523778133873978 0.0
0.16921737845871876 -0.18402255511314697 0.0
-0.12641434334449625 -0.2156835964944479 0.0
-0.1242908165631636 -0.216914252454886 0.0
-0.12215531037423882 -0.21812400176819924 0.0
-0.12000803060225276 -0.21931272783623107 0.0
-0.11784918420649947 -0.22048031608708873 0.0
-0.11567897926108747 -0.22162665398618664 0.0
-0.11349762493488673 -0.22275163104709195 0.0
-0.11130533147136698 -0.22385513884217428 0.0
-0.10910231016833553 -0.22493707101305535 0.0
-0.053051125084586086 0.24430420991053556 0.0
-0.053577288266262645 0.24419147033021812 0.0
-0.05597201196462457 0.24365371714101125 0.0
-0.058361340963976334 0.24309248009941917 0.0
-0.06074504497581591 0.24250781329863602 0.0
0.1835806273589214 0.16970018638323542 0.0
0.1819057794961437 0.1714942779975482 0.0
0.1802133991757297 0.17327184063640896 0.0
0.17850364951281705 0.17503270297463092 0.0
0.1767766952966369 0.17677669529663687 0.0
0.1752404725572768 0.17829790975569743 0.0
0.23888250815772732 0.07371324402830937 0.0
0.2385111006015701 0.07491631924906415 0.0
0.23776412907378838 0.07725424859373685 0.0
0.2374369862825077 0.0782445239569265 0.0
-0.12683035060898265 0.21543701890577877 0.0
-0.12852568604830542 0.21443215250006803 0.0
-0.1306246411789872 0.21316004108852307 0.0
0.24126841807788685 0.06549465961583437 0.0
0.24061380911341182 0.06786011246626857 0.0
0.23993600928921435 0.07021902481782302 0.0
0.2392350839330522 0.07257116931361558 0.0
-0.04126587842638721 0.24656954477599574 0.0
-0.04153084453644137 0.2465262439418772 0.0
-0.043949069983588634 0.2461066420224729 0.0
-0.04636305952789776 0.24566331983267792 0.0
-0.04877258050403205 0.2451963201008076 0.0
-0.0511774006773449 0.2447056878372681 0.0
-0.02517055627480258 0.24872725578219007 0.0
-0.026945615760689805 0.24854362552935705 0.0
-0.029384349364459394 0.24826711423873157 0.0
-0.03182025084347824 0.2479666744469065 0.0
-0.03425308542049196 0.2476423351108943 0.0
-0.03668261861384041 0.24729412749119525 0.0
-0.03910861626005765 0.24692208514878444 0.0
0.16970018638323536 -0.18358062735892144 0.0
0.1714942779975482 -0.1819057794961437 0.0
0.1732718406364089 -0.18021339917572976 0.0
0.17503270297463094 -0.17850364951281703 0.0
0.23129891091288948 0.09486535372382235 0.0
0.23096988312782168 0.09567085809127245 0.0
0.23001952108364873 0.09793375271298897 0.0
0.229046989279284 0.10018720827578524 0.0
0.22805238144936693 0.10243100758692382 0.0
0.22703579345627034 0.104664934384357 0.0
0.22599732328086083 0.10688877335757052 0.0
0.0192305379954818 0.249257676378707 0.0
0.01716706472109344 0.24940988731175393 0.0
0.014717700912797246 0.24956640254617898 0.0
0.012266918581854531 0.2496988640512931 0.0
0.009814953939767166 0.24980725906018073 0.0
0.007362043311990848 0.2498915771255053 0.0
0.004908423115157063 0.2499518101205162 0.0
0.0024543298342874333 0.249987952239832 0.0
0.10838145842088101 0.22528234862320085 0.0
0.1068887733575705 0.22599732328086083 0.0
0.10466493438435703 0.2270357934562703 0.0
0.10243100758692382 0.22805238144936693 0.0
0.10018720827578527 0.22904698927928396 0.0
0.09793375271298901 0.2300195210836487 0.0
0.09567085809127246 0.23096988312782168 0.0
0.09339874251312909 0.231897983813931 0.0
0.0911176249697874 0.2328037336897009 0.0
0.08882772532010405 0.23368704545707308 0.0
0.13080309869883883 0.2130494735728955 0.0
0.13062464117898723 0.21316004108852304 0.0
0.12852568604830542 0.21443215250006803 0.0
0.12641434334449614 0.21568359649444796 0.0
0.12429081656316361 0.216914252454886 0.0
0.12215531037423874 0.21812400176819927 0.0
0.12000803060225283 0.21931272783623104 0.0
0.1178491842064994 0.22048031608708876 0.0
0.11567897926108754 0.22162665398618658 0.0
0.1134976249348867 0.22275163104709195 0.0
0.11130533147136705 0.22385513884217426 0.0
0.11124433152033028 0.22388509670475107 0.0
-0.019785898532736188 -0.24921502009279317 0.0
-0.019614773931961392 -0.249229333433282 0.0
-0.017167064721093472 -0.24940988731175393 0.0
0.2369942413443776 0.07958473201313743 0.0
0.2362015116167195 0.08190754489042337 0.0
0.2353860162957552 0.08422246334805501 0.0
0.23454783398062104 0.08652926426937324 0.0
0.2336870454570731 0.08882772532010402 0.0
0.2328037336897009 0.09111762496978741 0.0
0.231897983813931 0.09339874251312909 0.0
-0.108762948484483 0.2250996203744047 0.0
-0.10910231016833548 0.22493707101305538 0.0
-0.11130533147136702 0.22385513884217426 0.0
-0.11349762493488667 0.22275163104709197 0.0
-0.11567897926108751 0.2216266539861866 0.0
-0.11784918420649942 0.22048031608708876 0.0
-0.1200080306022528 0.21931272783623104 0.0
-0.12215531037423877 0.21812400176819927 0.0
-0.12429081656316354 0.21691425245488605 0.0
-0.1264143433444961 0.215683596494448 0.0
-0.024504285082390113 -0.24879618166804923 0.0
-0.022060592630092437 -0.24902475831292178 0.0
0.24921459138360316 0.019791024009148103 0.0
0.24902475831292178 0.022060592630092378 0.0
0.24879618166804923 0.02450428508239015 0.0
0.24854362552935705 0.02694561576068983 0.0
0.24826711423873157 0.02938434936445941 0.0
0.24555894015094015 -0.046901614510835576 0.0
0.24566331983267795 -0.046363059527897724 0.0
0.2461066420224729 -0.04394906998358871 0.0
0.2465262439418772 -0.04153084453644133 0.0
0.24692208514878441 -0.03910861626005778 0.0
0.24729412749119525 -0.036682618613840375 0.0
0.2476423351108943 -0.03425308542049204 0.0
0.24796667444690648 -0.03182025084347843 0.0
0.24823515157993037 -0.029643495755737204 0.0
0.24826711423873155 -0.029384349364459637 0.0
0.24854362552935705 -0.026945615760689937 0.0
0.24879618166804923 -0.024504285082390127 0.0
0.24902475831292178 -0.02206059263009245 0.0
0.2498915771255053 0.00736204331199079 0.0
0.24980725906018073 0.009814953939767153 0.0
0.2496988640512931 0.012266918581854504 0.0
0.24956640254617898 0.014717700912797258 0.0
0.24940988731175393 0.01716706472109344 0.0
0.249229333433282 0.019614773931961236 0.0
0.10910231016833555 0.22493707101305535 0.0
-0.019785909835546813 0.24921501914739477 0.0
-0.022060592630092375 0.24902475831292178 0.0
-0.02450428508239016 0.24879618166804923 0.0
-0.09567085809127243 0.23096988312782168 0.0
-0.09793375271298899 0.23001952108364873 0.0
-0.10018720827578524 0.22904698927928396 0.0
-0.10243100758692379 0.22805238144936693 0.0
-0.10466493438435695 0.22703579345627037 0.0
-0.10531524545641224 0.22673211649889952 0.0
-0.10688877335757047 0.22599732328086086 0.0
-0.017167064721093465 0.24940988731175393 0.0
-0.01961477393196122 0.249229333433282 0.0
0.022060592630092406 0.24902475831292178 0.0
0.01961477393196125 0.249229333433282 0.0
0.14892482612310834 0.20080188287016124 0.0
0.14694631307311828 0.20225424859373686 0.0
0.14495363703162845 0.20368712063187236 0.0
0.1429469900569031 0.20510036088137837 0.0
0.14092656555375419 0.2064938331312183 0.0
0.13889255825490057 0.2078674030756363 0.0
0.13684516420219914 0.20922093832710234 0.0
0.1347845807277501 0.2105543084290716 0.0
0.13310103318038122 0.21162040315584582 0.0
-0.23454783398062104 -0.08652926426937327 0.0
-0.23368704545707314 -0.08882772532010395 0.0
-0.23280373368970086 -0.09111762496978747 0.0
-0.23189798381393104 -0.09339874251312905 0.0
-0.2309698831278217 -0.09567085809127242 0.0
0.21055430842907163 0.13478458072775004 0.0
0.20922093832710234 0.1368451642021991 0.0
0.2078674030756363 0.13889255825490054 0.0
0.2064938331312183 0.14092656555375419 0.0
0.2051003608813784 0.14294699005690306 0.0
0.20368712063187236 0.14495363703162842 0.0
0.20230678054891874 0.14687325758336095 0.0
0.1990547249989951 0.15124916258444435 0.0
0.19783923216016505 0.15283860185920412 0.0
0.2216266539861866 0.1156789792610875 0.0
0.22048031608708876 0.11784918420649941 0.0
0.21931272783623107 0.12000803060225278 0.0
0.1692173746591068 0.18402255859103905 0.0
0.16788973871175458 0.18523778133873978 0.0
0.16606310947782044 0.18687708171564918 0.0
0.16422047473576035 0.18849837049046736 0.0
0.16236201208254594 0.1901014914000077 0.0
0.16048790064067578 0.19168628993214037 0.0
0.15859832104091137 0.19325261334068425 0.0
0.1566934554048674 0.19480031066012915 0.0
0.20225424859373686 0.14694631307311828 0.0
0.20080188287016124 0.1489248261231083 0.0
0.19933016344317678 0.15088898548839286 0.0
-0.24922933343328202 -0.019614773931961094 0.0
-0.2490247583129218 -0.02206059263009236 0.0
-0.24879618166804923 -0.024504285082390036 0.0
-0.24854362552935705 -0.026945615760689847 0.0
-0.24826711423873157 -0.029384349364459435 0.0
-0.2479666744469065 -0.031820250843478226 0.0
0.2444333300442567 -0.0524485127616905 0.0
0.2447056878372681 -0.05117740067734492 0.0
0.24519632010080758 -0.04877258050403218 0.0
0.17503270297463092 0.17850364951281705 0.0
0.173271840636409 0.18021339917572968 0.0
0.17149427799754818 0.18190577949614373 0.0
0.16970018638323545 0.1835806273589214 0.0
0.2415258440737269 -0.06452760613807954 0.0
0.24189977309006494 -0.06312289425378946 0.0
0.242507813298636 -0.060745044975816044 0.0
0.24309248009941917 -0.0583613409639763 0.0
0.24365371714101125 -0.055972011964624646 0.0
0.24419147033021807 -0.053577288266262825 0.0
0.23888250905351202 -0.0737132411266539 0.0
0.2392350839330522 -0.07257116931361562 0.0
0.23993600928921432 -0.07021902481782315 0.0
0.24061380911341182 -0.06786011246626857 0.0
0.24126841807788682 -0.06549465961583446 0.0
0.13271100643487738 0.2118673848685586 0.0
0.22275163104709195 -0.11349762493488674 0.0
0.22385513884217417 -0.11130533147136719 0.0
0.22493707101305535 -0.10910231016833555 0.0
0.22513215714018686 -0.1086950200009019 0.0
0.2374369868820722 -0.0782445221420173 0.0
0.23776412907378838 -0.0772542485937369 0.0
0.23851110060157008 -0.0749163192490643 0.0
0.23129891283169046 -0.09486534902633928 0.0
0.231897983813931 -0.09339874251312913 0.0
0.23280373368970084 -0.09111762496978755 0.0
0.23368704545707308 -0.08882772532010405 0.0
0.23454783398062098 -0.08652926426937335 0.0
0.2353860162957552 -0.084222463348055 0.0
0.23620151161671948 -0.08190754489042346 0.0
0.2369942413443776 -0.0795847320131374 0.0
0.22599732328086078 -0.10688877335757063 0.0
0.2270357934562703 -0.10466493438435702 0.0
0.22805238144936688 -0.10243100758692392 0.0
0.229046989279284 -0.10018720827578521 0.0
0.2300195210836487 -0.09793375271298906 0.0
0.23096988312782163 -0.0956708580912726 0.0
-0.2395832810953936 -0.07140269961616309 0.0
-0.23923508393305223 -0.07257116931361553 0.0
-0.23851110060157013 -0.07491631924906411 0.0
-0.2379801138664736 -0.0765782426603911 0.0
0.15478190132196704 0.19632253243075504 0.0
0.1547734873274585 0.19632923272018624 0.0
0.15283860185920414 0.19783923216016505 0.0
0.15088898548839283 0.1993301634431768 0.0
0.15088568064570787 0.19933263971942344 0.0
-0.2266644295981036 -0.10546019402742583 0.0
-0.2259973232808608 -0.10688877335757055 0.0
-0.22493707101305538 -0.10910231016833546 0.0
-0.2238551388421742 -0.1113053314713671 0.0
-0.22275163104709197 -0.11349762493488667 0.0
-0.2216266539861866 -0.1156789792610875 0.0
-0.2212411577212274 -0.11640878667765395 0.0
-0.19282032485630235 0.1591198247717782 0.0
-0.19325261334068417 0.15859832104091146 0.0
-0.19480031066012918 0.15669345540486737 0.0
-0.19632923272018626 0.15477348732745846 0.0
-0.19780745778557746 0.15287931695751875 0.0
-0.2144709595816503 0.12846021364289018 0.0
-0.21568359649444796 0.12641434334449614 0.0
-0.21691425245488602 0.12429081656316358 0.0
-0.21812400176819924 0.12215531037423881 0.0
-0.21931272783623101 0.12000803060225285 0.0
-0.22048031608708873 0.11784918420649947 0.0
-0.2212411647544301 0.1164087733626519 0.0
-0.2103403715599831 0.13511519769326286 0.0
-0.21055430842907166 0.13478458072775001 0.0
-0.2118673848685586 0.1327110064348774 0.0
-0.21316004108852304 0.13062464117898723 0.0
-0.214432152500068 0.12852568604830544 0.0
-0.2305119170031959 -0.09676131523515405 0.0
-0.2300195210836488 -0.09793375271298888 0.0
-0.229046989279284 -0.10018720827578523 0.0
-0.22805238144936693 -0.10243100758692383 0.0
-0.22703579345627037 -0.10466493438435694 0.0
-0.243976370147402 -0.054535172878853296 0.0
-0.24365371714101125 -0.05597201196462466 0.0
-0.24309248009941917 -0.05836134096397632 0.0
-0.242507813298636 -0.060745044975815954 0.0
-0.24189977309006497 -0.06312289425378938 0.0
-0.24126841807788685 -0.06549465961583438 0.0
-0.24061380911341185 -0.06786011246626848 0.0
-0.23993600928921435 -0.07021902481782305 0.0
0.21854174881353172 -0.1214007044104497 0.0
0.21931272783623107 -0.12000803060225278 0.0
0.2204803160870887 -0.11784918420649948 0.0
0.22162665398618653 -0.11567897926108768 0.0
0.2221821815700094 -0.1146017995207994 0.0
0.08863794239745207 -0.23375812038859392 0.0
0.08882772532010394 -0.23368704545707314 0.0
0.09111762496978724 -0.23280373368970095 0.0
0.09339874251312903 -0.23189798381393104 0.0
0.09567085809127229 -0.23096988312782174 0.0
0.09793375271298896 -0.23001952108364873 0.0
0.10018720827578512 -0.22904698927928402 0.0
0.10243100758692382 -0.22805238144936693 0.0
0.10466493438435713 -0.22703579345627029 0.0
0.10688877335757054 -0.22599732328086083 0.0
0.10838146329518691 -0.22528234628847804 0.0
-0.1676398513531478 0.18546204165032218 0.0
-0.1678897387117546 0.18523778133873975 0.0
-0.1697001863832354 0.18358062735892144 0.0
-0.1711696893742718 0.18220879443564852 0.0
0.05598851285296808 -0.24364984119518723 0.0
0.05836134096397642 -0.24309248009941914 0.0
0.06074504497581594 -0.242507813298636 0.0
0.06312289425378957 -0.2418997730900649 0.0
0.06549465961583437 -0.24126841807788685 0.0
0.06698730760256683 -0.2408553467487578 0.0
-0.18360141774063451 -0.1696774728040365 0.0
-0.18358062735892136 -0.16970018638323545 0.0
-0.18190577949614375 -0.17149427799754813 0.0
-0.18021339917572968 -0.173271840636409 0.0
-0.1785036495128171 -0.17503270297463086 0.0
-0.17677669529663692 -0.17677669529663687 0.0
-0.175032702974631 -0.17850364951281697 0.0
-0.17327184063640896 -0.1802133991757297 0.0
-0.17149427799754827 -0.18190577949614364 0.0
-0.17116967968292623 -0.18220880348286345 0.0
0.2114335656291416 -0.1333960818772167 0.0
0.21186738486855858 -0.13271100643487743 0.0
0.21316004108852296 -0.13062464117898737 0.0
0.214432152500068 -0.12852568604830547 0.0
0.21568359649444788 -0.12641434334449628 0.0
0.216914252454886 -0.12429081656316361 0.0
0.21812400176819932 -0.12215531037423864 0.0
0.10910231016833545 -0.2249370710130554 0.0
0.1112443417745549 -0.22388509166876844 0.0
-0.18360142789849376 0.16967746170653347 0.0
-0.18523778133873972 0.16788973871175464 0.0
-0.18687708171564915 0.16606310947782046 0.0
-0.18849837049046736 0.16422047473576037 0.0
-0.19010149140000773 0.16236201208254594 0.0
-0.19168628993214037 0.16048790064067578 0.0
-0.243976414410881 0.054534975764628686 0.0
-0.2441914703302181 0.053577288266262686 0.0
-0.2447056878372681 0.05117740067734489 0.0
-0.2451963201008076 0.04877258050403215 0.0
-0.24566331983267792 0.0463630595278978 0.0
-0.24604787888205618 0.04426904856761209 0.0
0.20230677968984817 -0.1468732587780617 0.0
0.2036871206318724 -0.14495363703162836 0.0
0.2051003608813784 -0.1429469900569031 0.0
0.20649383313121836 -0.1409265655537541 0.0
0.2078674030756363 -0.13889255825490054 0.0
0.20922093832710228 -0.13684516420219922 0.0
0.21055430842907152 -0.1347845807277502 0.0
-0.16970018638323542 -0.1835806273589214 0.0
-0.16788973871175467 -0.18523778133873972 0.0
-0.16763984033327312 -0.1854620515400622 0.0
-0.24987175632299052 0.007938653519453484 0.0
-0.2498915771255053 0.007362043311990752 0.0
-0.2499518101205162 0.004908423115157133 0.0
-0.249987952239832 0.002454329834287449 0.0
-0.25 3.061616997868383e-17 0.0
-0.249987952239832 -0.0024543298342873878 0.0
-0.2499518101205162 -0.0049084231151570725 0.0
-0.24989157712550533 -0.007362043311990691 0.0
-0.2498717557918047 -0.007938668972265405 0.0
0.1113053314713669 -0.2238551388421743 0.0
0.11349762493488666 -0.222751631047092 0.0
0.11567897926108739 -0.22162665398618667 0.0
0.1178491842064994 -0.22048031608708876 0.0
0.1200080306022527 -0.21931272783623112 0.0
0.12215531037423874 -0.21812400176819927 0.0
0.12429081656316351 -0.21691425245488605 0.0
0.12641434334449617 -0.21568359649444793 0.0
0.1285256860483054 -0.21443215250006806 0.0
0.1306246411789871 -0.21316004108852313 0.0
0.1308031035845704 -0.21304947054582626 0.0
0.21854174330839074 0.12140071435477372 0.0
0.2181240017681993 0.12215531037423873 0.0
0.216914252454886 0.1242908165631636 0.0
0.21568359649444796 0.12641434334449614 0.0
0.214432152500068 0.12852568604830544 0.0
0.21316004108852304 0.1306246411789872 0.0
0.21186738486855863 0.13271100643487735 0.0
0.21143356173542133 0.13339608802607344 0.0
-0.19282031537838315 -0.15911983620574258 0.0
-0.1916862899321404 -0.16048790064067575 0.0
-0.19010149140000784 -0.1623620120825458 0.0
-0.1884983704904674 -0.16422047473576032 0.0
-0.18687708171564926 -0.16606310947782035 0.0
-0.18523778133873978 -0.1678897387117546 0.0
-0.08525094241932432 -0.23501231566079567 0.0
-0.0842224633480552 -0.23538601629575512 0.0
-0.08190754489042344 -0.23620151161671948 0.0
-0.08058124569270063 -0.23665415109193846 0.0
0.06786011246626847 -0.24061380911341185 0.0
0.07021902481782283 -0.2399360092892144 0.0
0.07257116931361551 -0.23923508393305223 0.0
0.07491631924906399 -0.23851110060157016 0.0
0.07725424859373681 -0.2377641290737884 0.0
0.07958473201313751 -0.23699424134437758 0.0
0.08190754489042336 -0.2362015116167195 0.0
0.08422246334805511 -0.23538601629575515 0.0
0.08468519912416507 -0.2352178800077343 0.0
0.24555894011281879 0.046901614707527156 0.0
0.2451963201008076 0.04877258050403206 0.0
0.2447056878372681 0.0511774006773449 0.0
0.2444333297498279 0.052448514135807374 0.0
-0.0795847320131376 -0.23699424134437755 0.0
-0.07725424859373689 -0.23776412907378838 0.0
-0.07491631924906407 -0.23851110060157013 0.0
-0.07257116931361561 -0.2392350839330522 0.0
-0.07021902481782291 -0.23993600928921438 0.0
-0.06786011246626855 -0.24061380911341182 0.0
-0.06549465961583445 -0.24126841807788682 0.0
-0.06312289425378967 -0.2418997730900649 0.0
-0.06291650261554656 -0.24195254952796952 0.0
-0.09564593149161155 -0.2309800650016978 0.0
-0.09339874251312912 -0.231897983813931 0.0
-0.09111762496978733 -0.23280373368970092 0.0
-0.08882772532010404 -0.2336870454570731 0.0
-0.08652926426937334 -0.234547833980621 0.0
-0.24980725906018073 -0.009814953939767066 0.0
-0.2496988640512931 -0.012266918581854431 0.0
-0.24956640254617898 -0.0147177009127972 0.0
-0.24940988731175393 -0.017167064721093396 0.0
-0.24939748749676732 -0.017335164911536367 0.0
-0.24939748861437536 0.017335149760492063 0.0
-0.24940988731175393 0.017167064721093455 0.0
-0.24956640254617896 0.014717700912797373 0.0
-0.2496988640512931 0.012266918581854492 0.0
-0.24980725906018073 0.009814953939767126 0.0
-0.23798017498737345 0.07657805135946343 0.0
-0.2385111006015701 0.07491631924906417 0.0
-0.2392350839330522 0.0725711693136156 0.0
-0.23958349157611242 0.07140199329121728 0.0
-0.17149427799754816 0.18190577949614375 0.0
-0.17327184063640894 0.18021339917572973 0.0
-0.1750327029746309 0.17850364951281708 0.0
-0.17677669529663687 0.1767766952966369 0.0
-0.17850364951281705 0.17503270297463092 0.0
-0.1802133991757297 0.17327184063640896 0.0
-0.18190577949614373 0.17149427799754818 0.0
-0.18358062735892142 0.16970018638323542 0.0
-0.23776412907378844 -0.07725424859373672 0.0
-0.2369942413443776 -0.07958473201313741 0.0
-0.2362015116167195 -0.08190754489042337 0.0
-0.23538601629575523 -0.08422246334805492 0.0
-0.23481928309452574 -0.08578219641225086 0.0
-0.14821854339774657 0.20132034334808072 0.0
-0.14892482612310834 0.20080188287016124 0.0
-0.1505450589421609 0.19958786319427324 0.0
-0.06074504497581603 -0.242507813298636 0.0
-0.0583613409639765 -0.2430924800994191 0.0
-0.05597201196462463 -0.24365371714101125 0.0
-0.05357728826626281 -0.24419147033021807 0.0
-0.05305110768137098 -0.2443042136394759 0.0
0.08652926426937325 -0.23454783398062104 0.0
0.19689111523246763 -0.1540535014260778 0.0
0.1978392321601649 -0.15283860185920428 0.0
0.19905472899441623 -0.15124915735983172 0.0
-0.15869645470874955 0.1931712677010923 0.0
-0.16048790064067575 0.1916862899321404 0.0
-0.1623620120825459 0.19010149140000776 0.0
-0.16422047473576032 0.1884983704904674 0.0
-0.16606310947782044 0.18687708171564918 0.0
-0.22162665398618658 0.11567897926108756 0.0
-0.22275163104709195 0.11349762493488671 0.0
-0.22385513884217423 0.11130533147136706 0.0
-0.22493707101305538 0.10910231016833552 0.0
-0.22599732328086083 0.10688877335757051 0.0
-0.22666449620399312 0.10546005139379393 0.0
0.24823515145608016 0.02964349675988569 0.0
0.2479666744469065 0.0318202508434783 0.0
0.2476423351108943 0.034253085420492005 0.0
0.24729412749119525 0.03668261861384044 0.0
0.24692208514878444 0.03910861626005772 0.0
0.2465262439418772 0.04153084453644137 0.0
0.2461066420224729 0.04394906998358863 0.0
0.24566331983267795 0.04636305952789773 0.0
-0.23481918779280586 0.08578245869658735 0.0
-0.2353860162957552 0.08422246334805497 0.0
-0.23620151161671948 0.08190754489042343 0.0
-0.23699424134437758 0.07958473201313747 0.0
-0.23776412907378838 0.07725424859373688 0.0
-0.19783923216016508 0.1528386018592041 0.0
-0.19933016344317675 0.15088898548839288 0.0
-0.2008018828701612 0.14892482612310837 0.0
-0.20225424859373684 0.1469463130731183 0.0
-0.20368712063187236 0.14495363703162842 0.0
-0.2051003608813784 0.14294699005690306 0.0
-0.2051426246310582 0.14288571096400626 0.0
-0.15088898548839286 0.19933016344317678 0.0
-0.15283860185920406 0.1978392321601651 0.0
-0.15477348732745844 0.1963292327201863 0.0
-0.15669345540486734 0.1948003106601292 0.0
-0.15859832104091143 0.1932526133406842 0.0
-0.05117740067734491 -0.2447056878372681 0.0
-0.048772580504031944 -0.24519632010080764 0.0
-0.04636305952789771 -0.24566331983267795 0.0
-0.0439490699835887 -0.2461066420224729 0.0
-0.041530844536441534 -0.24652624394187717 0.0
-0.04126586736522255 -0.2465695465836144 0.0
-0.22048031608708882 -0.11784918420649931 0.0
-0.21931272783623104 -0.1200080306022528 0.0
-0.21812400176819932 -0.12215531037423866 0.0
-0.21691425245488605 -0.12429081656316353 0.0
-0.21568359649444793 -0.1264143433444962 0.0
-0.2144709512404678 -0.12846022771550922 0.0
-0.2461066420224729 0.04394906998358868 0.0
-0.24652624394187717 0.04153084453644141 0.0
-0.24692208514878441 0.039108616260057745 0.0
-0.24729412749119525 0.03668261861384045 0.0
-0.2476423351108943 0.03425308542049201 0.0
-0.24796438399277365 0.031837431294295934 0.0
-0.0805812611907353 0.23665414580276609 0.0
-0.08190754489042333 0.2362015116167195 0.0
-0.08422246334805499 0.2353860162957552 0.0
-0.08525095315500424 0.2350123117599568 0.0
-0.15869643858821197 -0.19317128106384124 0.0
-0.15859832104091148 -0.19325261334068417 0.0
-0.15669345540486737 -0.19480031066012918 0.0
-0.15477348732745858 -0.19632923272018618 0.0
-0.1528386018592041 -0.19783923216016508 0.0
-0.1508889854883929 -0.19933016344317675 0.0
-0.15054504713534375 -0.1995878720409686 0.0
-0.23993600928921432 0.07021902481782312 0.0
-0.2406138091134118 0.06786011246626865 0.0
-0.24126841807788682 0.06549465961583444 0.0
-0.24189977309006497 0.06312289425378943 0.0
-0.242507813298636 0.060745044975816016 0.0
-0.24309248009941914 0.05836134096397638 0.0
-0.24365371714101125 0.05597201196462461 0.0
-0.14892482612310828 -0.20080188287016126 0.0
-0.14821853361877257 -0.20132035052652691 0.0
-0.1660631094778205 -0.18687708171564915 0.0
-0.1642204747357603 -0.18849837049046742 0.0
-0.16236201208254603 -0.19010149140000765 0.0
-0.1604879006406758 -0.19168628993214035 0.0
0.19933016344317672 -0.1508889854883929 0.0
0.20080188287016112 -0.14892482612310848 0.0
0.20225424859373684 -0.14694631307311834 0.0
-0.03910861626005776 -0.24692208514878441 0.0
-0.036682618613840576 -0.24729412749119523 0.0
-0.034253085420492026 -0.2476423351108943 0.0
-0.03182025084347841 -0.2479666744469065 0.0
-0.0293843493644594 -0.24826711423873157 0.0
-0.026945615760689923 -0.24854362552935705 0.0
-0.02517055371819194 -0.2487272560466717 0.0
-0.13079105034416796 0.21305693841183557 0.0
-0.13271100643487735 0.2118673848685586 0.0
-0.13478458072774996 0.2105543084290717 0.0
-0.13684516420219917 0.2092209383271023 0.0
-0.13889255825490057 0.20786740307563628 0.0
-0.1409265655537542 0.20649383313121827 0.0
-0.14294699005690303 0.20510036088137842 0.0
-0.1449536370316284 0.2036871206318724 0.0
-0.14694631307311826 0.20225424859373686 0.0
-0.0629165134459125 0.24195254675853467 0.0
-0.06312289425378945 0.24189977309006497 0.0
-0.0654946596158344 0.24126841807788685 0.0
-0.0678601124662686 0.24061380911341182 0.0
-0.07021902481782302 0.23993600928921435 0.0
-0.0725711693136156 0.2392350839330522 0.0
-0.07491631924906413 0.23851110060157013 0.0
-0.07725424859373684 0.2377641290737884 0.0
-0.07958473201313743 0.2369942413443776 0.0
0.04533667275633779 -0.2458518127912405 0.0
0.04636305952789762 -0.24566331983267795 0.0
0.048772580504031854 -0.24519632010080766 0.0
0.05117740067734482 -0.24470568783726812 0.0
0.05357728826626272 -0.2441914703302181 0.0
0.05597201196462454 -0.24365371714101128 0.0
0.08863793163708494 0.23375812441841967 0.0
0.08652926426937325 0.23454783398062104 0.0
0.08468519478109335 0.23521788158580037 0.0
-0.1978074487243618 -0.15287932856839268 0.0
-0.1963292327201863 -0.15477348732745844 0.0
-0.19480031066012915 -0.1566934554048674 0.0
-0.19325261334068428 -0.15859832104091132 0.0
0.019230542242461117 -0.24925767606543103 0.0
0.019614773931961302 -0.249229333433282 0.0
0.022060592630092347 -0.2490247583129218 0.0
0.023888789858438956 -0.24885375349264366 0.0
-0.2051426168596376 -0.1428857222319511 0.0
-0.20510036088137845 -0.142946990056903 0.0
-0.20368712063187244 -0.14495363703162828 0.0
-0.2022542485937369 -0.14694631307311826 0.0
-0.20080188287016118 -0.1489248261231084 0.0
-0.19933016344317678 -0.15088898548839286 0.0
-0.19783923216016505 -0.15283860185920412 0.0
0.0020354028615921916 -0.24999000865931745 0.0
0.002454329834287261 -0.249987952239832 0.0
0.004908423115157057 -0.2499518101205162 0.0
0.007362043311990675 -0.24989157712550533 0.0
0.009814953939767161 -0.24980725906018073 0.0
0.012266918581854415 -0.2496988640512931 0.0
0.014717700912797295 -0.24956640254617898 0.0
0.01716706472109338 -0.24940988731175393 0.0
0.03004226763302919 -0.24818596775996404 0.0
0.03182025084347832 -0.2479666744469065 0.0
0.034253085420491935 -0.2476423351108943 0.0
0.036682618613840486 -0.24729412749119523 0.0
0.03910861626005767 -0.24692208514878444 0.0
0.041530844536441444 -0.24652624394187717 0.0
0.04394906998358861 -0.24610664202247293 0.0
-0.2305119409427818 0.0967612582329232 0.0
-0.23096988312782168 0.09567085809127247 0.0
-0.231897983813931 0.0933987425131291 0.0
-0.23280373368970084 0.09111762496978752 0.0
-0.2336870454570731 0.08882772532010402 0.0
-0.23454783398062104 0.08652926426937321 0.0
0.1508856853140569 -0.19933263622149114 0.0
0.15088898548839283 -0.1993301634431768 0.0
0.15283860185920403 -0.19783923216016513 0.0
0.1547734873274585 -0.19632923272018624 0.0
0.15478190999785937 -0.19632252552191012 0.0
-0.1053152346358443 -0.22673212155179995 0.0
-0.10466493438435721 -0.22703579345627023 0.0
-0.1024310075869239 -0.22805238144936688 0.0
-0.1001872082757852 -0.229046989279284 0.0
-0.09793375271298904 -0.2300195210836487 0.0
-0.09567085809127238 -0.2309698831278217 0.0
-0.1469463130731183 -0.20225424859373684 0.0
-0.14495363703162853 -0.20368712063187228 0.0
-0.1429469900569031 -0.2051003608813784 0.0
-0.14092656555375427 -0.20649383313121825 0.0
-0.13889255825490054 -0.2078674030756363 0.0
-0.13684516420219922 -0.20922093832710228 0.0
-0.13478458072775001 -0.21055430842907166 0.0
-0.1327110064348774 -0.21186738486855858 0.0
-0.13079103749383814 -0.21305694637355707 0.0
0.13271100643487732 -0.21186738486855863 0.0
0.13310104308608223 -0.2116203968831298 0.0
-0.2479666744469065 0.03182025084347829 0.0
-0.24826711423873157 0.029384349364459387 0.0
-0.24854362552935705 0.026945615760689906 0.0
-0.2487961816680492 0.024504285082390206 0.0
-0.24902475831292178 0.022060592630092423 0.0
-0.249229333433282 0.019614773931961267 0.0
-0.13062464117898714 -0.2131600410885231 0.0
-0.12852568604830544 -0.214432152500068 0.0
-0.12683034033522364 -0.21543702499528453 0.0
-0.2103403633898292 -0.13511521031937904 0.0
-0.2092209383271024 -0.13684516420219905 0.0
-0.2078674030756363 -0.13889255825490057 0.0
-0.20649383313121833 -0.1409265655537541 0.0
-0.22703579345627034 0.10466493438435699 0.0
-0.2280523814493669 0.10243100758692389 0.0
-0.22904698927928396 0.1001872082757853 0.0
-0.2300195210836487 0.09793375271298903 0.0
-0.10876293399798855 -0.22509962731322708 0.0
-0.10688877335757062 -0.22599732328086078 0.0
0.08422246334805507 0.23538601629575517 0.0
0.08190754489042336 0.2362015116167195 0.0
0.07958473201313745 0.2369942413443776 0.0
0.07725424859373686 0.23776412907378838 0.0
0.07491631924906415 0.2385111006015701 0.0
0.07257116931361562 0.2392350839330522 0.0
0.070219024817823 0.23993600928921435 0.0
0.06786011246626858 0.24061380911341182 0.0
0.06698729653618173 0.24085534981123863 0.0
0.0020353915598566117 0.24999000871479515 0.0
1.5308084989341915e-17 0.25 0.0
-0.002454329834287403 0.249987952239832 0.0
-0.004908423115157033 0.2499518101205162 0.0
-0.007362043311990762 0.2498915771255053 0.0
-0.009814953939767081 0.24980725906018073 0.0
-0.012266918581854446 0.2496988640512931 0.0
-0.01471770091279727 0.24956640254617898 0.0
-0.015501924266538855 0.24951629038985634 0.0
0.055988508906424796 0.2436498421222029 0.0
0.0559720119646246 0.24365371714101125 0.0
0.05357728826626267 0.24419147033021812 0.0
0.051177400677344935 0.2447056878372681 0.0
0.04877258050403208 0.2451963201008076 0.0
0.046363059527897786 0.24566331983267792 0.0
0.04533666146117332 0.24585181486556376 0.0
-0.08652926426937317 0.23454783398062107 0.0
-0.08882772532010397 0.2336870454570731 0.0
-0.09111762496978743 0.2328037336897009 0.0
-0.09339874251312912 0.231897983813931 0.0
-0.09564593150174916 0.23098006499755616 0.0
0.024504285082390023 -0.24879618166804923 0.0
0.02694561576068983 -0.24854362552935705 0.0
0.02938434936445931 -0.24826711423873157 0.0
0.2441914703302181 0.05357728826626268 0.0
0.24365371714101125 0.0559720119646246 0.0
0.24309248009941914 0.05836134096397635 0.0
0.242507813298636 0.06074504497581597 0.0
0.24189977309006494 0.06312289425378949 0.0
0.24152584277190978 0.06452761102852476 0.0
-0.015501906028726807 -0.24951629155525912 0.0
-0.014717700912797387 -0.24956640254617896 0.0
-0.012266918581854507 -0.2496988640512931 0.0
-0.009814953939767253 -0.24980725906018073 0.0
-0.007362043311990767 -0.2498915771255053 0.0
-0.004908423115157149 -0.2499518101205162 0.0
-0.002454329834287353 -0.249987952239832 0.0
-4.592425496802574e-17 -0.25 0.0
-0.21443215250006803 -0.1285256860483054 0.0
-0.21316004108852302 -0.13062464117898728 0.0
-0.21186738486855863 -0.13271100643487735 0.0
-0.21055430842907163 -0.13478458072775004 0.0
0.19689110752783748 0.15405351129864622 0.0
0.19632923272018624 0.1547734873274585 0.0
0.19480031066012918 0.1566934554048674 0.0
0.19325261334068425 0.15859832104091137 0.0
0.19168628993214037 0.16048790064067578 0.0
0.19010149140000773 0.16236201208254591 0.0
0.1884983704904674 0.16422047473576032 0.0
0.1868770817156492 0.16606310947782044 0.0
0.18523778133873978 0.16788973871175458 0.0
0.1850088951331833 0.16813979785105904 0.0
0.043949069983588614 0.24610664202247293 0.0
0.041530844536441396 0.2465262439418772 0.0
0.03910861626005773 0.24692208514878444 0.0
0.03668261861384044 0.24729412749119525 0.0
0.03425308542049205 0.2476423351108943 0.0
0.031820250843478275 0.2479666744469065 0.0
0.03004224649509692 0.24818597036707923 0.0
0.22513215571909542 0.10869502296777821 0.0
0.22493707101305538 0.10910231016833552 0.0
0.22385513884217423 0.11130533147136706 0.0
0.22275163104709197 0.11349762493488669 0.0
0.22218217851037914 0.11460180545348675 0.0
-0.24604781750355909 -0.04426938278740616 0.0
-0.24566331983267795 -0.04636305952789763 0.0
-0.2451963201008076 -0.04877258050403209 0.0
-0.24470568783726812 -0.05117740067734483 0.0
-0.24419147033021812 -0.05357728826626263 0.0
0.18500889899412976 -0.16813979363295714 0.0
0.18523778133873972 -0.16788973871175467 0.0
0.1868770817156492 -0.1660631094778204 0.0
0.18849837049046733 -0.16422047473576037 0.0
0.19010149140000776 -0.16236201208254586 0.0
0.19168628993214035 -0.1604879006406758 0.0
0.1932526133406843 -0.15859832104091132 0.0
0.19480031066012918 -0.1566934554048674 0.0
0.19632923272018615 -0.15477348732745858 0.0
0.24993423238404783 -0.0056244607155754404 0.0
0.2499518101205162 -0.0049084231151571645 0.0
0.249987952239832 -0.0024543298342875903 0.0
0.25 0.0 0.0
0.249987952239832 0.0024543298342874042 0.0
0.2499518101205162 0.004908423115157075 0.0
0.2499342323600416 0.005624461693478623 0.0
0.13478458072774993 -0.21055430842907172 0.0
0.13684516420219914 -0.20922093832710234 0.0
0.13889255825490046 -0.20786740307563636 0.0
0.14092656555375419 -0.20649383313121827 0.0
0.142946990056903 -0.20510036088137845 0.0
0.14495363703162845 -0.20368712063187233 0.0
0.14694631307311823 -0.2022542485937369 0.0
0.14892482612310823 -0.20080188287016132 0.0
-0.2479643639088638 -0.031837581941550154 0.0
-0.2476423351108943 -0.03425308542049206 0.0
-0.24729412749119525 -0.036682618613840395 0.0
-0.24692208514878444 -0.03910861626005768 0.0
-0.24652624394187722 -0.04153084453644124 0.0
-0.2461066420224729 -0.04394906998358862 0.0
-0.20649383313121825 0.14092656555375424 0.0
-0.20786740307563625 0.13889255825490063 0.0
-0.20922093832710228 0.1368451642021992 0.0
0.06549465961583437 0.24126841807788685 0.0
0.06312289425378953 0.24189977309006494 0.0
0.060745044975815995 0.242507813298636 0.0
0.05836134096397637 0.24309248009941914 0.0
0.029384349364459425 0.24826711423873157 0.0
0.026945615760689837 0.24854362552935705 0.0
0.024504285082390193 0.2487961816680492 0.0
0.02388877847585267 0.2488537545573412 0.0
0.24921459145557323 -0.019791023148698777 0.0
0.249229333433282 -0.019614773931961187 0.0
0.24940988731175393 -0.017167064721093486 0.0
0.24956640254617898 -0.01471770091279718 0.0
0.2496988640512931 -0.012266918581854523 0.0
0.24980725906018073 -0.009814953939767269 0.0
0.2498915771255053 -0.007362043311991005 0.0
0.1752404809073721 -0.17829790148718017 0.0
0.17677669529663684 -0.17677669529663692 0.0
0.1785036495128171 -0.17503270297463086 0.0
0.18021339917572968 -0.173271840636409 0.0
0.18190577949614362 -0.1714942779975483 0.0
0.18358062735892122 -0.16970018638323559 0.0
0.15669345540486732 -0.19480031066012923 0.0
0.1585983210409114 -0.19325261334068422 0.0
0.16048790064067572 -0.1916862899321404 0.0
0.16236201208254597 -0.1901014914000077 0.0
0.16422047473576032 -0.1884983704904674 0.0
0.16606310947782033 -0.1868770817156493 0.0
0.16788973871175458 -0.18523778133873978 0.0
0.16921737845871876 -0.18402255511314697 0.0
-0.12641434334449625 -0.2156835964944479 0.0
-0.1242908165631636 -0.216914252454886 0.0
-0.12215531037423882 -0.21812400176819924 0.0
-0.12000803060225276 -0.21931272783623107 0.0
-0.11784918420649947 -0.22048031608708873 0.0
-0.11567897926108747 -0.22162665398618664 0.0
-0.11349762493488673 -0.22275163104709195 0.0
-0.11130533147136698 -0.22385513884217428 0.0
-0.10910231016833553 -0.22493707101305535 0.0
-0.053051125084586086 0.24430420991053556 0.0
-0.053577288266262645 0.24419147033021812 0.0
-0.05597201196462457 0.24365371714101125 0.0
-0.058361340963976334 0.24309248009941917 0.0
-0.06074504497581591 0.24250781329863602 0.0
0.1835806273589214 0.16970018638323542 0.0
0.1819057794961437 0.1714942779975482 0.0
0.1802133991757297 0.17327184063640896 0.0
0.17850364951281705 0.17503270297463092 0.0
0.1767766952966369 0.17677669529663687 0.0
0.1752404725572768 0.17829790975569743 0.0
0.23888250815772732 0.07371324402830937 0.0
0.2385111006015701 0.07491631924906415 0.0
0.23776412907378838 0.07725424859373685 0.0
0.2374369862825077 0.0782445239569265 0.0
-0.12683035060898265 0.21543701890577877 0.0
-0.12852568604830542 0.21443215250006803 0.0
-0.1306246411789872 0.21316004108852307 0.0
0.24126841807788685 0.06549465961583437 0.0
0.24061380911341182 0.06786011246626857 0.0
0.23993600928921435 0.07021902481782302 0.0
0.2392350839330522 0.07257116931361558 0.0
-0.04126587842638721 0.24656954477599574 0.0
-0.04153084453644137 0.2465262439418772 0.0
-0.043949069983588634 0.2461066420224729 0.0
-0.04636305952789776 0.24566331983267792 0.0
-0.04877258050403205 0.2451963201008076 0.0
-0.0511774006773449 0.2447056878372681 0.0
-0.02517055627480258 0.24872725578219007 0.0
-0.026945615760689805 0.24854362552935705 0.0
-0.029384349364459394 0.24826711423873157 0.0
-0.03182025084347824 0.2479666744469065 0.0
-0.03425308542049196 0.2476423351108943 0.0
-0.03668261861384041 0.24729412749119525 0.0
-0.03910861626005765 0.24692208514878444 0.0
0.16970018638323536 -0.18358062735892144 0.0
0.1714942779975482 -0.1819057794961437 0.0
0.1732718406364089 -0.18021339917572976 0.0
0.17503270297463094 -0.17850364951281703 0.0
0.23129891091288948 0.09486535372382235 0.0
0.23096988312782168 0.09567085809127245 0.0
0.23001952108364873 0.09793375271298897 0.0
0.229046989279284 0.10018720827578524 0.0
0.22805238144936693 0.10243100758692382 0.0
0.22703579345627034 0.104664934384357 0.0
0.22599732328086083 0.10688877335757052 0.0
0.0192305379954818 0.249257676378707 0.0
0.01716706472109344 0.24940988731175393 0.0
0.014717700912797246 0.24956640254617898 0.0
0.012266918581854531 0.2496988640512931 0.0
0.009814953939767166 0.24980725906018073 0.0
0.007362043311990848 0.2498915771255053 0.0
0.004908423115157063 0.2499518101205162 0.0
0.0024543298342874333 0.249987952239832 0.0
0.10838145842088101 0.22528234862320085 0.0
0.1068887733575705 0.22599732328086083 0.0
0.10466493438435703 0.2270357934562703 0.0
0.10243100758692382 0.22805238144936693 0.0
0.10018720827578527 0.22904698927928396 0.0
0.09793375271298901 0.2300195210836487 0.0
0.09567085809127246 0.23096988312782168 0.0
0.09339874251312909 0.231897983813931 0.0
0.0911176249697874 0.2328037336897009 0.0
0.08882772532010405 0.23368704545707308 0.0
0.13080309869883883 0.2130494735728955 0.0
0.13062464117898723 0.21316004108852304 0.0
0.12852568604830542 0.21443215250006803 0.0
0.12641434334449614 0.21568359649444796 0.0
0.12429081656316361 0.216914252454886 0.0
0.12215531037423874 0.21812400176819927 0.0
0.12000803060225283 0.21931272783623104 0.0
0.1178491842064994 0.22048031608708876 0.0
0.11567897926108754 0.22162665398618658 0.0
0.1134976249348867 0.22275163104709195 0.0
0.11130533147136705 0.22385513884217426 0.0
0.11124433152033028 0.22388509670475107 0.0
-0.019785898532736188 -0.24921502009279317 0.0
-0.019614773931961392 -0.249229333433282 0.0
-0.017167064721093472 -0.24940988731175393 0.0
0.2369942413443776 0.07958473201313743 0.0
0.2362015116167195 0.08190754489042337 0.0
0.2353860162957552 0.08422246334805501 0.0
0.23454783398062104 0.08652926426937324 0.0
0.2336870454570731 0.08882772532010402 0.0
0.2328037336897009 0.09111762496978741 0.0
0.231897983813931 0.09339874251312909 0.0
-0.108762948484483 0.2250996203744047 0.0
-0.10910231016833548 0.22493707101305538 0.0
-0.11130533147136702 0.22385513884217426 0.0
-0.11349762493488667 0.22275163104709197 0.0
-0.11567897926108751 0.2216266539861866 0.0
-0.11784918420649942 0.22048031608708876 0.0
-0.1200080306022528 0.21931272783623104 0.0
-0.12215531037423877 0.21812400176819927 0.0
-0.12429081656316354 0.21691425245488605 0.0
-0.1264143433444961 0.215683596494448 0.0
-0.024504285082390113 -0.24879618166804923 0.0
-0.022060592630092437 -0.24902475831292178 0.0
0.24921459138360316 0.019791024009148103 0.0
0.24902475831292178 0.022060592630092378 0.0
0.24879618166804923 0.02450428508239015 0.0
0.24854362552935705 0.02694561576068983 0.0
0.24826711423873157 0.02938434936445941 0.0
0.24555894015094015 -0.046901614510835576 0.0
0.24566331983267795 -0.046363059527897724 0.0
0.2461066420224729 -0.04394906998358871 0.0
0.2465262439418772 -0.04153084453644133 0.0
0.24692208514878441 -0.03910861626005778 0.0
0.24729412749119525 -0.036682618613840375 0.0
0.2476423351108943 -0.03425308542049204 0.0
0.24796667444690648 -0.03182025084347843 0.0
0.24823515157993037 -0.029643495755737204 0.0
0.24826711423873155 -0.029384349364459637 0.0
0.24854362552935705 -0.026945615760689937 0.0
0.24879618166804923 -0.024504285082390127 0.0
0.24902475831292178 -0.02206059263009245 0.0
0.2498915771255053 0.00736204331199079 0.0
0.24980725906018073 0.009814953939767153 0.0
0.2496988640512931 0.012266918581854504 0.0
0.24956640254617898 0.014717700912797258 0.0
0.24940988731175393 0.01716706472109344 0.0
0.249229333433282 0.019614773931961236 0.0
0.10910231016833555 0.22493707101305535 0.0
-0.019785909835546813 0.24921501914739477 0.0
-0.022060592630092375 0.24902475831292178 0.0
-0.02450428508239016 0.24879618166804923 0.0
-0.09567085809127243 0.23096988312782168 0.0
-0.09793375271298899 0.23001952108364873 0.0
-0.10018720827578524 0.22904698927928396 0.0
-0.10243100758692379 0.22805238144936693 0.0
-0.10466493438435695 0.22703579345627037 0.0
-0.10531524545641224 0.22673211649889952 0.0
-0.10688877335757047 0.22599732328086086 0.0
-0.017167064721093465 0.24940988731175393 0.0
-0.01961477393196122 0.249229333433282 0.0
0.022060592630092406 0.24902475831292178 0.0
0.01961477393196125 0.249229333433282 0.0
0.14892482612310834 0.20080188287016124 0.0
0.14694631307311828 0.20225424859373686 0.0
0.14495363703162845 0.20368712063187236 0.0
0.1429469900569031 0.20510036088137837 0.0
0.14092656555375419 0.2064938331312183 0.0
0.13889255825490057 0.2078674030756363 0.0
0.13684516420219914 0.20922093832710234 0.0
0.1347845807277501 0.2105543084290716 0.0
0.13310103318038122 0.21162040315584582 0.0
-0.23454783398062104 -0.08652926426937327 0.0
-0.23368704545707314 -0.08882772532010395 0.0
-0.23280373368970086 -0.09111762496978747 0.0
-0.23189798381393104 -0.09339874251312905 0.0
-0.2309698831278217 -0.09567085809127242 0.0
0.21055430842907163 0.13478458072775004 0.0
0.20922093832710234 0.1368451642021991 0.0
0.2078674030756363 0.13889255825490054 0.0
0.2064938331312183 0.14092656555375419 0.0
0.2051003608813784 0.14294699005690306 0.0
0.20368712063187236 0.14495363703162842 0.0
0.20230678054891874 0.14687325758336095 0.0
0.1990547249989951 0.15124916258444435 0.0
0.19783923216016505 0.15283860185920412 0.0
0.2216266539861866 0.1156789792610875 0.0
0.22048031608708876 0.11784918420649941 0.0
0.21931272783623107 0.12000803060225278 0.0
0.1692173746591068 0.18402255859103905 0.0
0.16788973871175458 0.18523778133873978 0.0
0.16606310947782044 0.18687708171564918 0.0
0.16422047473576035 0.18849837049046736 0.0
0.16236201208254594 0.1901014914000077 0.0
0.16048790064067578 0.19168628993214037 0.0
0.15859832104091137 0.19325261334068425 0.0
0.1566934554048674 0.19480031066012915 0.0
0.20225424859373686 0.14694631307311828 0.0
0.20080188287016124 0.1489248261231083 0.0
0.19933016344317678 0.15088898548839286 0.0
-0.24922933343328202 -0.019614773931961094 0.0
-0.2490247583129218 -0.02206059263009236 0.0
-0.24879618166804923 -0.024504285082390036 0.0
-0.24854362552935705 -0.026945615760689847 0.0
-0.24826711423873157 -0.029384349364459435 0.0
-0.2479666744469065 -0.031820250843478226 0.0
0.2444333300442567 -0.0524485127616905 0.0
0.2447056878372681 -0.05117740067734492 0.0
0.24519632010080758 -0.04877258050403218 0.0
0.17503270297463092 0.17850364951281705 0.0
0.173271840636409 0.18021339917572968 0.0
0.17149427799754818 0.18190577949614373 0.0
0.16970018638323545 0.1835806273589214 0.0
0.2415258440737269 -0.06452760613807954 0.0
0.24189977309006494 -0.06312289425378946 0.0
0.242507813298636 -0.060745044975816044 0.0
0.24309248009941917 -0.0583613409639763 0.0
0.24365371714101125 -0.055972011964624646 0.0
0.24419147033021807 -0.053577288266262825 0.0
0.23888250905351202 -0.0737132411266539 0.0
0.2392350839330522 -0.07257116931361562 0.0
0.23993600928921432 -0.07021902481782315 0.0
0.24061380911341182 -0.06786011246626857 0.0
0.24126841807788682 -0.06549465961583446 0.0
0.13271100643487738 0.2118673848685586 0.0
0.22275163104709195 -0.11349762493488674 0.0
0.22385513884217417 -0.11130533147136719 0.0
0.22493707101305535 -0.10910231016833555 0.0
0.22513215714018686 -0.1086950200009019 0.0
0.2374369868820722 -0.0782445221420173 0.0
0.23776412907378838 -0.0772542485937369 0.0
0.23851110060157008 -0.0749163192490643 0.0
0.23129891283169046 -0.09486534902633928 0.0
0.231897983813931 -0.09339874251312913 0.0
0.23280373368970084 -0.09111762496978755 0.0
0.23368704545707308 -0.08882772532010405 0.0
0.23454783398062098 -0.08652926426937335 0.0
0.2353860162957552 -0.084222463348055 0.0
0.23620151161671948 -0.08190754489042346 0.0
0.2369942413443776 -0.0795847320131374 0.0
0.22599732328086078 -0.10688877335757063 0.0
0.2270357934562703 -0.10466493438435702 0.0
0.22805238144936688 -0.10243100758692392 0.0
0.229046989279284 -0.10018720827578521 0.0
0.2300195210836487 -0.09793375271298906 0.0
0.23096988312782163 -0.0956708580912726 0.0

CELLS 3856 16842
3 1223 1235 205
3 1211 1222 163
3 1441 1443 1426
3 1177 1224 804
3 1272 1275 219
3 204 1333 1332
3 1072 1767 1496
3 1225 1872 1220
3 1217 1849 1494
3 552 1930 1221
3 205 1898 1223
3 1165 1736 1382
3 186 1227 87
3 1040 1464 1446
3 211 1497 1384
3 1124 1499 180
3 1134 1563 182
3 186 1507 1132
3 216 1501 1126
3 552 1221 554
3 1872 1917 1220
3 219 1900 1272
3 1332 1899 204
3 1123 1591 166
3 1176 1224 1177
3 1200 1202 737
3 895 1188 1187
3 1176 1178 803
3 220 1159 1158
3 1426 1445 1441
3 1382 1901 1165
3 1204 1206 939
3 1494 1849 202
3 1220 1933 1225
3 648 1930 552
3 1329 1330 203
3 939 1205 1204
3 163 1919 1211
3 658 1200 737
3 937 1635 1205
3 1206 1925 185
3 201 1166 99
3 1197 1199 741
3 1496 1767 1117
3 1444 1875 1443
3 1127 1128 208
3 185 1508 1206
3 1199 1200 741
3 895 1187 1186
3 803 1224 1176
3 216 1274 16
3 210 1222 1209
3 1192 1193 190
3 1202 1205 737
3 210 1209 1208
3 1040 1894 1464
3 1497 1893 1384
3 804 1225 1177
3 1217 1494 1220
3 194 1858 1510
3 1209 1222 1211
3 87 1227 86
3 166 1903 1123
3 83 1241 82
3 1444 1909 1875
3 180 1892 1124
3 1193 1912 190
3 186 1880 1227
3 741 1200 658
3 1858 1928 1510
3 1496 1881 1072
3 1191 1379 221
3 1134 1891 1563
3 1507 1890 1132
3 894 1186 1034
3 1035 1208 891
3 140 1222 139
3 1443 1875 1426
3 156 1194 155
3 155 1194 1168
3 155 1168 154
3 1144 1145 177
3 125 1185 124
3 1181 1185 125
3 126 1181 125
3 138 1207 137
3 137 1207 1170
3 137 1170 136
3 1151 1153 173
3 1158 1904 220
3 1204 1925 1206
3 133 1183 132
3 1850 1854 898
3 1191 1897 1379
3 1711 1853 972
3 165 1149 1147
3 99 1166 98
3 742 1189 740
3 1214 1930 1914
3 1189 1192 1188
3 964 1422 1178
3 132 1183 1172
3 207 1228 1154
3 1154 1229 207
3 1914 1930 648
3 800 1860 1435
3 149 1173 148
3 151 1180 150
3 130 1179 129
3 1053 1556 1182
3 132 1172 131
3 741 1481 1197
3 171 1163 28
3 1126 1888 216
3 203 1906 1329
3 898 1854 1171
3 972 1853 1169
3 1328 1329 176
3 937 1205 939
3 1205 1635 737
3 28 1163 27
3 16 1274 15
3 972 1169 889
3 1171 1361 898
3 191 1158 1156
3 1160 1162 193
3 1330 1331 203
3 21 1167 20
3 179 1910 1140
3 1141 1911 174
3 1501 1885 1126
3 1193 1864 1500
3 1128 1129 208
3 1241 1922 82
3 1142 1169 181
3 188 1196 1195
3 1138 1171 167
3 1435 1935 800
3 742 1190 1189
3 1191 1871 1187
3 172 1273 1155
3 193 1164 1160
3 1438 1445 1437
3 182 1878 1134
3 208 1908 1127
3 1132 1880 186
3 1036 1273 1120
3 895 1186 894
3 891 1208 1081
3 1156 1165 191
3 1523 1524 1122
3 1124 1879 1499
3 173 1172 1151
3 177 1180 1144
3 1146 1180 212
3 1145 1173 177
3 184 1182 1139
3 1153 1179 173
3 889 1169 1142
3 1138 1361 1171
3 740 1189 895
3 139 1222 210
3 163 1222 140
3 176 1332 1328
3 1155 1272 172
3 154 1168 181
3 181 1168 1142
3 136 1170 167
3 167 1170 1138
3 124 1185 192
3 184 1181 126
3 188 1195 1194
3 1139 1181 184
3 188 1194 156
3 210 1207 138
3 1865 1928 1862
3 215 1184 1183
3 1145 1178 1174
3 215 1183 133
3 1178 1422 803
3 964 1178 1145
3 1034 1186 1185
3 1207 1208 1035
3 209 1167 21
3 1145 1174 1173
3 1147 1223 165
3 1192 1897 1188
3 1861 1871 1191
3 1179 1228 207
3 1182 1229 1154
3 148 1173 213
3 177 1173 149
3 212 1180 151
3 129 1179 207
3 173 1179 130
3 150 1180 177
3 1053 1182 1154
3 1182 1556 1139
3 131 1172 173
3 1203 1920 1509
3 1197 1481 1195
3 212 1853 1146
3 1155 1273 1036
3 215 1854 1184
3 220 1866 1159
3 1384 1881 211
3 1446 1882 1040
3 1184 1854 1850
3 1146 1853 1711
3 1174 1178 1176
3 1864 1892 1500
3 1498 1910 179
3 174 1911 1447
3 1204 1205 1202
3 680 1224 773
3 1235 1882 205
3 216 1888 1274
3 1273 1274 1120
3 222 1865 1862
3 1509 1859 1203
3 1188 1191 1187
3 895 1189 1188
3 1437 1445 201
3 1441 1445 1438
3 201 1896 1166
3 1199 1858 1201
3 1199 1201 1200
3 1275 1877 219
3 204 1879 1333
3 174 1894 1141
3 1140 1893 179
3 1736 1878 1382
3 1206 1852 939
3 1160 1164 1161
3 711 1857 1856
3 165 1907 1149
3 773 1224 803
3 804 1224 680
3 1524 1929 1122
3 1849 1873 202
3 1591 1885 166
3 1128 1130 1129
3 1188 1897 1191
3 1196 1197 1195
3 1190 1192 1189
3 574 1909 1444
3 1164 1226 1161
3 1201 1920 1203
3 1169 1230 181
3 188 1232 1196
3 1171 1231 167
3 1167 1903 20
3 742 1233 1190
3 1208 1209 1081
3 1444 1927 574
3 1329 1906 176
3 1201 1202 1200
3 1151 1172 1152
3 1144 1180 1146
3 128 1229 127
3 1228 1243 1052
3 1185 1186 192
3 210 1208 1207
3 153 1230 152
3 135 1231 134
3 158 1232 157
3 1442 1855 639
3 1172 1183 1152
3 1173 1174 213
3 1130 1131 1129
3 1196 1198 1197
3 1190 1193 1192
3 1856 1857 1130
3 1153 1228 1179
3 184 1229 1182
3 127 1229 184
3 1153 1243 1228
3 207 1229 128
3 1154 1228 1052
3 152 1230 212
3 181 1230 153
3 134 1231 215
3 167 1231 135
3 222 1232 158
3 157 1232 188
3 1209 1210 1081
3 191 1904 1158
3 1162 1905 193
3 1133 1621 1226
3 1226 1621 1161
3 122 1861 121
3 1201 1203 1202
3 1891 1939 214
3 206 1938 1890
3 1030 1223 1147
3 1186 1187 192
3 613 1234 657
3 1330 1863 1331
3 1183 1184 1152
3 1174 1175 213
3 1164 1227 1226
3 1233 1851 1125
3 1198 1199 1197
3 1030 1235 1223
3 1234 1851 1233
3 642 1234 613
3 657 1234 742
3 1209 1211 1210
3 1203 1204 1202
3 1174 1176 1175
3 1184 1463 1152
3 1211 1212 1210
3 1176 1177 1175
3 1211 1213 1212
3 892 1463 812
3 812 1463 810
3 1152 1463 892
3 1213 1214 1212
3 1213 1215 1214
3 1030 1729 1235
3 1235 1729 1095
3 742 1234 1233
3 1215 1216 1214
3 1213 1218 1215
3 1021 1836 1258
3 893 1243 1153
3 923 1280 1237
3 655 1280 923
3 1421 1589 454
3 1215 1217 1216
3 1236 1243 893
3 454 1589 1238
3 1239 1650 1238
3 1051 1243 1236
3 1238 1650 454
3 425 1651 380
3 1236 1280 1051
3 223 1241 1240
3 381 1745 1581
3 1258 1836 218
3 77 1765 76
3 189 1544 1290
3 1237 1589 923
3 78 1291 77
3 1051 1280 655
3 345 1763 339
3 80 1490 79
3 1242 1307 1057
3 1291 1765 77
3 1290 1291 189
3 189 1291 78
3 923 1589 1421
3 1256 1388 1257
3 1838 1839 1566
3 910 1388 1256
3 1239 1651 1650
3 1537 1772 966
3 1240 1490 223
3 183 1402 1252
3 332 1270 493
3 380 1651 381
3 1024 1839 1838
3 1651 1745 381
3 1650 1651 425
3 363 1255 364
3 199 1250 1248
3 1490 1544 189
3 1776 1823 1071
3 1057 1587 1242
3 493 1270 1253
3 765 1587 1363
3 339 1270 332
3 1363 1587 1057
3 339 1763 1270
3 363 1716 1255
3 943 1716 363
3 178 1246 1245
3 367 1255 1244
3 364 1255 367
3 1245 1380 178
3 1244 1537 367
3 1746 1781 1381
3 1252 1436 183
3 198 1380 1264
3 1605 1746 1381
3 857 1788 770
3 797 1261 1260
3 223 1490 80
3 79 1490 189
3 199 1436 1250
3 992 1262 796
3 75 1436 74
3 1264 1380 1245
3 1253 1293 493
3 1244 1772 1537
3 797 1262 1261
3 1248 1562 199
3 1217 1219 1216
3 1117 1767 866
3 1260 1473 797
3 1057 1307 831
3 765 1820 1517
3 1159 1845 1844
3 73 1562 72
3 1825 1827 1718
3 935 1515 858
3 178 1562 1246
3 1581 1763 381
3 76 1765 183
3 1259 1834 1832
3 1264 1605 1381
3 1258 1834 1259
3 1267 1473 1260
3 796 1262 797
3 1254 1293 1253
3 1267 1342 638
3 1376 1686 196
3 1844 1845 195
3 1265 1266 832
3 164 1505 1486
3 992 1263 1262
3 342 1430 1268
3 1338 1728 1339
3 381 1763 345
3 1063 1467 1278
3 1775 1786 1362
3 1776 1784 1387
3 1387 1784 1388
3 1266 1377 832
3 1280 1610 1237
3 183 1436 75
3 74 1436 199
3 1377 1455 837
3 638 1473 1267
3 1053 1714 1556
3 1356 1692 1541
3 922 1831 1830
3 676 1392 1346
3 1289 1514 860
3 1339 1728 705
3 1250 1436 1252
3 1236 1610 1280
3 1266 1455 1377
3 831 1307 832
3 1471 1716 943
3 1471 1582 1060
3 597 1709 411
3 1556 1714 1287
3 230 1284 228
3 1303 1602 1070
3 1346 1392 913
3 1320 1788 857
3 941 1275 1271
3 675 1761 1725
3 1775 1795 834
3 1305 1428 875
3 1264 1381 198
3 1284 1686 1376
3 858 1515 860
3 308 1778 480
3 925 1674 1359
3 701 1653 608
3 296 1721 293
3 1276 1782 1773
3 1614 1615 793
3 1240 1544 1490
3 792 1303 1302
3 1246 1562 1248
3 1401 1564 1399
3 1063 1514 1467
3 832 1307 1265
3 1362 1786 857
3 1456 1457 920
3 1486 1505 1283
3 199 1562 73
3 1267 1428 1342
3 1367 1469 1286
3 870 1301 1019
3 1349 1414 1299
3 793 1615 581
3 1478 1751 417
3 1299 1395 611
3 1283 1505 1504
3 72 1562 178
3 1279 1616 936
3 1097 1729 864
3 1295 1358 596
3 900 1333 1032
3 792 1302 1301
3 666 1403 748
3 1301 1302 1019
3 1342 1428 1305
3 761 1587 759
3 966 1772 1256
3 792 1602 1303
3 497 1288 496
3 968 1565 1375
3 293 1317 289
3 1321 1322 782
3 860 1514 1063
3 1359 1674 973
3 750 1528 1351
3 1541 1692 1391
3 1285 1367 1286
3 935 1787 1515
3 1284 1376 228
3 1358 1452 596
3 943 1659 1470
3 1326 1328 1037
3 1276 1773 1018
3 1539 1564 1401
3 1352 1402 906
3 1328 1332 1037
3 289 1317 596
3 1278 1653 1063
3 1693 1771 1480
3 483 1367 1285
3 614 1618 1548
3 940 1414 1349
3 1455 1456 837
3 519 1323 517
3 1105 1569 988
3 611 1349 1299
3 668 1308 746
3 1504 1686 1283
3 913 1411 1346
3 984 1593 1277
3 1352 1726 1251
3 925 1359 1340
3 1399 1564 621
3 1322 1323 782
3 1415 1640 1416
3 1363 1820 765
3 1294 1411 1351
3 596 1317 1295
3 1546 1582 1298
3 860 1515 1289
3 651 1288 497
3 807 1565 968
3 693 1306 875
3 583 1692 1356
3 993 1781 1746
3 898 1361 806
3 1543 1822 1806
3 906 1402 1056
3 1281 1282 678
3 553 1682 551
3 633 1306 693
3 1018 1773 871
3 523 1633 521
3 668 1462 1308
3 1286 1662 1644
3 293 1721 1317
3 1346 1411 1294
3 772 1373 679
3 921 1607 1585
3 1782 1785 763
3 1358 1558 924
3 822 1326 1037
3 875 1306 1305
3 1037 1333 900
3 1689 1727 802
3 786 1710 994
3 581 1615 949
3 1297 1546 1298
3 936 1616 1570
3 1217 1220 1219
3 784 1630 774
3 1631 1704 1484
3 1342 1343 638
3 916 1487 472
3 760 1301 870
3 566 1297 563
3 1219 1221 1216
3 924 1558 1551
3 914 1395 1299
3 1351 1411 750
3 1398 1399 621
3 341 1365 921
3 1813 1819 1309
3 1580 1675 1532
3 1365 1607 921
3 936 1653 1279
3 1303 1707 1304
3 674 1571 555
3 699 1624 1582
3 335 1640 1415
3 430 1527 677
3 748 1403 906
3 486 1310 475
3 1271 1414 941
3 924 1452 1358
3 678 1284 230
3 1353 1474 585
3 949 1615 1300
3 1554 1617 1078
3 1720 1723 439
3 1472 1568 946
3 58 1505 164
3 1303 1304 1302
3 970 1630 784
3 1079 1514 1064
3 1470 1659 1311
3 759 1587 765
3 1439 1491 1434
3 1308 1462 1345
3 1020 1836 1021
3 1268 1644 342
3 1242 1587 761
3 1522 1835 1833
3 1325 1391 558
3 1469 1662 1286
3 1256 1772 910
3 1298 1582 1471
3 988 1569 989
3 1350 1385 584
3 610 1424 423
3 1634 1691 1479
3 1318 1708 1277
3 1386 1388 910
3 1513 1700 851
3 394 1708 1318
3 1608 1628 1008
3 967 1722 1393
3 1309 1461 1016
3 782 1323 519
3 1323 1660 517
3 1696 1759 1006
3 763 1785 1242
3 440 1527 430
3 819 1326 822
3 849 1593 720
3 1569 1709 597
3 1277 1708 984
3 608 1653 936
3 1300 1661 949
3 1644 1662 342
3 1285 1378 483
3 586 1419 490
3 1548 1618 979
3 198 1756 69
3 1599 1678 732
3 1063 1653 701
3 1585 1607 1092
3 1290 1544 902
3 1378 1576 610
3 1561 1642 1079
3 439 1390 429
3 1066 1648 1636
3 1467 1514 1079
3 906 1403 1352
3 836 1571 674
3 912 934 836
3 287 1528 750
3 554 555 553
3 510 1366 251
3 1073 1606 460
3 846 1675 1580
3 472 1487 234
3 856 1535 991
3 359 1457 614
3 1332 1333 1037
3 1287 1288 651
3 1596 1678 1599
3 1076 1285 1077
3 920 1671 1456
3 790 1341 995
3 666 1609 1403
3 835 912 836
3 1247 1638 1396
3 1324 1660 1323
3 303 1394 343
3 309 1657 334
3 1455 1457 1456
3 677 1527 1483
3 758 760 759
3 302 1394 303
3 1383 1453 431
3 625 1713 1672
3 563 1297 561
3 270 1355 268
3 1356 1636 583
3 766 1311 559
3 487 1348 470
3 475 1482 473
3 474 1357 611
3 291 1528 287
3 1465 1727 1689
3 611 1357 1349
3 615 1536 966
3 958 959 842
3 411 1709 704
3 453 1421 454
3 1078 1343 1075
3 349 350 341
3 746 1308 909
3 681 1310 486
3 552 554 553
3 958 1468 1416
3 1673 1685 1513
3 314 1429 384
3 753 868 754
3 1310 1482 475
3 803 1422 775
3 183 1765 1402
3 417 1525 414
3 1375 1685 1673
3 1416 1468 1417
3 496 1288 654
3 727 1341 790
3 558 1391 560
3 942 1066 843
3 927 1535 856
3 1417 1468 1074
3 782 1633 1321
3 875 1428 876
3 1493 1494 1492
3 1299 1414 1067
3 1075 1343 1342
3 1470 1471 943
3 1070 1602 868
3 307 1657 309
3 327 335 329
3 994 1710 1477
3 1277 1593 849
3 678 1487 1281
3 248 1688 1683
3 1398 1577 1318
3 1512 1700 1513
3 490 1419 469
3 927 1393 1370
3 283 1412 288
3 620 1593 984
3 621 1577 1398
3 526 1633 523
3 533 1462 668
3 566 1546 1297
3 559 1311 355
3 1113 1601 1511
3 285 1412 283
3 926 1541 1391
3 1570 1616 1366
3 387 1269 494
3 1373 1418 679
3 786 994 970
3 841 958 842
3 841 1468 958
3 555 1571 553
3 1364 1540 335
3 1017 1807 1713
3 1458 1660 1324
3 1665 1739 969
3 901 1290 902
3 920 1457 359
3 531 1462 533
3 554 556 555
3 1069 1070 868
3 982 1717 1611
3 503 702 681
3 913 1412 1411
3 295 1392 452
3 1359 1728 1338
3 352 979 351
3 766 1470 1311
3 1370 1534 927
3 118 1379 190
3 474 485 475
3 945 1679 1671
3 272 751 448
3 746 909 907
3 508 1466 507
3 650 1565 807
3 452 1392 676
3 438 1771 1693
3 1123 1167 1121
3 699 1582 1546
3 350 1365 341
3 464 474 473
3 950 1373 772
3 716 1568 1472
3 762 763 761
3 461 481 466
3 756 792 758
3 612 1608 1008
3 194 1510 6
3 66 1420 197
3 696 1395 914
3 705 1725 1339
3 1344 1373 950
3 448 1355 270
3 464 1357 474
3 439 1723 1390
3 1064 1514 1289
3 1536 1537 966
3 295 452 302
3 1732 1755 1105
3 1485 1586 933
3 1356 1541 1074
3 311 312 310
3 468 1427 489
3 911 1057 831
3 276 1551 273
3 1054 1589 1237
3 1060 1716 1471
3 478 1547 582
3 423 424 350
3 1045 1591 1046
3 1066 1074 843
3 926 1391 1325
3 284 1452 281
3 1076 1378 1285
3 612 1008 642
3 628 1312 878
3 327 1364 335
3 1413 1691 1634
3 502 696 643
3 759 765 757
3 638 1343 586
3 911 1363 1057
3 424 429 428
3 510 1570 1366
3 1074 1541 1417
3 1282 1284 678
3 1636 1648 1350
3 344 345 339
3 959 960 842
3 349 1367 483
3 560 561 559
3 467 1573 780
3 1369 1560 1542
3 765 1517 757
3 680 772 679
3 677 1607 1365
3 773 803 775
3 503 1553 702
3 754 755 752
3 758 759 757
3 870 1019 1011
3 353 1325 558
3 938 940 661
3 758 1301 760
3 1697 1706 419
3 489 1427 944
3 956 1642 1561
3 1465 1466 508
3 461 466 462
3 835 836 674
3 1695 1724 197
3 238 1383 431
3 722 1485 933
3 792 1301 758
3 752 1354 448
3 582 1547 996
3 224 1376 196
3 22 1488 209
3 934 1085 836
3 870 1011 871
3 288 292 289
3 474 611 485
3 1340 1359 1338
3 59 1505 58
3 249 1543 247
3 711 712 700
3 1531 1532 850
3 247 1543 626
3 1639 1729 1097
3 596 1452 284
3 753 1068 868
3 595 1347 594
3 1672 1713 1312
3 481 632 495
3 1582 1624 1060
3 1016 1461 264
3 1459 1590 330
3 338 339 332
3 464 473 440
3 26 208 25
3 170 1493 1492
3 42 220 41
3 40 191 39
3 37 182 36
3 134 215 133
3 22 209 21
3 139 210 138
3 129 207 128
3 127 184 126
3 740 894 736
3 1134 1135 948
3 786 970 784
3 1354 1355 448
3 565 744 644
3 613 651 497
3 1375 1673 968
3 1076 1077 844
3 843 1468 841
3 562 563 561
3 763 1242 761
3 272 448 270
3 1249 1638 1247
3 1343 1419 586
3 349 423 350
3 1034 1139 896
3 1532 1675 850
3 633 1606 1306
3 611 1395 485
3 650 805 649
3 1619 1647 433
3 870 871 762
3 1068 1069 868
3 509 1635 505
3 61 224 196
3 341 921 324
3 703 1418 932
3 417 1751 1525
3 696 825 643
3 801 897 802
3 414 1525 412
3 609 1645 403
3 37 1382 182
3 1327 1330 1329
3 1396 1638 671
3 556 599 555
3 507 1466 647
3 994 1723 1720
3 558 559 355
3 1319 1480 1341
3 376 1413 382
3 760 870 762
3 23 1488 22
3 305 307 306
3 1322 1324 1323
3 540 1371 538
3 818 1326 819
3 1484 1704 1083
3 926 1325 347
3 946 1568 500
3 353 558 355
3 909 1058 907
3 853 965 951
3 540 1375 1371
3 600 1418 599
3 429 1390 436
3 485 486 475
3 753 754 752
3 720 1593 663
3 794 911 831
3 806 1361 805
3 340 349 341
3 1138 1170 1035
3 474 475 473
3 710 1347 880
3 737 1635 509
3 625 1672 592
3 940 1348 661
3 731 1319 729
3 521 1633 782
3 630 631 629
3 1385 1533 584
3 1079 1642 1467
3 424 428 350
3 424 439 429
3 1086 1476 1085
3 506 507 505
3 1768 1793 998
3 680 773 772
3 745 1386 910
3 1387 1823 1776
3 295 296 293
3 894 896 736
3 264 1461 261
3 1511 1601 1355
3 755 1354 752
3 1341 1480 995
3 751 752 448
3 541 542 539
3 299 331 300
3 745 905 830
3 338 344 339
3 756 758 757
3 1540 1585 1092
3 1135 1472 948
3 801 964 897
3 1416 1640 958
3 867 1555 1119
3 599 1418 703
3 552 553 551
3 481 495 466
3 1048 1385 1350
3 373 1536 615
3 1547 1702 996
3 1612 1687 1611
3 1383 1460 1453
3 295 302 296
3 556 600 599
3 613 657 651
3 251 1366 253
3 1100 1101 883
3 1621 1627 717
3 551 1682 675
3 353 355 354
3 562 583 564
3 92 1464 174
3 1049 1050 1048
3 702 841 681
3 670 1592 1450
3 1048 1350 1047
3 736 1287 651
3 498 1451 646
3 631 1377 837
3 1281 1487 916
3 702 942 843
3 348 1325 353
3 989 1569 1526
3 447 455 453
3 1381 1756 198
3 251 253 252
3 760 762 761
3 311 313 312
3 1334 1657 307
3 941 1414 940
3 1403 1726 1352
3 259 568 258
3 304 1721 296
3 287 750 285
3 1074 1468 843
3 437 1617 1554
3 1454 1618 614
3 322 323 320
3 298 1528 291
3 360 1572 920
3 636 638 586
3 809 1567 811
3 500 501 490
3 614 1457 1454
3 347 1325 348
3 1397 1573 922
3 538 541 539
3 760 761 759
3 724 725 723
3 1748 1766 1296
3 1492 1494 202
3 1400 1586 1006
3 302 303 296
3 483 1378 610
3 340 1367 349
3 1078 1617 1419
3 1022 1522 1521
3 598 1417 926
3 1415 1416 598
3 333 787 634
3 818 819 731
3 787 1100 883
3 71 1380 70
3 322 325 323
3 1668 1708 1516
3 288 289 284
3 67 1420 66
3 913 1392 292
3 547 705 545
3 636 1473 638
3 517 1660 479
3 661 1348 487
3 940 1349 1348
3 529 1667 526
3 292 295 293
3 460 1606 461
3 1049 1123 1121
3 161 225 224
3 1388 1784 1257
3 585 1474 408
3 385 1269 387
3 375 376 374
3 959 1540 1092
3 1306 1606 1073
3 1484 1649 965
3 1354 1511 1355
3 662 718 663
3 102 1491 162
3 1576 1680 610
3 921 1520 324
3 290 1632 294
3 565 644 566
3 51 1502 217
3 49 1506 187
3 1096 1465 508
3 1355 1601 268
3 598 926 347
3 725 726 723
3 1335 1340 1338
3 1393 1722 1370
3 733 1622 1425
3 93 1464 92
3 1050 1385 1048
3 520 1592 670
3 1347 1360 880
3 795 916 472
3 466 1573 467
3 562 564 563
3 808 898 806
3 938 941 940
3 162 1491 1439
3 594 1347 710
3 1098 1099 952
3 1540 1640 335
3 974 1277 849
3 899 1384 1041
3 506 1404 847
3 1400 1401 1399
3 1066 1636 1356
3 1055 1239 1238
3 974 1398 1318
3 1652 1669 1084
3 628 878 630
3 196 1686 1504
3 1538 1621 717
3 628 630 629
3 447 453 441
3 1368 1370 484
3 1067 1414 1271
3 780 1573 1397
3 436 440 430
3 728 1595 799
3 539 1374 973
3 423 1424 424
3 1571 1682 553
3 959 1092 960
3 902 1544 904
3 361 1659 943
3 999 1090 980
3 894 1034 896
3 307 308 306
3 307 309 308
3 620 984 618
3 657 742 740
3 1029 1588 1157
3 744 1408 644
3 909 1253 1058
3 644 645 566
3 457 1547 478
3 885 1126 1045
3 1625 1652 1084
3 531 533 532
3 968 1567 809
3 488 506 505
3 963 1396 961
3 288 1412 913
3 408 1474 410
3 583 1636 584
3 757 1517 755
3 226 1560 1369
3 288 913 292
3 62 224 61
3 1349 1357 1348
3 691 1377 631
3 702 1553 942
3 429 430 428
3 544 546 545
3 1427 1625 944
3 377 1704 1631
3 679 1418 600
3 481 633 632
3 1504 1505 59
3 273 1551 272
3 503 681 486
3 1572 1671 920
3 316 1429 314
3 349 483 423
3 1410 1751 1478
3 1026 1260 1027
3 696 827 825
3 583 584 564
3 885 886 826
3 251 252 249
3 912 1065 934
3 619 662 620
3 446 1619 433
3 739 865 714
3 974 1318 1277
3 853 1088 965
3 485 502 486
3 1268 1430 1065
3 489 500 490
3 588 1423 1372
3 569 1516 397
3 1285 1286 1077
3 1156 1158 1031
3 538 1371 541
3 630 690 631
3 631 837 629
3 560 562 561
3 751 753 752
3 745 910 905
3 283 288 284
3 507 509 505
3 506 508 507
3 453 454 441
3 267 1112 1016
3 1344 1576 1378
3 652 653 600
3 281 1452 279
3 951 1098 952
3 331 332 300
3 964 1144 897
3 979 981 980
3 561 1297 766
3 787 882 634
3 1066 1356 1074
3 333 472 234
3 614 1548 357
3 558 560 559
3 948 1472 946
3 1143 1481 888
3 518 1592 520
3 818 1327 1326
3 841 842 681
3 1417 1541 926
3 850 1557 1531
3 633 692 632
3 932 1418 1373
3 501 586 490
3 561 766 559
3 347 348 337
3 257 259 258
3 599 674 555
3 787 883 882
3 445 1554 845
3 1335 1337 1336
3 692 1521 632
3 452 530 302
3 698 711 700
3 376 377 374
3 530 1394 302
3 1011 1012 871
3 355 1311 356
3 548 550 549
3 29 1495 171
3 179 1497 32
3 33 1498 179
3 88 1507 186
3 725 727 726
3 1773 1782 763
3 292 1392 295
3 643 1553 503
3 476 1421 453
3 160 1488 23
3 835 1629 912
3 1003 1480 1319
3 984 1708 1668
3 161 224 62
3 653 679 600
3 322 1520 325
3 286 287 285
3 888 1481 734
3 647 734 658
3 979 980 351
3 436 450 440
3 6 1510 5
3 103 1491 102
3 66 197 65
3 157 188 156
3 148 213 147
3 111 176 110
3 76 183 75
3 58 164 57
3 10 185 9
3 280 281 279
3 633 693 692
3 319 321 320
3 904 1544 1240
3 1195 1481 1143
3 272 1551 751
3 908 1512 747
3 734 741 658
3 647 735 734
3 1101 1102 883
3 619 620 618
3 90 1447 206
3 321 322 320
3 297 298 291
3 483 610 423
3 1260 1261 1027
3 1026 1267 1260
3 568 709 258
3 166 1501 18
3 1387 1388 1386
3 468 489 469
3 506 847 508
3 507 647 509
3 331 338 332
3 310 1803 1778
3 964 1145 1144
3 981 999 980
3 269 270 268
3 584 1533 564
3 245 1688 248
3 999 1276 1090
3 1327 1328 1326
3 546 547 545
3 767 768 622
3 694 1473 636
3 1534 1535 927
3 1665 1687 1612
3 468 469 451
3 727 790 726
3 653 680 679
3 450 464 440
3 693 872 692
3 933 1586 975
3 702 843 841
3 734 1481 741
3 735 888 734
3 321 324 322
3 565 1533 744
3 416 419 418
3 644 1408 697
3 489 490 469
3 647 658 509
3 658 737 509
3 331 346 338
3 981 1000 999
3 267 1601 1113
3 790 791 726
3 450 470 464
3 965 1649 951
3 872 873 692
3 735 889 888
3 324 1520 322
3 541 543 542
3 234 1487 232
3 872 1020 873
3 735 971 889
3 889 1142 888
3 141 163 140
3 24 160 23
3 1020 1021 873
3 144 202 143
3 81 223 80
3 971 972 889
3 1142 1143 888
3 159 222 158
3 79 189 78
3 1021 1022 873
3 1194 1195 1143
3 29 171 28
3 33 179 32
3 150 177 149
3 74 199 73
3 152 212 151
3 154 181 153
3 1022 1521 873
3 19 166 18
3 136 167 135
3 17 216 16
3 55 218 54
3 54 1503 53
3 14 172 13
3 53 175 52
3 131 173 130
3 61 196 60
3 1142 1168 1143
3 1168 1194 1143
3 51 217 50
3 218 1503 54
3 1503 1566 175
3 53 1503 175
3 49 187 48
3 8 1509 7
3 7 194 6
3 46 195 45
3 7 1509 194
3 1157 1165 1156
3 1029 1157 1156
3 1271 1275 1272
3 873 1521 692
3 1084 1669 1137
3 580 1453 767
3 1029 1156 1031
3 1271 1272 1155
3 1344 1378 1076
3 1084 1137 1043
3 259 1461 568
3 657 740 736
3 699 1546 645
3 1258 1259 1023
3 903 1538 749
3 1029 1031 1028
3 496 654 567
3 899 1041 824
3 372 1423 371
3 370 373 372
3 1067 1271 1155
3 336 598 347
3 278 280 279
3 445 446 433
3 932 1344 1076
3 359 614 357
3 70 1380 198
3 947 1084 1043
3 1043 1134 948
3 721 724 723
3 657 736 651
3 1021 1258 1023
3 785 786 784
3 1062 1486 1283
3 1460 1656 1620
3 798 1029 1028
3 1077 1644 1629
3 1578 1627 976
3 496 567 476
3 1089 1518 499
3 743 899 824
3 1002 1003 820
3 100 1437 201
3 370 372 371
3 371 587 369
3 628 629 604
3 1067 1155 1036
3 515 1604 516
3 612 613 497
3 1047 1648 1559
3 797 1473 694
3 161 1560 226
3 1404 1584 847
3 336 347 337
3 1047 1559 886
3 755 1517 1354
3 1396 1604 961
3 267 1113 1112
3 432 445 433
3 395 442 437
3 377 1626 374
3 932 1076 844
3 830 1624 713
3 783 1083 778
3 461 462 446
3 1119 1128 1127
3 1061 1486 1062
3 1061 1062 918
3 465 491 468
3 947 1043 948
3 450 1389 471
3 1740 1744 421
3 632 1521 635
3 721 723 722
3 749 1538 667
3 1409 1410 1315
3 705 1374 545
3 1324 1740 1733
3 615 854 375
3 227 1368 484
3 1006 1586 791
3 775 785 784
3 594 625 592
3 1416 1417 598
3 1319 1341 729
3 429 436 430
3 1313 1409 1315
3 294 297 291
3 294 1632 385
3 1062 1283 1282
3 994 1720 970
3 398 1575 434
3 30 1495 29
3 32 1497 31
3 34 1498 33
3 114 1499 113
3 36 1563 35
3 466 467 462
3 805 890 816
3 934 1086 1085
3 333 634 472
3 375 1413 376
3 252 1543 249
3 798 1028 992
3 650 806 805
3 303 305 304
3 890 1361 1138
3 416 418 417
3 937 939 938
3 318 764 316
3 477 496 476
3 492 1089 499
3 1434 1491 200
3 144 1492 202
3 421 1744 1478
3 743 824 640
3 1001 1265 1000
3 1616 1666 256
3 542 1374 539
3 981 1001 1000
3 623 1780 1004
3 805 816 649
3 1559 1648 942
3 821 1002 820
3 722 933 849
3 370 371 369
3 267 1016 264
3 319 1469 321
3 875 876 874
3 1036 1120 827
3 914 1067 1036
3 612 642 613
3 477 612 497
3 1161 1538 903
3 557 650 649
3 662 663 620
3 432 1554 445
3 478 479 458
3 796 797 694
3 544 545 542
3 504 937 661
3 250 251 249
3 344 379 345
3 227 228 225
3 371 1423 588
3 1068 1295 1069
3 447 463 455
3 811 814 813
3 305 1334 307
3 182 1563 36
3 712 739 714
3 1251 1726 1450
3 498 646 491
3 831 832 691
3 582 996 673
3 570 1557 573
3 373 375 374
3 564 565 563
3 432 433 383
3 395 437 432
3 945 1671 1406
3 703 932 844
3 774 950 772
3 844 1629 835
3 94 1446 93
3 779 783 778
3 610 1680 1424
3 746 907 747
3 168 1420 67
3 460 461 446
3 1119 1127 1118
3 309 310 308
3 632 635 495
3 971 1466 1465
3 1049 1121 1050
3 637 694 636
3 919 1061 918
3 465 468 451
3 489 944 500
3 225 1376 224
3 947 948 946
3 1456 1679 837
3 801 802 788
3 690 881 794
3 397 1516 392
3 119 1379 118
3 275 276 273
3 502 1395 696
3 161 226 225
3 471 488 487
3 1068 1358 1295
3 1295 1296 1069
3 235 333 234
3 328 456 326
3 1389 1404 471
3 400 1575 398
3 145 1492 144
3 891 1081 1080
3 91 1447 90
3 795 1550 1116
3 794 831 691
3 951 1649 1098
3 645 1546 566
3 721 722 720
3 1158 1159 1031
3 524 1609 666
3 780 1397 1115
3 748 749 667
3 950 1576 1344
3 568 1461 1309
3 488 1404 506
3 550 648 552
3 723 1485 722
3 791 1586 1485
3 477 497 496
3 1488 1523 209
3 377 1631 1626
3 319 1662 1469
3 789 1362 857
3 564 1533 565
3 655 923 567
3 1391 1692 560
3 335 1415 329
3 113 1499 204
3 774 1630 950
3 271 272 270
3 178 1380 71
3 787 1623 1100
3 1078 1419 1343
3 1279 1653 1278
3 750 1412 285
3 584 1636 1350
3 1144 1146 897
3 463 1628 1608
3 945 1406 1405
3 373 615 375
3 1062 1281 918
3 1551 1558 751
3 885 1045 886
3 462 1619 446
3 809 811 810
3 105 1699 1431
3 663 1593 620
3 1282 1686 1284
3 886 1559 826
3 455 1608 477
3 1383 1656 1460
3 775 784 774
3 795 917 916
3 363 364 362
3 1055 1670 1239
3 491 1427 468
3 847 1096 508
3 294 385 301
3 1286 1644 1077
3 488 505 504
3 174 1447 91
3 1354 1517 1511
3 790 957 791
3 845 1554 1078
3 543 544 542
3 811 1567 814
3 1683 1688 1082
3 785 788 786
3 65 1542 64
3 815 1610 1236
3 456 1448 326
3 1335 1338 1337
3 969 1632 290
3 1283 1686 1282
3 754 756 755
3 864 1729 1030
3 228 1376 225
3 1521 1522 635
3 1561 1655 956
3 260 262 261
3 528 664 529
3 260 261 259
3 269 271 270
3 1046 1047 886
3 829 1054 828
3 1120 1552 827
3 1611 1717 1093
3 975 1400 1399
3 315 316 314
3 745 830 713
3 949 1519 579
3 52 1502 51
3 50 1506 49
3 634 795 472
3 278 686 280
3 928 1474 1353
3 361 943 363
3 1094 1611 1093
3 526 1667 1633
3 321 1469 340
3 790 995 957
3 318 1449 764
3 1041 1140 1042
3 1431 1432 200
3 1446 1464 93
3 515 516 479
3 690 691 631
3 756 757 755
3 1094 1612 1611
3 1350 1648 1047
3 945 1405 602
3 603 628 604
3 551 675 549
3 798 992 796
3 473 1527 440
3 1092 1483 960
3 352 1548 979
3 366 1407 365
3 233 234 232
3 289 596 284
3 292 293 289
3 18 1501 17
3 662 800 718
3 481 1606 633
3 815 892 812
3 666 748 667
3 364 365 362
3 1046 1048 1047
3 683 1313 682
3 635 922 495
3 740 895 894
3 308 480 306
3 505 1635 504
3 434 570 569
3 922 1573 495
3 492 1479 1089
3 1001 1454 1266
3 865 1387 1386
3 1313 1314 682
3 729 1341 727
3 604 945 602
3 975 1586 1400
3 1327 1637 1330
3 314 384 312
3 261 1461 259
3 1705 1718 1098
3 722 849 720
3 773 775 774
3 1411 1412 750
3 1295 1317 1296
3 825 885 826
3 591 603 602
3 455 477 476
3 819 822 821
3 942 1648 1066
3 1012 1018 871
3 1413 1634 382
3 231 232 230
3 17 1501 216
3 89 1507 88
3 1489 1524 1523
3 402 1529 400
3 162 1439 1438
3 879 1015 1014
3 672 1604 515
3 987 1742 1737
3 431 1453 580
3 746 747 669
3 245 247 246
3 524 666 527
3 229 231 230
3 361 363 362
3 548 1663 550
3 247 626 246
3 641 743 640
3 471 1404 488
3 434 1557 570
3 1034 1185 1181
3 1313 1315 1314
3 565 566 563
3 960 1483 1482
3 882 1550 634
3 1101 1103 1102
3 330 1590 328
3 170 1492 145
3 470 1357 464
3 1148 1622 887
3 442 451 437
3 788 1710 786
3 965 1631 1484
3 1432 1434 200
3 463 1608 455
3 675 1682 1476
3 492 499 498
3 1085 1571 836
3 819 821 820
3 666 667 527
3 434 1575 1557
3 815 1236 893
3 413 1474 928
3 573 574 572
3 250 510 251
3 336 1415 598
3 266 269 268
3 1077 1629 844
3 773 774 772
3 1297 1298 766
3 937 938 661
3 599 703 674
3 712 714 713
3 924 1551 276
3 1034 1181 1139
3 725 1595 728
3 917 918 916
3 957 1006 791
3 265 267 264
3 1513 1685 983
3 392 394 390
3 868 1602 754
3 1105 1709 1569
3 274 275 273
3 671 1604 1396
3 825 826 643
3 909 1254 1253
3 650 807 806
3 659 1622 733
3 944 946 500
3 819 820 731
3 687 1409 1313
3 379 396 380
3 693 875 874
3 545 1374 542
3 914 1036 827
3 502 643 503
3 706 708 609
3 781 1718 1705
3 532 1674 925
3 278 279 276
3 1001 1266 1265
3 340 341 324
3 557 649 543
3 211 1495 30
3 31 1497 211
3 214 1498 34
3 35 1563 214
3 180 1499 114
3 1245 1246 963
3 428 1365 350
3 368 370 369
3 827 1552 825
3 890 1138 1035
3 410 412 411
3 455 476 453
3 876 1025 1024
3 229 230 228
3 690 1603 881
3 457 478 458
3 695 796 694
3 637 716 695
3 590 592 591
3 832 1377 691
3 346 1759 1696
3 630 1603 690
3 1256 1257 855
3 887 1622 738
3 313 314 312
3 917 919 918
3 851 1700 829
3 1545 1645 609
3 646 1652 1625
3 799 1637 730
3 504 661 487
3 1065 1658 934
3 1533 1677 744
3 1348 1357 470
3 556 652 600
3 1406 1671 1572
3 712 713 700
3 232 678 230
3 1054 1237 828
3 1495 1496 171
3 570 573 572
3 226 227 225
3 257 258 255
3 1542 1560 64
3 528 529 526
3 885 1552 1126
3 408 410 409
3 949 1661 1519
3 271 273 272
3 290 294 291
3 990 1362 789
3 851 1673 1513
3 493 1293 1292
3 1362 1795 1775
3 687 1701 1409
3 1318 1577 394
3 616 982 277
3 275 278 276
3 581 949 579
3 985 1094 1093
3 582 673 672
3 482 706 609
3 1253 1270 1058
3 1170 1207 1035
3 856 990 789
3 710 880 879
3 1109 1320 915
3 748 901 749
3 305 306 304
3 380 381 345
3 1021 1023 1022
3 578 660 659
3 907 908 747
3 38 1382 37
3 1046 1049 1048
3 594 710 625
3 282 286 285
3 488 504 487
3 647 1466 735
3 340 1469 1367
3 257 260 259
3 1298 1470 766
3 890 891 816
3 980 1459 351
3 1725 1761 1339
3 1483 1607 677
3 546 548 547
3 392 1516 394
3 845 1073 460
3 1588 1719 1157
3 265 1601 267
3 546 1698 656
3 512 1570 510
3 1476 1682 1085
3 1671 1679 1456
3 388 621 386
3 709 1549 258
3 442 1634 1479
3 236 1383 238
3 445 845 460
3 303 304 296
3 905 1059 830
3 1389 1584 1404
3 771 856 789
3 696 914 827
3 492 498 491
3 725 728 727
3 106 1699 105
3 255 1549 254
3 421 1478 418
3 502 503 486
3 1579 1646 704
3 714 745 713
3 991 993 990
3 1483 1527 1482
3 837 1679 629
3 385 1632 1269
3 842 1310 681
3 449 623 459
3 603 1312 628
3 1056 1291 1290
3 605 1570 512
3 501 636 586
3 665 683 682
3 548 549 547
3 807 808 806
3 1072 1384 899
3 1512 1513 983
3 811 812 810
3 607 1583 606
3 533 534 532
3 376 378 377
3 698 699 645
3 436 1389 450
3 1062 1282 1281
3 256 1666 257
3 271 274 273
3 1098 1718 1099
3 675 1725 549
3 418 1478 417
3 1121 1122 1050
3 405 1530 1529
3 865 1386 714
3 245 248 247
3 580 767 622
3 876 1026 1025
3 856 991 990
3 780 1115 781
3 395 432 383
3 653 804 680
3 591 602 589
3 321 340 324
3 419 420 418
3 416 417 414
3 450 471 470
3 541 557 543
3 63 161 62
3 102 162 101
3 104 200 103
3 120 221 119
3 118 190 117
3 107 169 106
3 146 170 145
3 68 168 67
3 109 203 108
3 31 211 30
3 70 198 69
3 72 178 71
3 35 214 34
3 113 204 112
3 115 180 114
3 101 1437 100
3 97 165 96
3 95 205 94
3 92 174 91
3 100 201 99
3 175 1502 52
3 12 219 11
3 90 206 89
3 88 186 87
3 217 1506 50
3 85 193 84
3 124 192 123
3 791 1485 726
3 436 1390 1389
3 654 655 567
3 1041 1042 824
3 373 374 372
3 445 460 446
3 410 1474 413
3 932 1373 1344
3 576 619 618
3 1279 1666 1616
3 914 1299 1067
3 567 1421 476
3 1002 1110 1003
3 256 257 255
3 901 902 749
3 822 1037 900
3 687 1313 683
3 644 697 645
3 590 591 589
3 867 1117 866
3 541 1371 557
3 1087 1706 1697
3 364 367 366
3 615 855 854
3 771 789 770
3 823 1039 1038
3 703 844 835
3 890 1035 891
3 303 343 305
3 520 670 522
3 933 974 849
3 739 867 866
3 876 1024 874
3 1045 1046 886
3 478 515 479
3 713 1624 700
3 268 1601 265
3 1075 1305 1073
3 845 1078 1075
3 227 229 228
3 717 1627 1578
3 876 1428 1026
3 480 1778 1707
3 437 1554 432
3 457 458 443
3 1055 1238 1054
3 262 263 261
3 962 1245 963
3 404 406 405
3 343 1334 305
3 576 639 619
3 739 866 865
3 637 695 694
3 738 1622 659
3 960 1310 842
3 1460 1722 967
3 863 1097 864
3 1127 1163 1118
3 240 1519 241
3 499 1518 641
3 587 1407 369
3 839 1613 840
3 241 243 242
3 719 720 663
3 867 1119 1118
3 379 380 345
3 525 526 523
3 998 1793 1789
3 966 1256 855
3 1338 1339 1337
3 726 1485 723
3 332 493 300
3 724 1678 1596
3 434 569 397
3 829 1055 1054
3 241 1519 244
3 248 249 247
3 1327 1329 1328
3 412 1525 597
3 1535 1724 1695
3 1251 1450 1249
3 410 413 412
3 364 366 365
3 646 1625 1427
3 282 285 283
3 430 677 428
3 1056 1290 901
3 442 465 451
3 495 1573 466
3 427 443 426
3 241 242 239
3 231 233 232
3 1439 1440 1438
3 944 947 946
3 616 1717 982
3 634 1550 795
3 847 1477 1096
3 853 1372 1088
3 962 963 961
3 1315 1316 1314
3 253 254 252
3 918 1281 916
3 461 1606 481
3 944 1625 947
3 785 801 788
3 1247 1396 963
3 427 449 443
3 690 794 691
3 730 1637 818
3 286 290 287
3 703 835 674
3 995 1108 957
3 573 1557 850
3 499 640 498
3 309 311 310
3 479 1660 458
3 956 1655 269
3 668 746 669
3 987 1104 988
3 379 438 396
3 458 1458 443
3 693 874 872
3 1390 1584 1389
3 962 1264 1245
3 290 291 287
3 818 1637 1327
3 449 457 443
3 280 282 281
3 770 1788 768
3 1075 1342 1305
3 1529 1575 400
3 1070 1707 1303
3 325 1364 327
3 904 1240 1162
3 477 1608 612
3 422 444 427
3 471 487 470
3 368 369 366
3 396 425 380
3 539 973 537
3 253 255 254
3 533 535 534
3 226 1368 227
3 698 700 699
3 550 551 549
3 695 798 796
3 1530 1531 1529
3 820 1319 731
3 369 1407 366
3 923 1421 567
3 781 1705 779
3 912 1268 1065
3 258 1549 255
3 1305 1306 1073
3 274 277 275
3 404 407 406
3 826 1553 643
3 1046 1591 1049
3 1026 1027 1025
3 294 301 297
3 1300 1613 839
3 1052 1243 1051
3 388 1577 621
3 325 1520 1364
3 412 597 411
3 891 1080 816
3 1038 1040 884
3 1032 1124 1033
3 962 1605 1264
3 442 1479 465
3 984 1668 618
3 467 779 778
3 579 1519 240
3 811 813 812
3 769 770 768
3 576 618 571
3 959 1640 1540
3 394 1577 390
3 603 604 602
3 1530 1646 1579
3 582 672 515
3 719 721 720
3 756 1602 792
3 976 1627 978
3 1431 1699 1433
3 266 956 269
3 501 637 636
3 730 731 729
3 747 1512 983
3 660 738 659
3 578 846 660
3 355 356 354
3 360 920 359
3 664 665 529
3 897 1711 802
3 854 1413 375
3 309 334 311
3 1431 1433 1432
3 978 1132 1044
3 593 595 594
3 767 769 768
3 1161 1621 1538
3 253 256 255
3 104 1431 200
3 795 1116 917
3 422 427 426
3 813 815 812
3 707 987 848
3 550 552 551
3 493 1292 300
3 240 241 239
3 444 1475 427
3 823 1594 1039
3 970 1680 1630
3 499 641 640
3 747 983 669
3 817 1051 655
3 908 1670 1512
3 1039 1141 1038
3 1300 1615 1613
3 878 1603 630
3 593 594 592
3 1479 1691 1089
3 504 1635 937
3 253 1366 256
3 399 400 398
3 896 1287 736
3 967 1393 769
3 458 1660 1458
3 233 235 234
3 1032 1033 1010
3 659 733 577
3 482 609 403
3 667 1538 717
3 248 250 249
3 718 719 663
3 387 494 389
3 465 1479 492
3 1060 1624 830
3 160 1489 1488
3 776 777 513
3 1252 1352 1251
3 266 268 265
3 982 1687 1654
3 975 1398 974
3 546 656 548
3 623 915 459
3 433 1647 383
3 900 1032 1010
3 708 1545 609
3 197 1542 65
3 1453 1460 967
3 670 1609 522
3 689 707 688
3 626 627 246
3 60 1504 59
3 236 238 237
3 667 717 527
3 1316 1322 1321
3 1064 1289 1106
3 673 834 833
3 697 698 645
3 162 1437 101
3 162 1438 1437
3 814 828 813
3 825 1552 885
3 1133 1627 1621
3 739 1555 867
3 371 588 587
3 748 906 901
3 390 1577 388
3 685 689 688
3 485 1395 502
3 1003 1319 820
3 1478 1744 1410
3 975 1399 1398
3 550 1663 648
3 376 382 378
3 909 1308 1254
3 570 571 569
3 205 1446 94
3 656 1663 548
3 449 459 457
3 976 978 977
3 665 684 683
3 241 244 243
3 767 1453 967
3 802 1711 1689
3 730 818 731
3 1083 1647 1619
3 1557 1575 1531
3 237 1623 235
3 780 781 779
3 936 1570 605
3 419 422 420
3 1440 1441 1438
3 590 593 592
3 815 893 892
3 1014 1017 869
3 777 1600 513
3 266 1643 956
3 279 924 276
3 743 1071 899
3 646 1427 491
3 1519 1661 244
3 783 1484 1083
3 465 492 491
3 1530 1532 1531
3 960 1482 1310
3 1246 1247 963
3 823 1038 884
3 317 1662 319
3 1240 1241 1162
3 235 1623 333
3 704 1646 409
3 606 1583 624
3 396 435 425
3 229 1620 231
3 342 1662 317
3 516 1604 671
3 906 1056 901
3 978 1044 977
3 879 1014 869
3 115 1500 180
3 516 517 479
3 422 426 420
3 1489 1523 1488
3 809 810 808
3 518 519 517
3 624 858 701
3 1596 1599 1598
3 435 441 425
3 1629 1644 1268
3 685 688 687
3 686 1664 280
3 231 1656 233
3 847 1584 1477
3 711 1555 712
3 1089 1703 1518
3 602 1405 589
3 626 1114 627
3 524 527 525
3 1419 1617 469
3 528 1578 976
3 578 659 577
3 280 1664 282
3 1432 1435 1434
3 467 778 462
3 864 887 738
3 1040 1095 884
3 1257 1703 855
3 617 1561 1079
3 279 1452 924
3 409 1646 406
3 617 1079 1064
3 219 1508 11
3 1248 1249 1247
3 1579 1580 1532
3 1454 1455 1266
3 282 1664 286
3 767 967 769
3 1248 1250 1249
3 525 528 526
3 518 520 519
3 1734 1739 1612
3 274 1655 601
3 637 1568 716
3 233 1656 236
3 1612 1739 1665
3 1160 1161 903
3 673 833 672
3 719 1678 721
3 1250 1252 1251
3 404 405 402
3 732 1678 719
3 933 975 974
3 524 525 523
3 618 1668 571
3 401 482 403
3 1366 1616 256
3 1630 1680 1576
3 714 1386 745
3 685 1594 689
3 1641 1698 544
3 671 1592 518
3 420 421 418
3 979 1618 981
3 206 1507 89
3 535 1684 536
3 654 817 655
3 391 392 390
3 649 1641 543
3 601 1655 1561
3 615 966 855
3 1238 1589 1054
3 482 861 706
3 263 264 261
3 624 701 608
3 1001 1618 1454
3 514 607 606
3 413 414 412
3 604 1679 945
3 904 1162 1160
3 807 968 809
3 1316 1321 1314
3 1368 1534 1370
3 405 1529 402
3 260 838 262
3 521 782 519
3 286 969 290
3 313 315 314
3 1104 1105 988
3 623 1004 915
3 443 1458 426
3 1059 1060 830
3 1409 1731 1410
3 1375 1565 1371
3 861 1574 1091
3 580 581 579
3 367 368 366
3 500 1568 501
3 535 536 534
3 467 780 779
3 1526 1569 597
3 864 1030 887
3 601 616 277
3 789 857 770
3 956 1643 1642
3 689 715 707
3 1135 1719 1472
3 405 1646 1530
3 665 682 529
3 764 1429 316
3 978 1133 1132
3 286 1664 969
3 1732 1738 846
3 398 434 397
3 393 399 398
3 606 608 605
3 538 539 537
3 449 1475 623
3 860 1063 701
3 867 1118 1117
3 1252 1402 1352
3 1090 1590 1459
3 1803 1811 1304
3 536 1684 540
3 955 1007 954
3 814 829 828
3 382 383 378
3 568 1013 709
3 200 1491 103
3 624 859 858
3 1440 1442 1441
3 998 1789 935
3 769 771 770
3 1530 1579 1532
3 798 1588 1029
3 982 1654 277
3 902 903 749
3 671 1638 1592
3 333 1623 787
3 511 1683 776
3 617 986 616
3 232 1487 678
3 805 1361 890
3 802 1727 788
3 801 1422 964
3 608 936 605
3 1385 1677 1533
3 838 1278 852
3 1553 1559 942
3 547 1725 705
3 514 606 605
3 263 265 264
3 413 415 414
3 904 1160 903
3 838 852 262
3 263 266 265
3 840 955 954
3 580 622 581
3 970 1720 1680
3 227 484 229
3 1278 1467 852
3 1007 1009 954
3 528 976 664
3 382 395 383
3 568 1309 1013
3 823 884 715
3 624 1583 859
3 858 860 701
3 840 1613 955
3 912 1629 1268
3 415 416 414
3 1083 1704 1647
3 622 793 581
3 269 1655 271
3 928 1353 930
3 368 1537 1536
3 522 1609 524
3 522 524 523
3 410 411 409
3 728 729 727
3 1090 1459 980
3 533 668 535
3 900 1010 877
3 459 1547 457
3 1030 1147 887
3 771 1393 927
3 1053 1154 1052
3 406 1646 405
3 728 799 730
3 769 1393 771
3 1146 1711 897
3 416 1697 419
3 522 523 521
3 1068 1558 1358
3 735 1466 971
3 686 1665 1664
3 250 1683 511
3 1044 1136 1107
3 221 1379 119
3 822 900 877
3 677 1365 428
3 1095 1639 884
3 451 1617 437
3 238 431 240
3 987 988 848
3 771 927 856
3 859 998 935
3 10 1508 185
3 516 671 518
3 817 1053 1052
3 262 1643 263
3 536 538 537
3 689 1594 823
3 700 1624 699
3 617 1064 986
3 1042 1451 824
3 710 879 869
3 1086 1752 1750
3 1147 1149 1148
3 250 511 510
3 283 284 281
3 1147 1148 887
3 520 522 521
3 884 1639 715
3 684 685 683
3 575 577 574
3 861 1091 985
3 514 605 512
3 1044 1107 977
3 685 687 683
3 435 447 441
3 1298 1471 1470
3 431 580 579
3 838 1279 1278
3 427 1475 449
3 238 239 237
3 863 864 738
3 606 624 608
3 478 582 515
3 514 1600 607
3 845 1075 1073
3 707 848 688
3 822 877 821
3 116 1500 115
3 1451 1652 646
3 1308 1345 1254
3 401 1574 482
3 724 1596 1595
3 1287 1714 1288
3 1531 1575 1529
3 1026 1428 1267
3 1525 1526 597
3 905 1244 1059
3 859 935 858
3 274 601 277
3 601 617 616
3 988 989 848
3 1425 1622 1148
3 1150 1426 1425
3 1654 1687 686
3 370 1536 373
3 814 851 829
3 543 1641 544
3 1059 1716 1060
3 393 397 392
3 660 863 738
3 238 240 239
3 893 1153 1151
3 807 809 808
3 197 1724 1542
3 413 928 415
3 931 1087 929
3 973 1728 1359
3 408 409 406
3 976 977 664
3 718 732 719
3 520 521 519
3 978 1627 1133
3 1151 1152 892
3 1691 1703 1089
3 816 1641 649
3 573 850 575
3 893 1151 892
3 536 540 538
3 1410 1744 1315
3 329 1415 336
3 852 1643 262
3 393 398 397
3 1623 1690 1100
3 570 572 571
3 1042 1652 1451
3 169 1699 106
3 1467 1642 852
3 407 408 406
3 1124 1125 1033
3 826 1559 1553
3 11 1508 10
3 516 518 517
3 243 1676 242
3 712 1555 739
3 64 1560 63
3 1613 1615 1614
3 817 1052 1051
3 1613 1614 955
3 921 1585 1520
3 525 1578 528
3 1450 1638 1249
3 513 1600 514
3 536 537 534
3 689 823 715
3 629 1679 604
3 861 862 706
3 1149 1166 1150
3 710 869 625
3 1372 1423 1088
3 717 1578 527
3 263 1643 266
3 1620 1722 1460
3 1596 1598 1597
3 1633 1667 1321
3 947 1625 1084
3 981 1618 1001
3 1620 1656 231
3 1770 1771 438
3 573 575 574
3 407 585 408
3 958 1640 959
3 969 1739 1632
3 1369 1534 1368
3 1255 1716 1059
3 395 1634 442
3 544 1698 546
3 233 236 235
3 383 1647 378
3 511 776 513
3 1420 1695 197
3 1004 1109 915
3 424 1424 439
3 1314 1667 682
3 1733 1740 421
3 953 1600 777
3 419 1706 422
3 829 1700 1055
3 754 1602 756
3 1246 1248 1247
3 278 1654 686
3 484 1722 1620
3 1321 1667 1314
3 494 1712 389
3 575 578 577
3 838 1666 1279
3 902 904 903
3 367 1537 368
3 1311 1659 356
3 833 962 961
3 1442 1443 1441
3 724 1595 725
3 1516 1708 394
3 833 1605 962
3 226 1369 1368
3 1064 1106 986
3 997 1645 1545
3 682 1667 529
3 257 1666 260
3 1071 1072 899
3 328 1590 456
3 861 985 862
3 968 1673 1567
3 1642 1643 852
3 1374 1728 973
3 105 1431 104
3 654 1714 817
3 513 514 512
3 271 1655 274
3 783 1649 1484
3 578 1675 846
3 484 1620 229
3 721 1678 724
3 63 1560 161
3 971 1689 972
3 961 1604 672
3 1535 1695 991
3 1611 1687 982
3 601 1561 617
3 411 704 409
3 1149 1150 1148
3 640 1451 498
3 1080 1641 816
3 817 1714 1053
3 1458 1733 426
3 668 669 535
3 1595 1597 799
3 482 1574 861
3 1109 1798 1792
3 358 1659 361
3 572 576 571
3 1664 1665 969
3 1140 1669 1042
3 621 1564 386
3 1364 1585 1540
3 833 961 672
3 236 237 235
3 983 1685 1684
3 776 1683 1082
3 684 1594 685
3 260 1666 838
3 569 1668 1516
3 1482 1527 473
3 934 1658 1086
3 575 1675 578
3 282 283 281
3 850 1675 575
3 973 1674 537
3 778 1619 462
3 855 1703 854
3 985 1093 862
3 196 1504 60
3 1454 1457 1455
3 1150 1425 1148
3 1731 1751 1410
3 511 512 510
3 1835 1837 919
3 1250 1251 1249
3 1108 1696 957
3 1244 1255 1059
3 527 1578 525
3 814 1567 851
3 494 1730 1712
3 372 1626 1423
3 431 579 240
3 391 393 392
3 1539 1757 299
3 1094 1734 1612
3 469 1617 451
3 834 1605 833
3 1080 1698 1641
3 374 1626 372
3 248 1683 250
3 930 931 929
3 1088 1631 965
3 928 930 929
3 1626 1631 1088
3 501 1568 637
3 187 1848 1843
3 1042 1669 1652
3 846 1738 660
3 753 1558 1068
3 1701 1731 1409
3 928 929 415
3 716 1719 1588
3 728 730 729
3 1018 1777 1276
3 707 1742 987
3 511 513 512
3 1472 1719 716
3 751 1558 753
3 1592 1638 1450
3 571 1668 569
3 1574 1681 1091
3 1108 1770 1764
3 1122 1677 1050
3 422 1706 444
3 1049 1591 1123
3 277 1654 275
3 824 1451 640
3 1689 1711 972
3 957 1696 1006
3 534 1674 532
3 557 1565 650
3 275 1654 278
3 664 1694 665
3 1581 1745 908
3 854 1691 1413
3 704 1755 1579
3 706 1753 708
3 1085 1682 1571
3 168 1743 1420
3 242 1690 239
3 1087 1697 929
3 775 1422 785
3 356 1659 358
3 1594 1741 1039
3 1609 1726 1403
3 779 1705 783
3 1658 1752 1086
3 670 1726 1609
3 1083 1619 778
3 1324 1733 1458
3 239 1690 237
3 1135 1736 1719
3 1580 1755 1732
3 415 1697 416
3 1477 1710 1096
3 1526 1731 989
3 1476 1761 675
3 237 1690 1623
3 1369 1724 1534
3 686 1687 1665
3 1534 1724 1535
3 665 1694 684
3 1320 1702 915
3 716 1588 695
3 1542 1724 1369
3 669 1684 535
3 1737 1742 1097
3 1526 1751 1731
3 1269 1734 494
3 989 1701 848
3 603 1672 1312
3 236 1656 1383
3 929 1697 415
3 1050 1677 1385
3 695 1588 798
3 854 1703 1691
3 1717 1735 1093
3 1107 1694 977
3 1058 1581 907
3 549 1725 547
3 935 1789 1787
3 1450 1726 670
3 1003 1693 1480
3 1520 1585 1364
3 1465 1689 971
3 1684 1685 540
3 1757 1759 346
3 537 1674 534
3 306 1748 304
3 1322 1740 1324
3 1596 1597 1595
3 1567 1673 851
3 1370 1722 484
3 368 1536 370
3 1014 1808 1017
3 1401 1757 1539
3 688 1701 687
3 1108 1764 1696
3 896 1556 1287
3 480 1766 1748
3 592 1672 591
3 987 1737 1104
3 813 1610 815
3 1381 1781 1756
3 1580 1732 846
3 382 1634 395
3 1753 1758 708
3 983 1684 669
3 560 1692 562
3 977 1694 664
3 1423 1626 1088
3 1712 1730 1091
3 985 1730 1094
3 1639 1742 715
3 684 1741 1594
3 1670 1700 1512
3 986 1717 616
3 1093 1735 862
3 1055 1700 1670
3 1518 1703 1257
3 1104 1732 1105
3 1317 1721 1296
3 1096 1727 1465
3 1092 1607 1483
3 1390 1723 1584
3 1680 1720 1424
3 441 1650 425
3 907 1581 908
3 459 1702 1547
3 1237 1610 828
3 915 1702 459
3 1097 1742 1639
3 1104 1738 1732
3 1429 1810 384
3 1006 1759 1400
3 1477 1723 994
3 950 1630 1576
3 562 1692 583
3 540 1685 1375
3 848 1701 688
3 1009 1747 954
3 1269 1739 1734
3 1810 1811 384
3 785 1422 801
3 1694 1741 684
3 1584 1723 1477
3 1649 1705 1098
3 1709 1755 704
3 591 1672 603
3 346 1764 338
3 1017 1713 869
3 1100 1749 1101
3 1013 1715 709
3 869 1713 625
3 1105 1755 1709
3 426 1733 420
3 378 1704 377
3 69 1756 68
3 1690 1749 1100
3 1475 1800 1780
3 1296 1766 1069
3 1010 1805 1804
3 1157 1736 1165
3 1681 1712 1091
3 1647 1704 378
3 242 1749 1690
3 1719 1736 1157
3 991 1743 993
3 331 1757 346
3 1525 1751 1526
3 1139 1556 896
3 989 1731 1701
3 863 1737 1097
3 310 1778 308
3 1091 1730 985
3 420 1733 421
3 1110 1790 1779
3 705 1728 1374
3 379 1770 438
3 908 1745 1670
3 1730 1734 1094
3 1371 1565 557
3 919 1837 1061
3 1307 1785 1265
3 1242 1785 1307
3 311 1754 313
3 1790 1791 463
3 986 1735 1717
3 1316 1744 1740
3 1095 1729 1639
3 1110 1779 1693
3 1737 1738 1104
3 1058 1763 1581
3 1741 1760 1039
3 1799 1800 444
3 1070 1766 1707
3 1110 1693 1003
3 1670 1745 1239
3 1288 1714 654
3 828 1610 813
3 910 1772 905
3 1750 1752 1336
3 447 1790 463
3 454 1650 441
3 1316 1740 1322
3 993 1795 990
3 1086 1750 1476
3 304 1748 1721
3 1402 1765 1056
3 1101 1769 1103
3 1107 1760 1741
3 715 1742 707
3 1696 1764 346
3 1695 1743 991
3 1809 1810 1429
3 1106 1735 986
3 1239 1745 1651
3 783 1705 1649
3 1401 1759 1757
3 1015 1815 1014
3 1707 1766 480
3 743 1776 1071
3 1337 1750 1336
3 955 1762 1007
3 1315 1744 1316
3 1276 1777 1090
3 660 1738 863
3 480 1748 306
3 1632 1739 1269
3 764 1809 1429
3 1136 1760 1107
3 673 1775 834
3 1010 1804 877
3 1480 1771 995
3 1715 1807 1017
3 1108 1771 1770
3 494 1734 1730
3 788 1727 1710
3 1014 1815 1808
3 1424 1720 439
3 1304 1811 1302
3 834 1746 1605
3 1676 1749 242
3 299 1757 331
3 1004 1780 1762
3 1107 1741 1694
3 1420 1743 1695
3 1009 1774 1747
3 768 1792 622
3 881 1819 1813
3 859 1797 998
3 1777 1802 456
3 1024 1841 1839
3 871 1773 762
3 863 1738 1737
3 1016 1813 1309
3 1579 1755 1580
3 999 1782 1276
3 857 1786 1320
3 862 1753 706
3 334 1754 311
3 1400 1759 1401
3 1750 1761 1476
3 312 1803 310
3 1337 1761 1750
3 1707 1778 1304
3 68 1756 168
3 1758 1787 708
3 1749 1769 1101
3 1339 1761 1337
3 1039 1760 1141
3 1769 1783 1103
3 1106 1758 1753
3 1515 1758 1289
3 1706 1799 444
3 1015 1822 1815
3 1756 1781 168
3 1069 1766 1070
3 881 1821 794
3 996 1786 1775
3 1735 1753 862
3 1806 1822 1015
3 1289 1758 1106
3 338 1764 344
3 953 1794 1600
3 1710 1727 1096
3 1693 1779 438
3 1056 1765 1291
3 1106 1753 1735
3 1676 1769 1749
3 1257 1784 1518
3 1721 1748 1296
3 1449 1812 764
3 1004 1798 1109
3 1590 1777 456
3 1515 1787 1758
3 1270 1763 1058
3 1792 1798 793
3 1614 1762 955
3 168 1781 1743
3 995 1771 1108
3 1764 1770 344
3 1778 1803 1304
3 438 1779 396
3 444 1800 1475
3 1111 1796 1794
3 1025 1846 1841
3 1743 1781 993
3 1033 1805 1010
3 1005 1796 1111
3 1475 1780 623
3 344 1770 379
3 1518 1784 641
3 877 1801 821
3 626 1806 1114
3 1780 1800 1007
3 1071 1767 1072
3 1702 1786 996
3 1017 1808 1715
3 996 1775 673
3 1005 1797 1796
3 764 1812 1809
3 1746 1795 993
3 905 1772 1244
3 1320 1786 1702
3 793 1798 1614
3 1102 1827 1825
3 880 1824 1814
3 1025 1841 1024
3 931 1774 1087
3 1027 1846 1025
3 1762 1798 1004
3 1788 1792 768
3 1090 1777 1590
3 641 1776 743
3 1791 1801 1628
3 1265 1785 1000
3 1713 1807 1312
3 990 1795 1362
3 1028 1816 992
3 1018 1802 1777
3 1614 1798 1762
3 1779 1790 435
3 998 1797 1768
3 1789 1793 997
3 463 1791 1628
3 1517 1820 1511
3 435 1790 447
3 1109 1788 1320
3 762 1773 763
3 1012 1802 1018
3 1009 1799 1774
3 866 1823 865
3 641 1784 1776
3 708 1787 1545
3 1762 1780 1007
3 164 1840 1832
3 252 1822 1543
3 1715 1808 709
3 1009 1800 1799
3 1110 1791 1790
3 834 1795 1746
3 1545 1789 997
3 396 1779 435
3 879 1814 1015
3 1000 1785 1782
3 1012 1812 1802
3 1027 1847 1846
3 1583 1797 859
3 1002 1791 1110
3 622 1792 793
3 1600 1794 607
3 1794 1796 607
3 1000 1782 999
3 877 1804 1801
3 607 1796 1583
3 1768 1797 1005
3 1787 1789 1545
3 1071 1823 1767
3 1796 1797 1583
3 384 1811 1803
3 1007 1800 1009
3 1002 1801 1791
3 1261 1847 1027
3 1843 1848 1263
3 1767 1823 866
3 1087 1799 1706
3 1774 1799 1087
3 456 1802 1448
3 1830 1831 1116
3 1109 1792 1788
3 1814 1824 1114
3 1102 1828 883
3 1312 1807 878
3 1628 1804 1008
3 1804 1805 1008
3 1543 1806 626
3 1302 1811 1019
3 1019 1811 1810
3 821 1801 1002
3 880 1814 879
3 384 1803 312
3 1019 1810 1011
3 1802 1812 1448
3 992 1816 1263
3 1448 1812 1449
3 1011 1809 1012
3 1011 1810 1809
3 1008 1805 642
3 781 1825 1718
3 1807 1818 878
3 1715 1818 1807
3 1813 1821 881
3 1801 1804 1628
3 218 1834 1258
3 709 1808 1549
3 878 1818 1603
3 794 1821 911
3 1817 1820 1363
3 1818 1819 1603
3 1806 1814 1114
3 911 1817 1363
3 1549 1815 254
3 1603 1819 881
3 1112 1813 1016
3 1015 1814 1806
3 1809 1812 1012
3 1309 1819 1013
3 1718 1827 1099
3 1113 1817 1112
3 1808 1815 1549
3 1013 1819 1818
3 1113 1820 1817
3 1360 1824 880
3 1013 1818 1715
3 911 1821 1817
3 1815 1822 254
3 1817 1821 1112
3 1511 1820 1113
3 1099 1827 1826
3 1842 1843 1263
3 254 1822 252
3 865 1823 1387
3 1061 1840 1486
3 1833 1835 919
3 635 1831 922
3 164 1832 57
3 1028 1844 1816
3 1116 1833 917
3 1115 1825 781
3 55 1834 218
3 1022 1835 1522
3 1503 1836 1566
3 872 1838 1020
3 1566 1836 1020
3 1020 1838 1566
3 1825 1828 1102
3 1816 1842 1263
3 1566 1839 175
3 1024 1838 874
3 1112 1821 1813
3 187 1843 48
3 1159 1844 1031
3 883 1828 882
3 1115 1829 1828
3 1826 1827 1103
3 1837 1840 1061
3 46 1842 195
3 195 1845 45
3 1783 1826 1103
3 1103 1827 1102
3 1828 1829 882
3 1397 1829 1115
3 1832 1840 1259
3 1816 1844 195
3 882 1829 1550
3 922 1830 1397
3 1397 1830 1829
3 1829 1830 1550
3 1550 1830 1116
3 195 1842 1816
3 1115 1828 1825
3 1522 1831 635
3 1831 1833 1116
3 57 1832 56
3 917 1833 919
3 1263 1848 1262
3 1832 1834 56
3 56 1834 55
3 1023 1835 1022
3 218 1836 1503
3 1262 1848 1261
3 1023 1837 1835
3 874 1838 872
3 1259 1837 1023
3 1502 1841 217
3 1839 1841 1502
3 1486 1840 164
3 175 1839 1502
3 1841 1846 217
3 48 1843 47
3 1031 1844 1028
3 47 1843 1842
3 47 1842 46
3 45 1845 44
3 217 1846 1506
3 1846 1847 1506
3 1522 1833 1831
3 1506 1847 187
3 1259 1840 1837
3 1261 1848 1847
3 1847 1848 187
3 1218 1849 1215
3 1215 1849 1217
3 808 1850 898
3 1463 1850 810
3 1184 1850 1463
3 810 1850 808
3 639 1927 1444
3 642 1851 1234
3 1125 1851 1033
3 1805 1851 642
3 941 1852 1275
3 939 1852 938
3 1218 1873 1849
3 1033 1851 1805
3 804 1872 1225
3 938 1852 941
3 1508 1877 1206
3 1169 1853 1230
3 1230 1853 212
3 1231 1854 215
3 1171 1854 1231
3 1510 1928 1865
3 1597 1868 1863
3 1137 1939 1891
3 1890 1938 1136
3 1128 1856 1130
3 662 1855 800
3 639 1855 619
3 1221 1889 554
3 171 1902 1163
3 1876 1932 1868
3 1119 1856 1128
3 711 1856 1555
3 698 1857 711
3 185 1859 9
3 8 1859 1509
3 1435 1860 1434
3 1439 1860 1440
3 1597 1863 799
3 1637 1863 1330
3 221 1861 1191
3 1331 1883 203
3 1187 1871 192
3 1219 1889 1221
3 5 1865 4
3 44 1866 43
3 1159 1866 1845
3 1444 1937 639
3 1443 1937 1444
3 619 1855 662
3 1218 1895 1873
3 1863 1868 1331
3 1500 1912 1193
3 1408 1929 1524
3 1129 1886 208
3 1175 1867 213
3 213 1867 147
3 146 1867 170
3 1196 1862 1198
3 1210 1869 1081
3 1698 1869 656
3 1081 1869 1080
3 1232 1862 1196
3 1433 1870 1432
3 1555 1856 1119
3 1165 1901 191
3 1163 1908 27
3 192 1871 123
3 697 1857 698
3 653 1872 804
3 202 1873 143
3 1190 1864 1193
3 1198 1858 1199
3 1408 1874 697
3 1233 1864 1190
3 1426 1875 1425
3 9 1859 8
3 1434 1860 1439
3 1130 1874 1131
3 222 1862 1232
3 176 1899 1332
3 1272 1900 172
3 799 1863 1637
3 1699 1876 1433
3 1134 1878 1135
3 1495 1881 1496
3 203 1883 108
3 107 1883 169
3 1125 1864 1233
3 1464 1894 174
3 179 1893 1497
3 1133 1880 1132
3 170 1884 1493
3 172 1918 1273
3 1510 1865 5
3 1845 1866 44
3 1126 1885 1045
3 1219 1917 1889
3 1274 1888 1120
3 1123 1903 1167
3 208 1886 25
3 24 1886 160
3 1598 1876 1868
3 656 1887 1663
3 193 1913 1164
3 1858 1920 1201
3 1552 1888 1126
3 554 1889 556
3 1132 1890 1044
3 1043 1891 1134
3 1032 1879 1124
3 1500 1892 180
3 1489 1931 1131
3 1384 1893 1041
3 1038 1894 1040
3 141 1895 163
3 1223 1898 165
3 1227 1880 1226
3 95 1898 205
3 165 1898 96
3 1124 1892 1125
3 111 1899 176
3 204 1899 112
3 12 1900 219
3 172 1900 13
3 191 1901 39
3 38 1901 1382
3 19 1903 166
3 1857 1874 1130
3 147 1867 146
3 220 1904 41
3 40 1904 191
3 193 1905 84
3 176 1906 110
3 109 1906 203
3 97 1907 165
3 26 1908 208
3 577 1909 574
3 1598 1868 1597
3 732 1870 1599
3 1669 1910 1137
3 1136 1911 1760
3 190 1912 117
3 116 1912 1500
3 1080 1869 1698
3 1563 1891 214
3 206 1890 1507
3 169 1932 1876
3 1432 1870 1435
3 14 1918 172
3 1211 1919 1213
3 223 1922 1241
3 4 1923 0
3 121 1924 3
3 43 1921 1
3 82 1922 2
3 1 1921 42
3 0 1923 159
3 2 1922 81
3 3 1924 120
3 576 1927 639
3 574 1927 572
3 744 1929 1408
3 1122 1929 1677
3 1072 1881 1384
3 1040 1882 1095
3 160 1931 1489
3 800 1935 718
3 1216 1930 1214
3 85 1913 193
3 190 1897 1192
3 1887 1914 1663
3 1131 1916 1489
3 123 1871 122
3 1163 1902 1118
3 652 1872 653
3 143 1873 142
3 1220 1917 1219
3 1095 1882 1235
3 1379 1897 190
3 1867 1884 170
3 1895 1919 163
3 1425 1875 733
3 1869 1887 656
3 1166 1896 1150
3 1524 1916 1408
3 1127 1908 1163
3 166 1885 1501
3 1489 1916 1524
3 1117 1902 1496
3 1166 1907 98
3 1206 1877 1852
3 1433 1936 1870
3 1852 1877 1275
3 1333 1879 1032
3 209 1915 1167
3 169 1876 1699
3 1226 1880 1133
3 697 1874 1857
3 219 1877 1508
3 1135 1878 1736
3 1382 1878 182
3 1499 1879 204
3 122 1871 1861
3 211 1881 1495
3 205 1882 1446
3 108 1883 107
3 732 1935 1870
3 1873 1895 142
3 1663 1914 648
3 1494 1933 1220
3 1870 1935 1435
3 1426 1896 1445
3 1177 1884 1175
3 1167 1915 1121
3 1274 1918 15
3 1045 1885 1591
3 1150 1896 1426
3 1875 1909 733
3 25 1886 24
3 1198 1928 1858
3 1212 1887 1210
3 1175 1884 1867
3 1120 1888 1552
3 83 1905 1241
3 1273 1918 1274
3 1861 1924 121
3 1493 1933 1494
3 1210 1887 1869
3 556 1889 652
3 1225 1934 1177
3 1440 1926 1442
3 1870 1936 1599
3 1044 1890 1136
3 1137 1891 1043
3 639 1937 1442
3 1122 1915 1523
3 1149 1907 1166
3 1445 1896 201
3 1118 1902 1117
3 1121 1915 1122
3 1860 1926 1440
3 1041 1893 1140
3 1141 1894 1038
3 142 1895 141
3 1227 1913 86
3 1212 1914 1887
3 96 1898 95
3 1442 1926 1855
3 112 1899 111
3 13 1900 12
3 1509 1920 194
3 39 1901 38
3 1496 1902 171
3 20 1903 19
3 1408 1916 1874
3 41 1904 40
3 84 1905 83
3 1241 1905 1162
3 110 1906 109
3 98 1907 97
3 27 1908 26
3 733 1909 577
3 1889 1917 652
3 1876 1936 1433
3 1140 1910 1669
3 1760 1911 1141
3 86 1913 85
3 117 1912 116
3 1886 1931 160
3 1164 1913 1227
3 1442 1937 1443
3 800 1926 1860
3 1125 1892 1864
3 1218 1919 1895
3 1214 1914 1212
3 1523 1915 209
3 194 1920 1858
3 1865 1923 4
3 1866 1921 43
3 1203 1925 1204
3 1910 1939 1137
3 1136 1938 1911
3 15 1918 14
3 1213 1919 1218
3 185 1925 1859
3 42 1921 220
3 81 1922 223
3 159 1923 222
3 120 1924 221
3 1855 1926 800
3 572 1927 576
3 1677 1929 744
3 221 1924 1861
3 1883 1932 169
3 1884 1934 1493
3 1131 1931 1129
3 1221 1930 1216
3 718 1935 732
3 1599 1936 1598
3 214 1939 1498
3 1447 1938 206
3 1859 1925 1203
3 220 1921 1866
3 222 1923 1865
3 1862 1928 1198
3 1598 1936 1876
3 1874 1916 1131
3 652 1917 1872
3 1129 1931 1886
3 1868 1932 1331
3 1331 1932 1883
3 1933 1934 1225
3 1493 1934 1933
3 1177 1934 1884
3 1498 1939 1910
3 1911 1938 1447
