# vtk DataFile Version 3.0
Broken Mesh Solution
ASCII
DATASET UNSTRUCTURED_GRID

POINTS 1930 float
-0.5 -0.5 0.0
0.5 -0.5 0.0
0.5 0.5 0.0
-0.5 0.5 0.0
-0.475609756097561 -0.5 0.0
-0.451219512195122 -0.5 0.0
-0.4268292682926829 -0.5 0.0
-0.4024390243902439 -0.5 0.0
-0.3780487804878049 -0.5 0.0
-0.3536585365853658 -0.5 0.0
-0.3292682926829268 -0.5 0.0
-0.3048780487804878 -0.5 0.0
-0.2804878048780488 -0.5 0.0
-0.2560975609756098 -0.5 0.0
-0.2317073170731707 -0.5 0.0
-0.2073170731707317 -0.5 0.0
-0.1829268292682927 -0.5 0.0
-0.1585365853658536 -0.5 0.0
-0.1341463414634146 -0.5 0.0
-0.1097560975609756 -0.5 0.0
-0.0853658536585366 -0.5 0.0
-0.06097560975609756 -0.5 0.0
-0.03658536585365851 -0.5 0.0
-0.01219512195121952 -0.5 0.0
0.01219512195121952 -0.5 0.0
0.03658536585365857 -0.5 0.0
0.06097560975609762 -0.5 0.0
0.08536585365853655 -0.5 0.0
0.1097560975609756 -0.5 0.0
0.1341463414634146 -0.5 0.0
0.1585365853658537 -0.5 0.0
0.1829268292682927 -0.5 0.0
0.2073170731707317 -0.5 0.0
0.2317073170731707 -0.5 0.0
0.2560975609756098 -0.5 0.0
0.2804878048780488 -0.5 0.0
0.3048780487804879 -0.5 0.0
0.3292682926829268 -0.5 0.0
0.3536585365853658 -0.5 0.0
0.3780487804878049 -0.5 0.0
0.4024390243902439 -0.5 0.0
0.426829268292683 -0.5 0.0
0.4512195121951219 -0.5 0.0
0.475609756097561 -0.5 0.0
0.5 -0.475609756097561 0.0
0.5 -0.451219512195122 0.0
0.5 -0.4268292682926829 0.0
0.5 -0.4024390243902439 0.0
0.5 -0.3780487804878049 0.0
0.5 -0.3536585365853658 0.0
0.5 -0.3292682926829268 0.0
0.5 -0.3048780487804878 0.0
0.5 -0.2804878048780488 0.0
0.5 -0.2560975609756098 0.0
0.5 -0.2317073170731707 0.0
0.5 -0.2073170731707317 0.0
0.5 -0.1829268292682927 0.0
0.5 -0.1585365853658536 0.0
0.5 -0.1341463414634146 0.0
0.5 -0.1097560975609756 0.0
0.5 -0.0853658536585366 0.0
0.5 -0.06097560975609756 0.0
0.5 -0.03658536585365851 0.0
0.5 -0.01219512195121952 0.0
0.5 0.01219512195121952 0.0
0.5 0.03658536585365857 0.0
0.5 0.06097560975609762 0.0
0.5 0.08536585365853655 0.0
0.5 0.1097560975609756 0.0
0.5 0.1341463414634146 0.0
0.5 0.1585365853658537 0.0
0.5 0.1829268292682927 0.0
0.5 0.2073170731707317 0.0
0.5 0.2317073170731707 0.0
0.5 0.2560975609756098 0.0
0.5 0.2804878048780488 0.0
0.5 0.3048780487804879 0.0
0.5 0.3292682926829268 0.0
0.5 0.3536585365853658 0.0
0.5 0.3780487804878049 0.0
0.5 0.4024390243902439 0.0
0.5 0.426829268292683 0.0
0.5 0.4512195121951219 0.0
0.5 0.475609756097561 0.0
0.475609756097561 0.5 0.0
0.451219512195122 0.5 0.0
0.4268292682926829 0.5 0.0
0.4024390243902439 0.5 0.0
0.3780487804878049 0.5 0.0
0.3536585365853658 0.5 0.0
0.3292682926829268 0.5 0.0
0.3048780487804878 0.5 0.0
0.2804878048780488 0.5 0.0
0.2560975609756098 0.5 0.0
0.2317073170731707 0.5 0.0
0.2073170731707317 0.5 0.0
0.1829268292682927 0.5 0.0
0.1585365853658536 0.5 0.0
0.1341463414634146 0.5 0.0
0.1097560975609756 0.5 0.0
0.0853658536585366 0.5 0.0
0.06097560975609756 0.5 0.0
0.03658536585365851 0.5 0.0
0.01219512195121952 0.5 0.0
-0.01219512195121952 0.5 0.0
-0.03658536585365857 0.5 0.0
-0.06097560975609762 0.5 0.0
-0.08536585365853655 0.5 0.0
-0.1097560975609756 0.5 0.0
-0.1341463414634146 0.5 0.0
-0.1585365853658537 0.5 0.0
-0.1829268292682927 0.5 0.0
-0.2073170731707317 0.5 0.0
-0.2317073170731707 0.5 0.0
-0.2560975609756098 0.5 0.0
-0.2804878048780488 0.5 0.0
-0.3048780487804879 0.5 0.0
-0.3292682926829268 0.5 0.0
-0.3536585365853658 0.5 0.0
-0.3780487804878049 0.5 0.0
-0.4024390243902439 0.5 0.0
-0.426829268292683 0.5 0.0
-0.4512195121951219 0.5 0.0
-0.475609756097561 0.5 0.0
-0.5 0.475609756097561 0.0
-0.5 0.451219512195122 0.0
-0.5 0.4268292682926829 0.0
-0.5 0.4024390243902439 0.0
-0.5 0.3780487804878049 0.0
-0.5 0.3536585365853658 0.0
-0.5 0.3292682926829268 0.0
-0.5 0.3048780487804878 0.0
-0.5 0.2804878048780488 0.0
-0.5 0.2560975609756098 0.0
-0.5 0.2317073170731707 0.0
-0.5 0.2073170731707317 0.0
-0.5 0.1829268292682927 0.0
-0.5 0.1585365853658536 0.0
-0.5 0.1341463414634146 0.0
-0.5 0.1097560975609756 0.0
-0.5 0.0853658536585366 0.0
-0.5 0.06097560975609756 0.0
-0.5 0.03658536585365851 0.0
-0.5 0.01219512195121952 0.0
-0.5 -0.01219512195121952 0.0
-0.5 -0.03658536585365857 0.0
-0.5 -0.06097560975609762 0.0
-0.5 -0.08536585365853655 0.0
-0.5 -0.1097560975609756 0.0
-0.5 -0.1341463414634146 0.0
-0.5 -0.1585365853658537 0.0
-0.5 -0.1829268292682927 0.0
-0.5 -0.2073170731707317 0.0
-0.5 -0.2317073170731707 0.0
-0.5 -0.2560975609756098 0.0
-0.5 -0.2804878048780488 0.0
-0.5 -0.3048780487804879 0.0
-0.5 -0.3292682926829268 0.0
-0.5 -0.3536585365853658 0.0
-0.5 -0.3780487804878049 0.0
-0.5 -0.4024390243902439 0.0
-0.5 -0.426829268292683 0.0
-0.5 -0.4512195121951219 0.0
-0.5 -0.475609756097561 0.0
-0.475609756097561 -0.475609756097561 0.0
-0.475609756097561 -0.4512195121951219 0.0
-0.475609756097561 -0.4268292682926829 0.0
-0.475609756097561 -0.4024390243902439 0.0
-0.475609756097561 -0.3780487804878049 0.0
-0.475609756097561 -0.3536585365853658 0.0
-0.475609756097561 -0.3292682926829268 0.0
-0.475609756097561 -0.3048780487804879 0.0
-0.475609756097561 -0.2804878048780488 0.0
-0.475609756097561 -0.2560975609756098 0.0
-0.4756097560975611 -0.2317073170731707 0.0
-0.475609756097561 -0.2073170731707317 0.0
-0.475609756097561 -0.1829268292682927 0.0
-0.4756097560975609 -0.1585365853658536 0.0
-0.4756097560975611 -0.1341463414634146 0.0
-0.475609756097561 -0.1097560975609756 0.0
-0.4756097560975609 -0.08536585365853658 0.0
-0.475609756097561 -0.06097560975609762 0.0
-0.4756097560975611 -0.03658536585365854 0.0
-0.475609756097561 -0.01219512195121952 0.0
-0.475609756097561 0.01219512195121952 0.0
-0.475609756097561 0.03658536585365854 0.0
-0.475609756097561 0.06097560975609756 0.0
-0.475609756097561 0.08536585365853658 0.0
-0.475609756097561 0.1097560975609756 0.0
-0.475609756097561 0.1341463414634146 0.0
-0.475609756097561 0.1585365853658537 0.0
-0.475609756097561 0.1829268292682927 0.0
-0.475609756097561 0.2073170731707317 0.0
-0.475609756097561 0.2317073170731707 0.0
-0.475609756097561 0.2560975609756098 0.0
-0.475609756097561 0.2804878048780488 0.0
-0.475609756097561 0.3048780487804879 0.0
-0.475609756097561 0.3292682926829268 0.0
-0.475609756097561 0.3536585365853658 0.0
-0.475609756097561 0.3780487804878049 0.0
-0.475609756097561 0.4024390243902439 0.0
-0.475609756097561 0.426829268292683 0.0
-0.475609756097561 0.4512195121951219 0.0
-0.475609756097561 0.475609756097561 0.0
-0.451219512195122 -0.475609756097561 0.0
-0.4512195121951219 -0.4512195121951219 0.0
-0.4512195121951219 -0.426829268292683 0.0
-0.4512195121951219 -0.402439024390244 0.0
-0.451219512195122 -0.3780487804878049 0.0
-0.451219512195122 -0.3536585365853658 0.0
-0.4512195121951219 -0.3292682926829268 0.0
-0.451219512195122 -0.3048780487804878 0.0
-0.4512195121951219 -0.2804878048780488 0.0
-0.4512195121951219 -0.2560975609756098 0.0
-0.4512195121951218 -0.2317073170731707 0.0
-0.4512195121951219 -0.2073170731707317 0.0
-0.4512195121951219 -0.1829268292682927 0.0
-0.4512195121951219 -0.1585365853658537 0.0
-0.451219512195122 -0.1341463414634147 0.0
-0.4512195121951219 -0.1097560975609756 0.0
-0.451219512195122 -0.08536585365853658 0.0
-0.4512195121951219 -0.06097560975609762 0.0
-0.4512195121951219 -0.03658536585365857 0.0
-0.4512195121951219 -0.01219512195121952 0.0
-0.4512195121951219 0.01219512195121955 0.0
-0.451219512195122 0.03658536585365849 0.0
-0.4512195121951219 0.06097560975609759 0.0
-0.451219512195122 0.0853658536585366 0.0
-0.4512195121951219 0.1097560975609757 0.0
-0.4512195121951219 0.1341463414634146 0.0
-0.4512195121951219 0.1585365853658536 0.0
-0.4512195121951219 0.1829268292682927 0.0
-0.4512195121951219 0.2073170731707317 0.0
-0.4512195121951219 0.2317073170731707 0.0
-0.4512195121951219 0.2560975609756098 0.0
-0.4512195121951219 0.2804878048780488 0.0
-0.4512195121951219 0.3048780487804877 0.0
-0.4512195121951219 0.3292682926829268 0.0
-0.4512195121951219 0.3536585365853658 0.0
-0.4512195121951219 0.3780487804878049 0.0
-0.4512195121951219 0.402439024390244 0.0
-0.4512195121951219 0.426829268292683 0.0
-0.4512195121951219 0.4512195121951219 0.0
-0.4512195121951219 0.475609756097561 0.0
-0.4268292682926829 -0.475609756097561 0.0
-0.4268292682926829 -0.4512195121951219 0.0
-0.4268292682926828 -0.4268292682926829 0.0
-0.426829268292683 -0.4024390243902439 0.0
-0.426829268292683 -0.3780487804878049 0.0
-0.426829268292683 -0.3536585365853658 0.0
-0.4268292682926828 -0.3292682926829268 0.0
-0.4268292682926828 -0.3048780487804879 0.0
-0.4268292682926829 -0.2804878048780488 0.0
-0.4268292682926829 -0.2560975609756098 0.0
-0.4268292682926829 -0.2317073170731707 0.0
-0.426829268292683 -0.2073170731707316 0.0
-0.4268292682926829 -0.1829268292682928 0.0
-0.426829268292683 -0.1585365853658537 0.0
-0.4268292682926829 -0.1341463414634146 0.0
-0.4268292682926828 -0.1097560975609756 0.0
-0.4268292682926829 -0.08536585365853655 0.0
-0.4268292682926828 -0.06097560975609762 0.0
-0.4268292682926829 -0.03658536585365854 0.0
-0.426829268292683 -0.0121951219512195 0.0
-0.426829268292683 0.0121951219512195 0.0
-0.426829268292683 0.03658536585365854 0.0
-0.4268292682926829 0.06097560975609759 0.0
-0.426829268292683 0.08536585365853658 0.0
-0.4268292682926829 0.1097560975609756 0.0
-0.4268292682926828 0.1341463414634146 0.0
-0.4268292682926829 0.1585365853658536 0.0
-0.4268292682926831 0.1829268292682927 0.0
-0.426829268292683 0.2073170731707317 0.0
-0.4268292682926829 0.2317073170731707 0.0
-0.4268292682926828 0.2560975609756098 0.0
-0.426829268292683 0.2804878048780488 0.0
-0.426829268292683 0.3048780487804879 0.0
-0.426829268292683 0.3292682926829268 0.0
-0.426829268292683 0.3536585365853658 0.0
-0.4268292682926828 0.3780487804878049 0.0
-0.4268292682926829 0.4024390243902439 0.0
-0.426829268292683 0.426829268292683 0.0
-0.426829268292683 0.451219512195122 0.0
-0.426829268292683 0.475609756097561 0.0
-0.4024390243902439 -0.475609756097561 0.0
-0.402439024390244 -0.4512195121951219 0.0
-0.4024390243902438 -0.426829268292683 0.0
-0.4024390243902438 -0.4024390243902439 0.0
-0.4024390243902439 -0.3780487804878049 0.0
-0.4024390243902439 -0.3536585365853658 0.0
-0.402439024390244 -0.3292682926829268 0.0
-0.4024390243902439 -0.3048780487804877 0.0
-0.4024390243902439 -0.2804878048780488 0.0
-0.4024390243902439 -0.2560975609756098 0.0
-0.4024390243902439 -0.2317073170731707 0.0
-0.402439024390244 -0.2073170731707316 0.0
-0.4024390243902439 -0.1829268292682927 0.0
-0.4024390243902438 -0.1585365853658537 0.0
-0.4024390243902439 -0.1341463414634146 0.0
-0.4024390243902439 -0.1097560975609756 0.0
-0.4024390243902439 -0.08536585365853655 0.0
-0.4024390243902439 -0.06097560975609764 0.0
-0.4024390243902439 -0.03658536585365857 0.0
-0.4024390243902439 -0.01219512195121955 0.0
-0.4024390243902439 0.01219512195121955 0.0
-0.4024390243902439 0.03658536585365851 0.0
-0.4024390243902439 0.06097560975609753 0.0
-0.4024390243902439 0.0853658536585366 0.0
-0.4024390243902439 0.1097560975609756 0.0
-0.4024390243902439 0.1341463414634146 0.0
-0.4024390243902439 0.1585365853658537 0.0
-0.4024390243902439 0.1829268292682927 0.0
-0.4024390243902439 0.2073170731707318 0.0
-0.4024390243902439 0.2317073170731707 0.0
-0.4024390243902439 0.2560975609756098 0.0
-0.4024390243902439 0.2804878048780488 0.0
-0.4024390243902439 0.3048780487804879 0.0
-0.4024390243902439 0.3292682926829268 0.0
-0.4024390243902439 0.3536585365853658 0.0
-0.4024390243902439 0.3780487804878049 0.0
-0.4024390243902439 0.4024390243902439 0.0
-0.4024390243902439 0.426829268292683 0.0
-0.4024390243902439 0.4512195121951219 0.0
-0.4024390243902439 0.475609756097561 0.0
-0.3780487804878049 -0.475609756097561 0.0
-0.3780487804878049 -0.4512195121951219 0.0
-0.3780487804878049 -0.4268292682926829 0.0
-0.3780487804878049 -0.4024390243902439 0.0
-0.3780487804878049 -0.3780487804878049 0.0
-0.3780487804878049 -0.3536585365853658 0.0
-0.3780487804878049 -0.3292682926829268 0.0
-0.3780487804878049 -0.3048780487804879 0.0
-0.3780487804878049 -0.2804878048780488 0.0
-0.3780487804878049 -0.2560975609756098 0.0
-0.3780487804878049 -0.2317073170731707 0.0
-0.3780487804878049 -0.2073170731707316 0.0
-0.3780487804878049 -0.1829268292682927 0.0
-0.3780487804878049 -0.1585365853658537 0.0
-0.3780487804878049 -0.1341463414634146 0.0
-0.3780487804878049 -0.1097560975609756 0.0
-0.3780487804878048 -0.08536585365853658 0.0
-0.3780487804878049 -0.06097560975609764 0.0
-0.3780487804878049 -0.03658536585365857 0.0
-0.3780487804878049 -0.01219512195121952 0.0
-0.3780487804878049 0.01219512195121952 0.0
-0.3780487804878049 0.03658536585365851 0.0
-0.3780487804878049 0.06097560975609756 0.0
-0.3780487804878049 0.0853658536585366 0.0
-0.3780487804878049 0.1097560975609756 0.0
-0.3780487804878049 0.1341463414634146 0.0
-0.3780487804878049 0.1585365853658536 0.0
-0.3780487804878049 0.1829268292682927 0.0
-0.3780487804878049 0.2073170731707317 0.0
-0.3780487804878049 0.2317073170731707 0.0
-0.3780487804878049 0.2560975609756098 0.0
-0.3780487804878049 0.2804878048780488 0.0
-0.3780487804878049 0.3048780487804879 0.0
-0.3780487804878049 0.3292682926829268 0.0
-0.3780487804878049 0.3536585365853658 0.0
-0.3780487804878049 0.3780487804878049 0.0
-0.3780487804878049 0.4024390243902439 0.0
-0.3780487804878049 0.426829268292683 0.0
-0.3780487804878049 0.4512195121951219 0.0
-0.3780487804878049 0.475609756097561 0.0
-0.3536585365853658 -0.475609756097561 0.0
-0.3536585365853657 -0.4512195121951219 0.0
-0.3536585365853658 -0.426829268292683 0.0
-0.3536585365853658 -0.4024390243902439 0.0
-0.3536585365853659 -0.3780487804878048 0.0
-0.3536585365853658 -0.3536585365853658 0.0
-0.3536585365853658 -0.3292682926829268 0.0
-0.353658536585366 -0.3048780487804879 0.0
-0.3536585365853658 -0.2804878048780488 0.0
-0.3536585365853658 -0.2560975609756098 0.0
-0.3536585365853658 -0.2317073170731707 0.0
-0.3536585365853658 -0.2073170731707317 0.0
-0.3536585365853658 -0.1829268292682927 0.0
-0.3536585365853658 -0.1585365853658536 0.0
-0.3536585365853658 -0.1341463414634147 0.0
-0.3536585365853658 -0.1097560975609756 0.0
-0.3536585365853658 -0.08536585365853652 0.0
-0.3536585365853658 -0.06097560975609764 0.0
-0.3536585365853658 -0.03658536585365857 0.0
-0.3536585365853658 -0.01219512195121952 0.0
-0.3536585365853658 0.01219512195121952 0.0
-0.3536585365853658 0.03658536585365851 0.0
-0.3536585365853658 0.06097560975609756 0.0
-0.3536585365853658 0.0853658536585366 0.0
-0.3536585365853658 0.1097560975609756 0.0
-0.3536585365853658 0.1341463414634146 0.0
-0.3536585365853658 0.1585365853658537 0.0
-0.3536585365853658 0.1829268292682927 0.0
-0.3536585365853658 0.2073170731707317 0.0
-0.3536585365853658 0.2317073170731707 0.0
-0.3536585365853658 0.2560975609756098 0.0
-0.3536585365853658 0.2804878048780488 0.0
-0.3536585365853658 0.3048780487804879 0.0
-0.3536585365853658 0.3292682926829268 0.0
-0.3536585365853658 0.3536585365853658 0.0
-0.3536585365853658 0.3780487804878049 0.0
-0.3536585365853658 0.4024390243902439 0.0
-0.3536585365853658 0.426829268292683 0.0
-0.3536585365853658 0.4512195121951219 0.0
-0.3536585365853658 0.475609756097561 0.0
-0.3292682926829267 -0.475609756097561 0.0
-0.3292682926829268 -0.4512195121951219 0.0
-0.3292682926829268 -0.4268292682926829 0.0
-0.3292682926829269 -0.4024390243902439 0.0
-0.3292682926829268 -0.3780487804878049 0.0
-0.3292682926829268 -0.3536585365853658 0.0
-0.3292682926829268 -0.3292682926829268 0.0
-0.3292682926829267 -0.3048780487804879 0.0
-0.329268292682927 -0.2804878048780488 0.0
-0.3292682926829268 -0.2560975609756098 0.0
-0.3292682926829268 -0.2317073170731707 0.0
-0.3292682926829268 -0.2073170731707316 0.0
-0.3292682926829268 -0.1829268292682927 0.0
-0.3292682926829268 -0.1585365853658537 0.0
-0.3292682926829268 -0.1341463414634147 0.0
-0.3292682926829268 -0.1097560975609756 0.0
-0.3292682926829268 -0.08536585365853655 0.0
-0.3292682926829268 -0.06097560975609764 0.0
-0.3292682926829269 -0.03658536585365857 0.0
-0.3292682926829268 -0.01219512195121952 0.0
-0.3292682926829268 0.01219512195121952 0.0
-0.3292682926829268 0.03658536585365851 0.0
-0.3292682926829268 0.06097560975609756 0.0
-0.3292682926829268 0.0853658536585366 0.0
-0.3292682926829268 0.1097560975609756 0.0
-0.3292682926829268 0.1341463414634146 0.0
-0.3292682926829268 0.1585365853658537 0.0
-0.3292682926829268 0.1829268292682927 0.0
-0.3292682926829268 0.2073170731707317 0.0
-0.3292682926829268 0.2317073170731707 0.0
-0.3292682926829268 0.2560975609756098 0.0
-0.3292682926829268 0.2804878048780488 0.0
-0.3292682926829268 0.3048780487804879 0.0
-0.3292682926829268 0.3292682926829268 0.0
-0.3292682926829268 0.3536585365853658 0.0
-0.3292682926829268 0.3780487804878049 0.0
-0.3292682926829268 0.4024390243902439 0.0
-0.3292682926829268 0.426829268292683 0.0
-0.3292682926829268 0.4512195121951219 0.0
-0.3292682926829268 0.475609756097561 0.0
-0.3048780487804877 -0.475609756097561 0.0
-0.3048780487804879 -0.4512195121951219 0.0
-0.3048780487804879 -0.4268292682926829 0.0
-0.3048780487804877 -0.4024390243902439 0.0
-0.3048780487804879 -0.3780487804878049 0.0
-0.3048780487804878 -0.3536585365853658 0.0
-0.3048780487804879 -0.3292682926829268 0.0
-0.3048780487804879 -0.3048780487804879 0.0
-0.3048780487804877 -0.2804878048780488 0.0
-0.3048780487804878 -0.2560975609756097 0.0
-0.3048780487804877 -0.2317073170731707 0.0
-0.3048780487804879 -0.2073170731707317 0.0
-0.3048780487804879 -0.1829268292682927 0.0
-0.3048780487804879 -0.1585365853658537 0.0
-0.3048780487804877 -0.1341463414634146 0.0
-0.3048780487804879 -0.1097560975609756 0.0
-0.3048780487804879 -0.08536585365853655 0.0
-0.3048780487804879 -0.06097560975609762 0.0
-0.3048780487804879 -0.03658536585365857 0.0
-0.3048780487804879 -0.01219512195121955 0.0
-0.3048780487804879 0.0121951219512195 0.0
-0.3048780487804879 0.03658536585365849 0.0
-0.3048780487804879 0.06097560975609759 0.0
-0.3048780487804879 0.08536585365853658 0.0
-0.3048780487804879 0.1097560975609756 0.0
-0.3048780487804879 0.1341463414634146 0.0
-0.3048780487804879 0.1585365853658536 0.0
-0.3048780487804879 0.1829268292682927 0.0
-0.3048780487804879 0.2073170731707317 0.0
-0.3048780487804879 0.2317073170731707 0.0
-0.3048780487804879 0.2560975609756097 0.0
-0.3048780487804879 0.2804878048780488 0.0
-0.3048780487804879 0.3048780487804879 0.0
-0.3048780487804879 0.3292682926829268 0.0
-0.3048780487804879 0.3536585365853658 0.0
-0.3048780487804879 0.3780487804878049 0.0
-0.3048780487804879 0.4024390243902439 0.0
-0.3048780487804879 0.426829268292683 0.0
-0.3048780487804879 0.4512195121951219 0.0
-0.3048780487804879 0.475609756097561 0.0
-0.2804878048780488 -0.475609756097561 0.0
-0.2804878048780488 -0.4512195121951219 0.0
-0.2804878048780486 -0.4268292682926829 0.0
-0.2804878048780488 -0.4024390243902439 0.0
-0.2804878048780489 -0.3780487804878049 0.0
-0.2804878048780488 -0.3536585365853658 0.0
-0.2804878048780489 -0.3292682926829268 0.0
-0.2804878048780488 -0.3048780487804879 0.0
-0.2804878048780488 -0.2804878048780488 0.0
-0.2804878048780488 -0.2560975609756098 0.0
-0.2804878048780488 -0.2317073170731707 0.0
-0.2804878048780488 -0.2073170731707317 0.0
-0.2804878048780488 -0.1829268292682927 0.0
-0.2804878048780488 -0.1585365853658536 0.0
-0.2804878048780488 -0.1341463414634146 0.0
-0.2804878048780488 -0.1097560975609756 0.0
-0.2804878048780488 -0.08536585365853655 0.0
-0.2804878048780488 -0.06097560975609762 0.0
-0.2804878048780488 -0.03658536585365857 0.0
-0.2804878048780488 -0.01219512195121952 0.0
-0.2804878048780488 0.01219512195121952 0.0
-0.2804878048780488 0.03658536585365854 0.0
-0.2804878048780488 0.06097560975609756 0.0
-0.2804878048780488 0.0853658536585366 0.0
-0.2804878048780488 0.1097560975609756 0.0
-0.2804878048780488 0.1341463414634146 0.0
-0.2804878048780488 0.1585365853658537 0.0
-0.2804878048780488 0.1829268292682927 0.0
-0.2804878048780488 0.2073170731707317 0.0
-0.2804878048780488 0.2317073170731707 0.0
-0.2804878048780488 0.2560975609756098 0.0
-0.2804878048780488 0.2804878048780488 0.0
-0.2804878048780488 0.3048780487804879 0.0
-0.2804878048780488 0.3292682926829268 0.0
-0.2804878048780488 0.3536585365853658 0.0
-0.2804878048780488 0.3780487804878049 0.0
-0.2804878048780488 0.4024390243902439 0.0
-0.2804878048780488 0.426829268292683 0.0
-0.2804878048780488 0.4512195121951219 0.0
-0.2804878048780488 0.475609756097561 0.0
-0.2560975609756098 -0.475609756097561 0.0
-0.2560975609756098 -0.4512195121951219 0.0
-0.2560975609756098 -0.426829268292683 0.0
-0.2560975609756098 -0.4024390243902439 0.0
-0.2560975609756098 -0.3780487804878049 0.0
-0.2560975609756098 -0.3536585365853658 0.0
-0.2560975609756098 -0.3292682926829268 0.0
-0.2560975609756097 -0.3048780487804879 0.0
-0.2560975609756098 -0.2804878048780488 0.0
-0.2560975609756098 -0.2560975609756098 0.0
-0.2560975609756098 -0.2317073170731707 0.0
-0.2560975609756098 -0.2073170731707316 0.0
-0.2560975609756098 -0.1829268292682927 0.0
-0.2560975609756098 -0.1585365853658537 0.0
-0.2560975609756098 -0.1341463414634146 0.0
-0.2560975609756098 -0.1097560975609756 0.0
-0.2560975609756098 -0.08536585365853655 0.0
-0.2560975609756098 -0.06097560975609762 0.0
-0.2560975609756098 -0.03658536585365854 0.0
-0.2560975609756098 -0.01219512195121952 0.0
-0.2560975609756098 0.01219512195121952 0.0
-0.2560975609756098 0.03658536585365851 0.0
-0.2560975609756098 0.06097560975609756 0.0
-0.2560975609756098 0.0853658536585366 0.0
-0.2560975609756098 0.1097560975609756 0.0
-0.2560975609756098 0.1341463414634146 0.0
-0.2560975609756098 0.1585365853658536 0.0
-0.2560975609756098 0.1829268292682927 0.0
-0.2560975609756098 0.2073170731707317 0.0
-0.2560975609756098 0.2317073170731707 0.0
-0.2560975609756098 0.2560975609756098 0.0
-0.2560975609756098 0.2804878048780488 0.0
-0.2560975609756098 0.3048780487804879 0.0
-0.2560975609756098 0.3292682926829268 0.0
-0.2560975609756098 0.3536585365853658 0.0
-0.2560975609756098 0.3780487804878049 0.0
-0.2560975609756098 0.4024390243902439 0.0
-0.2560975609756098 0.426829268292683 0.0
-0.2560975609756098 0.4512195121951219 0.0
-0.2560975609756098 0.475609756097561 0.0
-0.2317073170731707 -0.475609756097561 0.0
-0.2317073170731707 -0.4512195121951219 0.0
-0.2317073170731707 -0.426829268292683 0.0
-0.2317073170731707 -0.4024390243902439 0.0
-0.2317073170731708 -0.3780487804878049 0.0
-0.2317073170731707 -0.3536585365853658 0.0
-0.2317073170731707 -0.3292682926829268 0.0
-0.2317073170731707 -0.3048780487804879 0.0
-0.2317073170731707 -0.2804878048780488 0.0
-0.2317073170731707 -0.2560975609756098 0.0
-0.2317073170731707 -0.2317073170731707 0.0
-0.2317073170731707 -0.2073170731707316 0.0
-0.2317073170731707 -0.1829268292682927 0.0
-0.2317073170731707 -0.1585365853658537 0.0
-0.2317073170731707 -0.1341463414634147 0.0
-0.2317073170731707 -0.1097560975609756 0.0
-0.2317073170731707 -0.08536585365853655 0.0
-0.2317073170731707 -0.06097560975609762 0.0
-0.2317073170731707 -0.0365853658536586 0.0
-0.2317073170731707 -0.01219512195121952 0.0
-0.2317073170731707 0.01219512195121952 0.0
-0.2317073170731707 0.03658536585365851 0.0
-0.2317073170731707 0.06097560975609753 0.0
-0.2317073170731707 0.0853658536585366 0.0
-0.2317073170731707 0.1097560975609756 0.0
-0.2317073170731707 0.1341463414634146 0.0
-0.2317073170731707 0.1585365853658537 0.0
-0.2317073170731707 0.1829268292682927 0.0
-0.2317073170731707 0.2073170731707317 0.0
-0.2317073170731707 0.2317073170731707 0.0
-0.2317073170731707 0.2560975609756098 0.0
-0.2317073170731707 0.2804878048780488 0.0
-0.2317073170731707 0.3048780487804879 0.0
-0.2317073170731707 0.3292682926829268 0.0
-0.2317073170731707 0.3536585365853658 0.0
-0.2317073170731707 0.3780487804878049 0.0
-0.2317073170731707 0.4024390243902439 0.0
-0.2317073170731707 0.426829268292683 0.0
-0.2317073170731707 0.4512195121951219 0.0
-0.2317073170731707 0.475609756097561 0.0
-0.2073170731707317 -0.475609756097561 0.0
-0.2073170731707317 -0.4512195121951219 0.0
-0.2073170731707318 -0.426829268292683 0.0
-0.2073170731707318 -0.4024390243902439 0.0
-0.2073170731707317 -0.3780487804878049 0.0
-0.2073170731707317 -0.3536585365853658 0.0
-0.2073170731707317 -0.3292682926829268 0.0
-0.2073170731707317 -0.3048780487804879 0.0
-0.2073170731707317 -0.2804878048780488 0.0
-0.2073170731707317 -0.2560975609756098 0.0
-0.2073170731707318 -0.2317073170731707 0.0
-0.2073170731707316 -0.2073170731707316 0.0
-0.2073170731707317 -0.1829268292682927 0.0
-0.2073170731707318 -0.1585365853658537 0.0
-0.2073170731707317 -0.1341463414634146 0.0
-0.2073170731707317 -0.1097560975609757 0.0
-0.2073170731707317 -0.08536585365853655 0.0
-0.2073170731707317 -0.06097560975609759 0.0
-0.2073170731707317 -0.03658536585365857 0.0
-0.2073170731707317 -0.01219512195121952 0.0
-0.2073170731707317 0.01219512195121955 0.0
-0.2073170731707317 0.03658536585365851 0.0
-0.2073170731707316 0.06097560975609753 0.0
-0.2073170731707317 0.08536585365853659 0.0
-0.2073170731707318 0.1097560975609756 0.0
-0.2073170731707317 0.1341463414634146 0.0
-0.2073170731707316 0.1585365853658536 0.0
-0.2073170731707317 0.1829268292682927 0.0
-0.2073170731707316 0.2073170731707317 0.0
-0.2073170731707317 0.2317073170731707 0.0
-0.2073170731707317 0.2560975609756098 0.0
-0.2073170731707317 0.2804878048780488 0.0
-0.2073170731707317 0.3048780487804879 0.0
-0.2073170731707316 0.3292682926829268 0.0
-0.2073170731707316 0.3536585365853658 0.0
-0.2073170731707317 0.3780487804878049 0.0
-0.2073170731707317 0.402439024390244 0.0
-0.2073170731707316 0.426829268292683 0.0
-0.2073170731707317 0.451219512195122 0.0
-0.2073170731707316 0.475609756097561 0.0
-0.1829268292682927 -0.475609756097561 0.0
-0.1829268292682927 -0.4512195121951219 0.0
-0.1829268292682927 -0.4268292682926829 0.0
-0.1829268292682927 -0.402439024390244 0.0
-0.1829268292682927 -0.3780487804878049 0.0
-0.1829268292682927 -0.3536585365853659 0.0
-0.1829268292682927 -0.3292682926829268 0.0
-0.1829268292682927 -0.3048780487804877 0.0
-0.1829268292682927 -0.2804878048780488 0.0
-0.1829268292682927 -0.2560975609756098 0.0
-0.1829268292682927 -0.2317073170731707 0.0
-0.1829268292682927 -0.2073170731707316 0.0
-0.1829268292682927 -0.1829268292682927 0.0
-0.1829268292682927 -0.1585365853658536 0.0
-0.1829268292682927 -0.1341463414634146 0.0
-0.1829268292682927 -0.1097560975609756 0.0
-0.1829268292682927 -0.08536585365853652 0.0
-0.1829268292682927 -0.06097560975609759 0.0
-0.1829268292682927 -0.03658536585365854 0.0
-0.1829268292682927 -0.0121951219512195 0.0
-0.1829268292682927 0.01219512195121955 0.0
-0.1829268292682927 0.03658536585365854 0.0
-0.1829268292682927 0.06097560975609753 0.0
-0.1829268292682927 0.08536585365853659 0.0
-0.1829268292682927 0.1097560975609756 0.0
-0.1829268292682927 0.1341463414634146 0.0
-0.1829268292682927 0.1585365853658536 0.0
-0.1829268292682927 0.1829268292682927 0.0
-0.1829268292682927 0.2073170731707317 0.0
-0.1829268292682927 0.2317073170731707 0.0
-0.1829268292682927 0.2560975609756098 0.0
-0.1829268292682927 0.2804878048780488 0.0
-0.1829268292682927 0.3048780487804879 0.0
-0.1829268292682927 0.3292682926829268 0.0
-0.1829268292682927 0.3536585365853658 0.0
-0.1829268292682927 0.3780487804878049 0.0
-0.1829268292682927 0.4024390243902439 0.0
-0.1829268292682927 0.4268292682926829 0.0
-0.1829268292682927 0.4512195121951219 0.0
-0.1829268292682927 0.475609756097561 0.0
-0.1585365853658536 -0.475609756097561 0.0
-0.1585365853658537 -0.4512195121951219 0.0
-0.1585365853658536 -0.4268292682926829 0.0
-0.1585365853658536 -0.4024390243902439 0.0
-0.1585365853658536 -0.3780487804878049 0.0
-0.1585365853658536 -0.3536585365853658 0.0
-0.1585365853658536 -0.3292682926829268 0.0
-0.1585365853658537 -0.3048780487804879 0.0
-0.1585365853658536 -0.2804878048780488 0.0
-0.1585365853658537 -0.2560975609756098 0.0
-0.1585365853658536 -0.2317073170731707 0.0
-0.1585365853658537 -0.2073170731707316 0.0
-0.1585365853658536 -0.1829268292682927 0.0
-0.1585365853658536 -0.1585365853658537 0.0
-0.1585365853658536 -0.1341463414634147 0.0
-0.1585365853658537 -0.1097560975609757 0.0
-0.1585365853658536 -0.08536585365853655 0.0
-0.1585365853658536 -0.06097560975609759 0.0
-0.1585365853658536 -0.03658536585365857 0.0
-0.1585365853658537 -0.0121951219512195 0.0
-0.1585365853658537 0.0121951219512195 0.0
-0.1585365853658537 0.03658536585365849 0.0
-0.1585365853658537 0.06097560975609753 0.0
-0.1585365853658537 0.0853658536585366 0.0
-0.1585365853658537 0.1097560975609756 0.0
-0.1585365853658537 0.1341463414634147 0.0
-0.1585365853658537 0.1585365853658537 0.0
-0.1585365853658537 0.1829268292682927 0.0
-0.1585365853658537 0.2073170731707317 0.0
-0.1585365853658537 0.2317073170731707 0.0
-0.1585365853658537 0.2560975609756098 0.0
-0.1585365853658536 0.2804878048780488 0.0
-0.1585365853658537 0.3048780487804879 0.0
-0.1585365853658537 0.3292682926829268 0.0
-0.1585365853658536 0.3536585365853658 0.0
-0.1585365853658537 0.3780487804878049 0.0
-0.1585365853658536 0.4024390243902439 0.0
-0.1585365853658537 0.426829268292683 0.0
-0.1585365853658537 0.4512195121951219 0.0
-0.1585365853658537 0.475609756097561 0.0
-0.1341463414634146 -0.475609756097561 0.0
-0.1341463414634146 -0.4512195121951219 0.0
-0.1341463414634146 -0.4268292682926829 0.0
-0.1341463414634146 -0.4024390243902439 0.0
-0.1341463414634146 -0.3780487804878049 0.0
-0.1341463414634146 -0.3536585365853658 0.0
-0.1341463414634146 -0.3292682926829267 0.0
-0.1341463414634146 -0.3048780487804879 0.0
-0.1341463414634146 -0.2804878048780488 0.0
-0.1341463414634146 -0.2560975609756098 0.0
-0.1341463414634147 -0.2317073170731707 0.0
-0.1341463414634146 -0.2073170731707316 0.0
-0.1341463414634146 -0.1829268292682927 0.0
-0.1341463414634146 -0.1585365853658537 0.0
-0.1341463414634146 -0.1341463414634146 0.0
-0.1341463414634146 -0.1097560975609756 0.0
-0.1341463414634146 -0.08536585365853655 0.0
-0.1341463414634146 -0.06097560975609762 0.0
-0.1341463414634146 -0.03658536585365857 0.0
-0.1341463414634146 -0.01219512195121952 0.0
-0.1341463414634146 0.01219512195121952 0.0
-0.1341463414634146 0.03658536585365857 0.0
-0.1341463414634146 0.06097560975609757 0.0
-0.1341463414634146 0.08536585365853658 0.0
-0.1341463414634146 0.1097560975609756 0.0
-0.1341463414634146 0.1341463414634146 0.0
-0.1341463414634146 0.1585365853658537 0.0
-0.1341463414634146 0.1829268292682927 0.0
-0.1341463414634146 0.2073170731707317 0.0
-0.1341463414634147 0.2317073170731707 0.0
-0.1341463414634146 0.2560975609756098 0.0
-0.1341463414634146 0.2804878048780488 0.0
-0.1341463414634146 0.3048780487804879 0.0
-0.1341463414634146 0.3292682926829268 0.0
-0.1341463414634146 0.3536585365853658 0.0
-0.1341463414634146 0.3780487804878049 0.0
-0.1341463414634146 0.4024390243902439 0.0
-0.1341463414634147 0.426829268292683 0.0
-0.1341463414634146 0.4512195121951219 0.0
-0.1341463414634146 0.475609756097561 0.0
-0.1097560975609756 -0.475609756097561 0.0
-0.1097560975609756 -0.4512195121951219 0.0
-0.1097560975609756 -0.426829268292683 0.0
-0.1097560975609756 -0.4024390243902439 0.0
-0.1097560975609756 -0.3780487804878049 0.0
-0.1097560975609756 -0.3536585365853658 0.0
-0.1097560975609756 -0.3292682926829268 0.0
-0.1097560975609756 -0.3048780487804879 0.0
-0.1097560975609756 -0.2804878048780488 0.0
-0.1097560975609756 -0.2560975609756098 0.0
-0.1097560975609756 -0.2317073170731707 0.0
-0.1097560975609756 -0.2073170731707316 0.0
-0.1097560975609756 -0.1829268292682927 0.0
-0.1097560975609756 -0.1585365853658536 0.0
-0.1097560975609756 -0.1341463414634146 0.0
-0.1097560975609756 -0.1097560975609756 0.0
-0.1097560975609756 -0.08536585365853655 0.0
-0.1097560975609756 -0.06097560975609762 0.0
-0.1097560975609756 -0.03658536585365854 0.0
-0.1097560975609756 -0.01219512195121952 0.0
-0.1097560975609756 0.01219512195121952 0.0
-0.1097560975609756 0.03658536585365854 0.0
-0.1097560975609756 0.06097560975609759 0.0
-0.1097560975609756 0.08536585365853658 0.0
-0.1097560975609756 0.1097560975609756 0.0
-0.1097560975609756 0.1341463414634146 0.0
-0.1097560975609756 0.1585365853658537 0.0
-0.1097560975609756 0.1829268292682927 0.0
-0.1097560975609756 0.2073170731707317 0.0
-0.1097560975609756 0.2317073170731707 0.0
-0.1097560975609756 0.2560975609756098 0.0
-0.1097560975609756 0.2804878048780488 0.0
-0.1097560975609756 0.3048780487804879 0.0
-0.1097560975609756 0.3292682926829268 0.0
-0.1097560975609756 0.3536585365853658 0.0
-0.1097560975609756 0.3780487804878049 0.0
-0.1097560975609756 0.4024390243902439 0.0
-0.1097560975609756 0.426829268292683 0.0
-0.1097560975609756 0.4512195121951219 0.0
-0.1097560975609756 0.475609756097561 0.0
-0.08536585365853658 -0.4756097560975609 0.0
-0.0853658536585366 -0.4512195121951219 0.0
-0.08536585365853658 -0.426829268292683 0.0
-0.08536585365853662 -0.4024390243902439 0.0
-0.0853658536585366 -0.3780487804878048 0.0
-0.08536585365853655 -0.3536585365853658 0.0
-0.0853658536585366 -0.3292682926829267 0.0
-0.08536585365853662 -0.3048780487804879 0.0
-0.08536585365853658 -0.2804878048780488 0.0
-0.08536585365853659 -0.2560975609756098 0.0
-0.0853658536585366 -0.2317073170731707 0.0
-0.08536585365853659 -0.2073170731707317 0.0
-0.08536585365853659 -0.1829268292682927 0.0
-0.08536585365853656 -0.1585365853658537 0.0
-0.08536585365853659 -0.1341463414634146 0.0
-0.08536585365853658 -0.1097560975609756 0.0
-0.08536585365853656 -0.08536585365853655 0.0
-0.08536585365853656 -0.06097560975609764 0.0
-0.08536585365853659 -0.03658536585365857 0.0
-0.08536585365853658 -0.01219512195121955 0.0
-0.08536585365853658 0.01219512195121955 0.0
-0.08536585365853658 0.03658536585365853 0.0
-0.08536585365853658 0.06097560975609757 0.0
-0.08536585365853656 0.08536585365853658 0.0
-0.08536585365853658 0.1097560975609756 0.0
-0.08536585365853659 0.1341463414634146 0.0
-0.08536585365853658 0.1585365853658537 0.0
-0.08536585365853656 0.1829268292682927 0.0
-0.08536585365853659 0.2073170731707317 0.0
-0.08536585365853658 0.2317073170731707 0.0
-0.08536585365853658 0.2560975609756098 0.0
-0.08536585365853658 0.2804878048780488 0.0
-0.08536585365853658 0.3048780487804879 0.0
-0.08536585365853658 0.3292682926829268 0.0
-0.08536585365853652 0.3536585365853658 0.0
-0.08536585365853655 0.3780487804878048 0.0
-0.08536585365853655 0.4024390243902439 0.0
-0.08536585365853658 0.426829268292683 0.0
-0.08536585365853655 0.4512195121951219 0.0
-0.08536585365853652 0.4756097560975609 0.0
-0.06097560975609756 -0.475609756097561 0.0
-0.06097560975609757 -0.4512195121951219 0.0
-0.06097560975609756 -0.426829268292683 0.0
-0.06097560975609757 -0.4024390243902439 0.0
-0.06097560975609759 -0.3780487804878048 0.0
-0.06097560975609759 -0.3536585365853658 0.0
-0.06097560975609759 -0.3292682926829267 0.0
-0.06097560975609756 -0.3048780487804879 0.0
-0.06097560975609758 -0.2804878048780488 0.0
-0.06097560975609758 -0.2560975609756098 0.0
-0.06097560975609755 -0.2317073170731707 0.0
-0.06097560975609757 -0.2073170731707316 0.0
-0.06097560975609757 -0.1829268292682927 0.0
-0.06097560975609757 -0.1585365853658537 0.0
-0.06097560975609756 -0.1341463414634146 0.0
-0.06097560975609757 -0.1097560975609755 0.0
-0.0609756097560976 -0.08536585365853656 0.0
-0.06097560975609759 -0.06097560975609763 0.0
-0.06097560975609757 -0.0365853658536586 0.0
-0.06097560975609759 -0.01219512195121955 0.0
-0.06097560975609759 0.0121951219512195 0.0
-0.06097560975609759 0.03658536585365853 0.0
-0.06097560975609759 0.06097560975609757 0.0
-0.06097560975609759 0.08536585365853655 0.0
-0.0609756097560976 0.1097560975609756 0.0
-0.06097560975609759 0.1341463414634146 0.0
-0.06097560975609759 0.1585365853658537 0.0
-0.06097560975609757 0.1829268292682927 0.0
-0.0609756097560976 0.2073170731707317 0.0
-0.06097560975609757 0.2317073170731707 0.0
-0.0609756097560976 0.2560975609756098 0.0
-0.0609756097560976 0.2804878048780488 0.0
-0.06097560975609762 0.3048780487804879 0.0
-0.06097560975609763 0.3292682926829268 0.0
-0.06097560975609763 0.3536585365853658 0.0
-0.06097560975609763 0.3780487804878049 0.0
-0.06097560975609762 0.4024390243902439 0.0
-0.06097560975609759 0.4268292682926829 0.0
-0.06097560975609762 0.451219512195122 0.0
-0.06097560975609762 0.475609756097561 0.0
-0.03658536585365855 -0.475609756097561 0.0
-0.03658536585365849 -0.4512195121951219 0.0
-0.03658536585365851 -0.426829268292683 0.0
-0.03658536585365855 -0.4024390243902439 0.0
-0.03658536585365853 -0.3780487804878048 0.0
-0.03658536585365851 -0.3536585365853658 0.0
-0.03658536585365852 -0.3292682926829268 0.0
-0.03658536585365853 -0.3048780487804879 0.0
-0.03658536585365853 -0.2804878048780488 0.0
-0.03658536585365853 -0.2560975609756098 0.0
-0.03658536585365856 -0.2317073170731707 0.0
-0.03658536585365854 -0.2073170731707318 0.0
-0.03658536585365853 -0.1829268292682927 0.0
-0.03658536585365851 -0.1585365853658537 0.0
-0.03658536585365854 -0.1341463414634146 0.0
-0.03658536585365854 -0.1097560975609756 0.0
-0.03658536585365853 -0.08536585365853656 0.0
-0.03658536585365856 -0.06097560975609763 0.0
-0.03658536585365853 -0.03658536585365857 0.0
-0.03658536585365854 -0.01219512195121952 0.0
-0.03658536585365854 0.0121951219512195 0.0
-0.03658536585365854 0.03658536585365851 0.0
-0.03658536585365856 0.06097560975609756 0.0
-0.03658536585365856 0.08536585365853655 0.0
-0.03658536585365854 0.1097560975609756 0.0
-0.03658536585365856 0.1341463414634146 0.0
-0.03658536585365854 0.1585365853658537 0.0
-0.03658536585365856 0.1829268292682927 0.0
-0.03658536585365856 0.2073170731707317 0.0
-0.03658536585365856 0.2317073170731707 0.0
-0.03658536585365856 0.2560975609756098 0.0
-0.03658536585365856 0.2804878048780488 0.0
-0.03658536585365856 0.3048780487804879 0.0
-0.03658536585365856 0.3292682926829268 0.0
-0.03658536585365856 0.3536585365853658 0.0
-0.03658536585365857 0.3780487804878049 0.0
-0.0365853658536586 0.4024390243902439 0.0
-0.03658536585365854 0.426829268292683 0.0
-0.03658536585365854 0.4512195121951219 0.0
-0.0365853658536586 0.475609756097561 0.0
-0.0121951219512195 -0.475609756097561 0.0
-0.01219512195121954 -0.4512195121951219 0.0
-0.01219512195121952 -0.4268292682926829 0.0
-0.01219512195121955 -0.4024390243902439 0.0
-0.01219512195121952 -0.3780487804878049 0.0
-0.01219512195121951 -0.3536585365853658 0.0
-0.01219512195121954 -0.3292682926829268 0.0
-0.01219512195121952 -0.3048780487804879 0.0
-0.01219512195121955 -0.2804878048780488 0.0
-0.01219512195121952 -0.2560975609756098 0.0
-0.0121951219512195 -0.2317073170731707 0.0
-0.01219512195121955 -0.2073170731707316 0.0
-0.01219512195121952 -0.1829268292682927 0.0
-0.0121951219512195 -0.1585365853658537 0.0
-0.01219512195121952 -0.1341463414634146 0.0
-0.01219512195121952 -0.1097560975609756 0.0
-0.01219512195121955 -0.08536585365853655 0.0
-0.01219512195121952 -0.06097560975609763 0.0
-0.0121951219512195 -0.03658536585365857 0.0
-0.01219512195121952 -0.01219512195121952 0.0
-0.01219512195121952 0.01219512195121952 0.0
-0.0121951219512195 0.03658536585365854 0.0
-0.01219512195121952 0.06097560975609759 0.0
-0.01219512195121955 0.08536585365853658 0.0
-0.01219512195121952 0.1097560975609756 0.0
-0.01219512195121952 0.1341463414634146 0.0
-0.0121951219512195 0.1585365853658537 0.0
-0.01219512195121952 0.1829268292682927 0.0
-0.01219512195121955 0.2073170731707317 0.0
-0.0121951219512195 0.2317073170731707 0.0
-0.01219512195121952 0.2560975609756098 0.0
-0.01219512195121955 0.2804878048780488 0.0
-0.01219512195121952 0.3048780487804879 0.0
-0.01219512195121952 0.3292682926829268 0.0
-0.0121951219512195 0.3536585365853658 0.0
-0.01219512195121952 0.3780487804878049 0.0
-0.01219512195121955 0.4024390243902439 0.0
-0.01219512195121952 0.426829268292683 0.0
-0.01219512195121952 0.4512195121951219 0.0
-0.0121951219512195 0.475609756097561 0.0
0.0121951219512195 -0.475609756097561 0.0
0.01219512195121954 -0.4512195121951219 0.0
0.01219512195121952 -0.4268292682926829 0.0
0.01219512195121955 -0.4024390243902439 0.0
0.01219512195121952 -0.3780487804878049 0.0
0.01219512195121951 -0.3536585365853658 0.0
0.01219512195121954 -0.3292682926829268 0.0
0.01219512195121952 -0.3048780487804879 0.0
0.01219512195121955 -0.2804878048780488 0.0
0.01219512195121952 -0.2560975609756098 0.0
0.0121951219512195 -0.2317073170731707 0.0
0.01219512195121955 -0.2073170731707316 0.0
0.01219512195121952 -0.1829268292682927 0.0
0.0121951219512195 -0.1585365853658537 0.0
0.01219512195121952 -0.1341463414634146 0.0
0.01219512195121952 -0.1097560975609756 0.0
0.01219512195121955 -0.08536585365853655 0.0
0.01219512195121952 -0.06097560975609763 0.0
0.0121951219512195 -0.03658536585365857 0.0
0.01219512195121952 -0.01219512195121952 0.0
0.01219512195121952 0.01219512195121952 0.0
0.0121951219512195 0.03658536585365854 0.0
0.01219512195121952 0.06097560975609759 0.0
0.01219512195121955 0.08536585365853658 0.0
0.01219512195121952 0.1097560975609756 0.0
0.01219512195121952 0.1341463414634146 0.0
0.0121951219512195 0.1585365853658537 0.0
0.01219512195121952 0.1829268292682927 0.0
0.01219512195121955 0.2073170731707317 0.0
0.0121951219512195 0.2317073170731707 0.0
0.01219512195121952 0.2560975609756098 0.0
0.01219512195121955 0.2804878048780488 0.0
0.01219512195121952 0.3048780487804879 0.0
0.01219512195121952 0.3292682926829268 0.0
0.0121951219512195 0.3536585365853658 0.0
0.01219512195121952 0.3780487804878049 0.0
0.01219512195121955 0.4024390243902439 0.0
0.01219512195121952 0.426829268292683 0.0
0.01219512195121952 0.4512195121951219 0.0
0.01219512195121952 0.475609756097561 0.0
0.0365853658536586 -0.475609756097561 0.0
0.03658536585365854 -0.4512195121951219 0.0
0.0365853658536586 -0.426829268292683 0.0
0.0365853658536586 -0.4024390243902439 0.0
0.03658536585365856 -0.3780487804878049 0.0
0.03658536585365857 -0.3536585365853658 0.0
0.03658536585365855 -0.3292682926829268 0.0
0.03658536585365855 -0.3048780487804879 0.0
0.03658536585365858 -0.2804878048780488 0.0
0.03658536585365858 -0.2560975609756098 0.0
0.03658536585365854 -0.2317073170731707 0.0
0.03658536585365856 -0.2073170731707317 0.0
0.03658536585365856 -0.1829268292682927 0.0
0.03658536585365851 -0.1585365853658537 0.0
0.03658536585365858 -0.1341463414634146 0.0
0.03658536585365856 -0.1097560975609756 0.0
0.03658536585365856 -0.08536585365853654 0.0
0.03658536585365853 -0.06097560975609763 0.0
0.03658536585365851 -0.03658536585365857 0.0
0.03658536585365856 -0.01219512195121951 0.0
0.03658536585365853 0.01219512195121951 0.0
0.03658536585365854 0.03658536585365854 0.0
0.03658536585365854 0.06097560975609759 0.0
0.03658536585365854 0.08536585365853658 0.0
0.03658536585365857 0.1097560975609756 0.0
0.03658536585365856 0.1341463414634146 0.0
0.03658536585365851 0.1585365853658537 0.0
0.03658536585365854 0.1829268292682927 0.0
0.03658536585365853 0.2073170731707317 0.0
0.03658536585365853 0.2317073170731707 0.0
0.03658536585365856 0.2560975609756098 0.0
0.03658536585365856 0.2804878048780488 0.0
0.0365853658536585 0.3048780487804879 0.0
0.0365853658536585 0.3292682926829268 0.0
0.03658536585365851 0.3536585365853658 0.0
0.03658536585365851 0.3780487804878049 0.0
0.03658536585365854 0.4024390243902439 0.0
0.03658536585365851 0.426829268292683 0.0
0.03658536585365851 0.4512195121951219 0.0
0.03658536585365854 0.475609756097561 0.0
0.06097560975609762 -0.475609756097561 0.0
0.0609756097560976 -0.4512195121951219 0.0
0.0609756097560976 -0.426829268292683 0.0
0.06097560975609759 -0.4024390243902439 0.0
0.06097560975609762 -0.3780487804878049 0.0
0.06097560975609761 -0.3536585365853658 0.0
0.06097560975609761 -0.3292682926829268 0.0
0.06097560975609764 -0.3048780487804879 0.0
0.06097560975609763 -0.2804878048780488 0.0
0.06097560975609763 -0.2560975609756098 0.0
0.06097560975609757 -0.2317073170731707 0.0
0.06097560975609756 -0.2073170731707316 0.0
0.06097560975609756 -0.1829268292682927 0.0
0.06097560975609756 -0.1585365853658537 0.0
0.06097560975609757 -0.1341463414634146 0.0
0.06097560975609759 -0.1097560975609756 0.0
0.06097560975609759 -0.08536585365853656 0.0
0.06097560975609759 -0.06097560975609763 0.0
0.06097560975609757 -0.03658536585365858 0.0
0.06097560975609759 -0.01219512195121952 0.0
0.06097560975609759 0.01219512195121952 0.0
0.06097560975609759 0.03658536585365854 0.0
0.06097560975609759 0.06097560975609759 0.0
0.06097560975609759 0.08536585365853658 0.0
0.06097560975609759 0.1097560975609756 0.0
0.06097560975609756 0.1341463414634146 0.0
0.06097560975609755 0.1585365853658537 0.0
0.06097560975609755 0.1829268292682927 0.0
0.06097560975609756 0.2073170731707317 0.0
0.06097560975609755 0.2317073170731707 0.0
0.0609756097560976 0.2560975609756098 0.0
0.0609756097560976 0.2804878048780488 0.0
0.06097560975609759 0.3048780487804879 0.0
0.0609756097560976 0.3292682926829268 0.0
0.06097560975609759 0.3536585365853658 0.0
0.06097560975609759 0.3780487804878049 0.0
0.06097560975609753 0.4024390243902439 0.0
0.06097560975609753 0.426829268292683 0.0
0.06097560975609756 0.4512195121951219 0.0
0.06097560975609756 0.475609756097561 0.0
0.08536585365853652 -0.475609756097561 0.0
0.08536585365853655 -0.4512195121951219 0.0
0.08536585365853655 -0.426829268292683 0.0
0.08536585365853655 -0.4024390243902439 0.0
0.08536585365853652 -0.3780487804878049 0.0
0.08536585365853658 -0.3536585365853658 0.0
0.08536585365853655 -0.3292682926829268 0.0
0.08536585365853652 -0.3048780487804879 0.0
0.08536585365853658 -0.2804878048780488 0.0
0.08536585365853655 -0.2560975609756098 0.0
0.08536585365853659 -0.2317073170731707 0.0
0.08536585365853655 -0.2073170731707316 0.0
0.08536585365853656 -0.1829268292682927 0.0
0.0853658536585366 -0.1585365853658537 0.0
0.08536585365853658 -0.1341463414634146 0.0
0.08536585365853658 -0.1097560975609756 0.0
0.08536585365853655 -0.08536585365853655 0.0
0.08536585365853658 -0.06097560975609762 0.0
0.08536585365853656 -0.03658536585365858 0.0
0.08536585365853659 -0.01219512195121954 0.0
0.08536585365853656 0.01219512195121954 0.0
0.08536585365853658 0.03658536585365854 0.0
0.08536585365853658 0.06097560975609759 0.0
0.08536585365853659 0.08536585365853659 0.0
0.08536585365853658 0.1097560975609756 0.0
0.08536585365853658 0.1341463414634146 0.0
0.0853658536585366 0.1585365853658537 0.0
0.08536585365853658 0.1829268292682927 0.0
0.08536585365853658 0.2073170731707317 0.0
0.08536585365853663 0.2317073170731707 0.0
0.0853658536585366 0.2560975609756098 0.0
0.0853658536585366 0.2804878048780488 0.0
0.08536585365853658 0.3048780487804879 0.0
0.0853658536585366 0.3292682926829268 0.0
0.08536585365853658 0.3536585365853658 0.0
0.0853658536585366 0.3780487804878049 0.0
0.0853658536585366 0.4024390243902439 0.0
0.08536585365853658 0.426829268292683 0.0
0.08536585365853663 0.4512195121951219 0.0
0.08536585365853658 0.475609756097561 0.0
0.1097560975609756 -0.475609756097561 0.0
0.1097560975609756 -0.4512195121951219 0.0
0.1097560975609756 -0.426829268292683 0.0
0.1097560975609756 -0.4024390243902439 0.0
0.1097560975609756 -0.3780487804878049 0.0
0.1097560975609756 -0.3536585365853658 0.0
0.1097560975609757 -0.3292682926829268 0.0
0.1097560975609756 -0.3048780487804879 0.0
0.1097560975609756 -0.2804878048780488 0.0
0.1097560975609756 -0.2560975609756098 0.0
0.1097560975609756 -0.2317073170731707 0.0
0.1097560975609756 -0.2073170731707318 0.0
0.1097560975609756 -0.1829268292682927 0.0
0.1097560975609756 -0.1585365853658537 0.0
0.1097560975609756 -0.1341463414634146 0.0
0.1097560975609756 -0.1097560975609756 0.0
0.1097560975609756 -0.08536585365853654 0.0
0.1097560975609756 -0.06097560975609756 0.0
0.1097560975609756 -0.0365853658536585 0.0
0.1097560975609756 -0.01219512195121952 0.0
0.1097560975609756 0.01219512195121952 0.0
0.1097560975609756 0.03658536585365856 0.0
0.1097560975609756 0.06097560975609759 0.0
0.1097560975609756 0.08536585365853658 0.0
0.1097560975609756 0.1097560975609756 0.0
0.1097560975609756 0.1341463414634146 0.0
0.1097560975609756 0.1585365853658537 0.0
0.1097560975609756 0.1829268292682927 0.0
0.1097560975609756 0.2073170731707317 0.0
0.1097560975609756 0.2317073170731707 0.0
0.1097560975609756 0.2560975609756098 0.0
0.1097560975609756 0.2804878048780488 0.0
0.1097560975609756 0.3048780487804879 0.0
0.1097560975609756 0.3292682926829268 0.0
0.1097560975609756 0.3536585365853658 0.0
0.1097560975609756 0.3780487804878049 0.0
0.1097560975609756 0.4024390243902439 0.0
0.1097560975609756 0.426829268292683 0.0
0.1097560975609756 0.4512195121951219 0.0
0.1097560975609757 0.475609756097561 0.0
0.1341463414634146 -0.475609756097561 0.0
0.1341463414634146 -0.4512195121951219 0.0
0.1341463414634146 -0.4268292682926829 0.0
0.1341463414634146 -0.4024390243902439 0.0
0.1341463414634146 -0.3780487804878049 0.0
0.1341463414634146 -0.3536585365853658 0.0
0.1341463414634146 -0.3292682926829267 0.0
0.1341463414634146 -0.3048780487804877 0.0
0.1341463414634146 -0.2804878048780488 0.0
0.1341463414634146 -0.2560975609756098 0.0
0.1341463414634147 -0.2317073170731707 0.0
0.1341463414634146 -0.2073170731707316 0.0
0.1341463414634146 -0.1829268292682927 0.0
0.1341463414634146 -0.1585365853658537 0.0
0.1341463414634146 -0.1341463414634146 0.0
0.1341463414634146 -0.1097560975609756 0.0
0.1341463414634146 -0.08536585365853656 0.0
0.1341463414634146 -0.06097560975609756 0.0
0.1341463414634146 -0.03658536585365851 0.0
0.1341463414634146 -0.01219512195121952 0.0
0.1341463414634146 0.01219512195121952 0.0
0.1341463414634146 0.03658536585365856 0.0
0.1341463414634146 0.06097560975609757 0.0
0.1341463414634146 0.08536585365853658 0.0
0.1341463414634146 0.1097560975609756 0.0
0.1341463414634146 0.1341463414634146 0.0
0.1341463414634146 0.1585365853658537 0.0
0.1341463414634146 0.1829268292682927 0.0
0.1341463414634146 0.2073170731707317 0.0
0.1341463414634147 0.2317073170731707 0.0
0.1341463414634146 0.2560975609756098 0.0
0.1341463414634146 0.2804878048780488 0.0
0.1341463414634146 0.3048780487804879 0.0
0.1341463414634146 0.3292682926829268 0.0
0.1341463414634147 0.3536585365853658 0.0
0.1341463414634146 0.3780487804878049 0.0
0.1341463414634146 0.4024390243902439 0.0
0.1341463414634146 0.426829268292683 0.0
0.1341463414634146 0.4512195121951219 0.0
0.1341463414634146 0.475609756097561 0.0
0.1585365853658537 -0.475609756097561 0.0
0.1585365853658537 -0.4512195121951219 0.0
0.1585365853658536 -0.4268292682926828 0.0
0.1585365853658537 -0.402439024390244 0.0
0.1585365853658537 -0.3780487804878049 0.0
0.1585365853658537 -0.3536585365853659 0.0
0.1585365853658536 -0.3292682926829268 0.0
0.1585365853658537 -0.3048780487804879 0.0
0.1585365853658537 -0.2804878048780488 0.0
0.1585365853658537 -0.2560975609756098 0.0
0.1585365853658537 -0.2317073170731707 0.0
0.1585365853658537 -0.2073170731707318 0.0
0.1585365853658536 -0.1829268292682927 0.0
0.1585365853658537 -0.1585365853658537 0.0
0.1585365853658537 -0.1341463414634146 0.0
0.1585365853658537 -0.1097560975609756 0.0
0.1585365853658537 -0.08536585365853655 0.0
0.1585365853658537 -0.06097560975609756 0.0
0.1585365853658537 -0.03658536585365851 0.0
0.1585365853658537 -0.01219512195121951 0.0
0.1585365853658537 0.01219512195121951 0.0
0.1585365853658536 0.03658536585365853 0.0
0.1585365853658536 0.0609756097560976 0.0
0.1585365853658537 0.08536585365853659 0.0
0.1585365853658537 0.1097560975609756 0.0
0.1585365853658537 0.1341463414634146 0.0
0.1585365853658536 0.1585365853658537 0.0
0.1585365853658536 0.1829268292682927 0.0
0.1585365853658537 0.2073170731707317 0.0
0.1585365853658537 0.2317073170731707 0.0
0.1585365853658536 0.2560975609756098 0.0
0.1585365853658537 0.2804878048780488 0.0
0.1585365853658536 0.3048780487804879 0.0
0.1585365853658537 0.3292682926829268 0.0
0.1585365853658537 0.3536585365853658 0.0
0.1585365853658536 0.3780487804878049 0.0
0.1585365853658537 0.4024390243902439 0.0
0.1585365853658536 0.426829268292683 0.0
0.1585365853658536 0.4512195121951219 0.0
0.1585365853658537 0.475609756097561 0.0
0.1829268292682927 -0.475609756097561 0.0
0.1829268292682928 -0.4512195121951219 0.0
0.1829268292682927 -0.4268292682926829 0.0
0.1829268292682927 -0.4024390243902439 0.0
0.1829268292682927 -0.3780487804878049 0.0
0.1829268292682927 -0.3536585365853658 0.0
0.1829268292682927 -0.3292682926829268 0.0
0.1829268292682927 -0.3048780487804877 0.0
0.1829268292682927 -0.2804878048780488 0.0
0.1829268292682927 -0.2560975609756098 0.0
0.1829268292682927 -0.2317073170731707 0.0
0.1829268292682927 -0.2073170731707318 0.0
0.1829268292682927 -0.1829268292682927 0.0
0.1829268292682927 -0.1585365853658537 0.0
0.1829268292682927 -0.1341463414634146 0.0
0.1829268292682927 -0.1097560975609756 0.0
0.1829268292682927 -0.0853658536585366 0.0
0.1829268292682927 -0.06097560975609756 0.0
0.1829268292682927 -0.03658536585365851 0.0
0.1829268292682927 -0.01219512195121952 0.0
0.1829268292682927 0.01219512195121952 0.0
0.1829268292682927 0.03658536585365857 0.0
0.1829268292682927 0.0609756097560976 0.0
0.1829268292682927 0.08536585365853658 0.0
0.1829268292682927 0.1097560975609756 0.0
0.1829268292682927 0.1341463414634146 0.0
0.1829268292682927 0.1585365853658537 0.0
0.1829268292682927 0.1829268292682927 0.0
0.1829268292682927 0.2073170731707317 0.0
0.1829268292682927 0.2317073170731707 0.0
0.1829268292682927 0.2560975609756098 0.0
0.1829268292682927 0.2804878048780488 0.0
0.1829268292682927 0.3048780487804879 0.0
0.1829268292682927 0.3292682926829268 0.0
0.1829268292682927 0.3536585365853658 0.0
0.1829268292682927 0.3780487804878049 0.0
0.1829268292682927 0.4024390243902439 0.0
0.1829268292682927 0.426829268292683 0.0
0.1829268292682927 0.4512195121951219 0.0
0.1829268292682927 0.475609756097561 0.0
0.2073170731707317 -0.475609756097561 0.0
0.2073170731707317 -0.4512195121951219 0.0
0.2073170731707317 -0.426829268292683 0.0
0.2073170731707317 -0.4024390243902439 0.0
0.2073170731707317 -0.3780487804878049 0.0
0.2073170731707316 -0.3536585365853658 0.0
0.2073170731707316 -0.3292682926829267 0.0
0.2073170731707316 -0.3048780487804878 0.0
0.2073170731707317 -0.2804878048780488 0.0
0.2073170731707317 -0.2560975609756098 0.0
0.2073170731707317 -0.2317073170731707 0.0
0.2073170731707317 -0.2073170731707316 0.0
0.2073170731707317 -0.1829268292682927 0.0
0.2073170731707317 -0.1585365853658537 0.0
0.2073170731707316 -0.1341463414634146 0.0
0.2073170731707317 -0.1097560975609756 0.0
0.2073170731707317 -0.08536585365853662 0.0
0.2073170731707316 -0.06097560975609756 0.0
0.2073170731707317 -0.03658536585365851 0.0
0.2073170731707317 -0.01219512195121954 0.0
0.2073170731707317 0.01219512195121954 0.0
0.2073170731707317 0.03658536585365857 0.0
0.2073170731707317 0.0609756097560976 0.0
0.2073170731707317 0.08536585365853654 0.0
0.2073170731707317 0.1097560975609756 0.0
0.2073170731707317 0.1341463414634146 0.0
0.2073170731707317 0.1585365853658537 0.0
0.2073170731707317 0.1829268292682927 0.0
0.2073170731707317 0.2073170731707317 0.0
0.2073170731707317 0.2317073170731707 0.0
0.2073170731707317 0.2560975609756098 0.0
0.2073170731707317 0.2804878048780488 0.0
0.2073170731707317 0.3048780487804879 0.0
0.2073170731707317 0.3292682926829268 0.0
0.2073170731707317 0.3536585365853658 0.0
0.2073170731707317 0.3780487804878049 0.0
0.2073170731707318 0.4024390243902439 0.0
0.2073170731707317 0.426829268292683 0.0
0.2073170731707317 0.4512195121951219 0.0
0.2073170731707317 0.475609756097561 0.0
0.2317073170731707 -0.475609756097561 0.0
0.2317073170731707 -0.4512195121951219 0.0
0.2317073170731707 -0.426829268292683 0.0
0.2317073170731707 -0.4024390243902439 0.0
0.2317073170731708 -0.3780487804878049 0.0
0.2317073170731707 -0.3536585365853658 0.0
0.2317073170731707 -0.3292682926829268 0.0
0.2317073170731708 -0.3048780487804877 0.0
0.2317073170731707 -0.2804878048780488 0.0
0.2317073170731707 -0.2560975609756098 0.0
0.2317073170731707 -0.2317073170731707 0.0
0.2317073170731708 -0.2073170731707318 0.0
0.2317073170731707 -0.1829268292682927 0.0
0.2317073170731707 -0.1585365853658537 0.0
0.2317073170731707 -0.1341463414634146 0.0
0.2317073170731707 -0.1097560975609756 0.0
0.2317073170731707 -0.0853658536585366 0.0
0.2317073170731707 -0.06097560975609755 0.0
0.2317073170731707 -0.03658536585365853 0.0
0.2317073170731707 -0.01219512195121951 0.0
0.2317073170731707 0.01219512195121951 0.0
0.2317073170731707 0.03658536585365857 0.0
0.2317073170731707 0.0609756097560976 0.0
0.2317073170731707 0.08536585365853656 0.0
0.2317073170731707 0.1097560975609756 0.0
0.2317073170731707 0.1341463414634146 0.0
0.2317073170731707 0.1585365853658537 0.0
0.2317073170731707 0.1829268292682927 0.0
0.2317073170731707 0.2073170731707317 0.0
0.2317073170731707 0.2317073170731707 0.0
0.2317073170731707 0.2560975609756098 0.0
0.2317073170731707 0.2804878048780488 0.0
0.2317073170731707 0.3048780487804879 0.0
0.2317073170731707 0.3292682926829268 0.0
0.2317073170731707 0.3536585365853658 0.0
0.2317073170731707 0.3780487804878049 0.0
0.2317073170731707 0.4024390243902439 0.0
0.2317073170731707 0.426829268292683 0.0
0.2317073170731707 0.4512195121951219 0.0
0.2317073170731707 0.475609756097561 0.0
0.2560975609756098 -0.475609756097561 0.0
0.2560975609756098 -0.4512195121951219 0.0
0.2560975609756098 -0.4268292682926829 0.0
0.2560975609756098 -0.4024390243902439 0.0
0.2560975609756098 -0.3780487804878049 0.0
0.2560975609756098 -0.3536585365853658 0.0
0.2560975609756098 -0.3292682926829268 0.0
0.2560975609756097 -0.3048780487804878 0.0
0.2560975609756098 -0.2804878048780489 0.0
0.2560975609756098 -0.2560975609756098 0.0
0.2560975609756098 -0.2317073170731707 0.0
0.2560975609756098 -0.2073170731707317 0.0
0.2560975609756098 -0.1829268292682927 0.0
0.2560975609756098 -0.1585365853658537 0.0
0.2560975609756098 -0.1341463414634146 0.0
0.2560975609756098 -0.1097560975609756 0.0
0.2560975609756098 -0.0853658536585366 0.0
0.2560975609756098 -0.06097560975609755 0.0
0.2560975609756098 -0.0365853658536585 0.0
0.2560975609756098 -0.01219512195121952 0.0
0.2560975609756098 0.01219512195121952 0.0
0.2560975609756098 0.03658536585365858 0.0
0.2560975609756098 0.06097560975609763 0.0
0.2560975609756098 0.08536585365853655 0.0
0.2560975609756098 0.1097560975609756 0.0
0.2560975609756098 0.1341463414634146 0.0
0.2560975609756098 0.1585365853658537 0.0
0.2560975609756098 0.1829268292682927 0.0
0.2560975609756098 0.2073170731707317 0.0
0.2560975609756098 0.2317073170731707 0.0
0.2560975609756098 0.2560975609756098 0.0
0.2560975609756098 0.2804878048780488 0.0
0.2560975609756097 0.3048780487804879 0.0
0.2560975609756098 0.3292682926829268 0.0
0.2560975609756098 0.3536585365853658 0.0
0.2560975609756098 0.3780487804878049 0.0
0.2560975609756098 0.4024390243902439 0.0
0.2560975609756098 0.426829268292683 0.0
0.2560975609756098 0.4512195121951219 0.0
0.2560975609756098 0.475609756097561 0.0
0.2804878048780488 -0.475609756097561 0.0
0.2804878048780488 -0.4512195121951219 0.0
0.2804878048780486 -0.4268292682926829 0.0
0.2804878048780488 -0.4024390243902439 0.0
0.2804878048780488 -0.3780487804878049 0.0
0.2804878048780488 -0.3536585365853658 0.0
0.2804878048780488 -0.3292682926829268 0.0
0.2804878048780488 -0.3048780487804878 0.0
0.2804878048780488 -0.2804878048780488 0.0
0.2804878048780488 -0.2560975609756098 0.0
0.2804878048780488 -0.2317073170731707 0.0
0.2804878048780488 -0.2073170731707318 0.0
0.2804878048780489 -0.1829268292682927 0.0
0.2804878048780488 -0.1585365853658537 0.0
0.2804878048780488 -0.1341463414634146 0.0
0.2804878048780488 -0.1097560975609756 0.0
0.2804878048780489 -0.0853658536585366 0.0
0.2804878048780488 -0.06097560975609755 0.0
0.2804878048780488 -0.03658536585365851 0.0
0.2804878048780488 -0.01219512195121954 0.0
0.2804878048780488 0.01219512195121954 0.0
0.2804878048780488 0.03658536585365858 0.0
0.2804878048780488 0.06097560975609763 0.0
0.2804878048780488 0.08536585365853655 0.0
0.2804878048780488 0.1097560975609756 0.0
0.2804878048780488 0.1341463414634146 0.0
0.2804878048780488 0.1585365853658537 0.0
0.2804878048780488 0.1829268292682927 0.0
0.2804878048780488 0.2073170731707317 0.0
0.2804878048780488 0.2317073170731707 0.0
0.2804878048780488 0.2560975609756098 0.0
0.2804878048780488 0.2804878048780488 0.0
0.2804878048780488 0.3048780487804879 0.0
0.2804878048780488 0.3292682926829268 0.0
0.2804878048780488 0.3536585365853658 0.0
0.2804878048780489 0.3780487804878049 0.0
0.2804878048780488 0.4024390243902439 0.0
0.2804878048780489 0.426829268292683 0.0
0.2804878048780488 0.4512195121951219 0.0
0.2804878048780488 0.475609756097561 0.0
0.3048780487804879 -0.475609756097561 0.0
0.3048780487804879 -0.4512195121951219 0.0
0.3048780487804879 -0.4268292682926828 0.0
0.3048780487804877 -0.4024390243902439 0.0
0.3048780487804879 -0.3780487804878049 0.0
0.3048780487804879 -0.3536585365853658 0.0
0.3048780487804879 -0.3292682926829268 0.0
0.304878048780488 -0.3048780487804878 0.0
0.3048780487804877 -0.2804878048780488 0.0
0.3048780487804879 -0.2560975609756098 0.0
0.3048780487804879 -0.2317073170731707 0.0
0.3048780487804879 -0.2073170731707317 0.0
0.3048780487804879 -0.1829268292682927 0.0
0.3048780487804879 -0.1585365853658537 0.0
0.3048780487804879 -0.1341463414634146 0.0
0.3048780487804879 -0.1097560975609756 0.0
0.3048780487804879 -0.08536585365853662 0.0
0.3048780487804879 -0.06097560975609755 0.0
0.3048780487804878 -0.03658536585365851 0.0
0.3048780487804879 -0.01219512195121952 0.0
0.3048780487804879 0.01219512195121952 0.0
0.3048780487804879 0.03658536585365856 0.0
0.3048780487804879 0.06097560975609763 0.0
0.3048780487804879 0.08536585365853654 0.0
0.3048780487804879 0.1097560975609756 0.0
0.3048780487804879 0.1341463414634146 0.0
0.3048780487804879 0.1585365853658537 0.0
0.3048780487804879 0.1829268292682927 0.0
0.3048780487804879 0.2073170731707317 0.0
0.3048780487804879 0.2317073170731707 0.0
0.3048780487804877 0.2560975609756098 0.0
0.3048780487804879 0.2804878048780488 0.0
0.3048780487804879 0.3048780487804879 0.0
0.3048780487804879 0.3292682926829268 0.0
0.3048780487804879 0.3536585365853658 0.0
0.3048780487804879 0.3780487804878049 0.0
0.3048780487804879 0.4024390243902439 0.0
0.3048780487804879 0.426829268292683 0.0
0.3048780487804879 0.4512195121951219 0.0
0.3048780487804879 0.475609756097561 0.0
0.3292682926829267 -0.475609756097561 0.0
0.3292682926829268 -0.4512195121951219 0.0
0.3292682926829268 -0.4268292682926828 0.0
0.3292682926829269 -0.4024390243902439 0.0
0.3292682926829268 -0.3780487804878049 0.0
0.3292682926829268 -0.3536585365853658 0.0
0.3292682926829268 -0.3292682926829268 0.0
0.3292682926829267 -0.3048780487804878 0.0
0.3292682926829269 -0.2804878048780488 0.0
0.3292682926829268 -0.2560975609756098 0.0
0.3292682926829268 -0.2317073170731707 0.0
0.3292682926829268 -0.2073170731707318 0.0
0.3292682926829268 -0.1829268292682927 0.0
0.3292682926829268 -0.1585365853658537 0.0
0.3292682926829268 -0.1341463414634146 0.0
0.3292682926829268 -0.1097560975609756 0.0
0.3292682926829268 -0.0853658536585366 0.0
0.3292682926829268 -0.06097560975609757 0.0
0.3292682926829269 -0.03658536585365851 0.0
0.3292682926829268 -0.01219512195121953 0.0
0.3292682926829268 0.01219512195121953 0.0
0.3292682926829268 0.03658536585365856 0.0
0.3292682926829268 0.06097560975609762 0.0
0.3292682926829268 0.08536585365853655 0.0
0.3292682926829268 0.1097560975609756 0.0
0.3292682926829267 0.1341463414634146 0.0
0.3292682926829268 0.1585365853658537 0.0
0.3292682926829268 0.1829268292682927 0.0
0.3292682926829268 0.2073170731707316 0.0
0.3292682926829267 0.2317073170731707 0.0
0.3292682926829268 0.2560975609756098 0.0
0.3292682926829268 0.2804878048780488 0.0
0.3292682926829268 0.3048780487804879 0.0
0.3292682926829268 0.3292682926829268 0.0
0.3292682926829268 0.3536585365853658 0.0
0.3292682926829268 0.3780487804878049 0.0
0.3292682926829268 0.4024390243902439 0.0
0.3292682926829268 0.426829268292683 0.0
0.3292682926829268 0.4512195121951219 0.0
0.3292682926829268 0.475609756097561 0.0
0.3536585365853658 -0.475609756097561 0.0
0.3536585365853657 -0.4512195121951219 0.0
0.3536585365853658 -0.4268292682926829 0.0
0.3536585365853658 -0.4024390243902439 0.0
0.3536585365853659 -0.3780487804878048 0.0
0.3536585365853658 -0.3536585365853658 0.0
0.3536585365853658 -0.3292682926829268 0.0
0.353658536585366 -0.3048780487804878 0.0
0.3536585365853658 -0.2804878048780488 0.0
0.3536585365853658 -0.2560975609756098 0.0
0.3536585365853658 -0.2317073170731707 0.0
0.3536585365853658 -0.2073170731707318 0.0
0.3536585365853658 -0.1829268292682927 0.0
0.3536585365853658 -0.1585365853658537 0.0
0.3536585365853658 -0.1341463414634146 0.0
0.3536585365853658 -0.1097560975609756 0.0
0.3536585365853658 -0.0853658536585366 0.0
0.3536585365853658 -0.06097560975609757 0.0
0.3536585365853658 -0.03658536585365851 0.0
0.3536585365853658 -0.01219512195121952 0.0
0.3536585365853659 0.01219512195121952 0.0
0.3536585365853658 0.03658536585365857 0.0
0.3536585365853658 0.06097560975609762 0.0
0.3536585365853658 0.08536585365853655 0.0
0.3536585365853658 0.1097560975609756 0.0
0.3536585365853658 0.1341463414634146 0.0
0.3536585365853659 0.1585365853658537 0.0
0.3536585365853658 0.1829268292682927 0.0
0.3536585365853658 0.2073170731707317 0.0
0.3536585365853658 0.2317073170731707 0.0
0.3536585365853658 0.2560975609756098 0.0
0.3536585365853658 0.2804878048780488 0.0
0.3536585365853658 0.3048780487804879 0.0
0.3536585365853659 0.3292682926829268 0.0
0.3536585365853658 0.3536585365853658 0.0
0.3536585365853658 0.3780487804878049 0.0
0.3536585365853658 0.4024390243902439 0.0
0.3536585365853658 0.426829268292683 0.0
0.3536585365853658 0.4512195121951219 0.0
0.3536585365853659 0.475609756097561 0.0
0.3780487804878049 -0.475609756097561 0.0
0.3780487804878049 -0.4512195121951219 0.0
0.3780487804878049 -0.426829268292683 0.0
0.3780487804878049 -0.4024390243902439 0.0
0.3780487804878049 -0.3780487804878049 0.0
0.3780487804878049 -0.3536585365853658 0.0
0.3780487804878049 -0.3292682926829268 0.0
0.3780487804878049 -0.3048780487804877 0.0
0.3780487804878049 -0.2804878048780488 0.0
0.3780487804878049 -0.2560975609756098 0.0
0.3780487804878049 -0.2317073170731707 0.0
0.3780487804878049 -0.2073170731707316 0.0
0.3780487804878049 -0.1829268292682927 0.0
0.3780487804878049 -0.1585365853658537 0.0
0.3780487804878049 -0.1341463414634146 0.0
0.3780487804878049 -0.1097560975609756 0.0
0.3780487804878048 -0.08536585365853662 0.0
0.3780487804878049 -0.06097560975609757 0.0
0.3780487804878049 -0.03658536585365852 0.0
0.3780487804878049 -0.01219512195121952 0.0
0.3780487804878049 0.01219512195121952 0.0
0.3780487804878049 0.03658536585365858 0.0
0.3780487804878049 0.06097560975609762 0.0
0.3780487804878049 0.08536585365853654 0.0
0.3780487804878049 0.1097560975609756 0.0
0.3780487804878049 0.1341463414634146 0.0
0.3780487804878049 0.1585365853658537 0.0
0.3780487804878049 0.1829268292682927 0.0
0.3780487804878049 0.2073170731707317 0.0
0.3780487804878049 0.2317073170731707 0.0
0.3780487804878049 0.2560975609756098 0.0
0.3780487804878049 0.2804878048780488 0.0
0.3780487804878049 0.3048780487804879 0.0
0.3780487804878049 0.3292682926829268 0.0
0.3780487804878048 0.3536585365853658 0.0
0.3780487804878048 0.3780487804878049 0.0
0.3780487804878048 0.4024390243902439 0.0
0.3780487804878048 0.426829268292683 0.0
0.3780487804878049 0.4512195121951219 0.0
0.3780487804878049 0.475609756097561 0.0
0.4024390243902439 -0.475609756097561 0.0
0.402439024390244 -0.4512195121951219 0.0
0.4024390243902438 -0.4268292682926829 0.0
0.4024390243902438 -0.4024390243902439 0.0
0.4024390243902439 -0.3780487804878049 0.0
0.4024390243902439 -0.3536585365853658 0.0
0.402439024390244 -0.3292682926829268 0.0
0.4024390243902439 -0.3048780487804879 0.0
0.4024390243902439 -0.2804878048780488 0.0
0.4024390243902439 -0.2560975609756098 0.0
0.4024390243902439 -0.2317073170731707 0.0
0.402439024390244 -0.2073170731707318 0.0
0.4024390243902439 -0.1829268292682927 0.0
0.4024390243902438 -0.1585365853658537 0.0
0.4024390243902439 -0.1341463414634146 0.0
0.4024390243902439 -0.1097560975609756 0.0
0.4024390243902439 -0.0853658536585366 0.0
0.4024390243902439 -0.06097560975609757 0.0
0.4024390243902439 -0.03658536585365853 0.0
0.402439024390244 -0.01219512195121954 0.0
0.4024390243902439 0.01219512195121954 0.0
0.4024390243902439 0.03658536585365858 0.0
0.4024390243902439 0.06097560975609759 0.0
0.4024390243902439 0.08536585365853655 0.0
0.4024390243902439 0.1097560975609756 0.0
0.4024390243902439 0.1341463414634146 0.0
0.4024390243902439 0.1585365853658537 0.0
0.4024390243902439 0.1829268292682927 0.0
0.4024390243902439 0.2073170731707317 0.0
0.4024390243902439 0.2317073170731707 0.0
0.4024390243902439 0.2560975609756098 0.0
0.4024390243902439 0.2804878048780488 0.0
0.402439024390244 0.3048780487804879 0.0
0.4024390243902439 0.3292682926829268 0.0
0.4024390243902439 0.3536585365853658 0.0
0.4024390243902439 0.3780487804878049 0.0
0.4024390243902439 0.4024390243902439 0.0
0.4024390243902439 0.426829268292683 0.0
0.4024390243902439 0.4512195121951219 0.0
0.4024390243902439 0.475609756097561 0.0
0.426829268292683 -0.475609756097561 0.0
0.4268292682926829 -0.4512195121951219 0.0
0.426829268292683 -0.4268292682926828 0.0
0.426829268292683 -0.4024390243902439 0.0
0.426829268292683 -0.3780487804878049 0.0
0.4268292682926831 -0.3536585365853658 0.0
0.4268292682926829 -0.3292682926829268 0.0
0.426829268292683 -0.3048780487804877 0.0
0.4268292682926831 -0.2804878048780488 0.0
0.4268292682926829 -0.2560975609756097 0.0
0.4268292682926829 -0.2317073170731707 0.0
0.426829268292683 -0.2073170731707318 0.0
0.426829268292683 -0.1829268292682927 0.0
0.426829268292683 -0.1585365853658537 0.0
0.4268292682926829 -0.1341463414634146 0.0
0.426829268292683 -0.1097560975609756 0.0
0.4268292682926829 -0.0853658536585366 0.0
0.4268292682926829 -0.06097560975609757 0.0
0.426829268292683 -0.0365853658536585 0.0
0.426829268292683 -0.01219512195121952 0.0
0.426829268292683 0.01219512195121952 0.0
0.426829268292683 0.03658536585365856 0.0
0.4268292682926828 0.06097560975609759 0.0
0.426829268292683 0.08536585365853652 0.0
0.426829268292683 0.1097560975609756 0.0
0.426829268292683 0.1341463414634146 0.0
0.426829268292683 0.1585365853658537 0.0
0.426829268292683 0.1829268292682927 0.0
0.426829268292683 0.2073170731707317 0.0
0.4268292682926829 0.2317073170731707 0.0
0.4268292682926829 0.2560975609756098 0.0
0.426829268292683 0.2804878048780488 0.0
0.426829268292683 0.3048780487804879 0.0
0.426829268292683 0.3292682926829268 0.0
0.426829268292683 0.3536585365853658 0.0
0.4268292682926829 0.3780487804878049 0.0
0.4268292682926829 0.4024390243902439 0.0
0.426829268292683 0.426829268292683 0.0
0.426829268292683 0.4512195121951219 0.0
0.426829268292683 0.475609756097561 0.0
0.4512195121951219 -0.475609756097561 0.0
0.4512195121951219 -0.4512195121951219 0.0
0.4512195121951219 -0.4268292682926828 0.0
0.4512195121951219 -0.4024390243902439 0.0
0.4512195121951219 -0.3780487804878049 0.0
0.4512195121951219 -0.3536585365853658 0.0
0.4512195121951219 -0.3292682926829268 0.0
0.4512195121951219 -0.3048780487804877 0.0
0.4512195121951219 -0.2804878048780488 0.0
0.4512195121951219 -0.2560975609756098 0.0
0.4512195121951219 -0.2317073170731707 0.0
0.451219512195122 -0.2073170731707318 0.0
0.4512195121951219 -0.1829268292682927 0.0
0.451219512195122 -0.1585365853658537 0.0
0.4512195121951219 -0.1341463414634146 0.0
0.4512195121951219 -0.1097560975609757 0.0
0.4512195121951219 -0.08536585365853659 0.0
0.4512195121951219 -0.06097560975609756 0.0
0.451219512195122 -0.03658536585365851 0.0
0.451219512195122 -0.01219512195121953 0.0
0.4512195121951219 0.01219512195121953 0.0
0.4512195121951219 0.03658536585365856 0.0
0.4512195121951219 0.06097560975609762 0.0
0.451219512195122 0.08536585365853656 0.0
0.4512195121951219 0.1097560975609756 0.0
0.4512195121951219 0.1341463414634146 0.0
0.4512195121951219 0.1585365853658537 0.0
0.4512195121951219 0.1829268292682927 0.0
0.451219512195122 0.2073170731707317 0.0
0.4512195121951219 0.2317073170731707 0.0
0.4512195121951219 0.2560975609756098 0.0
0.4512195121951219 0.2804878048780488 0.0
0.4512195121951219 0.3048780487804879 0.0
0.4512195121951219 0.3292682926829268 0.0
0.4512195121951219 0.3536585365853658 0.0
0.451219512195122 0.3780487804878049 0.0
0.4512195121951219 0.4024390243902439 0.0
0.451219512195122 0.426829268292683 0.0
0.4512195121951219 0.4512195121951219 0.0
0.4512195121951219 0.475609756097561 0.0
0.475609756097561 -0.475609756097561 0.0
0.475609756097561 -0.4512195121951219 0.0
0.475609756097561 -0.4268292682926828 0.0
0.475609756097561 -0.4024390243902439 0.0
0.475609756097561 -0.3780487804878049 0.0
0.475609756097561 -0.3536585365853658 0.0
0.475609756097561 -0.3292682926829268 0.0
0.4756097560975609 -0.3048780487804878 0.0
0.475609756097561 -0.2804878048780488 0.0
0.475609756097561 -0.2560975609756098 0.0
0.4756097560975611 -0.2317073170731707 0.0
0.475609756097561 -0.2073170731707318 0.0
0.475609756097561 -0.1829268292682927 0.0
0.4756097560975609 -0.1585365853658537 0.0
0.4756097560975611 -0.1341463414634146 0.0
0.475609756097561 -0.1097560975609756 0.0
0.4756097560975609 -0.0853658536585366 0.0
0.4756097560975609 -0.06097560975609756 0.0
0.4756097560975611 -0.03658536585365851 0.0
0.475609756097561 -0.01219512195121951 0.0
0.475609756097561 0.01219512195121951 0.0
0.475609756097561 0.03658536585365859 0.0
0.475609756097561 0.06097560975609762 0.0
0.4756097560975609 0.08536585365853654 0.0
0.475609756097561 0.1097560975609756 0.0
0.475609756097561 0.1341463414634146 0.0
0.475609756097561 0.1585365853658537 0.0
0.475609756097561 0.1829268292682927 0.0
0.4756097560975609 0.2073170731707316 0.0
0.475609756097561 0.2317073170731707 0.0
0.475609756097561 0.2560975609756098 0.0
0.475609756097561 0.2804878048780488 0.0
0.475609756097561 0.3048780487804879 0.0
0.4756097560975609 0.3292682926829268 0.0
0.475609756097561 0.3536585365853658 0.0
0.475609756097561 0.3780487804878049 0.0
0.4756097560975609 0.4024390243902439 0.0
0.475609756097561 0.426829268292683 0.0
0.475609756097561 0.4512195121951219 0.0
0.475609756097561 0.475609756097561 0.0
0.0 -0.5 0.0
1.0408340855860843e-17 -0.4878048780487805 0.0
0.0 -0.475609756097561 0.0
-1.9081958235744878e-17 -0.46341463414634143 0.0
0.0 -0.4512195121951219 0.0
1.0408340855860843e-17 -0.4390243902439024 0.0
0.0 -0.4268292682926829 0.0
-1.5612511283791264e-17 -0.41463414634146345 0.0
0.0 -0.4024390243902439 0.0
1.5612511283791264e-17 -0.3902439024390244 0.0
0.0 -0.3780487804878049 0.0
5.204170427930421e-18 -0.36585365853658536 0.0
0.0 -0.3536585365853658 0.0
-1.5612511283791264e-17 -0.3414634146341463 0.0
0.0 -0.3292682926829268 0.0
1.0408340855860843e-17 -0.3170731707317074 0.0
0.0 -0.3048780487804879 0.0
-1.5612511283791264e-17 -0.29268292682926833 0.0
0.0 -0.2804878048780488 0.0
1.5612511283791264e-17 -0.2682926829268293 0.0
0.0 -0.2560975609756098 0.0
1.0408340855860843e-17 -0.24390243902439024 0.0
0.0 -0.2317073170731707 0.0
-2.6020852139652106e-17 -0.21951219512195114 0.0
0.0 -0.2073170731707316 0.0
1.5612511283791264e-17 -0.19512195121951215 0.0
0.0 -0.1829268292682927 0.0
1.0408340855860843e-17 -0.1707317073170732 0.0
0.0 -0.1585365853658537 0.0
-8.673617379884035e-18 -0.14634146341463414 0.0
0.0 -0.1341463414634146 0.0
0.0 -0.12195121951219509 0.0
0.0 -0.1097560975609756 0.0
-1.5612511283791264e-17 -0.09756097560975607 0.0
0.0 -0.08536585365853655 0.0
1.5612511283791264e-17 -0.07317073170731708 0.0
0.0 -0.06097560975609763 0.0
1.0408340855860843e-17 -0.0487804878048781 0.0
0.0 -0.03658536585365857 0.0
-8.673617379884035e-18 -0.024390243902439046 0.0
0.0 -0.01219512195121952 0.0
0.0 0.0 0.0
0.0 0.01219512195121952 0.0
1.0408340855860843e-17 0.024390243902439032 0.0
0.0 0.03658536585365854 0.0
-8.673617379884035e-18 0.048780487804878064 0.0
0.0 0.06097560975609759 0.0
-1.5612511283791264e-17 0.07317073170731708 0.0
0.0 0.08536585365853658 0.0
1.5612511283791264e-17 0.09756097560975609 0.0
0.0 0.1097560975609756 0.0
0.0 0.12195121951219509 0.0
0.0 0.1341463414634146 0.0
1.0408340855860843e-17 0.14634146341463414 0.0
0.0 0.1585365853658537 0.0
-8.673617379884035e-18 0.1707317073170732 0.0
0.0 0.1829268292682927 0.0
-1.5612511283791264e-17 0.1951219512195122 0.0
0.0 0.2073170731707317 0.0
2.42861286636753e-17 0.2195121951219512 0.0
0.0 0.2317073170731707 0.0
-8.673617379884035e-18 0.24390243902439024 0.0
0.0 0.2560975609756098 0.0
-1.5612511283791264e-17 0.2682926829268293 0.0
0.0 0.2804878048780488 0.0
1.5612511283791264e-17 0.29268292682926833 0.0
0.0 0.3048780487804879 0.0
0.0 0.3170731707317074 0.0
0.0 0.3292682926829268 0.0
1.0408340855860843e-17 0.3414634146341463 0.0
0.0 0.3536585365853658 0.0
-8.673617379884035e-18 0.36585365853658536 0.0
0.0 0.3780487804878049 0.0
-1.5612511283791264e-17 0.3902439024390244 0.0
0.0 0.4024390243902439 0.0
1.5612511283791264e-17 0.41463414634146345 0.0
0.0 0.426829268292683 0.0
0.0 0.43902439024390244 0.0
0.0 0.4512195121951219 0.0
1.0408340855860843e-17 0.46341463414634143 0.0
1.0408340855860843e-17 0.475609756097561 0.0
0.0 0.4878048780487805 0.0
0.0 0.5 0.0
0.0 -0.5 0.0
1.0408340855860843e-17 -0.4878048780487805 0.0
0.0 -0.475609756097561 0.0
-1.9081958235744878e-17 -0.46341463414634143 0.0
0.0 -0.4512195121951219 0.0
1.0408340855860843e-17 -0.4390243902439024 0.0
0.0 -0.4268292682926829 0.0
-1.5612511283791264e-17 -0.41463414634146345 0.0
0.0 -0.4024390243902439 0.0
1.5612511283791264e-17 -0.3902439024390244 0.0
0.0 -0.3780487804878049 0.0
5.204170427930421e-18 -0.36585365853658536 0.0
0.0 -0.3536585365853658 0.0
-1.5612511283791264e-17 -0.3414634146341463 0.0
0.0 -0.3292682926829268 0.0
1.0408340855860843e-17 -0.3170731707317074 0.0
0.0 -0.3048780487804879 0.0
-1.5612511283791264e-17 -0.29268292682926833 0.0
0.0 -0.2804878048780488 0.0
1.5612511283791264e-17 -0.2682926829268293 0.0
0.0 -0.2560975609756098 0.0
1.0408340855860843e-17 -0.24390243902439024 0.0
0.0 -0.2317073170731707 0.0
-2.6020852139652106e-17 -0.21951219512195114 0.0
0.0 -0.2073170731707316 0.0
1.5612511283791264e-17 -0.19512195121951215 0.0
0.0 -0.1829268292682927 0.0
1.0408340855860843e-17 -0.1707317073170732 0.0
0.0 -0.1585365853658537 0.0
-8.673617379884035e-18 -0.14634146341463414 0.0
0.0 -0.1341463414634146 0.0
0.0 -0.12195121951219509 0.0
0.0 -0.1097560975609756 0.0
-1.5612511283791264e-17 -0.09756097560975607 0.0
0.0 -0.08536585365853655 0.0
1.5612511283791264e-17 -0.07317073170731708 0.0
0.0 -0.06097560975609763 0.0
1.0408340855860843e-17 -0.0487804878048781 0.0
0.0 -0.03658536585365857 0.0
-8.673617379884035e-18 -0.024390243902439046 0.0
0.0 -0.01219512195121952 0.0
0.0 0.0 0.0
0.0 0.01219512195121952 0.0
1.0408340855860843e-17 0.024390243902439032 0.0
0.0 0.03658536585365854 0.0
-8.673617379884035e-18 0.048780487804878064 0.0
0.0 0.06097560975609759 0.0
-1.5612511283791264e-17 0.07317073170731708 0.0
0.0 0.08536585365853658 0.0
1.5612511283791264e-17 0.09756097560975609 0.0
0.0 0.1097560975609756 0.0
0.0 0.12195121951219509 0.0
0.0 0.1341463414634146 0.0
1.0408340855860843e-17 0.14634146341463414 0.0
0.0 0.1585365853658537 0.0
-8.673617379884035e-18 0.1707317073170732 0.0
0.0 0.1829268292682927 0.0
-1.5612511283791264e-17 0.1951219512195122 0.0
0.0 0.2073170731707317 0.0
2.42861286636753e-17 0.2195121951219512 0.0
0.0 0.2317073170731707 0.0
-8.673617379884035e-18 0.24390243902439024 0.0
0.0 0.2560975609756098 0.0
-1.5612511283791264e-17 0.2682926829268293 0.0
0.0 0.2804878048780488 0.0
1.5612511283791264e-17 0.29268292682926833 0.0
0.0 0.3048780487804879 0.0
0.0 0.3170731707317074 0.0
0.0 0.3292682926829268 0.0
1.0408340855860843e-17 0.3414634146341463 0.0
0.0 0.3536585365853658 0.0
-8.673617379884035e-18 0.36585365853658536 0.0
0.0 0.3780487804878049 0.0
-1.5612511283791264e-17 0.3902439024390244 0.0
0.0 0.4024390243902439 0.0
1.5612511283791264e-17 0.41463414634146345 0.0
0.0 0.426829268292683 0.0
0.0 0.43902439024390244 0.0
0.0 0.4512195121951219 0.0
1.0408340855860843e-17 0.46341463414634143 0.0
1.0408340855860843e-17 0.475609756097561 0.0
0.0 0.4878048780487805 0.0
0.0 0.5 0.0

CELLS 3444 13858
3 0 4 163
3 163 4 164
3 163 164 162
3 162 164 165
3 162 165 161
3 161 165 166
3 161 166 160
3 160 166 167
3 160 167 159
3 159 167 168
3 159 168 158
3 158 168 169
3 158 169 157
3 157 169 170
3 157 170 156
3 156 170 171
3 156 171 155
3 155 171 172
3 155 172 154
3 154 172 173
3 154 173 153
3 153 173 174
3 153 174 152
3 152 174 175
3 152 175 151
3 151 175 176
3 151 176 150
3 150 176 177
3 150 177 149
3 149 177 178
3 149 178 148
3 148 178 179
3 148 179 147
3 147 179 180
3 147 180 146
3 146 180 181
3 146 181 145
3 145 181 182
3 145 182 144
3 144 182 183
3 144 183 143
3 143 183 184
3 143 184 142
3 142 184 185
3 142 185 141
3 141 185 186
3 141 186 140
3 140 186 187
3 140 187 139
3 139 187 188
3 139 188 138
3 138 188 189
3 138 189 137
3 137 189 190
3 137 190 136
3 136 190 191
3 136 191 135
3 135 191 192
3 135 192 134
3 134 192 193
3 134 193 133
3 133 193 194
3 133 194 132
3 132 194 195
3 132 195 131
3 131 195 196
3 131 196 130
3 130 196 197
3 130 197 129
3 129 197 198
3 129 198 128
3 128 198 199
3 128 199 127
3 127 199 200
3 127 200 126
3 126 200 201
3 126 201 125
3 125 201 202
3 125 202 124
3 124 202 203
3 124 203 3
3 3 203 123
3 4 5 164
3 164 5 204
3 164 204 165
3 165 204 205
3 165 205 166
3 166 205 206
3 166 206 167
3 167 206 207
3 167 207 168
3 168 207 208
3 168 208 169
3 169 208 209
3 169 209 170
3 170 209 210
3 170 210 171
3 171 210 211
3 171 211 172
3 172 211 212
3 172 212 173
3 173 212 213
3 173 213 174
3 174 213 214
3 174 214 175
3 175 214 215
3 175 215 176
3 176 215 216
3 176 216 177
3 177 216 217
3 177 217 178
3 178 217 218
3 178 218 179
3 179 218 219
3 179 219 180
3 180 219 220
3 180 220 181
3 181 220 221
3 181 221 182
3 182 221 222
3 182 222 183
3 183 222 223
3 183 223 184
3 184 223 224
3 184 224 185
3 185 224 225
3 185 225 186
3 186 225 226
3 186 226 187
3 187 226 227
3 187 227 188
3 188 227 228
3 188 228 189
3 189 228 229
3 189 229 190
3 190 229 230
3 190 230 191
3 191 230 231
3 191 231 192
3 192 231 232
3 192 232 193
3 193 232 233
3 193 233 194
3 194 233 234
3 194 234 195
3 195 234 235
3 195 235 196
3 196 235 236
3 196 236 197
3 197 236 237
3 197 237 198
3 198 237 238
3 198 238 199
3 199 238 239
3 199 239 200
3 200 239 240
3 200 240 201
3 201 240 241
3 201 241 202
3 202 241 242
3 202 242 203
3 203 242 243
3 203 243 123
3 123 243 122
3 5 6 204
3 204 6 244
3 204 244 205
3 205 244 245
3 205 245 206
3 206 245 246
3 206 246 207
3 207 246 247
3 207 247 208
3 208 247 248
3 208 248 209
3 209 248 249
3 209 249 210
3 210 249 250
3 210 250 211
3 211 250 251
3 211 251 212
3 212 251 252
3 212 252 213
3 213 252 253
3 213 253 214
3 214 253 254
3 214 254 215
3 215 254 255
3 215 255 216
3 216 255 256
3 216 256 217
3 217 256 257
3 217 257 218
3 218 257 258
3 218 258 219
3 219 258 259
3 219 259 220
3 220 259 260
3 220 260 221
3 221 260 261
3 221 261 222
3 222 261 262
3 222 262 223
3 223 262 263
3 223 263 224
3 224 263 264
3 224 264 225
3 225 264 265
3 225 265 226
3 226 265 266
3 226 266 227
3 227 266 267
3 227 267 228
3 228 267 268
3 228 268 229
3 229 268 269
3 229 269 230
3 230 269 270
3 230 270 231
3 231 270 271
3 231 271 232
3 232 271 272
3 232 272 233
3 233 272 273
3 233 273 234
3 234 273 274
3 234 274 235
3 235 274 275
3 235 275 236
3 236 275 276
3 236 276 237
3 237 276 277
3 237 277 238
3 238 277 278
3 238 278 239
3 239 278 279
3 239 279 240
3 240 279 280
3 240 280 241
3 241 280 281
3 241 281 242
3 242 281 282
3 242 282 243
3 243 282 283
3 243 283 122
3 122 283 121
3 6 7 244
3 244 7 284
3 244 284 245
3 245 284 285
3 245 285 246
3 246 285 286
3 246 286 247
3 247 286 287
3 247 287 248
3 248 287 288
3 248 288 249
3 249 288 289
3 249 289 250
3 250 289 290
3 250 290 251
3 251 290 291
3 251 291 252
3 252 291 292
3 252 292 253
3 253 292 293
3 253 293 254
3 254 293 294
3 254 294 255
3 255 294 295
3 255 295 256
3 256 295 296
3 256 296 257
3 257 296 297
3 257 297 258
3 258 297 298
3 258 298 259
3 259 298 299
3 259 299 260
3 260 299 300
3 260 300 261
3 261 300 301
3 261 301 262
3 262 301 302
3 262 302 263
3 263 302 303
3 263 303 264
3 264 303 304
3 264 304 265
3 265 304 305
3 265 305 266
3 266 305 306
3 266 306 267
3 267 306 307
3 267 307 268
3 268 307 308
3 268 308 269
3 269 308 309
3 269 309 270
3 270 309 310
3 270 310 271
3 271 310 311
3 271 311 272
3 272 311 312
3 272 312 273
3 273 312 313
3 273 313 274
3 274 313 314
3 274 314 275
3 275 314 315
3 275 315 276
3 276 315 316
3 276 316 277
3 277 316 317
3 277 317 278
3 278 317 318
3 278 318 279
3 279 318 319
3 279 319 280
3 280 319 320
3 280 320 281
3 281 320 321
3 281 321 282
3 282 321 322
3 282 322 283
3 283 322 323
3 283 323 121
3 121 323 120
3 7 8 284
3 284 8 324
3 284 324 285
3 285 324 325
3 285 325 286
3 286 325 326
3 286 326 287
3 287 326 327
3 287 327 288
3 288 327 328
3 288 328 289
3 289 328 329
3 289 329 290
3 290 329 330
3 290 330 291
3 291 330 331
3 291 331 292
3 292 331 332
3 292 332 293
3 293 332 333
3 293 333 294
3 294 333 334
3 294 334 295
3 295 334 335
3 295 335 296
3 296 335 336
3 296 336 297
3 297 336 337
3 297 337 298
3 298 337 338
3 298 338 299
3 299 338 339
3 299 339 300
3 300 339 340
3 300 340 301
3 301 340 341
3 301 341 302
3 302 341 342
3 302 342 303
3 303 342 343
3 303 343 304
3 304 343 344
3 304 344 305
3 305 344 345
3 305 345 306
3 306 345 346
3 306 346 307
3 307 346 347
3 307 347 308
3 308 347 348
3 308 348 309
3 309 348 349
3 309 349 310
3 310 349 350
3 310 350 311
3 311 350 351
3 311 351 312
3 312 351 352
3 312 352 313
3 313 352 353
3 313 353 314
3 314 353 354
3 314 354 315
3 315 354 355
3 315 355 316
3 316 355 356
3 316 356 317
3 317 356 357
3 317 357 318
3 318 357 358
3 318 358 319
3 319 358 359
3 319 359 320
3 320 359 360
3 320 360 321
3 321 360 361
3 321 361 322
3 322 361 362
3 322 362 323
3 323 362 363
3 323 363 120
3 120 363 119
3 8 9 324
3 324 9 364
3 324 364 325
3 325 364 365
3 325 365 326
3 326 365 366
3 326 366 327
3 327 366 367
3 327 367 328
3 328 367 368
3 328 368 329
3 329 368 369
3 329 369 330
3 330 369 370
3 330 370 331
3 331 370 371
3 331 371 332
3 332 371 372
3 332 372 333
3 333 372 373
3 333 373 334
3 334 373 374
3 334 374 335
3 335 374 375
3 335 375 336
3 336 375 376
3 336 376 337
3 337 376 377
3 337 377 338
3 338 377 378
3 338 378 339
3 339 378 379
3 339 379 340
3 340 379 380
3 340 380 341
3 341 380 381
3 341 381 342
3 342 381 382
3 342 382 343
3 343 382 383
3 343 383 344
3 344 383 384
3 344 384 345
3 345 384 385
3 345 385 346
3 346 385 386
3 346 386 347
3 347 386 387
3 347 387 348
3 348 387 388
3 348 388 349
3 349 388 389
3 349 389 350
3 350 389 390
3 350 390 351
3 351 390 391
3 351 391 352
3 352 391 392
3 352 392 353
3 353 392 393
3 353 393 354
3 354 393 394
3 354 394 355
3 355 394 395
3 355 395 356
3 356 395 396
3 356 396 357
3 357 396 397
3 357 397 358
3 358 397 398
3 358 398 359
3 359 398 399
3 359 399 360
3 360 399 400
3 360 400 361
3 361 400 401
3 361 401 362
3 362 401 402
3 362 402 363
3 363 402 403
3 363 403 119
3 119 403 118
3 9 10 364
3 364 10 404
3 364 404 365
3 365 404 405
3 365 405 366
3 366 405 406
3 366 406 367
3 367 406 407
3 367 407 368
3 368 407 408
3 368 408 369
3 369 408 409
3 369 409 370
3 370 409 410
3 370 410 371
3 371 410 411
3 371 411 372
3 372 411 412
3 372 412 373
3 373 412 413
3 373 413 374
3 374 413 414
3 374 414 375
3 375 414 415
3 375 415 376
3 376 415 416
3 376 416 377
3 377 416 417
3 377 417 378
3 378 417 418
3 378 418 379
3 379 418 419
3 379 419 380
3 380 419 420
3 380 420 381
3 381 420 421
3 381 421 382
3 382 421 422
3 382 422 383
3 383 422 423
3 383 423 384
3 384 423 424
3 384 424 385
3 385 424 425
3 385 425 386
3 386 425 426
3 386 426 387
3 387 426 427
3 387 427 388
3 388 427 428
3 388 428 389
3 389 428 429
3 389 429 390
3 390 429 430
3 390 430 391
3 391 430 431
3 391 431 392
3 392 431 432
3 392 432 393
3 393 432 433
3 393 433 394
3 394 433 434
3 394 434 395
3 395 434 435
3 395 435 396
3 396 435 436
3 396 436 397
3 397 436 437
3 397 437 398
3 398 437 438
3 398 438 399
3 399 438 439
3 399 439 400
3 400 439 440
3 400 440 401
3 401 440 441
3 401 441 402
3 402 441 442
3 402 442 403
3 403 442 443
3 403 443 118
3 118 443 117
3 10 11 404
3 404 11 444
3 404 444 405
3 405 444 445
3 405 445 406
3 406 445 446
3 406 446 407
3 407 446 447
3 407 447 408
3 408 447 448
3 408 448 409
3 409 448 449
3 409 449 410
3 410 449 450
3 410 450 411
3 411 450 451
3 411 451 412
3 412 451 452
3 412 452 413
3 413 452 453
3 413 453 414
3 414 453 454
3 414 454 415
3 415 454 455
3 415 455 416
3 416 455 456
3 416 456 417
3 417 456 457
3 417 457 418
3 418 457 458
3 418 458 419
3 419 458 459
3 419 459 420
3 420 459 460
3 420 460 421
3 421 460 461
3 421 461 422
3 422 461 462
3 422 462 423
3 423 462 463
3 423 463 424
3 424 463 464
3 424 464 425
3 425 464 465
3 425 465 426
3 426 465 466
3 426 466 427
3 427 466 467
3 427 467 428
3 428 467 468
3 428 468 429
3 429 468 469
3 429 469 430
3 430 469 470
3 430 470 431
3 431 470 471
3 431 471 432
3 432 471 472
3 432 472 433
3 433 472 473
3 433 473 434
3 434 473 474
3 434 474 435
3 435 474 475
3 435 475 436
3 436 475 476
3 436 476 437
3 437 476 477
3 437 477 438
3 438 477 478
3 438 478 439
3 439 478 479
3 439 479 440
3 440 479 480
3 440 480 441
3 441 480 481
3 441 481 442
3 442 481 482
3 442 482 443
3 443 482 483
3 443 483 117
3 117 483 116
3 11 12 444
3 444 12 484
3 444 484 445
3 445 484 485
3 445 485 446
3 446 485 486
3 446 486 447
3 447 486 487
3 447 487 448
3 448 487 488
3 448 488 449
3 449 488 489
3 449 489 450
3 450 489 490
3 450 490 451
3 451 490 491
3 451 491 452
3 452 491 492
3 452 492 453
3 453 492 493
3 453 493 454
3 454 493 494
3 454 494 455
3 455 494 495
3 455 495 456
3 456 495 496
3 456 496 457
3 457 496 497
3 457 497 458
3 458 497 498
3 458 498 459
3 459 498 499
3 459 499 460
3 460 499 500
3 460 500 461
3 461 500 501
3 461 501 462
3 462 501 502
3 462 502 463
3 463 502 503
3 463 503 464
3 464 503 504
3 464 504 465
3 465 504 505
3 465 505 466
3 466 505 506
3 466 506 467
3 467 506 507
3 467 507 468
3 468 507 508
3 468 508 469
3 469 508 509
3 469 509 470
3 470 509 510
3 470 510 471
3 471 510 511
3 471 511 472
3 472 511 512
3 472 512 473
3 473 512 513
3 473 513 474
3 474 513 514
3 474 514 475
3 475 514 515
3 475 515 476
3 476 515 516
3 476 516 477
3 477 516 517
3 477 517 478
3 478 517 518
3 478 518 479
3 479 518 519
3 479 519 480
3 480 519 520
3 480 520 481
3 481 520 521
3 481 521 482
3 482 521 522
3 482 522 483
3 483 522 523
3 483 523 116
3 116 523 115
3 12 13 484
3 484 13 524
3 484 524 485
3 485 524 525
3 485 525 486
3 486 525 526
3 486 526 487
3 487 526 527
3 487 527 488
3 488 527 528
3 488 528 489
3 489 528 529
3 489 529 490
3 490 529 530
3 490 530 491
3 491 530 531
3 491 531 492
3 492 531 532
3 492 532 493
3 493 532 533
3 493 533 494
3 494 533 534
3 494 534 495
3 495 534 535
3 495 535 496
3 496 535 536
3 496 536 497
3 497 536 537
3 497 537 498
3 498 537 538
3 498 538 499
3 499 538 539
3 499 539 500
3 500 539 540
3 500 540 501
3 501 540 541
3 501 541 502
3 502 541 542
3 502 542 503
3 503 542 543
3 503 543 504
3 504 543 544
3 504 544 505
3 505 544 545
3 505 545 506
3 506 545 546
3 506 546 507
3 507 546 547
3 507 547 508
3 508 547 548
3 508 548 509
3 509 548 549
3 509 549 510
3 510 549 550
3 510 550 511
3 511 550 551
3 511 551 512
3 512 551 552
3 512 552 513
3 513 552 553
3 513 553 514
3 514 553 554
3 514 554 515
3 515 554 555
3 515 555 516
3 516 555 556
3 516 556 517
3 517 556 557
3 517 557 518
3 518 557 558
3 518 558 519
3 519 558 559
3 519 559 520
3 520 559 560
3 520 560 521
3 521 560 561
3 521 561 522
3 522 561 562
3 522 562 523
3 523 562 563
3 523 563 115
3 115 563 114
3 13 14 524
3 524 14 564
3 524 564 525
3 525 564 565
3 525 565 526
3 526 565 566
3 526 566 527
3 527 566 567
3 527 567 528
3 528 567 568
3 528 568 529
3 529 568 569
3 529 569 530
3 530 569 570
3 530 570 531
3 531 570 571
3 531 571 532
3 532 571 572
3 532 572 533
3 533 572 573
3 533 573 534
3 534 573 574
3 534 574 535
3 535 574 575
3 535 575 536
3 536 575 576
3 536 576 537
3 537 576 577
3 537 577 538
3 538 577 578
3 538 578 539
3 539 578 579
3 539 579 540
3 540 579 580
3 540 580 541
3 541 580 581
3 541 581 542
3 542 581 582
3 542 582 543
3 543 582 583
3 543 583 544
3 544 583 584
3 544 584 545
3 545 584 585
3 545 585 546
3 546 585 586
3 546 586 547
3 547 586 587
3 547 587 548
3 548 587 588
3 548 588 549
3 549 588 589
3 549 589 550
3 550 589 590
3 550 590 551
3 551 590 591
3 551 591 552
3 552 591 592
3 552 592 553
3 553 592 593
3 553 593 554
3 554 593 594
3 554 594 555
3 555 594 595
3 555 595 556
3 556 595 596
3 556 596 557
3 557 596 597
3 557 597 558
3 558 597 598
3 558 598 559
3 559 598 599
3 559 599 560
3 560 599 600
3 560 600 561
3 561 600 601
3 561 601 562
3 562 601 602
3 562 602 563
3 563 602 603
3 563 603 114
3 114 603 113
3 14 15 564
3 564 15 604
3 564 604 565
3 565 604 605
3 565 605 566
3 566 605 606
3 566 606 567
3 567 606 607
3 567 607 568
3 568 607 608
3 568 608 569
3 569 608 609
3 569 609 570
3 570 609 610
3 570 610 571
3 571 610 611
3 571 611 572
3 572 611 612
3 572 612 573
3 573 612 613
3 573 613 574
3 574 613 614
3 574 614 575
3 575 614 615
3 575 615 576
3 576 615 616
3 576 616 577
3 577 616 617
3 577 617 578
3 578 617 618
3 578 618 579
3 579 618 619
3 579 619 580
3 580 619 620
3 580 620 581
3 581 620 621
3 581 621 582
3 582 621 622
3 582 622 583
3 583 622 623
3 583 623 584
3 584 623 624
3 584 624 585
3 585 624 625
3 585 625 586
3 586 625 626
3 586 626 587
3 587 626 627
3 587 627 588
3 588 627 628
3 588 628 589
3 589 628 629
3 589 629 590
3 590 629 630
3 590 630 591
3 591 630 631
3 591 631 592
3 592 631 632
3 592 632 593
3 593 632 633
3 593 633 594
3 594 633 634
3 594 634 595
3 595 634 635
3 595 635 596
3 596 635 636
3 596 636 597
3 597 636 637
3 597 637 598
3 598 637 638
3 598 638 599
3 599 638 639
3 599 639 600
3 600 639 640
3 600 640 601
3 601 640 641
3 601 641 602
3 602 641 642
3 602 642 603
3 603 642 643
3 603 643 113
3 113 643 112
3 15 16 604
3 604 16 644
3 604 644 605
3 605 644 645
3 605 645 606
3 606 645 646
3 606 646 607
3 607 646 647
3 607 647 608
3 608 647 648
3 608 648 609
3 609 648 649
3 609 649 610
3 610 649 650
3 610 650 611
3 611 650 651
3 611 651 612
3 612 651 652
3 612 652 613
3 613 652 653
3 613 653 614
3 614 653 654
3 614 654 615
3 615 654 655
3 615 655 616
3 616 655 656
3 616 656 617
3 617 656 657
3 617 657 618
3 618 657 658
3 618 658 619
3 619 658 659
3 619 659 620
3 620 659 660
3 620 660 621
3 621 660 661
3 621 661 622
3 622 661 662
3 622 662 623
3 623 662 663
3 623 663 624
3 624 663 664
3 624 664 625
3 625 664 665
3 625 665 626
3 626 665 666
3 626 666 627
3 627 666 667
3 627 667 628
3 628 667 668
3 628 668 629
3 629 668 669
3 629 669 630
3 630 669 670
3 630 670 631
3 631 670 671
3 631 671 632
3 632 671 672
3 632 672 633
3 633 672 673
3 633 673 634
3 634 673 674
3 634 674 635
3 635 674 675
3 635 675 636
3 636 675 676
3 636 676 637
3 637 676 677
3 637 677 638
3 638 677 678
3 638 678 639
3 639 678 679
3 639 679 640
3 640 679 680
3 640 680 641
3 641 680 681
3 641 681 642
3 642 681 682
3 642 682 643
3 643 682 683
3 643 683 112
3 112 683 111
3 16 17 644
3 644 17 684
3 644 684 645
3 645 684 685
3 645 685 646
3 646 685 686
3 646 686 647
3 647 686 687
3 647 687 648
3 648 687 688
3 648 688 649
3 649 688 689
3 649 689 650
3 650 689 690
3 650 690 651
3 651 690 691
3 651 691 652
3 652 691 692
3 652 692 653
3 653 692 693
3 653 693 654
3 654 693 694
3 654 694 655
3 655 694 695
3 655 695 656
3 656 695 696
3 656 696 657
3 657 696 697
3 657 697 658
3 658 697 698
3 658 698 659
3 659 698 699
3 659 699 660
3 660 699 700
3 660 700 661
3 661 700 701
3 661 701 662
3 662 701 702
3 662 702 663
3 663 702 703
3 663 703 664
3 664 703 704
3 664 704 665
3 665 704 705
3 665 705 666
3 666 705 706
3 666 706 667
3 667 706 707
3 667 707 668
3 668 707 708
3 668 708 669
3 669 708 709
3 669 709 670
3 670 709 710
3 670 710 671
3 671 710 711
3 671 711 672
3 672 711 712
3 672 712 673
3 673 712 713
3 673 713 674
3 674 713 714
3 674 714 675
3 675 714 715
3 675 715 676
3 676 715 716
3 676 716 677
3 677 716 717
3 677 717 678
3 678 717 718
3 678 718 679
3 679 718 719
3 679 719 680
3 680 719 720
3 680 720 681
3 681 720 721
3 681 721 682
3 682 721 722
3 682 722 683
3 683 722 723
3 683 723 111
3 111 723 110
3 17 18 684
3 684 18 724
3 684 724 685
3 685 724 725
3 685 725 686
3 686 725 726
3 686 726 687
3 687 726 727
3 687 727 688
3 688 727 728
3 688 728 689
3 689 728 729
3 689 729 690
3 690 729 730
3 690 730 691
3 691 730 731
3 691 731 692
3 692 731 732
3 692 732 693
3 693 732 733
3 693 733 694
3 694 733 734
3 694 734 695
3 695 734 735
3 695 735 696
3 696 735 736
3 696 736 697
3 697 736 737
3 697 737 698
3 698 737 738
3 698 738 699
3 699 738 739
3 699 739 700
3 700 739 740
3 700 740 701
3 701 740 741
3 701 741 702
3 702 741 742
3 702 742 703
3 703 742 743
3 703 743 704
3 704 743 744
3 704 744 705
3 705 744 745
3 705 745 706
3 706 745 746
3 706 746 707
3 707 746 747
3 707 747 708
3 708 747 748
3 708 748 709
3 709 748 749
3 709 749 710
3 710 749 750
3 710 750 711
3 711 750 751
3 711 751 712
3 712 751 752
3 712 752 713
3 713 752 753
3 713 753 714
3 714 753 754
3 714 754 715
3 715 754 755
3 715 755 716
3 716 755 756
3 716 756 717
3 717 756 757
3 717 757 718
3 718 757 758
3 718 758 719
3 719 758 759
3 719 759 720
3 720 759 760
3 720 760 721
3 721 760 761
3 721 761 722
3 722 761 762
3 722 762 723
3 723 762 763
3 723 763 110
3 110 763 109
3 18 19 724
3 724 19 764
3 724 764 725
3 725 764 765
3 725 765 726
3 726 765 766
3 726 766 727
3 727 766 767
3 727 767 728
3 728 767 768
3 728 768 729
3 729 768 769
3 729 769 730
3 730 769 770
3 730 770 731
3 731 770 771
3 731 771 732
3 732 771 772
3 732 772 733
3 733 772 773
3 733 773 734
3 734 773 774
3 734 774 735
3 735 774 775
3 735 775 736
3 736 775 776
3 736 776 737
3 737 776 777
3 737 777 738
3 738 777 778
3 738 778 739
3 739 778 779
3 739 779 740
3 740 779 780
3 740 780 741
3 741 780 781
3 741 781 742
3 742 781 782
3 742 782 743
3 743 782 783
3 743 783 744
3 744 783 784
3 744 784 745
3 745 784 785
3 745 785 746
3 746 785 786
3 746 786 747
3 747 786 787
3 747 787 748
3 748 787 788
3 748 788 749
3 749 788 789
3 749 789 750
3 750 789 790
3 750 790 751
3 751 790 791
3 751 791 752
3 752 791 792
3 752 792 753
3 753 792 793
3 753 793 754
3 754 793 794
3 754 794 755
3 755 794 795
3 755 795 756
3 756 795 796
3 756 796 757
3 757 796 797
3 757 797 758
3 758 797 798
3 758 798 759
3 759 798 799
3 759 799 760
3 760 799 800
3 760 800 761
3 761 800 801
3 761 801 762
3 762 801 802
3 762 802 763
3 763 802 803
3 763 803 109
3 109 803 108
3 19 20 764
3 764 20 804
3 764 804 765
3 765 804 805
3 765 805 766
3 766 805 806
3 766 806 767
3 767 806 807
3 767 807 768
3 768 807 808
3 768 808 769
3 769 808 809
3 769 809 770
3 770 809 810
3 770 810 771
3 771 810 811
3 771 811 772
3 772 811 812
3 772 812 773
3 773 812 813
3 773 813 774
3 774 813 814
3 774 814 775
3 775 814 815
3 775 815 776
3 776 815 816
3 776 816 777
3 777 816 817
3 777 817 778
3 778 817 818
3 778 818 779
3 779 818 819
3 779 819 780
3 780 819 820
3 780 820 781
3 781 820 821
3 781 821 782
3 782 821 822
3 782 822 783
3 783 822 823
3 783 823 784
3 784 823 824
3 784 824 785
3 785 824 825
3 785 825 786
3 786 825 826
3 786 826 787
3 787 826 827
3 787 827 788
3 788 827 828
3 788 828 789
3 789 828 829
3 789 829 790
3 790 829 830
3 790 830 791
3 791 830 831
3 791 831 792
3 792 831 832
3 792 832 793
3 793 832 833
3 793 833 794
3 794 833 834
3 794 834 795
3 795 834 835
3 795 835 796
3 796 835 836
3 796 836 797
3 797 836 837
3 797 837 798
3 798 837 838
3 798 838 799
3 799 838 839
3 799 839 800
3 800 839 840
3 800 840 801
3 801 840 841
3 801 841 802
3 802 841 842
3 802 842 803
3 803 842 843
3 803 843 108
3 108 843 107
3 20 21 804
3 804 21 844
3 804 844 805
3 805 844 845
3 805 845 806
3 806 845 846
3 806 846 807
3 807 846 847
3 807 847 808
3 808 847 848
3 808 848 809
3 809 848 849
3 809 849 810
3 810 849 850
3 810 850 811
3 811 850 851
3 811 851 812
3 812 851 852
3 812 852 813
3 813 852 853
3 813 853 814
3 814 853 854
3 814 854 815
3 815 854 855
3 815 855 816
3 816 855 856
3 816 856 817
3 817 856 857
3 817 857 818
3 818 857 858
3 818 858 819
3 819 858 859
3 819 859 820
3 820 859 860
3 820 860 821
3 821 860 861
3 821 861 822
3 822 861 862
3 822 862 823
3 823 862 863
3 823 863 824
3 824 863 864
3 824 864 825
3 825 864 865
3 825 865 826
3 826 865 866
3 826 866 827
3 827 866 867
3 827 867 828
3 828 867 868
3 828 868 829
3 829 868 869
3 829 869 830
3 830 869 870
3 830 870 831
3 831 870 871
3 831 871 832
3 832 871 872
3 832 872 833
3 833 872 873
3 833 873 834
3 834 873 874
3 834 874 835
3 835 874 875
3 835 875 836
3 836 875 876
3 836 876 837
3 837 876 877
3 837 877 838
3 838 877 878
3 838 878 839
3 839 878 879
3 839 879 840
3 840 879 880
3 840 880 841
3 841 880 881
3 841 881 842
3 842 881 882
3 842 882 843
3 843 882 883
3 843 883 107
3 107 883 106
3 21 22 844
3 844 22 884
3 844 884 845
3 845 884 885
3 845 885 846
3 846 885 886
3 846 886 847
3 847 886 887
3 847 887 848
3 848 887 888
3 848 888 849
3 849 888 889
3 849 889 850
3 850 889 890
3 850 890 851
3 851 890 891
3 851 891 852
3 852 891 892
3 852 892 853
3 853 892 893
3 853 893 854
3 854 893 894
3 854 894 855
3 855 894 895
3 855 895 856
3 856 895 896
3 856 896 857
3 857 896 897
3 857 897 858
3 858 897 898
3 858 898 859
3 859 898 899
3 859 899 860
3 860 899 900
3 860 900 861
3 861 900 901
3 861 901 862
3 862 901 902
3 862 902 863
3 863 902 903
3 863 903 864
3 864 903 904
3 864 904 865
3 865 904 905
3 865 905 866
3 866 905 906
3 866 906 867
3 867 906 907
3 867 907 868
3 868 907 908
3 868 908 869
3 869 908 909
3 869 909 870
3 870 909 910
3 870 910 871
3 871 910 911
3 871 911 872
3 872 911 912
3 872 912 873
3 873 912 913
3 873 913 874
3 874 913 914
3 874 914 875
3 875 914 915
3 875 915 876
3 876 915 916
3 876 916 877
3 877 916 917
3 877 917 878
3 878 917 918
3 878 918 879
3 879 918 919
3 879 919 880
3 880 919 920
3 880 920 881
3 881 920 921
3 881 921 882
3 882 921 922
3 882 922 883
3 883 922 923
3 883 923 106
3 106 923 105
3 22 23 884
3 884 23 924
3 884 924 885
3 885 924 925
3 885 925 886
3 886 925 926
3 886 926 887
3 887 926 927
3 887 927 888
3 888 927 928
3 888 928 889
3 889 928 929
3 889 929 890
3 890 929 930
3 890 930 891
3 891 930 931
3 891 931 892
3 892 931 932
3 892 932 893
3 893 932 933
3 893 933 894
3 894 933 934
3 894 934 895
3 895 934 935
3 895 935 896
3 896 935 936
3 896 936 897
3 897 936 937
3 897 937 898
3 898 937 938
3 898 938 899
3 899 938 939
3 899 939 900
3 900 939 940
3 900 940 901
3 901 940 941
3 901 941 902
3 902 941 942
3 902 942 903
3 903 942 943
3 903 943 904
3 904 943 944
3 904 944 905
3 905 944 945
3 905 945 906
3 906 945 946
3 906 946 907
3 907 946 947
3 907 947 908
3 908 947 948
3 908 948 909
3 909 948 949
3 909 949 910
3 910 949 950
3 910 950 911
3 911 950 951
3 911 951 912
3 912 951 952
3 912 952 913
3 913 952 953
3 913 953 914
3 914 953 954
3 914 954 915
3 915 954 955
3 915 955 916
3 916 955 956
3 916 956 917
3 917 956 957
3 917 957 918
3 918 957 958
3 918 958 919
3 919 958 959
3 919 959 920
3 920 959 960
3 920 960 921
3 921 960 961
3 921 961 922
3 922 961 962
3 922 962 923
3 923 962 963
3 923 963 105
3 105 963 104
3 24 25 964
3 964 25 1004
3 964 1004 965
3 965 1004 1005
3 965 1005 966
3 966 1005 1006
3 966 1006 967
3 967 1006 1007
3 967 1007 968
3 968 1007 1008
3 968 1008 969
3 969 1008 1009
3 969 1009 970
3 970 1009 1010
3 970 1010 971
3 971 1010 1011
3 971 1011 972
3 972 1011 1012
3 972 1012 973
3 973 1012 1013
3 973 1013 974
3 974 1013 1014
3 974 1014 975
3 975 1014 1015
3 975 1015 976
3 976 1015 1016
3 976 1016 977
3 977 1016 1017
3 977 1017 978
3 978 1017 1018
3 978 1018 979
3 979 1018 1019
3 979 1019 980
3 980 1019 1020
3 980 1020 981
3 981 1020 1021
3 981 1021 982
3 982 1021 1022
3 982 1022 983
3 983 1022 1023
3 983 1023 984
3 984 1023 1024
3 984 1024 985
3 985 1024 1025
3 985 1025 986
3 986 1025 1026
3 986 1026 987
3 987 1026 1027
3 987 1027 988
3 988 1027 1028
3 988 1028 989
3 989 1028 1029
3 989 1029 990
3 990 1029 1030
3 990 1030 991
3 991 1030 1031
3 991 1031 992
3 992 1031 1032
3 992 1032 993
3 993 1032 1033
3 993 1033 994
3 994 1033 1034
3 994 1034 995
3 995 1034 1035
3 995 1035 996
3 996 1035 1036
3 996 1036 997
3 997 1036 1037
3 997 1037 998
3 998 1037 1038
3 998 1038 999
3 999 1038 1039
3 999 1039 1000
3 1000 1039 1040
3 1000 1040 1001
3 1001 1040 1041
3 1001 1041 1002
3 1002 1041 1042
3 1002 1042 1003
3 1003 1042 1043
3 1003 1043 103
3 103 1043 102
3 25 26 1004
3 1004 26 1044
3 1004 1044 1005
3 1005 1044 1045
3 1005 1045 1006
3 1006 1045 1046
3 1006 1046 1007
3 1007 1046 1047
3 1007 1047 1008
3 1008 1047 1048
3 1008 1048 1009
3 1009 1048 1049
3 1009 1049 1010
3 1010 1049 1050
3 1010 1050 1011
3 1011 1050 1051
3 1011 1051 1012
3 1012 1051 1052
3 1012 1052 1013
3 1013 1052 1053
3 1013 1053 1014
3 1014 1053 1054
3 1014 1054 1015
3 1015 1054 1055
3 1015 1055 1016
3 1016 1055 1056
3 1016 1056 1017
3 1017 1056 1057
3 1017 1057 1018
3 1018 1057 1058
3 1018 1058 1019
3 1019 1058 1059
3 1019 1059 1020
3 1020 1059 1060
3 1020 1060 1021
3 1021 1060 1061
3 1021 1061 1022
3 1022 1061 1062
3 1022 1062 1023
3 1023 1062 1063
3 1023 1063 1024
3 1024 1063 1064
3 1024 1064 1025
3 1025 1064 1065
3 1025 1065 1026
3 1026 1065 1066
3 1026 1066 1027
3 1027 1066 1067
3 1027 1067 1028
3 1028 1067 1068
3 1028 1068 1029
3 1029 1068 1069
3 1029 1069 1030
3 1030 1069 1070
3 1030 1070 1031
3 1031 1070 1071
3 1031 1071 1032
3 1032 1071 1072
3 1032 1072 1033
3 1033 1072 1073
3 1033 1073 1034
3 1034 1073 1074
3 1034 1074 1035
3 1035 1074 1075
3 1035 1075 1036
3 1036 1075 1076
3 1036 1076 1037
3 1037 1076 1077
3 1037 1077 1038
3 1038 1077 1078
3 1038 1078 1039
3 1039 1078 1079
3 1039 1079 1040
3 1040 1079 1080
3 1040 1080 1041
3 1041 1080 1081
3 1041 1081 1042
3 1042 1081 1082
3 1042 1082 1043
3 1043 1082 1083
3 1043 1083 102
3 102 1083 101
3 26 27 1044
3 1044 27 1084
3 1044 1084 1045
3 1045 1084 1085
3 1045 1085 1046
3 1046 1085 1086
3 1046 1086 1047
3 1047 1086 1087
3 1047 1087 1048
3 1048 1087 1088
3 1048 1088 1049
3 1049 1088 1089
3 1049 1089 1050
3 1050 1089 1090
3 1050 1090 1051
3 1051 1090 1091
3 1051 1091 1052
3 1052 1091 1092
3 1052 1092 1053
3 1053 1092 1093
3 1053 1093 1054
3 1054 1093 1094
3 1054 1094 1055
3 1055 1094 1095
3 1055 1095 1056
3 1056 1095 1096
3 1056 1096 1057
3 1057 1096 1097
3 1057 1097 1058
3 1058 1097 1098
3 1058 1098 1059
3 1059 1098 1099
3 1059 1099 1060
3 1060 1099 1100
3 1060 1100 1061
3 1061 1100 1101
3 1061 1101 1062
3 1062 1101 1102
3 1062 1102 1063
3 1063 1102 1103
3 1063 1103 1064
3 1064 1103 1104
3 1064 1104 1065
3 1065 1104 1105
3 1065 1105 1066
3 1066 1105 1106
3 1066 1106 1067
3 1067 1106 1107
3 1067 1107 1068
3 1068 1107 1108
3 1068 1108 1069
3 1069 1108 1109
3 1069 1109 1070
3 1070 1109 1110
3 1070 1110 1071
3 1071 1110 1111
3 1071 1111 1072
3 1072 1111 1112
3 1072 1112 1073
3 1073 1112 1113
3 1073 1113 1074
3 1074 1113 1114
3 1074 1114 1075
3 1075 1114 1115
3 1075 1115 1076
3 1076 1115 1116
3 1076 1116 1077
3 1077 1116 1117
3 1077 1117 1078
3 1078 1117 1118
3 1078 1118 1079
3 1079 1118 1119
3 1079 1119 1080
3 1080 1119 1120
3 1080 1120 1081
3 1081 1120 1121
3 1081 1121 1082
3 1082 1121 1122
3 1082 1122 1083
3 1083 1122 1123
3 1083 1123 101
3 101 1123 100
3 27 28 1084
3 1084 28 1124
3 1084 1124 1085
3 1085 1124 1125
3 1085 1125 1086
3 1086 1125 1126
3 1086 1126 1087
3 1087 1126 1127
3 1087 1127 1088
3 1088 1127 1128
3 1088 1128 1089
3 1089 1128 1129
3 1089 1129 1090
3 1090 1129 1130
3 1090 1130 1091
3 1091 1130 1131
3 1091 1131 1092
3 1092 1131 1132
3 1092 1132 1093
3 1093 1132 1133
3 1093 1133 1094
3 1094 1133 1134
3 1094 1134 1095
3 1095 1134 1135
3 1095 1135 1096
3 1096 1135 1136
3 1096 1136 1097
3 1097 1136 1137
3 1097 1137 1098
3 1098 1137 1138
3 1098 1138 1099
3 1099 1138 1139
3 1099 1139 1100
3 1100 1139 1140
3 1100 1140 1101
3 1101 1140 1141
3 1101 1141 1102
3 1102 1141 1142
3 1102 1142 1103
3 1103 1142 1143
3 1103 1143 1104
3 1104 1143 1144
3 1104 1144 1105
3 1105 1144 1145
3 1105 1145 1106
3 1106 1145 1146
3 1106 1146 1107
3 1107 1146 1147
3 1107 1147 1108
3 1108 1147 1148
3 1108 1148 1109
3 1109 1148 1149
3 1109 1149 1110
3 1110 1149 1150
3 1110 1150 1111
3 1111 1150 1151
3 1111 1151 1112
3 1112 1151 1152
3 1112 1152 1113
3 1113 1152 1153
3 1113 1153 1114
3 1114 1153 1154
3 1114 1154 1115
3 1115 1154 1155
3 1115 1155 1116
3 1116 1155 1156
3 1116 1156 1117
3 1117 1156 1157
3 1117 1157 1118
3 1118 1157 1158
3 1118 1158 1119
3 1119 1158 1159
3 1119 1159 1120
3 1120 1159 1160
3 1120 1160 1121
3 1121 1160 1161
3 1121 1161 1122
3 1122 1161 1162
3 1122 1162 1123
3 1123 1162 1163
3 1123 1163 100
3 100 1163 99
3 28 29 1124
3 1124 29 1164
3 1124 1164 1125
3 1125 1164 1165
3 1125 1165 1126
3 1126 1165 1166
3 1126 1166 1127
3 1127 1166 1167
3 1127 1167 1128
3 1128 1167 1168
3 1128 1168 1129
3 1129 1168 1169
3 1129 1169 1130
3 1130 1169 1170
3 1130 1170 1131
3 1131 1170 1171
3 1131 1171 1132
3 1132 1171 1172
3 1132 1172 1133
3 1133 1172 1173
3 1133 1173 1134
3 1134 1173 1174
3 1134 1174 1135
3 1135 1174 1175
3 1135 1175 1136
3 1136 1175 1176
3 1136 1176 1137
3 1137 1176 1177
3 1137 1177 1138
3 1138 1177 1178
3 1138 1178 1139
3 1139 1178 1179
3 1139 1179 1140
3 1140 1179 1180
3 1140 1180 1141
3 1141 1180 1181
3 1141 1181 1142
3 1142 1181 1182
3 1142 1182 1143
3 1143 1182 1183
3 1143 1183 1144
3 1144 1183 1184
3 1144 1184 1145
3 1145 1184 1185
3 1145 1185 1146
3 1146 1185 1186
3 1146 1186 1147
3 1147 1186 1187
3 1147 1187 1148
3 1148 1187 1188
3 1148 1188 1149
3 1149 1188 1189
3 1149 1189 1150
3 1150 1189 1190
3 1150 1190 1151
3 1151 1190 1191
3 1151 1191 1152
3 1152 1191 1192
3 1152 1192 1153
3 1153 1192 1193
3 1153 1193 1154
3 1154 1193 1194
3 1154 1194 1155
3 1155 1194 1195
3 1155 1195 1156
3 1156 1195 1196
3 1156 1196 1157
3 1157 1196 1197
3 1157 1197 1158
3 1158 1197 1198
3 1158 1198 1159
3 1159 1198 1199
3 1159 1199 1160
3 1160 1199 1200
3 1160 1200 1161
3 1161 1200 1201
3 1161 1201 1162
3 1162 1201 1202
3 1162 1202 1163
3 1163 1202 1203
3 1163 1203 99
3 99 1203 98
3 29 30 1164
3 1164 30 1204
3 1164 1204 1165
3 1165 1204 1205
3 1165 1205 1166
3 1166 1205 1206
3 1166 1206 1167
3 1167 1206 1207
3 1167 1207 1168
3 1168 1207 1208
3 1168 1208 1169
3 1169 1208 1209
3 1169 1209 1170
3 1170 1209 1210
3 1170 1210 1171
3 1171 1210 1211
3 1171 1211 1172
3 1172 1211 1212
3 1172 1212 1173
3 1173 1212 1213
3 1173 1213 1174
3 1174 1213 1214
3 1174 1214 1175
3 1175 1214 1215
3 1175 1215 1176
3 1176 1215 1216
3 1176 1216 1177
3 1177 1216 1217
3 1177 1217 1178
3 1178 1217 1218
3 1178 1218 1179
3 1179 1218 1219
3 1179 1219 1180
3 1180 1219 1220
3 1180 1220 1181
3 1181 1220 1221
3 1181 1221 1182
3 1182 1221 1222
3 1182 1222 1183
3 1183 1222 1223
3 1183 1223 1184
3 1184 1223 1224
3 1184 1224 1185
3 1185 1224 1225
3 1185 1225 1186
3 1186 1225 1226
3 1186 1226 1187
3 1187 1226 1227
3 1187 1227 1188
3 1188 1227 1228
3 1188 1228 1189
3 1189 1228 1229
3 1189 1229 1190
3 1190 1229 1230
3 1190 1230 1191
3 1191 1230 1231
3 1191 1231 1192
3 1192 1231 1232
3 1192 1232 1193
3 1193 1232 1233
3 1193 1233 1194
3 1194 1233 1234
3 1194 1234 1195
3 1195 1234 1235
3 1195 1235 1196
3 1196 1235 1236
3 1196 1236 1197
3 1197 1236 1237
3 1197 1237 1198
3 1198 1237 1238
3 1198 1238 1199
3 1199 1238 1239
3 1199 1239 1200
3 1200 1239 1240
3 1200 1240 1201
3 1201 1240 1241
3 1201 1241 1202
3 1202 1241 1242
3 1202 1242 1203
3 1203 1242 1243
3 1203 1243 98
3 98 1243 97
3 30 31 1204
3 1204 31 1244
3 1204 1244 1205
3 1205 1244 1245
3 1205 1245 1206
3 1206 1245 1246
3 1206 1246 1207
3 1207 1246 1247
3 1207 1247 1208
3 1208 1247 1248
3 1208 1248 1209
3 1209 1248 1249
3 1209 1249 1210
3 1210 1249 1250
3 1210 1250 1211
3 1211 1250 1251
3 1211 1251 1212
3 1212 1251 1252
3 1212 1252 1213
3 1213 1252 1253
3 1213 1253 1214
3 1214 1253 1254
3 1214 1254 1215
3 1215 1254 1255
3 1215 1255 1216
3 1216 1255 1256
3 1216 1256 1217
3 1217 1256 1257
3 1217 1257 1218
3 1218 1257 1258
3 1218 1258 1219
3 1219 1258 1259
3 1219 1259 1220
3 1220 1259 1260
3 1220 1260 1221
3 1221 1260 1261
3 1221 1261 1222
3 1222 1261 1262
3 1222 1262 1223
3 1223 1262 1263
3 1223 1263 1224
3 1224 1263 1264
3 1224 1264 1225
3 1225 1264 1265
3 1225 1265 1226
3 1226 1265 1266
3 1226 1266 1227
3 1227 1266 1267
3 1227 1267 1228
3 1228 1267 1268
3 1228 1268 1229
3 1229 1268 1269
3 1229 1269 1230
3 1230 1269 1270
3 1230 1270 1231
3 1231 1270 1271
3 1231 1271 1232
3 1232 1271 1272
3 1232 1272 1233
3 1233 1272 1273
3 1233 1273 1234
3 1234 1273 1274
3 1234 1274 1235
3 1235 1274 1275
3 1235 1275 1236
3 1236 1275 1276
3 1236 1276 1237
3 1237 1276 1277
3 1237 1277 1238
3 1238 1277 1278
3 1238 1278 1239
3 1239 1278 1279
3 1239 1279 1240
3 1240 1279 1280
3 1240 1280 1241
3 1241 1280 1281
3 1241 1281 1242
3 1242 1281 1282
3 1242 1282 1243
3 1243 1282 1283
3 1243 1283 97
3 97 1283 96
3 31 32 1244
3 1244 32 1284
3 1244 1284 1245
3 1245 1284 1285
3 1245 1285 1246
3 1246 1285 1286
3 1246 1286 1247
3 1247 1286 1287
3 1247 1287 1248
3 1248 1287 1288
3 1248 1288 1249
3 1249 1288 1289
3 1249 1289 1250
3 1250 1289 1290
3 1250 1290 1251
3 1251 1290 1291
3 1251 1291 1252
3 1252 1291 1292
3 1252 1292 1253
3 1253 1292 1293
3 1253 1293 1254
3 1254 1293 1294
3 1254 1294 1255
3 1255 1294 1295
3 1255 1295 1256
3 1256 1295 1296
3 1256 1296 1257
3 1257 1296 1297
3 1257 1297 1258
3 1258 1297 1298
3 1258 1298 1259
3 1259 1298 1299
3 1259 1299 1260
3 1260 1299 1300
3 1260 1300 1261
3 1261 1300 1301
3 1261 1301 1262
3 1262 1301 1302
3 1262 1302 1263
3 1263 1302 1303
3 1263 1303 1264
3 1264 1303 1304
3 1264 1304 1265
3 1265 1304 1305
3 1265 1305 1266
3 1266 1305 1306
3 1266 1306 1267
3 1267 1306 1307
3 1267 1307 1268
3 1268 1307 1308
3 1268 1308 1269
3 1269 1308 1309
3 1269 1309 1270
3 1270 1309 1310
3 1270 1310 1271
3 1271 1310 1311
3 1271 1311 1272
3 1272 1311 1312
3 1272 1312 1273
3 1273 1312 1313
3 1273 1313 1274
3 1274 1313 1314
3 1274 1314 1275
3 1275 1314 1315
3 1275 1315 1276
3 1276 1315 1316
3 1276 1316 1277
3 1277 1316 1317
3 1277 1317 1278
3 1278 1317 1318
3 1278 1318 1279
3 1279 1318 1319
3 1279 1319 1280
3 1280 1319 1320
3 1280 1320 1281
3 1281 1320 1321
3 1281 1321 1282
3 1282 1321 1322
3 1282 1322 1283
3 1283 1322 1323
3 1283 1323 96
3 96 1323 95
3 32 33 1284
3 1284 33 1324
3 1284 1324 1285
3 1285 1324 1325
3 1285 1325 1286
3 1286 1325 1326
3 1286 1326 1287
3 1287 1326 1327
3 1287 1327 1288
3 1288 1327 1328
3 1288 1328 1289
3 1289 1328 1329
3 1289 1329 1290
3 1290 1329 1330
3 1290 1330 1291
3 1291 1330 1331
3 1291 1331 1292
3 1292 1331 1332
3 1292 1332 1293
3 1293 1332 1333
3 1293 1333 1294
3 1294 1333 1334
3 1294 1334 1295
3 1295 1334 1335
3 1295 1335 1296
3 1296 1335 1336
3 1296 1336 1297
3 1297 1336 1337
3 1297 1337 1298
3 1298 1337 1338
3 1298 1338 1299
3 1299 1338 1339
3 1299 1339 1300
3 1300 1339 1340
3 1300 1340 1301
3 1301 1340 1341
3 1301 1341 1302
3 1302 1341 1342
3 1302 1342 1303
3 1303 1342 1343
3 1303 1343 1304
3 1304 1343 1344
3 1304 1344 1305
3 1305 1344 1345
3 1305 1345 1306
3 1306 1345 1346
3 1306 1346 1307
3 1307 1346 1347
3 1307 1347 1308
3 1308 1347 1348
3 1308 1348 1309
3 1309 1348 1349
3 1309 1349 1310
3 1310 1349 1350
3 1310 1350 1311
3 1311 1350 1351
3 1311 1351 1312
3 1312 1351 1352
3 1312 1352 1313
3 1313 1352 1353
3 1313 1353 1314
3 1314 1353 1354
3 1314 1354 1315
3 1315 1354 1355
3 1315 1355 1316
3 1316 1355 1356
3 1316 1356 1317
3 1317 1356 1357
3 1317 1357 1318
3 1318 1357 1358
3 1318 1358 1319
3 1319 1358 1359
3 1319 1359 1320
3 1320 1359 1360
3 1320 1360 1321
3 1321 1360 1361
3 1321 1361 1322
3 1322 1361 1362
3 1322 1362 1323
3 1323 1362 1363
3 1323 1363 95
3 95 1363 94
3 33 34 1324
3 1324 34 1364
3 1324 1364 1325
3 1325 1364 1365
3 1325 1365 1326
3 1326 1365 1366
3 1326 1366 1327
3 1327 1366 1367
3 1327 1367 1328
3 1328 1367 1368
3 1328 1368 1329
3 1329 1368 1369
3 1329 1369 1330
3 1330 1369 1370
3 1330 1370 1331
3 1331 1370 1371
3 1331 1371 1332
3 1332 1371 1372
3 1332 1372 1333
3 1333 1372 1373
3 1333 1373 1334
3 1334 1373 1374
3 1334 1374 1335
3 1335 1374 1375
3 1335 1375 1336
3 1336 1375 1376
3 1336 1376 1337
3 1337 1376 1377
3 1337 1377 1338
3 1338 1377 1378
3 1338 1378 1339
3 1339 1378 1379
3 1339 1379 1340
3 1340 1379 1380
3 1340 1380 1341
3 1341 1380 1381
3 1341 1381 1342
3 1342 1381 1382
3 1342 1382 1343
3 1343 1382 1383
3 1343 1383 1344
3 1344 1383 1384
3 1344 1384 1345
3 1345 1384 1385
3 1345 1385 1346
3 1346 1385 1386
3 1346 1386 1347
3 1347 1386 1387
3 1347 1387 1348
3 1348 1387 1388
3 1348 1388 1349
3 1349 1388 1389
3 1349 1389 1350
3 1350 1389 1390
3 1350 1390 1351
3 1351 1390 1391
3 1351 1391 1352
3 1352 1391 1392
3 1352 1392 1353
3 1353 1392 1393
3 1353 1393 1354
3 1354 1393 1394
3 1354 1394 1355
3 1355 1394 1395
3 1355 1395 1356
3 1356 1395 1396
3 1356 1396 1357
3 1357 1396 1397
3 1357 1397 1358
3 1358 1397 1398
3 1358 1398 1359
3 1359 1398 1399
3 1359 1399 1360
3 1360 1399 1400
3 1360 1400 1361
3 1361 1400 1401
3 1361 1401 1362
3 1362 1401 1402
3 1362 1402 1363
3 1363 1402 1403
3 1363 1403 94
3 94 1403 93
3 34 35 1364
3 1364 35 1404
3 1364 1404 1365
3 1365 1404 1405
3 1365 1405 1366
3 1366 1405 1406
3 1366 1406 1367
3 1367 1406 1407
3 1367 1407 1368
3 1368 1407 1408
3 1368 1408 1369
3 1369 1408 1409
3 1369 1409 1370
3 1370 1409 1410
3 1370 1410 1371
3 1371 1410 1411
3 1371 1411 1372
3 1372 1411 1412
3 1372 1412 1373
3 1373 1412 1413
3 1373 1413 1374
3 1374 1413 1414
3 1374 1414 1375
3 1375 1414 1415
3 1375 1415 1376
3 1376 1415 1416
3 1376 1416 1377
3 1377 1416 1417
3 1377 1417 1378
3 1378 1417 1418
3 1378 1418 1379
3 1379 1418 1419
3 1379 1419 1380
3 1380 1419 1420
3 1380 1420 1381
3 1381 1420 1421
3 1381 1421 1382
3 1382 1421 1422
3 1382 1422 1383
3 1383 1422 1423
3 1383 1423 1384
3 1384 1423 1424
3 1384 1424 1385
3 1385 1424 1425
3 1385 1425 1386
3 1386 1425 1426
3 1386 1426 1387
3 1387 1426 1427
3 1387 1427 1388
3 1388 1427 1428
3 1388 1428 1389
3 1389 1428 1429
3 1389 1429 1390
3 1390 1429 1430
3 1390 1430 1391
3 1391 1430 1431
3 1391 1431 1392
3 1392 1431 1432
3 1392 1432 1393
3 1393 1432 1433
3 1393 1433 1394
3 1394 1433 1434
3 1394 1434 1395
3 1395 1434 1435
3 1395 1435 1396
3 1396 1435 1436
3 1396 1436 1397
3 1397 1436 1437
3 1397 1437 1398
3 1398 1437 1438
3 1398 1438 1399
3 1399 1438 1439
3 1399 1439 1400
3 1400 1439 1440
3 1400 1440 1401
3 1401 1440 1441
3 1401 1441 1402
3 1402 1441 1442
3 1402 1442 1403
3 1403 1442 1443
3 1403 1443 93
3 93 1443 92
3 35 36 1404
3 1404 36 1444
3 1404 1444 1405
3 1405 1444 1445
3 1405 1445 1406
3 1406 1445 1446
3 1406 1446 1407
3 1407 1446 1447
3 1407 1447 1408
3 1408 1447 1448
3 1408 1448 1409
3 1409 1448 1449
3 1409 1449 1410
3 1410 1449 1450
3 1410 1450 1411
3 1411 1450 1451
3 1411 1451 1412
3 1412 1451 1452
3 1412 1452 1413
3 1413 1452 1453
3 1413 1453 1414
3 1414 1453 1454
3 1414 1454 1415
3 1415 1454 1455
3 1415 1455 1416
3 1416 1455 1456
3 1416 1456 1417
3 1417 1456 1457
3 1417 1457 1418
3 1418 1457 1458
3 1418 1458 1419
3 1419 1458 1459
3 1419 1459 1420
3 1420 1459 1460
3 1420 1460 1421
3 1421 1460 1461
3 1421 1461 1422
3 1422 1461 1462
3 1422 1462 1423
3 1423 1462 1463
3 1423 1463 1424
3 1424 1463 1464
3 1424 1464 1425
3 1425 1464 1465
3 1425 1465 1426
3 1426 1465 1466
3 1426 1466 1427
3 1427 1466 1467
3 1427 1467 1428
3 1428 1467 1468
3 1428 1468 1429
3 1429 1468 1469
3 1429 1469 1430
3 1430 1469 1470
3 1430 1470 1431
3 1431 1470 1471
3 1431 1471 1432
3 1432 1471 1472
3 1432 1472 1433
3 1433 1472 1473
3 1433 1473 1434
3 1434 1473 1474
3 1434 1474 1435
3 1435 1474 1475
3 1435 1475 1436
3 1436 1475 1476
3 1436 1476 1437
3 1437 1476 1477
3 1437 1477 1438
3 1438 1477 1478
3 1438 1478 1439
3 1439 1478 1479
3 1439 1479 1440
3 1440 1479 1480
3 1440 1480 1441
3 1441 1480 1481
3 1441 1481 1442
3 1442 1481 1482
3 1442 1482 1443
3 1443 1482 1483
3 1443 1483 92
3 92 1483 91
3 36 37 1444
3 1444 37 1484
3 1444 1484 1445
3 1445 1484 1485
3 1445 1485 1446
3 1446 1485 1486
3 1446 1486 1447
3 1447 1486 1487
3 1447 1487 1448
3 1448 1487 1488
3 1448 1488 1449
3 1449 1488 1489
3 1449 1489 1450
3 1450 1489 1490
3 1450 1490 1451
3 1451 1490 1491
3 1451 1491 1452
3 1452 1491 1492
3 1452 1492 1453
3 1453 1492 1493
3 1453 1493 1454
3 1454 1493 1494
3 1454 1494 1455
3 1455 1494 1495
3 1455 1495 1456
3 1456 1495 1496
3 1456 1496 1457
3 1457 1496 1497
3 1457 1497 1458
3 1458 1497 1498
3 1458 1498 1459
3 1459 1498 1499
3 1459 1499 1460
3 1460 1499 1500
3 1460 1500 1461
3 1461 1500 1501
3 1461 1501 1462
3 1462 1501 1502
3 1462 1502 1463
3 1463 1502 1503
3 1463 1503 1464
3 1464 1503 1504
3 1464 1504 1465
3 1465 1504 1505
3 1465 1505 1466
3 1466 1505 1506
3 1466 1506 1467
3 1467 1506 1507
3 1467 1507 1468
3 1468 1507 1508
3 1468 1508 1469
3 1469 1508 1509
3 1469 1509 1470
3 1470 1509 1510
3 1470 1510 1471
3 1471 1510 1511
3 1471 1511 1472
3 1472 1511 1512
3 1472 1512 1473
3 1473 1512 1513
3 1473 1513 1474
3 1474 1513 1514
3 1474 1514 1475
3 1475 1514 1515
3 1475 1515 1476
3 1476 1515 1516
3 1476 1516 1477
3 1477 1516 1517
3 1477 1517 1478
3 1478 1517 1518
3 1478 1518 1479
3 1479 1518 1519
3 1479 1519 1480
3 1480 1519 1520
3 1480 1520 1481
3 1481 1520 1521
3 1481 1521 1482
3 1482 1521 1522
3 1482 1522 1483
3 1483 1522 1523
3 1483 1523 91
3 91 1523 90
3 37 38 1484
3 1484 38 1524
3 1484 1524 1485
3 1485 1524 1525
3 1485 1525 1486
3 1486 1525 1526
3 1486 1526 1487
3 1487 1526 1527
3 1487 1527 1488
3 1488 1527 1528
3 1488 1528 1489
3 1489 1528 1529
3 1489 1529 1490
3 1490 1529 1530
3 1490 1530 1491
3 1491 1530 1531
3 1491 1531 1492
3 1492 1531 1532
3 1492 1532 1493
3 1493 1532 1533
3 1493 1533 1494
3 1494 1533 1534
3 1494 1534 1495
3 1495 1534 1535
3 1495 1535 1496
3 1496 1535 1536
3 1496 1536 1497
3 1497 1536 1537
3 1497 1537 1498
3 1498 1537 1538
3 1498 1538 1499
3 1499 1538 1539
3 1499 1539 1500
3 1500 1539 1540
3 1500 1540 1501
3 1501 1540 1541
3 1501 1541 1502
3 1502 1541 1542
3 1502 1542 1503
3 1503 1542 1543
3 1503 1543 1504
3 1504 1543 1544
3 1504 1544 1505
3 1505 1544 1545
3 1505 1545 1506
3 1506 1545 1546
3 1506 1546 1507
3 1507 1546 1547
3 1507 1547 1508
3 1508 1547 1548
3 1508 1548 1509
3 1509 1548 1549
3 1509 1549 1510
3 1510 1549 1550
3 1510 1550 1511
3 1511 1550 1551
3 1511 1551 1512
3 1512 1551 1552
3 1512 1552 1513
3 1513 1552 1553
3 1513 1553 1514
3 1514 1553 1554
3 1514 1554 1515
3 1515 1554 1555
3 1515 1555 1516
3 1516 1555 1556
3 1516 1556 1517
3 1517 1556 1557
3 1517 1557 1518
3 1518 1557 1558
3 1518 1558 1519
3 1519 1558 1559
3 1519 1559 1520
3 1520 1559 1560
3 1520 1560 1521
3 1521 1560 1561
3 1521 1561 1522
3 1522 1561 1562
3 1522 1562 1523
3 1523 1562 1563
3 1523 1563 90
3 90 1563 89
3 38 39 1524
3 1524 39 1564
3 1524 1564 1525
3 1525 1564 1565
3 1525 1565 1526
3 1526 1565 1566
3 1526 1566 1527
3 1527 1566 1567
3 1527 1567 1528
3 1528 1567 1568
3 1528 1568 1529
3 1529 1568 1569
3 1529 1569 1530
3 1530 1569 1570
3 1530 1570 1531
3 1531 1570 1571
3 1531 1571 1532
3 1532 1571 1572
3 1532 1572 1533
3 1533 1572 1573
3 1533 1573 1534
3 1534 1573 1574
3 1534 1574 1535
3 1535 1574 1575
3 1535 1575 1536
3 1536 1575 1576
3 1536 1576 1537
3 1537 1576 1577
3 1537 1577 1538
3 1538 1577 1578
3 1538 1578 1539
3 1539 1578 1579
3 1539 1579 1540
3 1540 1579 1580
3 1540 1580 1541
3 1541 1580 1581
3 1541 1581 1542
3 1542 1581 1582
3 1542 1582 1543
3 1543 1582 1583
3 1543 1583 1544
3 1544 1583 1584
3 1544 1584 1545
3 1545 1584 1585
3 1545 1585 1546
3 1546 1585 1586
3 1546 1586 1547
3 1547 1586 1587
3 1547 1587 1548
3 1548 1587 1588
3 1548 1588 1549
3 1549 1588 1589
3 1549 1589 1550
3 1550 1589 1590
3 1550 1590 1551
3 1551 1590 1591
3 1551 1591 1552
3 1552 1591 1592
3 1552 1592 1553
3 1553 1592 1593
3 1553 1593 1554
3 1554 1593 1594
3 1554 1594 1555
3 1555 1594 1595
3 1555 1595 1556
3 1556 1595 1596
3 1556 1596 1557
3 1557 1596 1597
3 1557 1597 1558
3 1558 1597 1598
3 1558 1598 1559
3 1559 1598 1599
3 1559 1599 1560
3 1560 1599 1600
3 1560 1600 1561
3 1561 1600 1601
3 1561 1601 1562
3 1562 1601 1602
3 1562 1602 1563
3 1563 1602 1603
3 1563 1603 89
3 89 1603 88
3 39 40 1564
3 1564 40 1604
3 1564 1604 1565
3 1565 1604 1605
3 1565 1605 1566
3 1566 1605 1606
3 1566 1606 1567
3 1567 1606 1607
3 1567 1607 1568
3 1568 1607 1608
3 1568 1608 1569
3 1569 1608 1609
3 1569 1609 1570
3 1570 1609 1610
3 1570 1610 1571
3 1571 1610 1611
3 1571 1611 1572
3 1572 1611 1612
3 1572 1612 1573
3 1573 1612 1613
3 1573 1613 1574
3 1574 1613 1614
3 1574 1614 1575
3 1575 1614 1615
3 1575 1615 1576
3 1576 1615 1616
3 1576 1616 1577
3 1577 1616 1617
3 1577 1617 1578
3 1578 1617 1618
3 1578 1618 1579
3 1579 1618 1619
3 1579 1619 1580
3 1580 1619 1620
3 1580 1620 1581
3 1581 1620 1621
3 1581 1621 1582
3 1582 1621 1622
3 1582 1622 1583
3 1583 1622 1623
3 1583 1623 1584
3 1584 1623 1624
3 1584 1624 1585
3 1585 1624 1625
3 1585 1625 1586
3 1586 1625 1626
3 1586 1626 1587
3 1587 1626 1627
3 1587 1627 1588
3 1588 1627 1628
3 1588 1628 1589
3 1589 1628 1629
3 1589 1629 1590
3 1590 1629 1630
3 1590 1630 1591
3 1591 1630 1631
3 1591 1631 1592
3 1592 1631 1632
3 1592 1632 1593
3 1593 1632 1633
3 1593 1633 1594
3 1594 1633 1634
3 1594 1634 1595
3 1595 1634 1635
3 1595 1635 1596
3 1596 1635 1636
3 1596 1636 1597
3 1597 1636 1637
3 1597 1637 1598
3 1598 1637 1638
3 1598 1638 1599
3 1599 1638 1639
3 1599 1639 1600
3 1600 1639 1640
3 1600 1640 1601
3 1601 1640 1641
3 1601 1641 1602
3 1602 1641 1642
3 1602 1642 1603
3 1603 1642 1643
3 1603 1643 88
3 88 1643 87
3 40 41 1604
3 1604 41 1644
3 1604 1644 1605
3 1605 1644 1645
3 1605 1645 1606
3 1606 1645 1646
3 1606 1646 1607
3 1607 1646 1647
3 1607 1647 1608
3 1608 1647 1648
3 1608 1648 1609
3 1609 1648 1649
3 1609 1649 1610
3 1610 1649 1650
3 1610 1650 1611
3 1611 1650 1651
3 1611 1651 1612
3 1612 1651 1652
3 1612 1652 1613
3 1613 1652 1653
3 1613 1653 1614
3 1614 1653 1654
3 1614 1654 1615
3 1615 1654 1655
3 1615 1655 1616
3 1616 1655 1656
3 1616 1656 1617
3 1617 1656 1657
3 1617 1657 1618
3 1618 1657 1658
3 1618 1658 1619
3 1619 1658 1659
3 1619 1659 1620
3 1620 1659 1660
3 1620 1660 1621
3 1621 1660 1661
3 1621 1661 1622
3 1622 1661 1662
3 1622 1662 1623
3 1623 1662 1663
3 1623 1663 1624
3 1624 1663 1664
3 1624 1664 1625
3 1625 1664 1665
3 1625 1665 1626
3 1626 1665 1666
3 1626 1666 1627
3 1627 1666 1667
3 1627 1667 1628
3 1628 1667 1668
3 1628 1668 1629
3 1629 1668 1669
3 1629 1669 1630
3 1630 1669 1670
3 1630 1670 1631
3 1631 1670 1671
3 1631 1671 1632
3 1632 1671 1672
3 1632 1672 1633
3 1633 1672 1673
3 1633 1673 1634
3 1634 1673 1674
3 1634 1674 1635
3 1635 1674 1675
3 1635 1675 1636
3 1636 1675 1676
3 1636 1676 1637
3 1637 1676 1677
3 1637 1677 1638
3 1638 1677 1678
3 1638 1678 1639
3 1639 1678 1679
3 1639 1679 1640
3 1640 1679 1680
3 1640 1680 1641
3 1641 1680 1681
3 1641 1681 1642
3 1642 1681 1682
3 1642 1682 1643
3 1643 1682 1683
3 1643 1683 87
3 87 1683 86
3 41 42 1644
3 1644 42 1684
3 1644 1684 1645
3 1645 1684 1685
3 1645 1685 1646
3 1646 1685 1686
3 1646 1686 1647
3 1647 1686 1687
3 1647 1687 1648
3 1648 1687 1688
3 1648 1688 1649
3 1649 1688 1689
3 1649 1689 1650
3 1650 1689 1690
3 1650 1690 1651
3 1651 1690 1691
3 1651 1691 1652
3 1652 1691 1692
3 1652 1692 1653
3 1653 1692 1693
3 1653 1693 1654
3 1654 1693 1694
3 1654 1694 1655
3 1655 1694 1695
3 1655 1695 1656
3 1656 1695 1696
3 1656 1696 1657
3 1657 1696 1697
3 1657 1697 1658
3 1658 1697 1698
3 1658 1698 1659
3 1659 1698 1699
3 1659 1699 1660
3 1660 1699 1700
3 1660 1700 1661
3 1661 1700 1701
3 1661 1701 1662
3 1662 1701 1702
3 1662 1702 1663
3 1663 1702 1703
3 1663 1703 1664
3 1664 1703 1704
3 1664 1704 1665
3 1665 1704 1705
3 1665 1705 1666
3 1666 1705 1706
3 1666 1706 1667
3 1667 1706 1707
3 1667 1707 1668
3 1668 1707 1708
3 1668 1708 1669
3 1669 1708 1709
3 1669 1709 1670
3 1670 1709 1710
3 1670 1710 1671
3 1671 1710 1711
3 1671 1711 1672
3 1672 1711 1712
3 1672 1712 1673
3 1673 1712 1713
3 1673 1713 1674
3 1674 1713 1714
3 1674 1714 1675
3 1675 1714 1715
3 1675 1715 1676
3 1676 1715 1716
3 1676 1716 1677
3 1677 1716 1717
3 1677 1717 1678
3 1678 1717 1718
3 1678 1718 1679
3 1679 1718 1719
3 1679 1719 1680
3 1680 1719 1720
3 1680 1720 1681
3 1681 1720 1721
3 1681 1721 1682
3 1682 1721 1722
3 1682 1722 1683
3 1683 1722 1723
3 1683 1723 86
3 86 1723 85
3 42 43 1684
3 1684 43 1724
3 1684 1724 1685
3 1685 1724 1725
3 1685 1725 1686
3 1686 1725 1726
3 1686 1726 1687
3 1687 1726 1727
3 1687 1727 1688
3 1688 1727 1728
3 1688 1728 1689
3 1689 1728 1729
3 1689 1729 1690
3 1690 1729 1730
3 1690 1730 1691
3 1691 1730 1731
3 1691 1731 1692
3 1692 1731 1732
3 1692 1732 1693
3 1693 1732 1733
3 1693 1733 1694
3 1694 1733 1734
3 1694 1734 1695
3 1695 1734 1735
3 1695 1735 1696
3 1696 1735 1736
3 1696 1736 1697
3 1697 1736 1737
3 1697 1737 1698
3 1698 1737 1738
3 1698 1738 1699
3 1699 1738 1739
3 1699 1739 1700
3 1700 1739 1740
3 1700 1740 1701
3 1701 1740 1741
3 1701 1741 1702
3 1702 1741 1742
3 1702 1742 1703
3 1703 1742 1743
3 1703 1743 1704
3 1704 1743 1744
3 1704 1744 1705
3 1705 1744 1745
3 1705 1745 1706
3 1706 1745 1746
3 1706 1746 1707
3 1707 1746 1747
3 1707 1747 1708
3 1708 1747 1748
3 1708 1748 1709
3 1709 1748 1749
3 1709 1749 1710
3 1710 1749 1750
3 1710 1750 1711
3 1711 1750 1751
3 1711 1751 1712
3 1712 1751 1752
3 1712 1752 1713
3 1713 1752 1753
3 1713 1753 1714
3 1714 1753 1754
3 1714 1754 1715
3 1715 1754 1755
3 1715 1755 1716
3 1716 1755 1756
3 1716 1756 1717
3 1717 1756 1757
3 1717 1757 1718
3 1718 1757 1758
3 1718 1758 1719
3 1719 1758 1759
3 1719 1759 1720
3 1720 1759 1760
3 1720 1760 1721
3 1721 1760 1761
3 1721 1761 1722
3 1722 1761 1762
3 1722 1762 1723
3 1723 1762 1763
3 1723 1763 85
3 85 1763 84
3 43 1 1724
3 1724 1 44
3 1724 44 1725
3 1725 44 45
3 1725 45 1726
3 1726 45 46
3 1726 46 1727
3 1727 46 47
3 1727 47 1728
3 1728 47 48
3 1728 48 1729
3 1729 48 49
3 1729 49 1730
3 1730 49 50
3 1730 50 1731
3 1731 50 51
3 1731 51 1732
3 1732 51 52
3 1732 52 1733
3 1733 52 53
3 1733 53 1734
3 1734 53 54
3 1734 54 1735
3 1735 54 55
3 1735 55 1736
3 1736 55 56
3 1736 56 1737
3 1737 56 57
3 1737 57 1738
3 1738 57 58
3 1738 58 1739
3 1739 58 59
3 1739 59 1740
3 1740 59 60
3 1740 60 1741
3 1741 60 61
3 1741 61 1742
3 1742 61 62
3 1742 62 1743
3 1743 62 63
3 1743 63 1744
3 1744 63 64
3 1744 64 1745
3 1745 64 65
3 1745 65 1746
3 1746 65 66
3 1746 66 1747
3 1747 66 67
3 1747 67 1748
3 1748 67 68
3 1748 68 1749
3 1749 68 69
3 1749 69 1750
3 1750 69 70
3 1750 70 1751
3 1751 70 71
3 1751 71 1752
3 1752 71 72
3 1752 72 1753
3 1753 72 73
3 1753 73 1754
3 1754 73 74
3 1754 74 1755
3 1755 74 75
3 1755 75 1756
3 1756 75 76
3 1756 76 1757
3 1757 76 77
3 1757 77 1758
3 1758 77 78
3 1758 78 1759
3 1759 78 79
3 1759 79 1760
3 1760 79 80
3 1760 80 1761
3 1761 80 81
3 1761 81 1762
3 1762 81 82
3 1762 82 1763
3 1763 82 83
3 1763 83 84
3 84 83 2
3 1848 1847 24
4 1764 1765 924 23
3 1765 1766 924
4 1849 1848 24 964
3 1850 1849 964
4 1766 1767 925 924
3 1767 1768 925
4 1851 1850 964 965
3 1852 1851 965
4 1768 1769 926 925
3 1769 1770 926
4 1853 1852 965 966
3 1854 1853 966
4 1770 1771 927 926
3 1771 1772 927
4 1855 1854 966 967
3 1856 1855 967
4 1772 1773 928 927
3 1773 1774 928
4 1857 1856 967 968
3 1858 1857 968
4 1774 1775 929 928
3 1775 1776 929
4 1859 1858 968 969
3 1860 1859 969
4 1776 1777 930 929
3 1777 1778 930
4 1861 1860 969 970
3 1862 1861 970
4 1778 1779 931 930
3 1779 1780 931
4 1863 1862 970 971
3 1864 1863 971
4 1780 1781 932 931
3 1781 1782 932
4 1865 1864 971 972
3 1866 1865 972
4 1782 1783 933 932
3 1783 1784 933
4 1867 1866 972 973
3 1868 1867 973
4 1784 1785 934 933
3 1785 1786 934
4 1869 1868 973 974
3 1870 1869 974
4 1786 1787 935 934
3 1787 1788 935
4 1871 1870 974 975
3 1872 1871 975
4 1788 1789 936 935
3 1789 1790 936
4 1873 1872 975 976
3 1874 1873 976
4 1790 1791 937 936
3 1791 1792 937
4 1875 1874 976 977
3 1876 1875 977
4 1792 1793 938 937
3 1793 1794 938
4 1877 1876 977 978
3 1878 1877 978
4 1794 1795 939 938
3 1795 1796 939
4 1879 1878 978 979
3 1880 1879 979
4 1796 1797 940 939
3 1797 1798 940
4 1881 1880 979 980
3 1882 1881 980
4 1798 1799 941 940
3 1799 1800 941
4 1883 1882 980 981
3 1884 1883 981
4 1800 1801 942 941
3 1801 1802 942
4 1885 1884 981 982
3 1886 1885 982
4 1802 1803 943 942
3 1803 1804 943
4 1887 1886 982 983
3 1888 1887 983
4 1804 1805 944 943
3 1805 1806 944
4 1889 1888 983 984
3 1890 1889 984
4 1806 1807 945 944
3 1807 1808 945
4 1891 1890 984 985
3 1892 1891 985
4 1808 1809 946 945
3 1809 1810 946
4 1893 1892 985 986
3 1894 1893 986
4 1810 1811 947 946
3 1811 1812 947
4 1895 1894 986 987
3 1896 1895 987
4 1812 1813 948 947
3 1813 1814 948
4 1897 1896 987 988
3 1898 1897 988
4 1814 1815 949 948
3 1815 1816 949
4 1899 1898 988 989
3 1900 1899 989
4 1816 1817 950 949
3 1817 1818 950
4 1901 1900 989 990
3 1902 1901 990
4 1818 1819 951 950
3 1819 1820 951
4 1903 1902 990 991
3 1904 1903 991
4 1820 1821 952 951
3 1821 1822 952
4 1905 1904 991 992
3 1906 1905 992
4 1822 1823 953 952
3 1823 1824 953
4 1907 1906 992 993
3 1908 1907 993
4 1824 1825 954 953
3 1825 1826 954
4 1909 1908 993 994
3 1910 1909 994
4 1826 1827 955 954
3 1827 1828 955
4 1911 1910 994 995
3 1912 1911 995
4 1828 1829 956 955
3 1829 1830 956
4 1913 1912 995 996
3 1914 1913 996
4 1830 1831 957 956
3 1831 1832 957
4 1915 1914 996 997
3 1916 1915 997
4 1832 1833 958 957
3 1833 1834 958
4 1917 1916 997 998
3 1918 1917 998
4 1834 1835 959 958
3 1835 1836 959
4 1919 1918 998 999
3 1920 1919 999
4 1836 1837 960 959
3 1837 1838 960
4 1921 1920 999 1000
3 1922 1921 1000
4 1838 1839 961 960
3 1839 1840 961
4 1923 1922 1000 1001
3 1924 1923 1001
4 1840 1841 962 961
3 1841 1842 962
4 1925 1924 1001 1002
3 1926 1925 1002
4 1842 1843 963 962
3 1843 1844 963
4 1927 1926 1002 1003
3 1928 1927 1003
4 1844 1845 104 963
3 1845 1846 104
4 1929 1928 1003 103

CELL_TYPES 3444
5
5
5
5
5
5
5
5
5
5
5
5
5
5
5
5
5
5
5
5
5
5
5
5
5
5
5
5
5
5
5
5
5
5
5
5
5
5
5
5
5
5
5
5
5
5
5
5
5
5
5
5
5
5
5
5
5
5
5
5
5
5
5
5
5
5
5
5
5
5
5
5
5
5
5
5
5
5
5
5
5
5
5
5
5
5
5
5
5
5
5
5
5
5
5
5
5
5
5
5
5
5
5
5
5
5
5
5
5
5
5
5
5
5
5
5
5
5
5
5
5
5
5
5
5
5
5
5
5
5
5
5
5
5
5
5
5
5
5
5
5
5
5
5
5
5
5
5
5
5
5
5
5
5
5
5
5
5
5
5
5
5
5
5
5
5
5
5
5
5
5
5
5
5
5
5
5
5
5
5
5
5
5
5
5
5
5
5
5
5
5
5
5
5
5
5
5
5
5
5
5
5
5
5
5
5
5
5
5
5
5
5
5
5
5
5
5
5
5
5
5
5
5
5
5
5
5
5
5
5
5
5
5
5
5
5
5
5
5
5
5
5
5
5
5
5
5
5
5
5
5
5
5
5
5
5
5
5
5
5
5
5
5
5
5
5
5
5
5
5
5
5
5
5
5
5
5
5
5
5
5
5
5
5
5
5
5
5
5
5
5
5
5
5
5
5
5
5
5
5
5
5
5
5
5
5
5
5
5
5
5
5
5
5
5
5
5
5
5
5
5
5
5
5
5
5
5
5
5
5
5
5
5
5
5
5
5
5
5
5
5
5
5
5
5
5
5
5
5
5
5
5
5
5
5
5
5
5
5
5
5
5
5
5
5
5
5
5
5
5
5
5
5
5
5
5
5
5
5
5
5
5
5
5
5
5
5
5
5
5
5
5
5
5
5
5
5
5
5
5
5
5
5
5
5
5
5
5
5
5
5
5
5
5
5
5
5
5
5
5
5
5
5
5
5
5
5
5
5
5
5
5
5
5
5
5
5
5
5
5
5
5
5
5
5
5
5
5
5
5
5
5
5
5
5
5
5
5
5
5
5
5
5
5
5
5
5
5
5
5
5
5
5
5
5
5
5
5
5
5
5
5
5
5
5
5
5
5
5
5
5
5
5
5
5
5
5
5
5
5
5
5
5
5
5
5
5
5
5
5
5
5
5
5
5
5
5
5
5
5
5
5
5
5
5
5
5
5
5
5
5
5
5
5
5
5
5
5
5
5
5
5
5
5
5
5
5
5
5
5
5
5
5
5
5
5
5
5
5
5
5
5
5
5
5
5
5
5
5
5
5
5
5
5
5
5
5
5
5
5
5
5
5
5
5
5
5
5
5
5
5
5
5
5
5
5
5
5
5
5
5
5
5
5
5
5
5
5
5
5
5
5
5
5
5
5
5
5
5
5
5
5
5
5
5
5
5
5
5
5
5
5
5
5
5
5
5
5
5
5
5
5
5
5
5
5
5
5
5
5
5
5
5
5
5
5
5
5
5
5
5
5
5
5
5
5
5
5
5
5
5
5
5
5
5
5
5
5
5
5
5
5
5
5
5
5
5
5
5
5
5
5
5
5
5
5
5
5
5
5
5
5
5
5
5
5
5
5
5
5
5
5
5
5
5
5
5
5
5
5
5
5
5
5
5
5
5
5
5
5
5
5
5
5
5
5
5
5
5
5
5
5
5
5
5
5
5
5
5
5
5
5
5
5
5
5
5
5
5
5
5
5
5
5
5
5
5
5
5
5
5
5
5
5
5
5
5
5
5
5
5
5
5
5
5
5
5
5
5
5
5
5
5
5
5
5
5
5
5
5
5
5
5
5
5
5
5
5
5
5
5
5
5
5
5
5
5
5
5
5
5
5
5
5
5
5
5
5
5
5
5
5
5
5
5
5
5
5
5
5
5
5
5
5
5
5
5
5
5
5
5
5
5
5
5
5
5
5
5
5
5
5
5
5
5
5
5
5
5
5
5
5
5
5
5
5
5
5
5
5
5
5
5
5
5
5
5
5
5
5
5
5
5
5
5
5
5
5
5
5
5
5
5
5
5
5
5
5
5
5
5
5
5
5
5
5
5
5
5
5
5
5
5
5
5
5
5
5
5
5
5
5
5
5
5
5
5
5
5
5
5
5
5
5
5
5
5
5
5
5
5
5
5
5
5
5
5
5
5
5
5
5
5
5
5
5
5
5
5
5
5
5
5
5
5
5
5
5
5
5
5
5
5
5
5
5
5
5
5
5
5
5
5
5
5
5
5
5
5
5
5
5
5
5
5
5
5
5
5
5
5
5
5
5
5
5
5
5
5
5
5
5
5
5
5
5
5
5
5
5
5
5
5
5
5
5
5
5
5
5
5
5
5
5
5
5
5
5
5
5
5
5
5
5
5
5
5
5
5
5
5
5
5
5
5
5
5
5
5
5
5
5
5
5
5
5
5
5
5
5
5
5
5
5
5
5
5
5
5
5
5
5
5
5
5
5
5
5
5
5
5
5
5
5
5
5
5
5
5
5
5
5
5
5
5
5
5
5
5
5
5
5
5
5
5
5
5
5
5
5
5
5
5
5
5
5
5
5
5
5
5
5
5
5
5
5
5
5
5
5
5
5
5
5
5
5
5
5
5
5
5
5
5
5
5
5
5
5
5
5
5
5
5
5
5
5
5
5
5
5
5
5
5
5
5
5
5
5
5
5
5
5
5
5
5
5
5
5
5
5
5
5
5
5
5
5
5
5
5
5
5
5
5
5
5
5
5
5
5
5
5
5
5
5
5
5
5
5
5
5
5
5
5
5
5
5
5
5
5
5
5
5
5
5
5
5
5
5
5
5
5
5
5
5
5
5
5
5
5
5
5
5
5
5
5
5
5
5
5
5
5
5
5
5
5
5
5
5
5
5
5
5
5
5
5
5
5
5
5
5
5
5
5
5
5
5
5
5
5
5
5
5
5
5
5
5
5
5
5
5
5
5
5
5
5
5
5
5
5
5
5
5
5
5
5
5
5
5
5
5
5
5
5
5
5
5
5
5
5
5
5
5
5
5
5
5
5
5
5
5
5
5
5
5
5
5
5
5
5
5
5
5
5
5
5
5
5
5
5
5
5
5
5
5
5
5
5
5
5
5
5
5
5
5
5
5
5
5
5
5
5
5
5
5
5
5
5
5
5
5
5
5
5
5
5
5
5
5
5
5
5
5
5
5
5
5
5
5
5
5
5
5
5
5
5
5
5
5
5
5
5
5
5
5
5
5
5
5
5
5
5
5
5
5
5
5
5
5
5
5
5
5
5
5
5
5
5
5
5
5
5
5
5
5
5
5
5
5
5
5
5
5
5
5
5
5
5
5
5
5
5
5
5
5
5
5
5
5
5
5
5
5
5
5
5
5
5
5
5
5
5
5
5
5
5
5
5
5
5
5
5
5
5
5
5
5
5
5
5
5
5
5
5
5
5
5
5
5
5
5
5
5
5
5
5
5
5
5
5
5
5
5
5
5
5
5
5
5
5
5
5
5
5
5
5
5
5
5
5
5
5
5
5
5
5
5
5
5
5
5
5
5
5
5
5
5
5
5
5
5
5
5
5
5
5
5
5
5
5
5
5
5
5
5
5
5
5
5
5
5
5
5
5
5
5
5
5
5
5
5
5
5
5
5
5
5
5
5
5
5
5
5
5
5
5
5
5
5
5
5
5
5
5
5
5
5
5
5
5
5
5
5
5
5
5
5
5
5
5
5
5
5
5
5
5
5
5
5
5
5
5
5
5
5
5
5
5
5
5
5
5
5
5
5
5
5
5
5
5
5
5
5
5
5
5
5
5
5
5
5
5
5
5
5
5
5
5
5
5
5
5
5
5
5
5
5
5
5
5
5
5
5
5
5
5
5
5
5
5
5
5
5
5
5
5
5
5
5
5
5
5
5
5
5
5
5
5
5
5
5
5
5
5
5
5
5
5
5
5
5
5
5
5
5
5
5
5
5
5
5
5
5
5
5
5
5
5
5
5
5
5
5
5
5
5
5
5
5
5
5
5
5
5
5
5
5
5
5
5
5
5
5
5
5
5
5
5
5
5
5
5
5
5
5
5
5
5
5
5
5
5
5
5
5
5
5
5
5
5
5
5
5
5
5
5
5
5
5
5
5
5
5
5
5
5
5
5
5
5
5
5
5
5
5
5
5
5
5
5
5
5
5
5
5
5
5
5
5
5
5
5
5
5
5
5
5
5
5
5
5
5
5
5
5
5
5
5
5
5
5
5
5
5
5
5
5
5
5
5
5
5
5
5
5
5
5
5
5
5
5
5
5
5
5
5
5
5
5
5
5
5
5
5
5
5
5
5
5
5
5
5
5
5
5
5
5
5
5
5
5
5
5
5
5
5
5
5
5
5
5
5
5
5
5
5
5
5
5
5
5
5
5
5
5
5
5
5
5
5
5
5
5
5
5
5
5
5
5
5
5
5
5
5
5
5
5
5
5
5
5
5
5
5
5
5
5
5
5
5
5
5
5
5
5
5
5
5
5
5
5
5
5
5
5
5
5
5
5
5
5
5
5
5
5
5
5
5
5
5
5
5
5
5
5
5
5
5
5
5
5
5
5
5
5
5
5
5
5
5
5
5
5
5
5
5
5
5
5
5
5
5
5
5
5
5
5
5
5
5
5
5
5
5
5
5
5
5
5
5
5
5
5
5
5
5
5
5
5
5
5
5
5
5
5
5
5
5
5
5
5
5
5
5
5
5
5
5
5
5
5
5
5
5
5
5
5
5
5
5
5
5
5
5
5
5
5
5
5
5
5
5
5
5
5
5
5
5
5
5
5
5
5
5
5
5
5
5
5
5
5
5
5
5
5
5
5
5
5
5
5
5
5
5
5
5
5
5
5
5
5
5
5
5
5
5
5
5
5
5
5
5
5
5
5
5
5
5
5
5
5
5
5
5
5
5
5
5
5
5
5
5
5
5
5
5
5
5
5
5
5
5
5
5
5
5
5
5
5
5
5
5
5
5
5
5
5
5
5
5
5
5
5
5
5
5
5
5
5
5
5
5
5
5
5
5
5
5
5
5
5
5
5
5
5
5
5
5
5
5
5
5
5
5
5
5
5
5
5
5
5
5
5
5
5
5
5
5
5
5
5
5
5
5
5
5
5
5
5
5
5
5
5
5
5
5
5
5
5
5
5
5
5
5
5
5
5
5
5
5
5
5
5
5
5
5
5
5
5
5
5
5
5
5
5
5
5
5
5
5
5
5
5
5
5
5
5
5
5
5
5
5
5
5
5
5
5
5
5
5
5
5
5
5
5
5
5
5
5
5
5
5
5
5
5
5
5
5
5
5
5
5
5
5
5
5
5
5
5
5
5
5
5
5
5
5
5
5
5
5
5
5
5
5
5
5
5
5
5
5
5
5
5
5
5
5
5
5
5
5
5
5
5
5
5
5
5
5
5
5
5
5
5
5
5
5
5
5
5
5
5
5
5
5
5
5
5
5
5
5
5
5
5
5
5
5
5
5
5
5
5
5
5
5
5
5
5
5
5
5
5
5
5
5
5
5
5
5
5
5
5
5
5
5
5
5
5
5
5
5
5
5
5
5
5
5
5
5
5
5
5
5
5
5
5
5
5
5
5
5
5
5
5
5
5
5
5
5
5
5
5
5
5
5
5
5
5
5
5
5
5
5
5
5
5
5
5
5
5
5
5
5
5
5
5
5
5
5
5
5
5
5
5
5
5
5
5
5
5
5
5
5
5
5
5
5
5
5
5
5
5
5
5
5
5
5
5
5
5
5
5
5
5
5
5
5
5
5
5
5
5
5
5
5
5
5
5
5
5
5
5
5
5
5
5
5
5
5
5
5
5
5
5
5
5
5
5
5
5
5
5
5
5
5
5
5
5
5
5
5
5
5
5
5
5
5
5
5
5
5
5
5
5
5
5
5
5
5
5
5
5
5
5
5
5
5
5
5
5
5
5
5
5
5
5
5
5
5
5
5
5
5
5
5
5
5
5
5
5
5
5
5
5
5
5
5
5
5
5
5
5
5
5
5
5
5
5
5
5
5
5
5
5
5
5
5
5
5
5
5
5
5
5
5
5
5
5
5
5
5
5
5
5
5
5
5
5
5
5
5
5
5
5
5
5
5
5
5
5
5
5
5
5
5
5
5
5
5
5
5
5
5
5
5
5
5
5
5
5
5
5
5
5
5
5
5
5
5
5
5
5
5
5
5
5
5
5
5
5
5
5
5
5
5
5
5
5
5
5
5
5
5
5
5
5
5
5
5
5
5
5
5
5
5
5
5
5
5
5
5
5
5
5
5
5
5
5
5
5
5
5
5
5
5
5
5
5
5
5
5
5
5
5
5
5
5
5
5
5
5
5
5
5
5
5
5
5
5
5
5
5
5
5
5
5
5
5
5
5
5
5
5
5
5
5
5
5
5
5
5
5
5
5
5
5
5
5
5
5
5
5
5
5
5
5
5
5
5
5
5
5
5
5
5
5
5
5
5
5
5
5
5
5
5
5
5
5
5
5
5
5
5
5
5
5
5
5
5
5
5
5
5
5
5
5
5
5
5
5
5
5
5
5
5
5
5
5
5
5
5
5
5
5
5
5
5
5
5
5
5
5
5
5
5
5
5
5
5
5
5
5
5
5
5
5
5
5
5
5
5
5
5
5
5
5
5
5
5
5
5
5
5
5
5
5
5
5
5
5
5
5
5
5
5
5
5
5
5
5
5
5
5
5
5
5
5
5
5
5
5
5
5
5
5
5
5
5
5
5
5
5
5
5
5
5
5
5
5
5
5
5
5
5
5
5
5
5
5
5
5
5
5
5
5
5
5
5
5
5
5
5
5
5
5
5
5
5
5
5
5
5
5
5
5
5
5
5
5
5
5
5
5
5
5
5
5
5
5
5
5
5
5
5
5
5
5
5
5
5
5
5
5
5
5
5
5
5
5
5
5
5
5
5
5
5
5
5
5
5
5
5
5
5
5
5
5
5
5
5
5
5
5
5
5
5
5
5
5
5
5
5
5
5
5
5
5
5
5
5
5
5
5
5
5
5
5
5
5
5
5
5
5
5
5
5
5
5
5
5
5
5
5
5
5
5
5
5
5
5
5
5
5
5
5
5
5
5
5
5
5
5
5
5
5
5
5
5
5
5
5
5
5
5
5
5
5
5
5
5
5
5
5
5
5
5
5
5
5
5
5
5
5
5
5
5
5
5
5
5
5
5
5
5
5
5
5
5
5
5
5
5
5
5
5
5
5
5
5
5
5
5
5
5
5
5
5
5
5
5
5
5
5
5
5
5
5
5
5
5
5
5
5
5
5
5
5
5
5
5
5
5
5
5
5
5
5
5
5
5
5
5
5
5
5
5
5
5
5
5
5
5
5
5
5
5
5
5
5
5
5
5
5
9
5
9
5
9
5
9
5
9
5
9
5
9
5
9
5
9
5
9
5
9
5
9
5
9
5
9
5
9
5
9
5
9
5
9
5
9
5
9
5
9
5
9
5
9
5
9
5
9
5
9
5
9
5
9
5
9
5
9
5
9
5
9
5
9
5
9
5
9
5
9
5
9
5
9
5
9
5
9
5
9
5
9
5
9
5
9
5
9
5
9
5
9
5
9
5
9
5
9
5
9
5
9
5
9
5
9
5
9
5
9
5
9
5
9
5
9
5
9
5
9
5
9
5
9
5
9
5
9
5
9
5
9
5
9
5
9
5
9
5
9
5
9
5
9
5
9
5
9
5
9
5
9
5
9
5
9
5
9
5
9
5
9

POINT_DATA 1930
SCALARS U float
LOOKUP_TABLE default
-1.0
1.0
1.0
-1.0
-0.9334811529933482
-0.8669623059866964
-0.8004434589800443
-0.7339246119733925
-0.6674057649667406
-0.6008869179600885
-0.5343680709534367
-0.46784922394678496
-0.4013303769401332
-0.3348115299334814
-0.2682926829268293
-0.2017738359201774
-0.13525498891352572
-0.0687361419068735
-0.0022172949002217113
0.06430155210643007
0.13082039911308185
0.19733924611973386
0.26385809312638586
0.33037694013303764
0.8669623059866962
0.8736141906873615
0.8802660753880266
0.8869179600886918
0.893569844789357
0.9002217294900222
0.9068736141906873
0.9135254988913526
0.9201773835920177
0.926829268292683
0.9334811529933481
0.9401330376940134
0.9467849223946785
0.9534368070953436
0.9600886917960089
0.9667405764966741
0.9733924611973392
0.9800443458980045
0.9866962305986696
0.9933481152993349
1.0
1.0
1.0
1.0
1.0
1.0
1.0
1.0
1.0
1.0
1.0
1.0
1.0
1.0
1.0
1.0
1.0
1.0
1.0
1.0
1.0
1.0
1.0
1.0
1.0
1.0
1.0
1.0
1.0
1.0
1.0
1.0
1.0
1.0
1.0
1.0
1.0
1.0
1.0
1.0
0.9933481152993349
0.9866962305986696
0.9800443458980044
0.9733924611973392
0.9667405764966741
0.9600886917960089
0.9534368070953436
0.9467849223946785
0.9401330376940134
0.9334811529933481
0.926829268292683
0.9201773835920177
0.9135254988913526
0.9068736141906873
0.9002217294900222
0.893569844789357
0.8869179600886918
0.8802660753880266
0.8736141906873615
0.8669623059866962
0.33037694013303764
0.26385809312638564
0.19733924611973364
0.13082039911308208
0.06430155210643007
-0.0022172949002217113
-0.06873614190687372
-0.13525498891352572
-0.2017738359201774
-0.2682926829268293
-0.3348115299334814
-0.4013303769401332
-0.4678492239467853
-0.5343680709534367
-0.6008869179600885
-0.6674057649667406
-0.7339246119733925
-0.8004434589800444
-0.8669623059866961
-0.9334811529933482
-1.0
-1.0
-1.0
-1.0
-1.0
-1.0
-1.0
-1.0
-1.0
-1.0
-1.0
-1.0
-1.0
-1.0
-1.0
-1.0
-1.0
-1.0
-1.0
-1.0
-1.0
-1.0
-1.0
-1.0
-1.0
-1.0
-1.0
-1.0
-1.0
-1.0
-1.0
-1.0
-1.0
-1.0
-1.0
-1.0
-1.0
-1.0
-1.0
-1.0
-0.9334811529933457
-0.9334811529933437
-0.9334811529933429
-0.9334811529933421
-0.9334811529933416
-0.933481152993341
-0.9334811529933404
-0.9334811529933404
-0.9334811529933404
-0.9334811529933406
-0.9334811529933403
-0.9334811529933402
-0.9334811529933403
-0.93348115299334
-0.9334811529933404
-0.9334811529933397
-0.9334811529933393
-0.9334811529933398
-0.9334811529933399
-0.9334811529933397
-0.9334811529933398
-0.9334811529933396
-0.9334811529933394
-0.9334811529933391
-0.933481152993339
-0.9334811529933393
-0.9334811529933396
-0.9334811529933397
-0.93348115299334
-0.9334811529933409
-0.9334811529933411
-0.9334811529933403
-0.9334811529933404
-0.9334811529933409
-0.9334811529933411
-0.933481152993342
-0.9334811529933422
-0.9334811529933426
-0.933481152993344
-0.9334811529933459
-0.8669623059866925
-0.8669623059866897
-0.866962305986687
-0.8669623059866857
-0.8669623059866852
-0.8669623059866838
-0.8669623059866824
-0.8669623059866826
-0.8669623059866819
-0.8669623059866813
-0.8669623059866809
-0.8669623059866813
-0.8669623059866812
-0.866962305986681
-0.8669623059866813
-0.866962305986681
-0.8669623059866808
-0.8669623059866807
-0.8669623059866807
-0.8669623059866806
-0.8669623059866804
-0.8669623059866806
-0.8669623059866801
-0.8669623059866802
-0.8669623059866803
-0.8669623059866803
-0.8669623059866801
-0.86696230598668
-0.8669623059866808
-0.8669623059866814
-0.8669623059866816
-0.8669623059866818
-0.8669623059866824
-0.8669623059866829
-0.8669623059866838
-0.8669623059866843
-0.8669623059866854
-0.866962305986687
-0.8669623059866894
-0.8669623059866922
-0.8004434589800397
-0.800443458980036
-0.8004434589800329
-0.8004434589800314
-0.8004434589800291
-0.8004434589800279
-0.8004434589800262
-0.8004434589800256
-0.800443458980025
-0.8004434589800247
-0.800443458980024
-0.800443458980024
-0.8004434589800238
-0.8004434589800239
-0.8004434589800234
-0.8004434589800229
-0.8004434589800232
-0.8004434589800228
-0.8004434589800232
-0.8004434589800231
-0.800443458980023
-0.8004434589800227
-0.8004434589800223
-0.8004434589800223
-0.8004434589800224
-0.8004434589800226
-0.8004434589800226
-0.8004434589800232
-0.8004434589800236
-0.8004434589800239
-0.8004434589800242
-0.8004434589800247
-0.8004434589800256
-0.8004434589800273
-0.8004434589800281
-0.8004434589800291
-0.8004434589800313
-0.8004434589800328
-0.8004434589800349
-0.8004434589800392
-0.7339246119733873
-0.7339246119733831
-0.7339246119733795
-0.7339246119733774
-0.733924611973375
-0.7339246119733733
-0.7339246119733723
-0.7339246119733712
-0.7339246119733704
-0.7339246119733692
-0.7339246119733687
-0.7339246119733683
-0.7339246119733679
-0.7339246119733674
-0.7339246119733674
-0.7339246119733672
-0.733924611973367
-0.7339246119733669
-0.7339246119733669
-0.7339246119733668
-0.7339246119733666
-0.7339246119733663
-0.7339246119733663
-0.7339246119733662
-0.7339246119733661
-0.7339246119733664
-0.7339246119733671
-0.7339246119733673
-0.7339246119733674
-0.7339246119733678
-0.7339246119733686
-0.7339246119733698
-0.7339246119733704
-0.7339246119733712
-0.733924611973373
-0.7339246119733746
-0.7339246119733763
-0.7339246119733791
-0.7339246119733828
-0.7339246119733872
-0.6674057649667343
-0.6674057649667302
-0.6674057649667263
-0.6674057649667234
-0.6674057649667213
-0.6674057649667198
-0.6674057649667186
-0.6674057649667173
-0.6674057649667157
-0.6674057649667151
-0.6674057649667147
-0.6674057649667141
-0.6674057649667136
-0.6674057649667129
-0.6674057649667126
-0.6674057649667121
-0.6674057649667118
-0.6674057649667118
-0.6674057649667117
-0.6674057649667116
-0.6674057649667113
-0.6674057649667112
-0.6674057649667112
-0.6674057649667113
-0.6674057649667113
-0.6674057649667114
-0.6674057649667118
-0.6674057649667121
-0.667405764966713
-0.6674057649667138
-0.6674057649667142
-0.6674057649667151
-0.6674057649667164
-0.6674057649667183
-0.6674057649667196
-0.6674057649667211
-0.6674057649667232
-0.6674057649667261
-0.6674057649667301
-0.6674057649667342
-0.6008869179600823
-0.6008869179600771
-0.6008869179600743
-0.6008869179600712
-0.6008869179600688
-0.6008869179600668
-0.600886917960065
-0.6008869179600647
-0.6008869179600631
-0.6008869179600621
-0.6008869179600613
-0.6008869179600607
-0.6008869179600604
-0.6008869179600599
-0.6008869179600591
-0.600886917960059
-0.6008869179600586
-0.6008869179600582
-0.6008869179600579
-0.6008869179600576
-0.6008869179600576
-0.6008869179600574
-0.6008869179600574
-0.6008869179600577
-0.6008869179600578
-0.6008869179600579
-0.6008869179600583
-0.600886917960059
-0.6008869179600594
-0.6008869179600603
-0.6008869179600612
-0.6008869179600624
-0.6008869179600638
-0.600886917960065
-0.6008869179600669
-0.6008869179600688
-0.600886917960071
-0.6008869179600738
-0.6008869179600771
-0.6008869179600823
-0.5343680709534308
-0.5343680709534265
-0.5343680709534224
-0.5343680709534201
-0.5343680709534178
-0.5343680709534157
-0.5343680709534141
-0.5343680709534124
-0.5343680709534123
-0.5343680709534107
-0.53436807095341
-0.5343680709534093
-0.5343680709534089
-0.5343680709534083
-0.5343680709534075
-0.534368070953407
-0.5343680709534065
-0.5343680709534061
-0.5343680709534061
-0.5343680709534057
-0.5343680709534054
-0.5343680709534054
-0.5343680709534054
-0.5343680709534057
-0.5343680709534061
-0.5343680709534064
-0.5343680709534069
-0.5343680709534074
-0.5343680709534082
-0.5343680709534089
-0.5343680709534097
-0.5343680709534109
-0.534368070953412
-0.5343680709534139
-0.5343680709534155
-0.5343680709534172
-0.5343680709534196
-0.5343680709534226
-0.5343680709534266
-0.5343680709534311
-0.4678492239467797
-0.4678492239467756
-0.46784922394677225
-0.467849223946769
-0.46784922394676776
-0.46784922394676565
-0.46784922394676454
-0.4678492239467631
-0.46784922394676154
-0.4678492239467606
-0.4678492239467594
-0.46784922394675943
-0.46784922394675893
-0.4678492239467581
-0.46784922394675693
-0.4678492239467569
-0.46784922394675627
-0.46784922394675593
-0.4678492239467556
-0.4678492239467553
-0.46784922394675516
-0.4678492239467552
-0.4678492239467553
-0.4678492239467557
-0.4678492239467558
-0.46784922394675627
-0.4678492239467566
-0.46784922394675704
-0.4678492239467577
-0.4678492239467586
-0.46784922394675965
-0.4678492239467606
-0.4678492239467622
-0.467849223946764
-0.4678492239467656
-0.46784922394676753
-0.46784922394676937
-0.4678492239467723
-0.46784922394677586
-0.4678492239467801
-0.40133037694012874
-0.4013303769401255
-0.40133037694012086
-0.4013303769401195
-0.4013303769401178
-0.40133037694011536
-0.40133037694011453
-0.4013303769401132
-0.401330376940112
-0.40133037694011153
-0.40133037694011064
-0.4013303769401095
-0.40133037694010887
-0.4013303769401081
-0.4013303769401073
-0.4013303769401067
-0.4013303769401062
-0.40133037694010576
-0.40133037694010526
-0.4013303769401051
-0.4013303769401049
-0.401330376940105
-0.4013303769401052
-0.40133037694010537
-0.40133037694010576
-0.4013303769401061
-0.40133037694010665
-0.4013303769401073
-0.4013303769401078
-0.4013303769401088
-0.4013303769401101
-0.40133037694011103
-0.40133037694011225
-0.40133037694011325
-0.4013303769401148
-0.40133037694011703
-0.4013303769401193
-0.4013303769401221
-0.40133037694012536
-0.40133037694012885
-0.3348115299334777
-0.3348115299334744
-0.33481152993347185
-0.334811529933469
-0.33481152993346713
-0.3348115299334664
-0.3348115299334652
-0.3348115299334635
-0.3348115299334632
-0.3348115299334622
-0.3348115299334614
-0.3348115299334609
-0.33481152993346003
-0.3348115299334591
-0.3348115299334581
-0.33481152993345753
-0.3348115299334569
-0.3348115299334564
-0.33481152993345603
-0.3348115299334558
-0.3348115299334556
-0.33481152993345564
-0.3348115299334558
-0.33481152993345614
-0.33481152993345653
-0.3348115299334569
-0.33481152993345764
-0.33481152993345853
-0.33481152993345936
-0.33481152993345986
-0.33481152993346064
-0.33481152993346175
-0.33481152993346286
-0.33481152993346436
-0.3348115299334657
-0.33481152993346686
-0.3348115299334688
-0.3348115299334713
-0.334811529933474
-0.33481152993347746
-0.2682926829268259
-0.26829268292682323
-0.26829268292682107
-0.2682926829268194
-0.2682926829268186
-0.26829268292681696
-0.26829268292681585
-0.26829268292681546
-0.2682926829268145
-0.26829268292681346
-0.2682926829268129
-0.26829268292681213
-0.26829268292681124
-0.2682926829268104
-0.26829268292680963
-0.2682926829268087
-0.26829268292680797
-0.26829268292680747
-0.26829268292680697
-0.2682926829268067
-0.2682926829268065
-0.26829268292680647
-0.26829268292680664
-0.268292682926807
-0.26829268292680764
-0.2682926829268084
-0.26829268292680886
-0.2682926829268094
-0.26829268292681036
-0.2682926829268112
-0.2682926829268115
-0.26829268292681235
-0.2682926829268138
-0.2682926829268148
-0.26829268292681613
-0.268292682926818
-0.26829268292681935
-0.2682926829268212
-0.26829268292682323
-0.2682926829268261
-0.20177383592017506
-0.20177383592017312
-0.20177383592017206
-0.2017738359201709
-0.2017738359201695
-0.20177383592016893
-0.2017738359201682
-0.20177383592016726
-0.20177383592016687
-0.2017738359201663
-0.20177383592016587
-0.20177383592016437
-0.20177383592016387
-0.20177383592016318
-0.20177383592016176
-0.20177383592016085
-0.20177383592016016
-0.2017738359201595
-0.201773835920159
-0.2017738359201586
-0.20177383592015838
-0.20177383592015838
-0.20177383592015835
-0.20177383592015918
-0.20177383592016004
-0.2017738359201603
-0.20177383592016085
-0.20177383592016176
-0.20177383592016215
-0.2017738359201632
-0.2017738359201641
-0.20177383592016476
-0.20177383592016568
-0.20177383592016648
-0.20177383592016773
-0.2017738359201689
-0.20177383592017023
-0.20177383592017137
-0.20177383592017345
-0.20177383592017506
-0.1352549889135242
-0.13525498891352294
-0.13525498891352178
-0.13525498891352097
-0.13525498891352106
-0.13525498891352036
-0.1352549889135204
-0.13525498891352025
-0.1352549889135198
-0.13525498891351936
-0.1352549889135185
-0.1352549889135177
-0.1352549889135167
-0.13525498891351564
-0.13525498891351462
-0.1352549889135135
-0.1352549889135125
-0.1352549889135118
-0.1352549889135111
-0.13525498891351065
-0.13525498891351045
-0.13525498891351054
-0.13525498891351087
-0.13525498891351137
-0.1352549889135122
-0.13525498891351304
-0.1352549889135137
-0.13525498891351448
-0.13525498891351506
-0.1352549889135156
-0.1352549889135164
-0.13525498891351712
-0.13525498891351775
-0.1352549889135185
-0.1352549889135194
-0.13525498891352072
-0.13525498891352195
-0.13525498891352256
-0.1352549889135235
-0.13525498891352444
-0.06873614190687266
-0.06873614190687233
-0.06873614190687213
-0.0687361419068722
-0.068736141906872
-0.06873614190687263
-0.068736141906873
-0.06873614190687338
-0.06873614190687308
-0.0687361419068728
-0.06873614190687186
-0.06873614190687112
-0.0687361419068697
-0.06873614190686857
-0.06873614190686732
-0.06873614190686642
-0.06873614190686507
-0.06873614190686395
-0.06873614190686314
-0.06873614190686277
-0.06873614190686257
-0.06873614190686275
-0.06873614190686325
-0.06873614190686393
-0.06873614190686489
-0.0687361419068659
-0.06873614190686676
-0.06873614190686736
-0.068736141906868
-0.0687361419068684
-0.0687361419068688
-0.0687361419068692
-0.06873614190687008
-0.06873614190687082
-0.06873614190687166
-0.06873614190687287
-0.06873614190687319
-0.06873614190687376
-0.06873614190687398
-0.06873614190687395
-0.0022172949002217763
-0.00221729490022211
-0.0022172949002227022
-0.002217294900223385
-0.002217294900223987
-0.002217294900224862
-0.0022172949002257783
-0.002217294900226746
-0.0022172949002269428
-0.00221729490022663
-0.0022172949002260806
-0.00221729490022461
-0.0022172949002233064
-0.002217294900221973
-0.0022172949002206106
-0.002217294900219186
-0.0022172949002177782
-0.0022172949002164867
-0.002217294900215317
-0.0022172949002146032
-0.002217294900214369
-0.002217294900214654
-0.0022172949002153474
-0.0022172949002163948
-0.002217294900217542
-0.0022172949002187735
-0.0022172949002199458
-0.0022172949002205876
-0.002217294900220966
-0.002217294900221469
-0.0022172949002212078
-0.0022172949002214454
-0.002217294900222025
-0.002217294900222813
-0.0022172949002235895
-0.002217294900224229
-0.0022172949002246733
-0.0022172949002249595
-0.0022172949002239916
-0.002217294900223064
0.06430155210642899
0.064301552106428
0.06430155210642728
0.06430155210642606
0.06430155210642433
0.06430155210642242
0.0643015521064206
0.06430155210641898
0.0643015521064183
0.06430155210641862
0.06430155210641976
0.06430155210642138
0.06430155210642308
0.06430155210642471
0.06430155210642616
0.06430155210642767
0.06430155210642947
0.06430155210643124
0.06430155210643279
0.06430155210643379
0.06430155210643403
0.0643015521064336
0.06430155210643264
0.06430155210643124
0.06430155210642947
0.06430155210642774
0.06430155210642635
0.06430155210642553
0.0643015521064255
0.0643015521064259
0.06430155210642621
0.06430155210642625
0.06430155210642585
0.06430155210642476
0.06430155210642355
0.06430155210642306
0.06430155210642298
0.06430155210642356
0.06430155210642498
0.0643015521064274
0.13082039911307988
0.1308203991130784
0.1308203991130773
0.13082039911307544
0.13082039911307292
0.1308203991130704
0.1308203991130671
0.13082039911306415
0.1308203991130626
0.13082039911306312
0.13082039911306506
0.13082039911306723
0.13082039911306934
0.13082039911307128
0.13082039911307278
0.1308203991130744
0.1308203991130767
0.13082039911307922
0.1308203991130814
0.1308203991130829
0.13082039911308313
0.13082039911308227
0.130820399113081
0.1308203991130793
0.13082039911307686
0.1308203991130739
0.13082039911307194
0.13082039911307125
0.1308203991130715
0.13082039911307272
0.13082039911307383
0.13082039911307397
0.13082039911307372
0.13082039911307253
0.13082039911307083
0.1308203991130697
0.13082039911306964
0.13082039911307067
0.1308203991130728
0.1308203991130771
0.19733924611973028
0.1973392461197285
0.19733924611972745
0.1973392461197254
0.19733924611972206
0.19733924611971795
0.19733924611971365
0.19733924611970777
0.19733924611970474
0.19733924611970624
0.19733924611971002
0.19733924611971335
0.19733924611971648
0.1973392461197182
0.1973392461197197
0.19733924611972076
0.197339246119724
0.19733924611972786
0.19733924611973125
0.19733924611973308
0.19733924611973305
0.197339246119731
0.1973392461197294
0.19733924611972764
0.19733924611972462
0.19733924611971929
0.19733924611971654
0.19733924611971546
0.197339246119716
0.19733924611971929
0.19733924611972256
0.19733924611972214
0.19733924611972223
0.19733924611971979
0.19733924611971637
0.19733924611971468
0.19733924611971426
0.1973392461197158
0.19733924611971831
0.19733924611972534
0.2638580931263795
0.26385809312637837
0.2638580931263798
0.2638580931263768
0.26385809312637154
0.2638580931263668
0.26385809312636316
0.2638580931263494
0.2638580931263433
0.2638580931263484
0.2638580931263554
0.26385809312636077
0.26385809312636554
0.26385809312636577
0.26385809312636704
0.2638580931263641
0.2638580931263716
0.26385809312637704
0.26385809312638286
0.26385809312638503
0.26385809312638514
0.26385809312637926
0.26385809312637803
0.26385809312637803
0.26385809312637526
0.2638580931263622
0.2638580931263588
0.26385809312635755
0.26385809312635716
0.26385809312636627
0.2638580931263757
0.26385809312637054
0.26385809312637437
0.2638580931263688
0.26385809312636116
0.2638580931263591
0.2638580931263566
0.26385809312635994
0.2638580931263597
0.26385809312637254
0.33037694013302704
0.33037694013301955
0.33037694013303565
0.3303769401330334
0.3303769401330129
0.3303769401330179
0.3303769401330259
0.33037694013298635
0.3303769401329715
0.33037694013299
0.33037694013300056
0.33037694013300895
0.3303769401330184
0.33037694013301766
0.33037694013302094
0.33037694013300106
0.3303769401330173
0.3303769401330239
0.330376940133036
0.33037694013304414
0.33037694013303986
0.3303769401330271
0.3303769401330256
0.3303769401330288
0.3303769401330369
0.3303769401329955
0.33037694013299296
0.3303769401330035
0.3303769401329933
0.33037694013301283
0.3303769401330396
0.3303769401330091
0.3303769401330387
0.3303769401330208
0.3303769401330002
0.3303769401330071
0.3303769401329943
0.3303769401330098
0.33037694013298496
0.3303769401330211
0.8669623059866808
0.8669623059866755
0.86696230598669
0.8669623059866826
0.8669623059866692
0.866962305986662
0.866962305986665
0.8669623059866568
0.8669623059866456
0.8669623059866556
0.8669623059866545
0.8669623059866625
0.8669623059866643
0.866962305986674
0.8669623059866642
0.866962305986664
0.8669623059866728
0.8669623059866783
0.866962305986687
0.8669623059866979
0.8669623059866927
0.8669623059866827
0.8669623059866771
0.8669623059866804
0.8669623059866801
0.8669623059866679
0.8669623059866564
0.8669623059866557
0.8669623059866598
0.8669623059866742
0.8669623059866719
0.8669623059866766
0.8669623059866852
0.8669623059866836
0.8669623059866721
0.8669623059866635
0.866962305986652
0.8669623059866545
0.8669623059866537
0.8669623059866699
0.8736141906873532
0.8736141906873488
0.8736141906873504
0.8736141906873464
0.8736141906873391
0.8736141906873338
0.8736141906873309
0.8736141906873266
0.8736141906873233
0.8736141906873253
0.8736141906873263
0.87361419068733
0.8736141906873328
0.8736141906873363
0.8736141906873354
0.8736141906873364
0.8736141906873409
0.8736141906873458
0.8736141906873507
0.8736141906873545
0.8736141906873535
0.8736141906873498
0.873614190687347
0.8736141906873454
0.8736141906873428
0.8736141906873371
0.873614190687332
0.8736141906873304
0.8736141906873326
0.8736141906873375
0.8736141906873398
0.8736141906873421
0.8736141906873455
0.8736141906873445
0.873614190687339
0.873614190687334
0.8736141906873296
0.8736141906873314
0.8736141906873355
0.8736141906873462
0.8802660753880213
0.8802660753880174
0.8802660753880146
0.880266075388011
0.8802660753880073
0.8802660753880034
0.8802660753880004
0.8802660753879967
0.8802660753879947
0.880266075387995
0.8802660753879962
0.880266075387998
0.8802660753880003
0.8802660753880023
0.8802660753880033
0.8802660753880053
0.8802660753880083
0.8802660753880117
0.8802660753880145
0.880266075388016
0.8802660753880159
0.8802660753880145
0.880266075388013
0.8802660753880113
0.8802660753880087
0.8802660753880058
0.8802660753880036
0.880266075388002
0.8802660753880032
0.8802660753880052
0.8802660753880072
0.8802660753880083
0.8802660753880096
0.880266075388009
0.8802660753880069
0.8802660753880042
0.8802660753880029
0.8802660753880046
0.8802660753880087
0.8802660753880165
0.886917960088688
0.8869179600886844
0.8869179600886811
0.8869179600886781
0.8869179600886749
0.8869179600886716
0.8869179600886691
0.8869179600886665
0.8869179600886647
0.8869179600886646
0.886917960088665
0.8869179600886661
0.8869179600886676
0.8869179600886695
0.8869179600886704
0.8869179600886724
0.886917960088675
0.8869179600886772
0.8869179600886792
0.8869179600886802
0.8869179600886805
0.88691796008868
0.8869179600886787
0.8869179600886773
0.8869179600886754
0.8869179600886736
0.8869179600886723
0.8869179600886713
0.8869179600886714
0.8869179600886726
0.8869179600886736
0.8869179600886746
0.886917960088675
0.8869179600886753
0.8869179600886742
0.886917960088673
0.8869179600886731
0.8869179600886754
0.8869179600886797
0.886917960088685
0.8935698447893536
0.893569844789351
0.8935698447893475
0.893569844789345
0.8935698447893424
0.8935698447893398
0.8935698447893373
0.8935698447893354
0.8935698447893342
0.8935698447893338
0.8935698447893338
0.8935698447893345
0.8935698447893354
0.8935698447893364
0.8935698447893375
0.8935698447893391
0.8935698447893413
0.8935698447893428
0.8935698447893442
0.893569844789345
0.8935698447893458
0.8935698447893454
0.8935698447893445
0.8935698447893436
0.8935698447893422
0.893569844789341
0.8935698447893399
0.8935698447893395
0.8935698447893397
0.8935698447893401
0.8935698447893408
0.8935698447893411
0.8935698447893415
0.8935698447893414
0.8935698447893415
0.8935698447893415
0.8935698447893423
0.8935698447893443
0.8935698447893476
0.8935698447893522
0.9002217294900196
0.900221729490017
0.9002217294900144
0.900221729490012
0.9002217294900097
0.9002217294900072
0.9002217294900057
0.900221729490004
0.900221729490003
0.9002217294900022
0.9002217294900021
0.900221729490002
0.9002217294900029
0.9002217294900032
0.9002217294900045
0.9002217294900058
0.9002217294900076
0.9002217294900086
0.9002217294900098
0.9002217294900107
0.9002217294900112
0.9002217294900112
0.9002217294900107
0.9002217294900098
0.900221729490009
0.9002217294900083
0.9002217294900078
0.9002217294900071
0.9002217294900071
0.9002217294900074
0.9002217294900078
0.9002217294900081
0.9002217294900083
0.9002217294900087
0.9002217294900088
0.9002217294900093
0.9002217294900104
0.9002217294900124
0.9002217294900152
0.9002217294900183
0.906873614190685
0.9068736141906829
0.9068736141906808
0.9068736141906788
0.9068736141906767
0.9068736141906751
0.9068736141906734
0.9068736141906725
0.9068736141906709
0.9068736141906705
0.90687361419067
0.9068736141906698
0.9068736141906703
0.9068736141906708
0.9068736141906714
0.9068736141906727
0.9068736141906737
0.9068736141906748
0.9068736141906756
0.9068736141906764
0.9068736141906768
0.9068736141906769
0.9068736141906766
0.9068736141906759
0.9068736141906755
0.9068736141906752
0.9068736141906751
0.9068736141906747
0.9068736141906746
0.9068736141906747
0.9068736141906747
0.9068736141906748
0.9068736141906752
0.9068736141906757
0.9068736141906762
0.9068736141906768
0.9068736141906777
0.9068736141906797
0.9068736141906819
0.9068736141906849
0.9135254988913507
0.9135254988913488
0.9135254988913468
0.9135254988913455
0.9135254988913435
0.9135254988913419
0.9135254988913409
0.9135254988913396
0.9135254988913388
0.9135254988913383
0.9135254988913377
0.9135254988913379
0.9135254988913378
0.9135254988913383
0.9135254988913387
0.9135254988913394
0.9135254988913403
0.9135254988913409
0.9135254988913416
0.9135254988913423
0.9135254988913427
0.9135254988913426
0.9135254988913425
0.9135254988913419
0.9135254988913417
0.9135254988913417
0.9135254988913416
0.9135254988913418
0.9135254988913413
0.9135254988913413
0.9135254988913414
0.9135254988913417
0.9135254988913423
0.9135254988913426
0.9135254988913429
0.913525498891344
0.9135254988913449
0.9135254988913465
0.9135254988913484
0.9135254988913504
0.9201773835920161
0.9201773835920144
0.9201773835920127
0.9201773835920111
0.9201773835920097
0.9201773835920086
0.9201773835920077
0.920177383592007
0.9201773835920062
0.9201773835920056
0.9201773835920051
0.920177383592005
0.9201773835920054
0.9201773835920055
0.920177383592006
0.9201773835920061
0.9201773835920066
0.9201773835920073
0.9201773835920078
0.9201773835920082
0.9201773835920085
0.9201773835920087
0.9201773835920084
0.9201773835920082
0.9201773835920078
0.9201773835920081
0.9201773835920082
0.9201773835920082
0.9201773835920081
0.9201773835920077
0.9201773835920081
0.9201773835920083
0.9201773835920085
0.920177383592009
0.9201773835920096
0.9201773835920107
0.9201773835920117
0.9201773835920128
0.9201773835920144
0.920177383592016
0.9268292682926814
0.92682926829268
0.9268292682926786
0.9268292682926771
0.926829268292676
0.9268292682926754
0.9268292682926746
0.9268292682926736
0.926829268292673
0.9268292682926724
0.926829268292672
0.9268292682926721
0.9268292682926722
0.9268292682926728
0.9268292682926726
0.9268292682926729
0.9268292682926734
0.9268292682926738
0.9268292682926741
0.9268292682926745
0.9268292682926741
0.9268292682926746
0.9268292682926745
0.9268292682926743
0.9268292682926743
0.9268292682926741
0.9268292682926744
0.9268292682926744
0.9268292682926743
0.9268292682926742
0.9268292682926744
0.9268292682926746
0.9268292682926751
0.9268292682926755
0.9268292682926763
0.9268292682926773
0.9268292682926783
0.9268292682926792
0.9268292682926803
0.9268292682926815
0.9334811529933466
0.9334811529933454
0.9334811529933444
0.9334811529933431
0.9334811529933418
0.9334811529933414
0.9334811529933409
0.9334811529933401
0.9334811529933397
0.9334811529933392
0.9334811529933388
0.9334811529933389
0.9334811529933389
0.9334811529933392
0.9334811529933392
0.9334811529933396
0.9334811529933398
0.9334811529933401
0.9334811529933404
0.9334811529933402
0.9334811529933406
0.9334811529933406
0.9334811529933407
0.9334811529933406
0.9334811529933406
0.9334811529933406
0.9334811529933406
0.9334811529933409
0.9334811529933408
0.9334811529933406
0.9334811529933407
0.9334811529933412
0.9334811529933412
0.933481152993342
0.933481152993343
0.9334811529933437
0.9334811529933447
0.9334811529933453
0.9334811529933461
0.9334811529933469
0.940133037694012
0.9401330376940112
0.94013303769401
0.9401330376940094
0.9401330376940086
0.9401330376940076
0.9401330376940071
0.9401330376940065
0.9401330376940061
0.9401330376940056
0.9401330376940051
0.9401330376940051
0.9401330376940055
0.9401330376940055
0.9401330376940056
0.9401330376940055
0.9401330376940061
0.940133037694006
0.9401330376940062
0.9401330376940064
0.9401330376940067
0.9401330376940066
0.9401330376940069
0.9401330376940068
0.9401330376940068
0.9401330376940068
0.9401330376940068
0.9401330376940066
0.9401330376940068
0.9401330376940066
0.9401330376940067
0.940133037694007
0.9401330376940076
0.940133037694008
0.9401330376940087
0.9401330376940096
0.9401330376940106
0.9401330376940112
0.9401330376940117
0.9401330376940122
0.9467849223946774
0.9467849223946768
0.9467849223946762
0.9467849223946754
0.9467849223946747
0.9467849223946739
0.946784922394673
0.9467849223946727
0.9467849223946724
0.9467849223946722
0.9467849223946719
0.9467849223946716
0.9467849223946716
0.9467849223946717
0.9467849223946716
0.946784922394672
0.9467849223946723
0.9467849223946722
0.9467849223946722
0.9467849223946723
0.9467849223946723
0.9467849223946727
0.9467849223946727
0.9467849223946729
0.9467849223946728
0.9467849223946727
0.946784922394673
0.9467849223946728
0.9467849223946726
0.9467849223946725
0.9467849223946728
0.946784922394673
0.9467849223946733
0.946784922394674
0.9467849223946747
0.9467849223946756
0.9467849223946765
0.946784922394677
0.9467849223946775
0.946784922394678
0.9534368070953427
0.9534368070953422
0.9534368070953417
0.9534368070953414
0.9534368070953405
0.9534368070953397
0.9534368070953392
0.9534368070953387
0.9534368070953383
0.9534368070953383
0.9534368070953382
0.9534368070953377
0.9534368070953378
0.9534368070953377
0.9534368070953377
0.9534368070953377
0.9534368070953384
0.9534368070953378
0.9534368070953383
0.953436807095338
0.9534368070953385
0.9534368070953387
0.9534368070953388
0.9534368070953391
0.953436807095339
0.953436807095339
0.9534368070953388
0.9534368070953388
0.953436807095339
0.9534368070953386
0.9534368070953385
0.9534368070953391
0.9534368070953396
0.9534368070953398
0.9534368070953405
0.9534368070953412
0.9534368070953418
0.953436807095343
0.9534368070953428
0.9534368070953432
0.960088691796008
0.9600886917960075
0.9600886917960074
0.960088691796007
0.9600886917960066
0.9600886917960058
0.9600886917960053
0.9600886917960048
0.9600886917960046
0.9600886917960044
0.9600886917960043
0.9600886917960042
0.9600886917960042
0.960088691796004
0.9600886917960043
0.9600886917960041
0.9600886917960044
0.960088691796004
0.9600886917960042
0.9600886917960043
0.9600886917960049
0.9600886917960046
0.960088691796005
0.960088691796005
0.960088691796005
0.9600886917960046
0.9600886917960048
0.9600886917960051
0.9600886917960048
0.9600886917960046
0.9600886917960049
0.9600886917960051
0.9600886917960056
0.9600886917960062
0.9600886917960065
0.960088691796007
0.9600886917960074
0.9600886917960075
0.9600886917960082
0.9600886917960083
0.9667405764966736
0.9667405764966731
0.9667405764966727
0.9667405764966727
0.9667405764966724
0.9667405764966718
0.9667405764966711
0.9667405764966708
0.9667405764966707
0.9667405764966707
0.9667405764966707
0.9667405764966706
0.9667405764966702
0.9667405764966703
0.9667405764966701
0.9667405764966703
0.9667405764966703
0.9667405764966699
0.9667405764966703
0.9667405764966703
0.9667405764966703
0.966740576496671
0.9667405764966709
0.9667405764966711
0.9667405764966711
0.9667405764966711
0.9667405764966709
0.9667405764966708
0.9667405764966709
0.9667405764966709
0.9667405764966711
0.9667405764966716
0.9667405764966718
0.9667405764966721
0.9667405764966723
0.9667405764966727
0.9667405764966729
0.9667405764966732
0.9667405764966734
0.9667405764966737
0.973392461197339
0.9733924611973386
0.9733924611973382
0.9733924611973381
0.9733924611973382
0.9733924611973376
0.9733924611973369
0.9733924611973368
0.9733924611973366
0.9733924611973368
0.9733924611973366
0.9733924611973365
0.9733924611973366
0.9733924611973365
0.9733924611973365
0.9733924611973361
0.9733924611973362
0.9733924611973365
0.9733924611973364
0.9733924611973365
0.9733924611973367
0.973392461197337
0.973392461197337
0.973392461197337
0.973392461197337
0.9733924611973371
0.9733924611973369
0.9733924611973367
0.9733924611973365
0.9733924611973367
0.9733924611973369
0.9733924611973375
0.9733924611973378
0.9733924611973378
0.9733924611973381
0.9733924611973385
0.9733924611973386
0.9733924611973385
0.9733924611973389
0.973392461197339
0.9800443458980044
0.980044345898004
0.9800443458980036
0.9800443458980037
0.9800443458980034
0.980044345898003
0.9800443458980029
0.980044345898003
0.9800443458980026
0.9800443458980023
0.9800443458980023
0.9800443458980025
0.9800443458980025
0.9800443458980025
0.9800443458980022
0.980044345898002
0.9800443458980022
0.980044345898002
0.9800443458980023
0.9800443458980026
0.9800443458980028
0.9800443458980029
0.9800443458980025
0.9800443458980026
0.9800443458980025
0.9800443458980029
0.9800443458980028
0.9800443458980026
0.9800443458980025
0.9800443458980025
0.9800443458980028
0.9800443458980032
0.9800443458980039
0.9800443458980037
0.9800443458980037
0.9800443458980039
0.9800443458980042
0.9800443458980038
0.9800443458980039
0.9800443458980042
0.9866962305986697
0.9866962305986694
0.9866962305986692
0.9866962305986693
0.986696230598669
0.9866962305986688
0.986696230598669
0.9866962305986687
0.9866962305986683
0.9866962305986683
0.9866962305986681
0.9866962305986682
0.9866962305986682
0.9866962305986685
0.9866962305986681
0.9866962305986678
0.9866962305986678
0.9866962305986678
0.9866962305986684
0.9866962305986685
0.9866962305986686
0.9866962305986688
0.9866962305986687
0.9866962305986686
0.9866962305986685
0.9866962305986686
0.9866962305986685
0.9866962305986684
0.9866962305986682
0.9866962305986681
0.9866962305986685
0.9866962305986686
0.9866962305986687
0.9866962305986692
0.9866962305986692
0.9866962305986694
0.9866962305986695
0.9866962305986694
0.9866962305986695
0.9866962305986695
0.9933481152993346
0.9933481152993348
0.9933481152993345
0.9933481152993343
0.9933481152993345
0.9933481152993342
0.9933481152993344
0.9933481152993344
0.9933481152993342
0.9933481152993342
0.9933481152993342
0.9933481152993343
0.9933481152993343
0.9933481152993344
0.9933481152993344
0.9933481152993342
0.993348115299334
0.993348115299334
0.9933481152993343
0.9933481152993343
0.9933481152993345
0.9933481152993344
0.9933481152993343
0.9933481152993342
0.9933481152993341
0.9933481152993341
0.9933481152993341
0.9933481152993343
0.9933481152993341
0.993348115299334
0.9933481152993341
0.993348115299334
0.9933481152993341
0.9933481152993343
0.9933481152993346
0.9933481152993348
0.9933481152993349
0.9933481152993348
0.9933481152993348
0.9933481152993348
0.36363636363636354
0.3636363636363596
0.36363636363634716
0.363636363636335
0.36363636363633495
0.3636363636363441
0.3636363636363504
0.3636363636363626
0.36363636363635776
0.3636363636363421
0.36363636363633367
0.3636363636363274
0.3636363636363269
0.3636363636363293
0.3636363636363312
0.3636363636363339
0.3636363636363264
0.363636363636308
0.3636363636363014
0.36363636363631247
0.3636363636363152
0.36363636363631713
0.3636363636363198
0.3636363636363224
0.36363636363632984
0.3636363636363293
0.3636363636363321
0.3636363636363366
0.3636363636363448
0.3636363636363362
0.3636363636363323
0.3636363636363268
0.3636363636363234
0.36363636363633084
0.36363636363633667
0.36363636363634105
0.3636363636363434
0.3636363636363507
0.36363636363635726
0.3636363636363629
0.3636363636363712
0.363636363636369
0.36363636363636465
0.36363636363635443
0.363636363636347
0.3636363636363426
0.36363636363634033
0.363636363636345
0.3636363636363449
0.363636363636355
0.3636363636363536
0.36363636363634116
0.36363636363633295
0.36363636363632323
0.3636363636363187
0.3636363636363207
0.36363636363631757
0.36363636363631696
0.363636363636318
0.3636363636363349
0.36363636363634216
0.3636363636363482
0.36363636363634677
0.36363636363633484
0.3636363636363392
0.3636363636363524
0.3636363636363631
0.3636363636363634
0.36363636363634977
0.3636363636363475
0.3636363636363378
0.3636363636363336
0.3636363636363294
0.363636363636318
0.3636363636363128
0.36363636363631135
0.3636363636363134
0.3636363636363107
0.36363636363630086
0.36363636363631824
0.36363636363633184
0.36363636363634827
0.36363636363636354
0.8636363636363636
0.8636363636363589
0.8636363636363494
0.8636363636363346
0.8636363636363352
0.8636363636363439
0.86363636363635
0.8636363636363621
0.8636363636363571
0.8636363636363444
0.8636363636363301
0.8636363636363328
0.8636363636363201
0.8636363636363347
0.8636363636363253
0.8636363636363348
0.8636363636363285
0.863636363636307
0.8636363636363021
0.8636363636363102
0.8636363636363196
0.8636363636363146
0.863636363636321
0.8636363636363212
0.8636363636363301
0.8636363636363301
0.8636363636363309
0.8636363636363372
0.8636363636363459
0.8636363636363373
0.8636363636363292
0.8636363636363281
0.8636363636363229
0.8636363636363314
0.8636363636363368
0.8636363636363402
0.8636363636363448
0.8636363636363499
0.8636363636363579
0.8636363636363624
0.8636363636363705
0.8636363636363695
0.8636363636363642
0.8636363636363558
0.8636363636363458
0.8636363636363441
0.8636363636363381
0.8636363636363463
0.8636363636363443
0.8636363636363548
0.8636363636363539
0.8636363636363404
0.863636363636335
0.863636363636324
0.8636363636363174
0.863636363636322
0.8636363636363164
0.8636363636363175
0.8636363636363179
0.863636363636334
0.8636363636363433
0.8636363636363501
0.8636363636363418
0.8636363636363369
0.8636363636363384
0.8636363636363535
0.8636363636363611
0.8636363636363629
0.8636363636363533
0.863636363636344
0.8636363636363421
0.8636363636363322
0.8636363636363283
0.8636363636363199
0.8636363636363099
0.8636363636363151
0.8636363636363084
0.863636363636313
0.8636363636363005
0.86363636363632
0.863636363636329
0.8636363636363491
0.8636363636363636
