# vtk DataFile Version 3.0
Broken Mesh Solution
ASCII
DATASET UNSTRUCTURED_GRID

POINTS 7050 float
-0.5 -0.5 0.0
0.5 -0.5 0.0
0.5 0.5 0.0
-0.5 0.5 0.0
-0.4876543209876543 -0.5 0.0
-0.4753086419753086 -0.5 0.0
-0.462962962962963 -0.5 0.0
-0.4506172839506173 -0.5 0.0
-0.4382716049382716 -0.5 0.0
-0.4259259259259259 -0.5 0.0
-0.4135802469135803 -0.5 0.0
-0.4012345679012346 -0.5 0.0
-0.3888888888888889 -0.5 0.0
-0.3765432098765432 -0.5 0.0
-0.3641975308641975 -0.5 0.0
-0.3518518518518519 -0.5 0.0
-0.3395061728395062 -0.5 0.0
-0.3271604938271605 -0.5 0.0
-0.3148148148148148 -0.5 0.0
-0.3024691358024691 -0.5 0.0
-0.2901234567901235 -0.5 0.0
-0.2777777777777778 -0.5 0.0
-0.2654320987654321 -0.5 0.0
-0.2530864197530864 -0.5 0.0
-0.2407407407407408 -0.5 0.0
-0.2283950617283951 -0.5 0.0
-0.2160493827160494 -0.5 0.0
-0.2037037037037037 -0.5 0.0
-0.191358024691358 -0.5 0.0
-0.1790123456790124 -0.5 0.0
-0.1666666666666667 -0.5 0.0
-0.154320987654321 -0.5 0.0
-0.1419753086419753 -0.5 0.0
-0.1296296296296297 -0.5 0.0
-0.117283950617284 -0.5 0.0
-0.1049382716049383 -0.5 0.0
-0.09259259259259262 -0.5 0.0
-0.08024691358024694 -0.5 0.0
-0.06790123456790126 -0.5 0.0
-0.05555555555555558 -0.5 0.0
-0.0432098765432099 -0.5 0.0
-0.03086419753086422 -0.5 0.0
-0.01851851851851855 -0.5 0.0
-0.006172839506172867 -0.5 0.0
0.006172839506172867 -0.5 0.0
0.01851851851851849 -0.5 0.0
0.03086419753086422 -0.5 0.0
0.04320987654320985 -0.5 0.0
0.05555555555555558 -0.5 0.0
0.0679012345679012 -0.5 0.0
0.08024691358024694 -0.5 0.0
0.09259259259259256 -0.5 0.0
0.1049382716049383 -0.5 0.0
0.1172839506172839 -0.5 0.0
0.1296296296296297 -0.5 0.0
0.1419753086419753 -0.5 0.0
0.154320987654321 -0.5 0.0
0.1666666666666666 -0.5 0.0
0.1790123456790124 -0.5 0.0
0.191358024691358 -0.5 0.0
0.2037037037037037 -0.5 0.0
0.2160493827160493 -0.5 0.0
0.2283950617283951 -0.5 0.0
0.2407407407407407 -0.5 0.0
0.2530864197530864 -0.5 0.0
0.2654320987654321 -0.5 0.0
0.2777777777777778 -0.5 0.0
0.2901234567901234 -0.5 0.0
0.3024691358024691 -0.5 0.0
0.3148148148148148 -0.5 0.0
0.3271604938271605 -0.5 0.0
0.3395061728395061 -0.5 0.0
0.3518518518518519 -0.5 0.0
0.3641975308641975 -0.5 0.0
0.3765432098765432 -0.5 0.0
0.3888888888888888 -0.5 0.0
0.4012345679012346 -0.5 0.0
0.4135802469135802 -0.5 0.0
0.4259259259259259 -0.5 0.0
0.4382716049382716 -0.5 0.0
0.4506172839506173 -0.5 0.0
0.4629629629629629 -0.5 0.0
0.4753086419753086 -0.5 0.0
0.4876543209876543 -0.5 0.0
0.5 -0.4876543209876543 0.0
0.5 -0.4753086419753086 0.0
0.5 -0.462962962962963 0.0
0.5 -0.4506172839506173 0.0
0.5 -0.4382716049382716 0.0
0.5 -0.4259259259259259 0.0
0.5 -0.4135802469135803 0.0
0.5 -0.4012345679012346 0.0
0.5 -0.3888888888888889 0.0
0.5 -0.3765432098765432 0.0
0.5 -0.3641975308641975 0.0
0.5 -0.3518518518518519 0.0
0.5 -0.3395061728395062 0.0
0.5 -0.3271604938271605 0.0
0.5 -0.3148148148148148 0.0
0.5 -0.3024691358024691 0.0
0.5 -0.2901234567901235 0.0
0.5 -0.2777777777777778 0.0
0.5 -0.2654320987654321 0.0
0.5 -0.2530864197530864 0.0
0.5 -0.2407407407407408 0.0
0.5 -0.2283950617283951 0.0
0.5 -0.2160493827160494 0.0
0.5 -0.2037037037037037 0.0
0.5 -0.191358024691358 0.0
0.5 -0.1790123456790124 0.0
0.5 -0.1666666666666667 0.0
0.5 -0.154320987654321 0.0
0.5 -0.1419753086419753 0.0
0.5 -0.1296296296296297 0.0
0.5 -0.117283950617284 0.0
0.5 -0.1049382716049383 0.0
0.5 -0.09259259259259262 0.0
0.5 -0.08024691358024694 0.0
0.5 -0.06790123456790126 0.0
0.5 -0.05555555555555558 0.0
0.5 -0.0432098765432099 0.0
0.5 -0.03086419753086422 0.0
0.5 -0.01851851851851855 0.0
0.5 -0.006172839506172867 0.0
0.5 0.006172839506172867 0.0
0.5 0.01851851851851849 0.0
0.5 0.03086419753086422 0.0
0.5 0.04320987654320985 0.0
0.5 0.05555555555555558 0.0
0.5 0.0679012345679012 0.0
0.5 0.08024691358024694 0.0
0.5 0.09259259259259256 0.0
0.5 0.1049382716049383 0.0
0.5 0.1172839506172839 0.0
0.5 0.1296296296296297 0.0
0.5 0.1419753086419753 0.0
0.5 0.154320987654321 0.0
0.5 0.1666666666666666 0.0
0.5 0.1790123456790124 0.0
0.5 0.191358024691358 0.0
0.5 0.2037037037037037 0.0
0.5 0.2160493827160493 0.0
0.5 0.2283950617283951 0.0
0.5 0.2407407407407407 0.0
0.5 0.2530864197530864 0.0
0.5 0.2654320987654321 0.0
0.5 0.2777777777777778 0.0
0.5 0.2901234567901234 0.0
0.5 0.3024691358024691 0.0
0.5 0.3148148148148148 0.0
0.5 0.3271604938271605 0.0
0.5 0.3395061728395061 0.0
0.5 0.3518518518518519 0.0
0.5 0.3641975308641975 0.0
0.5 0.3765432098765432 0.0
0.5 0.3888888888888888 0.0
0.5 0.4012345679012346 0.0
0.5 0.4135802469135802 0.0
0.5 0.4259259259259259 0.0
0.5 0.4382716049382716 0.0
0.5 0.4506172839506173 0.0
0.5 0.4629629629629629 0.0
0.5 0.4753086419753086 0.0
0.5 0.4876543209876543 0.0
0.4876543209876543 0.5 0.0
0.4753086419753086 0.5 0.0
0.462962962962963 0.5 0.0
0.4506172839506173 0.5 0.0
0.4382716049382716 0.5 0.0
0.4259259259259259 0.5 0.0
0.4135802469135803 0.5 0.0
0.4012345679012346 0.5 0.0
0.3888888888888889 0.5 0.0
0.3765432098765432 0.5 0.0
0.3641975308641975 0.5 0.0
0.3518518518518519 0.5 0.0
0.3395061728395062 0.5 0.0
0.3271604938271605 0.5 0.0
0.3148148148148148 0.5 0.0
0.3024691358024691 0.5 0.0
0.2901234567901235 0.5 0.0
0.2777777777777778 0.5 0.0
0.2654320987654321 0.5 0.0
0.2530864197530864 0.5 0.0
0.2407407407407408 0.5 0.0
0.2283950617283951 0.5 0.0
0.2160493827160494 0.5 0.0
0.2037037037037037 0.5 0.0
0.191358024691358 0.5 0.0
0.1790123456790124 0.5 0.0
0.1666666666666667 0.5 0.0
0.154320987654321 0.5 0.0
0.1419753086419753 0.5 0.0
0.1296296296296297 0.5 0.0
0.117283950617284 0.5 0.0
0.1049382716049383 0.5 0.0
0.09259259259259262 0.5 0.0
0.08024691358024694 0.5 0.0
0.06790123456790126 0.5 0.0
0.05555555555555558 0.5 0.0
0.0432098765432099 0.5 0.0
0.03086419753086422 0.5 0.0
0.01851851851851855 0.5 0.0
0.006172839506172867 0.5 0.0
-0.006172839506172867 0.5 0.0
-0.01851851851851849 0.5 0.0
-0.03086419753086422 0.5 0.0
-0.04320987654320985 0.5 0.0
-0.05555555555555558 0.5 0.0
-0.0679012345679012 0.5 0.0
-0.08024691358024694 0.5 0.0
-0.09259259259259256 0.5 0.0
-0.1049382716049383 0.5 0.0
-0.1172839506172839 0.5 0.0
-0.1296296296296297 0.5 0.0
-0.1419753086419753 0.5 0.0
-0.154320987654321 0.5 0.0
-0.1666666666666666 0.5 0.0
-0.1790123456790124 0.5 0.0
-0.191358024691358 0.5 0.0
-0.2037037037037037 0.5 0.0
-0.2160493827160493 0.5 0.0
-0.2283950617283951 0.5 0.0
-0.2407407407407407 0.5 0.0
-0.2530864197530864 0.5 0.0
-0.2654320987654321 0.5 0.0
-0.2777777777777778 0.5 0.0
-0.2901234567901234 0.5 0.0
-0.3024691358024691 0.5 0.0
-0.3148148148148148 0.5 0.0
-0.3271604938271605 0.5 0.0
-0.3395061728395061 0.5 0.0
-0.3518518518518519 0.5 0.0
-0.3641975308641975 0.5 0.0
-0.3765432098765432 0.5 0.0
-0.3888888888888888 0.5 0.0
-0.4012345679012346 0.5 0.0
-0.4135802469135802 0.5 0.0
-0.4259259259259259 0.5 0.0
-0.4382716049382716 0.5 0.0
-0.4506172839506173 0.5 0.0
-0.4629629629629629 0.5 0.0
-0.4753086419753086 0.5 0.0
-0.4876543209876543 0.5 0.0
-0.5 0.4876543209876543 0.0
-0.5 0.4753086419753086 0.0
-0.5 0.462962962962963 0.0
-0.5 0.4506172839506173 0.0
-0.5 0.4382716049382716 0.0
-0.5 0.4259259259259259 0.0
-0.5 0.4135802469135803 0.0
-0.5 0.4012345679012346 0.0
-0.5 0.3888888888888889 0.0
-0.5 0.3765432098765432 0.0
-0.5 0.3641975308641975 0.0
-0.5 0.3518518518518519 0.0
-0.5 0.3395061728395062 0.0
-0.5 0.3271604938271605 0.0
-0.5 0.3148148148148148 0.0
-0.5 0.3024691358024691 0.0
-0.5 0.2901234567901235 0.0
-0.5 0.2777777777777778 0.0
-0.5 0.2654320987654321 0.0
-0.5 0.2530864197530864 0.0
-0.5 0.2407407407407408 0.0
-0.5 0.2283950617283951 0.0
-0.5 0.2160493827160494 0.0
-0.5 0.2037037037037037 0.0
-0.5 0.191358024691358 0.0
-0.5 0.1790123456790124 0.0
-0.5 0.1666666666666667 0.0
-0.5 0.154320987654321 0.0
-0.5 0.1419753086419753 0.0
-0.5 0.1296296296296297 0.0
-0.5 0.117283950617284 0.0
-0.5 0.1049382716049383 0.0
-0.5 0.09259259259259262 0.0
-0.5 0.08024691358024694 0.0
-0.5 0.06790123456790126 0.0
-0.5 0.05555555555555558 0.0
-0.5 0.0432098765432099 0.0
-0.5 0.03086419753086422 0.0
-0.5 0.01851851851851855 0.0
-0.5 0.006172839506172867 0.0
-0.5 -0.006172839506172867 0.0
-0.5 -0.01851851851851849 0.0
-0.5 -0.03086419753086422 0.0
-0.5 -0.04320987654320985 0.0
-0.5 -0.05555555555555558 0.0
-0.5 -0.0679012345679012 0.0
-0.5 -0.08024691358024694 0.0
-0.5 -0.09259259259259256 0.0
-0.5 -0.1049382716049383 0.0
-0.5 -0.1172839506172839 0.0
-0.5 -0.1296296296296297 0.0
-0.5 -0.1419753086419753 0.0
-0.5 -0.154320987654321 0.0
-0.5 -0.1666666666666666 0.0
-0.5 -0.1790123456790124 0.0
-0.5 -0.191358024691358 0.0
-0.5 -0.2037037037037037 0.0
-0.5 -0.2160493827160493 0.0
-0.5 -0.2283950617283951 0.0
-0.5 -0.2407407407407407 0.0
-0.5 -0.2530864197530864 0.0
-0.5 -0.2654320987654321 0.0
-0.5 -0.2777777777777778 0.0
-0.5 -0.2901234567901234 0.0
-0.5 -0.3024691358024691 0.0
-0.5 -0.3148148148148148 0.0
-0.5 -0.3271604938271605 0.0
-0.5 -0.3395061728395061 0.0
-0.5 -0.3518518518518519 0.0
-0.5 -0.3641975308641975 0.0
-0.5 -0.3765432098765432 0.0
-0.5 -0.3888888888888888 0.0
-0.5 -0.4012345679012346 0.0
-0.5 -0.4135802469135802 0.0
-0.5 -0.4259259259259259 0.0
-0.5 -0.4382716049382716 0.0
-0.5 -0.4506172839506173 0.0
-0.5 -0.4629629629629629 0.0
-0.5 -0.4753086419753086 0.0
-0.5 -0.4876543209876543 0.0
-0.4876543209876543 -0.4876543209876543 0.0
-0.4876543209876542 -0.4753086419753087 0.0
-0.4876543209876542 -0.462962962962963 0.0
-0.4876543209876543 -0.4506172839506173 0.0
-0.4876543209876544 -0.4382716049382716 0.0
-0.4876543209876544 -0.4259259259259259 0.0
-0.4876543209876543 -0.4135802469135801 0.0
-0.4876543209876544 -0.4012345679012346 0.0
-0.4876543209876543 -0.3888888888888888 0.0
-0.4876543209876543 -0.3765432098765432 0.0
-0.4876543209876543 -0.3641975308641975 0.0
-0.4876543209876542 -0.3518518518518519 0.0
-0.4876543209876543 -0.3395061728395061 0.0
-0.4876543209876543 -0.3271604938271605 0.0
-0.4876543209876543 -0.3148148148148148 0.0
-0.4876543209876543 -0.3024691358024691 0.0
-0.4876543209876543 -0.2901234567901234 0.0
-0.4876543209876544 -0.2777777777777778 0.0
-0.4876543209876543 -0.2654320987654321 0.0
-0.4876543209876544 -0.2530864197530864 0.0
-0.4876543209876543 -0.2407407407407407 0.0
-0.4876543209876543 -0.228395061728395 0.0
-0.4876543209876544 -0.2160493827160494 0.0
-0.4876543209876542 -0.2037037037037037 0.0
-0.4876543209876543 -0.191358024691358 0.0
-0.4876543209876543 -0.1790123456790124 0.0
-0.4876543209876542 -0.1666666666666667 0.0
-0.4876543209876543 -0.154320987654321 0.0
-0.4876543209876542 -0.1419753086419752 0.0
-0.4876543209876543 -0.1296296296296297 0.0
-0.4876543209876543 -0.1172839506172839 0.0
-0.4876543209876544 -0.1049382716049383 0.0
-0.4876543209876544 -0.09259259259259256 0.0
-0.4876543209876543 -0.08024691358024691 0.0
-0.4876543209876544 -0.0679012345679012 0.0
-0.4876543209876543 -0.05555555555555558 0.0
-0.4876543209876542 -0.04320987654320987 0.0
-0.4876543209876543 -0.03086419753086422 0.0
-0.4876543209876543 -0.01851851851851846 0.0
-0.4876543209876543 -0.006172839506172867 0.0
-0.4876543209876543 0.006172839506172895 0.0
-0.4876543209876542 0.01851851851851855 0.0
-0.4876543209876543 0.03086419753086422 0.0
-0.4876543209876543 0.0432098765432099 0.0
-0.4876543209876544 0.05555555555555555 0.0
-0.4876543209876543 0.06790123456790129 0.0
-0.4876543209876542 0.08024691358024694 0.0
-0.4876543209876543 0.09259259259259264 0.0
-0.4876543209876543 0.1049382716049383 0.0
-0.4876543209876543 0.1172839506172839 0.0
-0.4876543209876543 0.1296296296296297 0.0
-0.4876543209876542 0.1419753086419753 0.0
-0.4876543209876543 0.154320987654321 0.0
-0.4876543209876543 0.1666666666666666 0.0
-0.4876543209876542 0.1790123456790124 0.0
-0.4876543209876543 0.191358024691358 0.0
-0.4876543209876542 0.2037037037037037 0.0
-0.4876543209876543 0.2160493827160494 0.0
-0.4876543209876543 0.2283950617283951 0.0
-0.4876543209876542 0.2407407407407408 0.0
-0.4876543209876543 0.2530864197530864 0.0
-0.4876543209876543 0.2654320987654321 0.0
-0.4876543209876543 0.2777777777777778 0.0
-0.4876543209876543 0.2901234567901235 0.0
-0.4876543209876542 0.3024691358024691 0.0
-0.4876543209876543 0.3148148148148148 0.0
-0.4876543209876543 0.3271604938271606 0.0
-0.4876543209876542 0.3395061728395061 0.0
-0.4876543209876543 0.3518518518518519 0.0
-0.4876543209876542 0.3641975308641975 0.0
-0.4876543209876543 0.3765432098765432 0.0
-0.4876543209876543 0.3888888888888889 0.0
-0.4876543209876542 0.4012345679012346 0.0
-0.4876543209876543 0.4135802469135803 0.0
-0.4876543209876542 0.4259259259259259 0.0
-0.4876543209876543 0.4382716049382716 0.0
-0.4876543209876543 0.4506172839506173 0.0
-0.4876543209876542 0.4629629629629629 0.0
-0.4876543209876543 0.4753086419753087 0.0
-0.4876543209876542 0.4876543209876543 0.0
-0.4753086419753087 -0.4876543209876542 0.0
-0.4753086419753086 -0.4753086419753086 0.0
-0.4753086419753086 -0.462962962962963 0.0
-0.4753086419753086 -0.4506172839506173 0.0
-0.4753086419753086 -0.4382716049382716 0.0
-0.4753086419753085 -0.4259259259259259 0.0
-0.4753086419753086 -0.4135802469135802 0.0
-0.4753086419753086 -0.4012345679012346 0.0
-0.4753086419753086 -0.3888888888888888 0.0
-0.4753086419753086 -0.3765432098765432 0.0
-0.4753086419753086 -0.3641975308641975 0.0
-0.4753086419753088 -0.3518518518518519 0.0
-0.4753086419753085 -0.3395061728395061 0.0
-0.4753086419753086 -0.3271604938271605 0.0
-0.4753086419753086 -0.3148148148148148 0.0
-0.4753086419753086 -0.3024691358024691 0.0
-0.4753086419753086 -0.2901234567901234 0.0
-0.4753086419753086 -0.2777777777777778 0.0
-0.4753086419753086 -0.2654320987654321 0.0
-0.4753086419753086 -0.2530864197530864 0.0
-0.4753086419753086 -0.2407407407407407 0.0
-0.4753086419753086 -0.228395061728395 0.0
-0.4753086419753087 -0.2160493827160494 0.0
-0.4753086419753085 -0.2037037037037037 0.0
-0.4753086419753086 -0.191358024691358 0.0
-0.4753086419753086 -0.1790123456790124 0.0
-0.4753086419753088 -0.1666666666666666 0.0
-0.4753086419753086 -0.154320987654321 0.0
-0.4753086419753086 -0.1419753086419753 0.0
-0.4753086419753086 -0.1296296296296297 0.0
-0.4753086419753086 -0.1172839506172839 0.0
-0.4753086419753086 -0.1049382716049383 0.0
-0.4753086419753086 -0.09259259259259259 0.0
-0.4753086419753086 -0.08024691358024696 0.0
-0.4753086419753086 -0.0679012345679012 0.0
-0.4753086419753086 -0.05555555555555558 0.0
-0.4753086419753087 -0.04320987654320982 0.0
-0.4753086419753086 -0.0308641975308642 0.0
-0.4753086419753086 -0.01851851851851852 0.0
-0.4753086419753086 -0.006172839506172867 0.0
-0.4753086419753086 0.006172839506172867 0.0
-0.4753086419753086 0.01851851851851852 0.0
-0.4753086419753086 0.0308641975308642 0.0
-0.4753086419753086 0.04320987654320993 0.0
-0.4753086419753086 0.05555555555555558 0.0
-0.4753086419753086 0.06790123456790126 0.0
-0.4753086419753086 0.08024691358024691 0.0
-0.4753086419753086 0.09259259259259259 0.0
-0.4753086419753086 0.1049382716049383 0.0
-0.4753086419753086 0.117283950617284 0.0
-0.4753086419753086 0.1296296296296297 0.0
-0.4753086419753086 0.1419753086419753 0.0
-0.4753086419753086 0.154320987654321 0.0
-0.4753086419753086 0.1666666666666667 0.0
-0.4753086419753086 0.1790123456790124 0.0
-0.4753086419753086 0.191358024691358 0.0
-0.4753086419753086 0.2037037037037037 0.0
-0.4753086419753086 0.2160493827160494 0.0
-0.4753086419753087 0.2283950617283951 0.0
-0.4753086419753086 0.2407407407407408 0.0
-0.4753086419753086 0.2530864197530864 0.0
-0.4753086419753086 0.2654320987654321 0.0
-0.4753086419753086 0.2777777777777778 0.0
-0.4753086419753086 0.2901234567901234 0.0
-0.4753086419753086 0.3024691358024691 0.0
-0.4753086419753086 0.3148148148148148 0.0
-0.4753086419753086 0.3271604938271605 0.0
-0.4753086419753086 0.3395061728395061 0.0
-0.4753086419753086 0.3518518518518519 0.0
-0.4753086419753086 0.3641975308641975 0.0
-0.4753086419753086 0.3765432098765432 0.0
-0.4753086419753086 0.3888888888888888 0.0
-0.4753086419753086 0.4012345679012346 0.0
-0.4753086419753086 0.4135802469135802 0.0
-0.4753086419753086 0.4259259259259259 0.0
-0.4753086419753086 0.4382716049382716 0.0
-0.4753086419753086 0.4506172839506173 0.0
-0.4753086419753086 0.4629629629629629 0.0
-0.4753086419753086 0.4753086419753086 0.0
-0.4753086419753086 0.4876543209876543 0.0
-0.462962962962963 -0.4876543209876542 0.0
-0.4629629629629631 -0.4753086419753086 0.0
-0.462962962962963 -0.4629629629629629 0.0
-0.462962962962963 -0.4506172839506173 0.0
-0.4629629629629629 -0.4382716049382717 0.0
-0.4629629629629631 -0.4259259259259259 0.0
-0.462962962962963 -0.4135802469135802 0.0
-0.462962962962963 -0.4012345679012346 0.0
-0.4629629629629629 -0.3888888888888888 0.0
-0.4629629629629631 -0.3765432098765432 0.0
-0.4629629629629629 -0.3641975308641975 0.0
-0.462962962962963 -0.3518518518518519 0.0
-0.462962962962963 -0.3395061728395062 0.0
-0.4629629629629629 -0.3271604938271605 0.0
-0.462962962962963 -0.3148148148148149 0.0
-0.462962962962963 -0.3024691358024691 0.0
-0.462962962962963 -0.2901234567901234 0.0
-0.4629629629629629 -0.2777777777777778 0.0
-0.462962962962963 -0.2654320987654321 0.0
-0.462962962962963 -0.2530864197530864 0.0
-0.462962962962963 -0.2407407407407406 0.0
-0.462962962962963 -0.2283950617283952 0.0
-0.462962962962963 -0.2160493827160494 0.0
-0.4629629629629629 -0.2037037037037037 0.0
-0.4629629629629631 -0.1913580246913579 0.0
-0.4629629629629629 -0.1790123456790124 0.0
-0.4629629629629631 -0.1666666666666667 0.0
-0.462962962962963 -0.154320987654321 0.0
-0.462962962962963 -0.1419753086419752 0.0
-0.462962962962963 -0.1296296296296296 0.0
-0.4629629629629631 -0.1172839506172839 0.0
-0.4629629629629629 -0.1049382716049383 0.0
-0.4629629629629629 -0.09259259259259256 0.0
-0.4629629629629629 -0.08024691358024694 0.0
-0.4629629629629629 -0.06790123456790118 0.0
-0.462962962962963 -0.05555555555555561 0.0
-0.462962962962963 -0.04320987654320985 0.0
-0.4629629629629629 -0.03086419753086422 0.0
-0.4629629629629629 -0.01851851851851849 0.0
-0.4629629629629629 -0.006172839506172895 0.0
-0.4629629629629629 0.006172839506172895 0.0
-0.462962962962963 0.01851851851851852 0.0
-0.4629629629629629 0.03086419753086422 0.0
-0.462962962962963 0.04320987654320993 0.0
-0.462962962962963 0.05555555555555558 0.0
-0.462962962962963 0.06790123456790126 0.0
-0.4629629629629629 0.08024691358024691 0.0
-0.462962962962963 0.09259259259259264 0.0
-0.4629629629629629 0.1049382716049383 0.0
-0.462962962962963 0.1172839506172839 0.0
-0.4629629629629628 0.1296296296296297 0.0
-0.462962962962963 0.1419753086419754 0.0
-0.462962962962963 0.154320987654321 0.0
-0.462962962962963 0.1666666666666667 0.0
-0.462962962962963 0.1790123456790123 0.0
-0.4629629629629629 0.191358024691358 0.0
-0.462962962962963 0.2037037037037037 0.0
-0.462962962962963 0.2160493827160495 0.0
-0.462962962962963 0.2283950617283951 0.0
-0.4629629629629629 0.2407407407407407 0.0
-0.4629629629629629 0.2530864197530864 0.0
-0.4629629629629629 0.2654320987654321 0.0
-0.462962962962963 0.2777777777777778 0.0
-0.4629629629629629 0.2901234567901234 0.0
-0.4629629629629629 0.3024691358024691 0.0
-0.4629629629629628 0.3148148148148149 0.0
-0.4629629629629628 0.3271604938271605 0.0
-0.4629629629629631 0.3395061728395062 0.0
-0.4629629629629631 0.3518518518518519 0.0
-0.462962962962963 0.3641975308641974 0.0
-0.462962962962963 0.3765432098765432 0.0
-0.4629629629629629 0.3888888888888888 0.0
-0.4629629629629631 0.4012345679012346 0.0
-0.4629629629629629 0.4135802469135801 0.0
-0.462962962962963 0.4259259259259259 0.0
-0.4629629629629629 0.4382716049382717 0.0
-0.462962962962963 0.4506172839506173 0.0
-0.462962962962963 0.462962962962963 0.0
-0.4629629629629629 0.4753086419753086 0.0
-0.4629629629629629 0.4876543209876543 0.0
-0.4506172839506172 -0.4876543209876542 0.0
-0.4506172839506174 -0.4753086419753086 0.0
-0.4506172839506173 -0.4629629629629629 0.0
-0.4506172839506172 -0.4506172839506173 0.0
-0.4506172839506173 -0.4382716049382716 0.0
-0.4506172839506173 -0.4259259259259259 0.0
-0.4506172839506172 -0.4135802469135803 0.0
-0.4506172839506173 -0.4012345679012346 0.0
-0.4506172839506173 -0.3888888888888888 0.0
-0.4506172839506173 -0.3765432098765432 0.0
-0.4506172839506174 -0.3641975308641975 0.0
-0.4506172839506173 -0.3518518518518519 0.0
-0.4506172839506173 -0.3395061728395061 0.0
-0.4506172839506173 -0.3271604938271605 0.0
-0.4506172839506173 -0.3148148148148148 0.0
-0.4506172839506173 -0.3024691358024691 0.0
-0.4506172839506172 -0.2901234567901234 0.0
-0.4506172839506173 -0.2777777777777778 0.0
-0.4506172839506173 -0.2654320987654321 0.0
-0.4506172839506173 -0.2530864197530864 0.0
-0.4506172839506173 -0.2407407407407406 0.0
-0.4506172839506173 -0.228395061728395 0.0
-0.4506172839506173 -0.2160493827160494 0.0
-0.4506172839506173 -0.2037037037037037 0.0
-0.4506172839506173 -0.191358024691358 0.0
-0.4506172839506173 -0.1790123456790124 0.0
-0.4506172839506172 -0.1666666666666667 0.0
-0.4506172839506173 -0.154320987654321 0.0
-0.4506172839506172 -0.1419753086419752 0.0
-0.4506172839506174 -0.1296296296296297 0.0
-0.4506172839506173 -0.1172839506172839 0.0
-0.4506172839506172 -0.1049382716049383 0.0
-0.4506172839506173 -0.09259259259259256 0.0
-0.4506172839506173 -0.08024691358024691 0.0
-0.4506172839506173 -0.0679012345679012 0.0
-0.4506172839506173 -0.05555555555555558 0.0
-0.4506172839506173 -0.04320987654320987 0.0
-0.4506172839506173 -0.03086419753086422 0.0
-0.4506172839506173 -0.01851851851851849 0.0
-0.4506172839506173 -0.006172839506172867 0.0
-0.4506172839506173 0.006172839506172867 0.0
-0.4506172839506173 0.01851851851851855 0.0
-0.4506172839506173 0.03086419753086422 0.0
-0.4506172839506173 0.04320987654320987 0.0
-0.4506172839506173 0.05555555555555558 0.0
-0.4506172839506173 0.06790123456790126 0.0
-0.4506172839506173 0.08024691358024696 0.0
-0.4506172839506173 0.09259259259259262 0.0
-0.4506172839506173 0.1049382716049383 0.0
-0.4506172839506173 0.117283950617284 0.0
-0.4506172839506173 0.1296296296296297 0.0
-0.4506172839506173 0.1419753086419754 0.0
-0.4506172839506173 0.154320987654321 0.0
-0.4506172839506173 0.1666666666666667 0.0
-0.4506172839506173 0.1790123456790124 0.0
-0.4506172839506173 0.191358024691358 0.0
-0.4506172839506173 0.2037037037037037 0.0
-0.4506172839506173 0.2160493827160494 0.0
-0.4506172839506173 0.2283950617283951 0.0
-0.4506172839506173 0.2407407407407408 0.0
-0.4506172839506173 0.2530864197530864 0.0
-0.4506172839506173 0.2654320987654321 0.0
-0.4506172839506173 0.2777777777777778 0.0
-0.4506172839506173 0.2901234567901234 0.0
-0.4506172839506173 0.3024691358024691 0.0
-0.4506172839506173 0.3148148148148148 0.0
-0.4506172839506173 0.3271604938271605 0.0
-0.4506172839506173 0.3395061728395061 0.0
-0.4506172839506173 0.3518518518518519 0.0
-0.4506172839506173 0.3641975308641975 0.0
-0.4506172839506173 0.3765432098765432 0.0
-0.4506172839506173 0.3888888888888888 0.0
-0.4506172839506173 0.4012345679012346 0.0
-0.4506172839506173 0.4135802469135802 0.0
-0.4506172839506173 0.4259259259259259 0.0
-0.4506172839506173 0.4382716049382716 0.0
-0.4506172839506173 0.4506172839506173 0.0
-0.4506172839506173 0.4629629629629629 0.0
-0.4506172839506173 0.4753086419753086 0.0
-0.4506172839506173 0.4876543209876543 0.0
-0.4382716049382716 -0.4876543209876543 0.0
-0.4382716049382715 -0.4753086419753087 0.0
-0.4382716049382717 -0.4629629629629629 0.0
-0.4382716049382717 -0.4506172839506173 0.0
-0.4382716049382717 -0.4382716049382716 0.0
-0.4382716049382716 -0.4259259259259259 0.0
-0.4382716049382716 -0.4135802469135802 0.0
-0.4382716049382716 -0.4012345679012346 0.0
-0.4382716049382716 -0.3888888888888888 0.0
-0.4382716049382716 -0.3765432098765432 0.0
-0.4382716049382717 -0.3641975308641975 0.0
-0.4382716049382717 -0.3518518518518519 0.0
-0.4382716049382717 -0.3395061728395061 0.0
-0.4382716049382716 -0.3271604938271605 0.0
-0.4382716049382716 -0.3148148148148148 0.0
-0.4382716049382716 -0.3024691358024691 0.0
-0.4382716049382716 -0.2901234567901234 0.0
-0.4382716049382716 -0.2777777777777778 0.0
-0.4382716049382717 -0.2654320987654321 0.0
-0.4382716049382717 -0.2530864197530864 0.0
-0.4382716049382717 -0.2407407407407407 0.0
-0.4382716049382716 -0.228395061728395 0.0
-0.4382716049382716 -0.2160493827160494 0.0
-0.4382716049382716 -0.2037037037037037 0.0
-0.4382716049382716 -0.191358024691358 0.0
-0.4382716049382716 -0.1790123456790124 0.0
-0.4382716049382717 -0.1666666666666667 0.0
-0.4382716049382717 -0.154320987654321 0.0
-0.4382716049382717 -0.1419753086419752 0.0
-0.4382716049382716 -0.1296296296296297 0.0
-0.4382716049382716 -0.1172839506172839 0.0
-0.4382716049382716 -0.1049382716049383 0.0
-0.4382716049382716 -0.09259259259259256 0.0
-0.4382716049382716 -0.08024691358024694 0.0
-0.4382716049382716 -0.0679012345679012 0.0
-0.4382716049382716 -0.05555555555555558 0.0
-0.4382716049382716 -0.04320987654320985 0.0
-0.4382716049382716 -0.03086419753086422 0.0
-0.4382716049382716 -0.01851851851851849 0.0
-0.4382716049382716 -0.006172839506172867 0.0
-0.4382716049382716 0.006172839506172867 0.0
-0.4382716049382716 0.01851851851851855 0.0
-0.4382716049382716 0.03086419753086422 0.0
-0.4382716049382716 0.04320987654320993 0.0
-0.4382716049382716 0.05555555555555558 0.0
-0.4382716049382716 0.06790123456790129 0.0
-0.4382716049382716 0.08024691358024694 0.0
-0.4382716049382716 0.09259259259259264 0.0
-0.4382716049382716 0.1049382716049383 0.0
-0.4382716049382716 0.117283950617284 0.0
-0.4382716049382716 0.1296296296296297 0.0
-0.4382716049382716 0.1419753086419754 0.0
-0.4382716049382716 0.154320987654321 0.0
-0.4382716049382716 0.1666666666666667 0.0
-0.4382716049382716 0.1790123456790124 0.0
-0.4382716049382716 0.1913580246913581 0.0
-0.4382716049382716 0.2037037037037037 0.0
-0.4382716049382716 0.2160493827160494 0.0
-0.4382716049382716 0.2283950617283951 0.0
-0.4382716049382716 0.2407407407407407 0.0
-0.4382716049382716 0.2530864197530864 0.0
-0.4382716049382716 0.2654320987654321 0.0
-0.4382716049382716 0.2777777777777778 0.0
-0.4382716049382716 0.2901234567901234 0.0
-0.4382716049382716 0.3024691358024691 0.0
-0.4382716049382716 0.3148148148148148 0.0
-0.4382716049382716 0.3271604938271605 0.0
-0.4382716049382716 0.3395061728395061 0.0
-0.4382716049382716 0.3518518518518519 0.0
-0.4382716049382716 0.3641975308641975 0.0
-0.4382716049382716 0.3765432098765432 0.0
-0.4382716049382716 0.3888888888888888 0.0
-0.4382716049382716 0.4012345679012346 0.0
-0.4382716049382716 0.4135802469135802 0.0
-0.4382716049382716 0.4259259259259259 0.0
-0.4382716049382716 0.4382716049382716 0.0
-0.4382716049382716 0.4506172839506173 0.0
-0.4382716049382716 0.4629629629629629 0.0
-0.4382716049382716 0.4753086419753086 0.0
-0.4382716049382716 0.4876543209876543 0.0
-0.4259259259259259 -0.4876543209876543 0.0
-0.4259259259259259 -0.4753086419753086 0.0
-0.4259259259259259 -0.462962962962963 0.0
-0.425925925925926 -0.4506172839506173 0.0
-0.4259259259259259 -0.4382716049382716 0.0
-0.4259259259259259 -0.4259259259259259 0.0
-0.4259259259259259 -0.4135802469135802 0.0
-0.4259259259259258 -0.4012345679012346 0.0
-0.4259259259259259 -0.3888888888888888 0.0
-0.4259259259259259 -0.3765432098765432 0.0
-0.425925925925926 -0.3641975308641975 0.0
-0.4259259259259259 -0.3518518518518519 0.0
-0.4259259259259259 -0.3395061728395061 0.0
-0.4259259259259259 -0.3271604938271605 0.0
-0.4259259259259259 -0.3148148148148148 0.0
-0.4259259259259259 -0.3024691358024691 0.0
-0.4259259259259259 -0.2901234567901234 0.0
-0.4259259259259259 -0.2777777777777778 0.0
-0.4259259259259259 -0.2654320987654321 0.0
-0.4259259259259259 -0.2530864197530864 0.0
-0.4259259259259259 -0.2407407407407406 0.0
-0.4259259259259259 -0.228395061728395 0.0
-0.4259259259259259 -0.2160493827160494 0.0
-0.4259259259259259 -0.2037037037037037 0.0
-0.4259259259259259 -0.191358024691358 0.0
-0.4259259259259259 -0.1790123456790124 0.0
-0.4259259259259259 -0.1666666666666667 0.0
-0.4259259259259259 -0.154320987654321 0.0
-0.4259259259259259 -0.1419753086419752 0.0
-0.425925925925926 -0.1296296296296297 0.0
-0.425925925925926 -0.1172839506172839 0.0
-0.4259259259259259 -0.1049382716049383 0.0
-0.4259259259259258 -0.09259259259259259 0.0
-0.4259259259259259 -0.08024691358024694 0.0
-0.4259259259259259 -0.06790123456790123 0.0
-0.4259259259259259 -0.05555555555555555 0.0
-0.4259259259259259 -0.04320987654320985 0.0
-0.4259259259259259 -0.03086419753086422 0.0
-0.4259259259259259 -0.01851851851851849 0.0
-0.4259259259259259 -0.006172839506172867 0.0
-0.4259259259259259 0.006172839506172867 0.0
-0.4259259259259259 0.01851851851851855 0.0
-0.4259259259259259 0.03086419753086422 0.0
-0.4259259259259259 0.0432098765432099 0.0
-0.4259259259259259 0.05555555555555561 0.0
-0.4259259259259259 0.06790123456790126 0.0
-0.4259259259259259 0.08024691358024694 0.0
-0.4259259259259259 0.09259259259259259 0.0
-0.4259259259259259 0.1049382716049383 0.0
-0.4259259259259259 0.117283950617284 0.0
-0.4259259259259259 0.1296296296296297 0.0
-0.4259259259259259 0.1419753086419753 0.0
-0.4259259259259259 0.154320987654321 0.0
-0.4259259259259259 0.1666666666666667 0.0
-0.4259259259259259 0.1790123456790124 0.0
-0.4259259259259259 0.191358024691358 0.0
-0.4259259259259259 0.2037037037037037 0.0
-0.4259259259259259 0.2160493827160493 0.0
-0.4259259259259259 0.2283950617283951 0.0
-0.4259259259259259 0.2407407407407408 0.0
-0.4259259259259259 0.2530864197530864 0.0
-0.4259259259259259 0.2654320987654321 0.0
-0.4259259259259259 0.2777777777777778 0.0
-0.4259259259259259 0.2901234567901234 0.0
-0.4259259259259259 0.3024691358024691 0.0
-0.4259259259259259 0.3148148148148148 0.0
-0.4259259259259259 0.3271604938271605 0.0
-0.4259259259259259 0.3395061728395061 0.0
-0.4259259259259259 0.3518518518518519 0.0
-0.4259259259259259 0.3641975308641975 0.0
-0.4259259259259259 0.3765432098765432 0.0
-0.4259259259259259 0.3888888888888888 0.0
-0.4259259259259259 0.4012345679012346 0.0
-0.4259259259259259 0.4135802469135802 0.0
-0.4259259259259259 0.4259259259259259 0.0
-0.4259259259259259 0.4382716049382716 0.0
-0.4259259259259259 0.4506172839506173 0.0
-0.4259259259259259 0.4629629629629629 0.0
-0.4259259259259259 0.4753086419753086 0.0
-0.4259259259259259 0.4876543209876543 0.0
-0.4135802469135803 -0.4876543209876542 0.0
-0.4135802469135802 -0.4753086419753086 0.0
-0.4135802469135803 -0.4629629629629629 0.0
-0.4135802469135804 -0.4506172839506172 0.0
-0.4135802469135802 -0.4382716049382717 0.0
-0.4135802469135802 -0.4259259259259259 0.0
-0.4135802469135803 -0.4135802469135803 0.0
-0.4135802469135803 -0.4012345679012346 0.0
-0.4135802469135803 -0.3888888888888888 0.0
-0.4135802469135804 -0.3765432098765432 0.0
-0.4135802469135803 -0.3641975308641975 0.0
-0.4135802469135803 -0.3518518518518519 0.0
-0.4135802469135803 -0.3395061728395062 0.0
-0.4135802469135803 -0.3271604938271605 0.0
-0.4135802469135803 -0.3148148148148149 0.0
-0.4135802469135802 -0.3024691358024691 0.0
-0.4135802469135803 -0.2901234567901234 0.0
-0.4135802469135803 -0.2777777777777778 0.0
-0.4135802469135804 -0.2654320987654321 0.0
-0.4135802469135803 -0.2530864197530864 0.0
-0.4135802469135803 -0.2407407407407407 0.0
-0.4135802469135802 -0.228395061728395 0.0
-0.4135802469135803 -0.2160493827160494 0.0
-0.4135802469135803 -0.2037037037037037 0.0
-0.4135802469135804 -0.1913580246913579 0.0
-0.4135802469135804 -0.1790123456790124 0.0
-0.4135802469135802 -0.1666666666666667 0.0
-0.4135802469135803 -0.154320987654321 0.0
-0.4135802469135803 -0.1419753086419753 0.0
-0.4135802469135801 -0.1296296296296296 0.0
-0.4135802469135802 -0.1172839506172839 0.0
-0.4135802469135803 -0.1049382716049383 0.0
-0.4135802469135803 -0.09259259259259256 0.0
-0.4135802469135803 -0.08024691358024696 0.0
-0.4135802469135802 -0.06790123456790123 0.0
-0.4135802469135802 -0.05555555555555555 0.0
-0.4135802469135801 -0.04320987654320985 0.0
-0.4135802469135802 -0.03086419753086422 0.0
-0.4135802469135803 -0.01851851851851852 0.0
-0.4135802469135802 -0.006172839506172867 0.0
-0.4135802469135802 0.006172839506172839 0.0
-0.4135802469135802 0.01851851851851857 0.0
-0.4135802469135802 0.03086419753086422 0.0
-0.4135802469135802 0.04320987654320987 0.0
-0.4135802469135802 0.05555555555555558 0.0
-0.4135802469135803 0.0679012345679012 0.0
-0.4135802469135803 0.08024691358024694 0.0
-0.4135802469135803 0.09259259259259264 0.0
-0.4135802469135803 0.1049382716049383 0.0
-0.4135802469135803 0.1172839506172839 0.0
-0.4135802469135803 0.1296296296296296 0.0
-0.4135802469135803 0.1419753086419753 0.0
-0.4135802469135804 0.154320987654321 0.0
-0.4135802469135802 0.1666666666666667 0.0
-0.4135802469135801 0.1790123456790123 0.0
-0.4135802469135802 0.191358024691358 0.0
-0.4135802469135801 0.2037037037037037 0.0
-0.4135802469135803 0.2160493827160494 0.0
-0.4135802469135802 0.2283950617283951 0.0
-0.4135802469135802 0.2407407407407408 0.0
-0.4135802469135802 0.2530864197530864 0.0
-0.4135802469135803 0.2654320987654321 0.0
-0.4135802469135803 0.2777777777777778 0.0
-0.4135802469135804 0.2901234567901234 0.0
-0.4135802469135802 0.3024691358024691 0.0
-0.4135802469135802 0.3148148148148149 0.0
-0.4135802469135803 0.3271604938271604 0.0
-0.4135802469135803 0.3395061728395061 0.0
-0.4135802469135803 0.3518518518518519 0.0
-0.4135802469135803 0.3641975308641975 0.0
-0.4135802469135802 0.3765432098765432 0.0
-0.4135802469135802 0.3888888888888888 0.0
-0.4135802469135803 0.4012345679012346 0.0
-0.4135802469135803 0.4135802469135803 0.0
-0.4135802469135803 0.4259259259259259 0.0
-0.4135802469135802 0.4382716049382717 0.0
-0.4135802469135802 0.4506172839506172 0.0
-0.4135802469135802 0.4629629629629629 0.0
-0.4135802469135803 0.4753086419753086 0.0
-0.4135802469135803 0.4876543209876543 0.0
-0.4012345679012346 -0.4876543209876543 0.0
-0.4012345679012346 -0.4753086419753086 0.0
-0.4012345679012347 -0.4629629629629629 0.0
-0.4012345679012346 -0.4506172839506173 0.0
-0.4012345679012346 -0.4382716049382716 0.0
-0.4012345679012346 -0.4259259259259259 0.0
-0.4012345679012347 -0.4135802469135803 0.0
-0.4012345679012346 -0.4012345679012346 0.0
-0.4012345679012346 -0.3888888888888888 0.0
-0.4012345679012346 -0.3765432098765432 0.0
-0.4012345679012346 -0.3641975308641975 0.0
-0.4012345679012346 -0.3518518518518519 0.0
-0.4012345679012346 -0.3395061728395061 0.0
-0.4012345679012346 -0.3271604938271605 0.0
-0.4012345679012345 -0.3148148148148148 0.0
-0.4012345679012345 -0.3024691358024691 0.0
-0.4012345679012346 -0.2901234567901234 0.0
-0.4012345679012345 -0.2777777777777778 0.0
-0.4012345679012346 -0.2654320987654321 0.0
-0.4012345679012346 -0.2530864197530864 0.0
-0.4012345679012346 -0.2407407407407407 0.0
-0.4012345679012346 -0.228395061728395 0.0
-0.4012345679012346 -0.2160493827160494 0.0
-0.4012345679012346 -0.2037037037037037 0.0
-0.4012345679012346 -0.191358024691358 0.0
-0.4012345679012346 -0.1790123456790123 0.0
-0.4012345679012346 -0.1666666666666666 0.0
-0.4012345679012346 -0.154320987654321 0.0
-0.4012345679012346 -0.1419753086419752 0.0
-0.4012345679012345 -0.1296296296296297 0.0
-0.4012345679012346 -0.1172839506172839 0.0
-0.4012345679012346 -0.1049382716049383 0.0
-0.4012345679012346 -0.09259259259259256 0.0
-0.4012345679012346 -0.08024691358024694 0.0
-0.4012345679012345 -0.06790123456790123 0.0
-0.4012345679012346 -0.05555555555555555 0.0
-0.4012345679012346 -0.04320987654320985 0.0
-0.4012345679012346 -0.03086419753086422 0.0
-0.4012345679012346 -0.01851851851851849 0.0
-0.4012345679012346 -0.006172839506172867 0.0
-0.4012345679012346 0.006172839506172867 0.0
-0.4012345679012346 0.01851851851851855 0.0
-0.4012345679012346 0.03086419753086422 0.0
-0.4012345679012346 0.04320987654320987 0.0
-0.4012345679012346 0.05555555555555561 0.0
-0.4012345679012346 0.06790123456790123 0.0
-0.4012345679012346 0.08024691358024694 0.0
-0.4012345679012346 0.09259259259259262 0.0
-0.4012345679012346 0.1049382716049383 0.0
-0.4012345679012346 0.1172839506172839 0.0
-0.4012345679012345 0.1296296296296296 0.0
-0.4012345679012346 0.1419753086419753 0.0
-0.4012345679012346 0.154320987654321 0.0
-0.4012345679012346 0.1666666666666667 0.0
-0.4012345679012346 0.1790123456790123 0.0
-0.4012345679012346 0.191358024691358 0.0
-0.4012345679012346 0.2037037037037037 0.0
-0.4012345679012346 0.2160493827160494 0.0
-0.4012345679012346 0.2283950617283951 0.0
-0.4012345679012346 0.2407407407407407 0.0
-0.4012345679012346 0.2530864197530864 0.0
-0.4012345679012346 0.2654320987654321 0.0
-0.4012345679012346 0.2777777777777778 0.0
-0.4012345679012346 0.2901234567901234 0.0
-0.4012345679012346 0.3024691358024691 0.0
-0.4012345679012346 0.3148148148148148 0.0
-0.4012345679012346 0.3271604938271605 0.0
-0.4012345679012346 0.3395061728395061 0.0
-0.4012345679012346 0.3518518518518519 0.0
-0.4012345679012346 0.3641975308641975 0.0
-0.4012345679012346 0.3765432098765432 0.0
-0.4012345679012346 0.3888888888888888 0.0
-0.4012345679012346 0.4012345679012346 0.0
-0.4012345679012346 0.4135802469135802 0.0
-0.4012345679012346 0.4259259259259259 0.0
-0.4012345679012346 0.4382716049382716 0.0
-0.4012345679012346 0.4506172839506173 0.0
-0.4012345679012346 0.4629629629629629 0.0
-0.4012345679012346 0.4753086419753086 0.0
-0.4012345679012346 0.4876543209876543 0.0
-0.3888888888888888 -0.4876543209876543 0.0
-0.388888888888889 -0.4753086419753086 0.0
-0.3888888888888888 -0.462962962962963 0.0
-0.3888888888888888 -0.4506172839506172 0.0
-0.388888888888889 -0.4382716049382716 0.0
-0.3888888888888888 -0.425925925925926 0.0
-0.3888888888888888 -0.4135802469135803 0.0
-0.3888888888888889 -0.4012345679012346 0.0
-0.3888888888888888 -0.3888888888888888 0.0
-0.388888888888889 -0.3765432098765432 0.0
-0.3888888888888889 -0.3641975308641975 0.0
-0.3888888888888888 -0.3518518518518517 0.0
-0.3888888888888888 -0.339506172839506 0.0
-0.3888888888888888 -0.3271604938271605 0.0
-0.3888888888888888 -0.3148148148148148 0.0
-0.3888888888888888 -0.3024691358024692 0.0
-0.3888888888888888 -0.2901234567901234 0.0
-0.3888888888888888 -0.2777777777777778 0.0
-0.3888888888888889 -0.2654320987654321 0.0
-0.388888888888889 -0.2530864197530864 0.0
-0.3888888888888888 -0.2407407407407407 0.0
-0.3888888888888888 -0.228395061728395 0.0
-0.388888888888889 -0.2160493827160494 0.0
-0.3888888888888888 -0.2037037037037037 0.0
-0.3888888888888888 -0.191358024691358 0.0
-0.3888888888888888 -0.1790123456790124 0.0
-0.3888888888888887 -0.1666666666666666 0.0
-0.3888888888888888 -0.154320987654321 0.0
-0.3888888888888888 -0.1419753086419753 0.0
-0.388888888888889 -0.1296296296296297 0.0
-0.3888888888888888 -0.1172839506172839 0.0
-0.3888888888888888 -0.1049382716049383 0.0
-0.3888888888888888 -0.09259259259259256 0.0
-0.3888888888888888 -0.08024691358024696 0.0
-0.3888888888888888 -0.0679012345679012 0.0
-0.388888888888889 -0.05555555555555558 0.0
-0.3888888888888888 -0.04320987654320985 0.0
-0.3888888888888888 -0.03086419753086422 0.0
-0.3888888888888889 -0.01851851851851846 0.0
-0.3888888888888888 -0.006172839506172839 0.0
-0.3888888888888888 0.006172839506172839 0.0
-0.3888888888888888 0.01851851851851852 0.0
-0.3888888888888888 0.03086419753086422 0.0
-0.3888888888888888 0.04320987654320993 0.0
-0.3888888888888888 0.05555555555555561 0.0
-0.3888888888888888 0.06790123456790123 0.0
-0.3888888888888888 0.08024691358024694 0.0
-0.3888888888888888 0.09259259259259264 0.0
-0.3888888888888888 0.1049382716049383 0.0
-0.3888888888888888 0.117283950617284 0.0
-0.3888888888888888 0.1296296296296296 0.0
-0.3888888888888888 0.1419753086419754 0.0
-0.3888888888888888 0.154320987654321 0.0
-0.3888888888888888 0.1666666666666667 0.0
-0.3888888888888888 0.1790123456790124 0.0
-0.3888888888888888 0.191358024691358 0.0
-0.3888888888888888 0.2037037037037038 0.0
-0.3888888888888888 0.2160493827160494 0.0
-0.3888888888888888 0.2283950617283951 0.0
-0.3888888888888888 0.2407407407407408 0.0
-0.3888888888888888 0.2530864197530864 0.0
-0.3888888888888888 0.2654320987654321 0.0
-0.3888888888888888 0.2777777777777778 0.0
-0.3888888888888888 0.2901234567901234 0.0
-0.3888888888888888 0.3024691358024692 0.0
-0.3888888888888888 0.3148148148148148 0.0
-0.3888888888888888 0.3271604938271605 0.0
-0.3888888888888888 0.3395061728395061 0.0
-0.3888888888888888 0.3518518518518519 0.0
-0.3888888888888888 0.3641975308641975 0.0
-0.3888888888888888 0.3765432098765432 0.0
-0.3888888888888888 0.3888888888888888 0.0
-0.3888888888888888 0.4012345679012346 0.0
-0.3888888888888888 0.4135802469135802 0.0
-0.3888888888888888 0.425925925925926 0.0
-0.3888888888888888 0.4382716049382716 0.0
-0.3888888888888888 0.4506172839506173 0.0
-0.3888888888888888 0.462962962962963 0.0
-0.3888888888888888 0.4753086419753086 0.0
-0.3888888888888888 0.4876543209876543 0.0
-0.3765432098765432 -0.4876543209876543 0.0
-0.3765432098765432 -0.4753086419753086 0.0
-0.3765432098765432 -0.462962962962963 0.0
-0.3765432098765432 -0.4506172839506173 0.0
-0.3765432098765432 -0.4382716049382716 0.0
-0.3765432098765433 -0.4259259259259259 0.0
-0.3765432098765432 -0.4135802469135803 0.0
-0.3765432098765432 -0.4012345679012346 0.0
-0.3765432098765432 -0.3888888888888888 0.0
-0.3765432098765432 -0.3765432098765432 0.0
-0.3765432098765432 -0.3641975308641975 0.0
-0.3765432098765432 -0.3518518518518519 0.0
-0.3765432098765432 -0.3395061728395061 0.0
-0.3765432098765433 -0.3271604938271605 0.0
-0.3765432098765432 -0.3148148148148148 0.0
-0.3765432098765432 -0.3024691358024691 0.0
-0.3765432098765432 -0.2901234567901234 0.0
-0.3765432098765432 -0.2777777777777778 0.0
-0.3765432098765432 -0.2654320987654321 0.0
-0.3765432098765431 -0.2530864197530864 0.0
-0.3765432098765432 -0.2407407407407407 0.0
-0.3765432098765432 -0.228395061728395 0.0
-0.3765432098765432 -0.2160493827160494 0.0
-0.3765432098765432 -0.2037037037037037 0.0
-0.3765432098765432 -0.191358024691358 0.0
-0.3765432098765432 -0.1790123456790124 0.0
-0.3765432098765431 -0.1666666666666667 0.0
-0.3765432098765432 -0.154320987654321 0.0
-0.3765432098765432 -0.1419753086419753 0.0
-0.3765432098765432 -0.1296296296296297 0.0
-0.3765432098765433 -0.1172839506172839 0.0
-0.3765432098765432 -0.1049382716049383 0.0
-0.3765432098765432 -0.09259259259259259 0.0
-0.3765432098765432 -0.08024691358024691 0.0
-0.3765432098765432 -0.06790123456790123 0.0
-0.3765432098765432 -0.05555555555555561 0.0
-0.3765432098765431 -0.04320987654320985 0.0
-0.3765432098765432 -0.03086419753086422 0.0
-0.3765432098765433 -0.01851851851851849 0.0
-0.3765432098765432 -0.006172839506172867 0.0
-0.3765432098765432 0.006172839506172867 0.0
-0.3765432098765432 0.01851851851851855 0.0
-0.3765432098765432 0.03086419753086422 0.0
-0.3765432098765432 0.0432098765432099 0.0
-0.3765432098765432 0.05555555555555558 0.0
-0.3765432098765432 0.06790123456790126 0.0
-0.3765432098765432 0.08024691358024691 0.0
-0.3765432098765432 0.09259259259259259 0.0
-0.3765432098765432 0.1049382716049383 0.0
-0.3765432098765432 0.1172839506172839 0.0
-0.3765432098765432 0.1296296296296296 0.0
-0.3765432098765432 0.1419753086419753 0.0
-0.3765432098765432 0.154320987654321 0.0
-0.3765432098765432 0.1666666666666667 0.0
-0.3765432098765432 0.1790123456790123 0.0
-0.3765432098765432 0.191358024691358 0.0
-0.3765432098765432 0.2037037037037037 0.0
-0.3765432098765432 0.2160493827160494 0.0
-0.3765432098765432 0.2283950617283951 0.0
-0.3765432098765432 0.2407407407407408 0.0
-0.3765432098765432 0.2530864197530864 0.0
-0.3765432098765432 0.2654320987654321 0.0
-0.3765432098765432 0.2777777777777778 0.0
-0.3765432098765432 0.2901234567901234 0.0
-0.3765432098765432 0.3024691358024691 0.0
-0.3765432098765432 0.3148148148148148 0.0
-0.3765432098765432 0.3271604938271605 0.0
-0.3765432098765432 0.3395061728395061 0.0
-0.3765432098765432 0.3518518518518519 0.0
-0.3765432098765432 0.3641975308641975 0.0
-0.3765432098765432 0.3765432098765432 0.0
-0.3765432098765432 0.3888888888888888 0.0
-0.3765432098765432 0.4012345679012346 0.0
-0.3765432098765432 0.4135802469135802 0.0
-0.3765432098765432 0.4259259259259259 0.0
-0.3765432098765432 0.4382716049382716 0.0
-0.3765432098765432 0.4506172839506173 0.0
-0.3765432098765432 0.4629629629629629 0.0
-0.3765432098765432 0.4753086419753086 0.0
-0.3765432098765432 0.4876543209876543 0.0
-0.3641975308641975 -0.4876543209876542 0.0
-0.3641975308641975 -0.4753086419753086 0.0
-0.3641975308641975 -0.4629629629629629 0.0
-0.3641975308641976 -0.4506172839506174 0.0
-0.3641975308641975 -0.4382716049382717 0.0
-0.3641975308641976 -0.4259259259259259 0.0
-0.3641975308641975 -0.4135802469135802 0.0
-0.3641975308641975 -0.4012345679012345 0.0
-0.3641975308641975 -0.3888888888888888 0.0
-0.3641975308641976 -0.3765432098765432 0.0
-0.3641975308641976 -0.3641975308641975 0.0
-0.3641975308641976 -0.3518518518518519 0.0
-0.3641975308641975 -0.3395061728395061 0.0
-0.3641975308641975 -0.3271604938271605 0.0
-0.3641975308641975 -0.3148148148148149 0.0
-0.3641975308641976 -0.3024691358024691 0.0
-0.3641975308641975 -0.2901234567901234 0.0
-0.3641975308641976 -0.2777777777777778 0.0
-0.3641975308641975 -0.2654320987654321 0.0
-0.3641975308641975 -0.2530864197530864 0.0
-0.3641975308641975 -0.2407407407407406 0.0
-0.3641975308641976 -0.228395061728395 0.0
-0.3641975308641976 -0.2160493827160493 0.0
-0.3641975308641976 -0.2037037037037037 0.0
-0.3641975308641975 -0.1913580246913579 0.0
-0.3641975308641975 -0.1790123456790124 0.0
-0.3641975308641975 -0.1666666666666666 0.0
-0.3641975308641976 -0.154320987654321 0.0
-0.3641975308641974 -0.1419753086419752 0.0
-0.3641975308641975 -0.1296296296296297 0.0
-0.3641975308641975 -0.1172839506172839 0.0
-0.3641975308641975 -0.1049382716049383 0.0
-0.3641975308641975 -0.09259259259259256 0.0
-0.3641975308641976 -0.08024691358024691 0.0
-0.3641975308641976 -0.06790123456790123 0.0
-0.3641975308641976 -0.05555555555555558 0.0
-0.3641975308641975 -0.04320987654320985 0.0
-0.3641975308641975 -0.03086419753086422 0.0
-0.3641975308641975 -0.01851851851851852 0.0
-0.3641975308641975 -0.006172839506172895 0.0
-0.3641975308641975 0.006172839506172895 0.0
-0.3641975308641975 0.01851851851851857 0.0
-0.3641975308641975 0.03086419753086422 0.0
-0.3641975308641975 0.04320987654320987 0.0
-0.3641975308641975 0.05555555555555555 0.0
-0.3641975308641975 0.06790123456790123 0.0
-0.3641975308641976 0.08024691358024694 0.0
-0.3641975308641976 0.09259259259259264 0.0
-0.3641975308641975 0.1049382716049382 0.0
-0.3641975308641975 0.117283950617284 0.0
-0.3641975308641975 0.1296296296296297 0.0
-0.3641975308641975 0.1419753086419753 0.0
-0.3641975308641975 0.154320987654321 0.0
-0.3641975308641975 0.1666666666666667 0.0
-0.3641975308641975 0.1790123456790124 0.0
-0.3641975308641975 0.191358024691358 0.0
-0.3641975308641975 0.2037037037037037 0.0
-0.3641975308641975 0.2160493827160494 0.0
-0.3641975308641975 0.228395061728395 0.0
-0.3641975308641975 0.2407407407407408 0.0
-0.3641975308641975 0.2530864197530864 0.0
-0.3641975308641975 0.2654320987654321 0.0
-0.3641975308641975 0.2777777777777778 0.0
-0.3641975308641975 0.2901234567901235 0.0
-0.3641975308641975 0.3024691358024691 0.0
-0.3641975308641975 0.3148148148148147 0.0
-0.3641975308641975 0.3271604938271605 0.0
-0.3641975308641976 0.3395061728395061 0.0
-0.3641975308641975 0.3518518518518519 0.0
-0.3641975308641975 0.3641975308641976 0.0
-0.3641975308641975 0.3765432098765432 0.0
-0.3641975308641975 0.3888888888888888 0.0
-0.3641975308641975 0.4012345679012345 0.0
-0.3641975308641975 0.4135802469135802 0.0
-0.3641975308641975 0.4259259259259259 0.0
-0.3641975308641975 0.4382716049382717 0.0
-0.3641975308641975 0.4506172839506173 0.0
-0.3641975308641975 0.4629629629629629 0.0
-0.3641975308641975 0.4753086419753086 0.0
-0.3641975308641975 0.4876543209876542 0.0
-0.351851851851852 -0.4876543209876542 0.0
-0.3518518518518519 -0.4753086419753086 0.0
-0.3518518518518519 -0.462962962962963 0.0
-0.3518518518518519 -0.4506172839506173 0.0
-0.3518518518518519 -0.4382716049382716 0.0
-0.3518518518518517 -0.4259259259259259 0.0
-0.3518518518518519 -0.4135802469135802 0.0
-0.3518518518518519 -0.4012345679012346 0.0
-0.3518518518518517 -0.3888888888888888 0.0
-0.3518518518518519 -0.3765432098765432 0.0
-0.3518518518518519 -0.3641975308641975 0.0
-0.3518518518518519 -0.3518518518518519 0.0
-0.3518518518518518 -0.3395061728395061 0.0
-0.3518518518518519 -0.3271604938271605 0.0
-0.3518518518518518 -0.3148148148148148 0.0
-0.3518518518518519 -0.3024691358024691 0.0
-0.3518518518518519 -0.2901234567901234 0.0
-0.3518518518518519 -0.2777777777777778 0.0
-0.351851851851852 -0.2654320987654321 0.0
-0.3518518518518517 -0.2530864197530864 0.0
-0.3518518518518519 -0.2407407407407407 0.0
-0.3518518518518519 -0.228395061728395 0.0
-0.3518518518518519 -0.2160493827160493 0.0
-0.3518518518518519 -0.2037037037037037 0.0
-0.3518518518518519 -0.191358024691358 0.0
-0.3518518518518519 -0.1790123456790124 0.0
-0.3518518518518519 -0.1666666666666667 0.0
-0.3518518518518519 -0.154320987654321 0.0
-0.3518518518518519 -0.1419753086419752 0.0
-0.3518518518518519 -0.1296296296296296 0.0
-0.3518518518518518 -0.1172839506172839 0.0
-0.3518518518518519 -0.1049382716049383 0.0
-0.3518518518518519 -0.09259259259259256 0.0
-0.3518518518518519 -0.08024691358024691 0.0
-0.3518518518518519 -0.06790123456790123 0.0
-0.3518518518518519 -0.05555555555555558 0.0
-0.3518518518518519 -0.04320987654320985 0.0
-0.3518518518518519 -0.03086419753086422 0.0
-0.3518518518518519 -0.01851851851851849 0.0
-0.3518518518518519 -0.006172839506172867 0.0
-0.3518518518518519 0.006172839506172867 0.0
-0.3518518518518519 0.01851851851851852 0.0
-0.3518518518518519 0.03086419753086422 0.0
-0.3518518518518519 0.0432098765432099 0.0
-0.3518518518518519 0.05555555555555558 0.0
-0.3518518518518519 0.06790123456790126 0.0
-0.3518518518518519 0.08024691358024691 0.0
-0.3518518518518519 0.09259259259259262 0.0
-0.3518518518518519 0.1049382716049383 0.0
-0.3518518518518519 0.117283950617284 0.0
-0.3518518518518519 0.1296296296296296 0.0
-0.3518518518518519 0.1419753086419754 0.0
-0.3518518518518519 0.154320987654321 0.0
-0.3518518518518519 0.1666666666666667 0.0
-0.3518518518518519 0.1790123456790124 0.0
-0.3518518518518519 0.191358024691358 0.0
-0.3518518518518519 0.2037037037037037 0.0
-0.3518518518518519 0.2160493827160494 0.0
-0.3518518518518519 0.2283950617283951 0.0
-0.3518518518518519 0.2407407407407407 0.0
-0.3518518518518519 0.2530864197530864 0.0
-0.3518518518518518 0.2654320987654321 0.0
-0.3518518518518519 0.2777777777777778 0.0
-0.3518518518518519 0.2901234567901234 0.0
-0.3518518518518519 0.3024691358024691 0.0
-0.3518518518518519 0.3148148148148148 0.0
-0.3518518518518519 0.3271604938271605 0.0
-0.3518518518518519 0.3395061728395061 0.0
-0.3518518518518519 0.3518518518518519 0.0
-0.3518518518518519 0.3641975308641975 0.0
-0.3518518518518519 0.3765432098765432 0.0
-0.3518518518518519 0.3888888888888888 0.0
-0.3518518518518519 0.4012345679012346 0.0
-0.3518518518518519 0.4135802469135802 0.0
-0.3518518518518519 0.4259259259259259 0.0
-0.3518518518518519 0.4382716049382716 0.0
-0.3518518518518519 0.4506172839506173 0.0
-0.3518518518518519 0.4629629629629629 0.0
-0.3518518518518519 0.4753086419753086 0.0
-0.3518518518518519 0.4876543209876543 0.0
-0.3395061728395062 -0.4876543209876543 0.0
-0.3395061728395061 -0.4753086419753086 0.0
-0.3395061728395062 -0.462962962962963 0.0
-0.3395061728395061 -0.4506172839506172 0.0
-0.3395061728395062 -0.4382716049382716 0.0
-0.3395061728395061 -0.4259259259259259 0.0
-0.3395061728395062 -0.4135802469135803 0.0
-0.3395061728395062 -0.4012345679012346 0.0
-0.3395061728395062 -0.3888888888888888 0.0
-0.3395061728395062 -0.3765432098765432 0.0
-0.3395061728395062 -0.3641975308641975 0.0
-0.3395061728395061 -0.3518518518518519 0.0
-0.3395061728395061 -0.3395061728395061 0.0
-0.3395061728395061 -0.3271604938271606 0.0
-0.3395061728395061 -0.3148148148148148 0.0
-0.3395061728395061 -0.3024691358024691 0.0
-0.3395061728395061 -0.2901234567901234 0.0
-0.3395061728395061 -0.2777777777777778 0.0
-0.3395061728395061 -0.2654320987654321 0.0
-0.3395061728395061 -0.2530864197530864 0.0
-0.3395061728395061 -0.2407407407407406 0.0
-0.3395061728395061 -0.2283950617283951 0.0
-0.3395061728395061 -0.2160493827160493 0.0
-0.3395061728395061 -0.2037037037037037 0.0
-0.3395061728395061 -0.191358024691358 0.0
-0.3395061728395061 -0.1790123456790124 0.0
-0.3395061728395061 -0.1666666666666666 0.0
-0.3395061728395062 -0.154320987654321 0.0
-0.3395061728395061 -0.1419753086419752 0.0
-0.3395061728395062 -0.1296296296296296 0.0
-0.3395061728395062 -0.1172839506172839 0.0
-0.3395061728395062 -0.1049382716049383 0.0
-0.3395061728395061 -0.09259259259259256 0.0
-0.3395061728395062 -0.08024691358024694 0.0
-0.3395061728395062 -0.0679012345679012 0.0
-0.3395061728395061 -0.05555555555555555 0.0
-0.3395061728395061 -0.04320987654320985 0.0
-0.3395061728395061 -0.03086419753086422 0.0
-0.3395061728395061 -0.01851851851851846 0.0
-0.3395061728395061 -0.006172839506172867 0.0
-0.3395061728395061 0.006172839506172895 0.0
-0.3395061728395061 0.01851851851851852 0.0
-0.3395061728395061 0.03086419753086422 0.0
-0.3395061728395061 0.04320987654320987 0.0
-0.3395061728395061 0.05555555555555555 0.0
-0.3395061728395061 0.06790123456790129 0.0
-0.3395061728395061 0.08024691358024691 0.0
-0.3395061728395061 0.09259259259259264 0.0
-0.3395061728395061 0.1049382716049383 0.0
-0.3395061728395061 0.117283950617284 0.0
-0.3395061728395061 0.1296296296296297 0.0
-0.3395061728395061 0.1419753086419753 0.0
-0.3395061728395061 0.154320987654321 0.0
-0.3395061728395061 0.1666666666666667 0.0
-0.3395061728395061 0.1790123456790124 0.0
-0.3395061728395061 0.191358024691358 0.0
-0.3395061728395061 0.2037037037037037 0.0
-0.3395061728395061 0.2160493827160494 0.0
-0.3395061728395061 0.2283950617283951 0.0
-0.3395061728395061 0.2407407407407407 0.0
-0.3395061728395061 0.2530864197530864 0.0
-0.3395061728395061 0.2654320987654321 0.0
-0.3395061728395061 0.2777777777777778 0.0
-0.3395061728395061 0.2901234567901235 0.0
-0.3395061728395061 0.3024691358024691 0.0
-0.3395061728395061 0.3148148148148148 0.0
-0.3395061728395061 0.3271604938271605 0.0
-0.3395061728395061 0.3395061728395062 0.0
-0.3395061728395061 0.3518518518518519 0.0
-0.3395061728395061 0.3641975308641975 0.0
-0.3395061728395061 0.3765432098765432 0.0
-0.3395061728395061 0.3888888888888889 0.0
-0.3395061728395061 0.4012345679012346 0.0
-0.3395061728395061 0.4135802469135802 0.0
-0.3395061728395061 0.4259259259259259 0.0
-0.3395061728395061 0.4382716049382716 0.0
-0.3395061728395061 0.4506172839506173 0.0
-0.3395061728395061 0.462962962962963 0.0
-0.3395061728395061 0.4753086419753086 0.0
-0.3395061728395061 0.4876543209876543 0.0
-0.3271604938271604 -0.4876543209876542 0.0
-0.3271604938271606 -0.4753086419753086 0.0
-0.3271604938271605 -0.4629629629629629 0.0
-0.3271604938271604 -0.4506172839506173 0.0
-0.3271604938271605 -0.4382716049382716 0.0
-0.3271604938271605 -0.4259259259259259 0.0
-0.3271604938271604 -0.4135802469135804 0.0
-0.3271604938271605 -0.4012345679012346 0.0
-0.3271604938271604 -0.3888888888888888 0.0
-0.3271604938271605 -0.3765432098765432 0.0
-0.3271604938271605 -0.3641975308641975 0.0
-0.3271604938271605 -0.3518518518518519 0.0
-0.3271604938271605 -0.3395061728395061 0.0
-0.3271604938271605 -0.3271604938271605 0.0
-0.3271604938271604 -0.3148148148148148 0.0
-0.3271604938271605 -0.3024691358024691 0.0
-0.3271604938271604 -0.2901234567901234 0.0
-0.3271604938271606 -0.2777777777777778 0.0
-0.3271604938271605 -0.2654320987654321 0.0
-0.3271604938271604 -0.2530864197530864 0.0
-0.3271604938271605 -0.2407407407407407 0.0
-0.3271604938271605 -0.228395061728395 0.0
-0.3271604938271604 -0.2160493827160494 0.0
-0.3271604938271605 -0.2037037037037037 0.0
-0.3271604938271605 -0.191358024691358 0.0
-0.3271604938271605 -0.1790123456790124 0.0
-0.3271604938271605 -0.1666666666666666 0.0
-0.3271604938271605 -0.154320987654321 0.0
-0.3271604938271605 -0.1419753086419752 0.0
-0.3271604938271605 -0.1296296296296297 0.0
-0.3271604938271605 -0.1172839506172839 0.0
-0.3271604938271605 -0.1049382716049383 0.0
-0.3271604938271605 -0.09259259259259259 0.0
-0.3271604938271605 -0.08024691358024694 0.0
-0.3271604938271605 -0.0679012345679012 0.0
-0.3271604938271605 -0.05555555555555561 0.0
-0.3271604938271605 -0.04320987654320985 0.0
-0.3271604938271605 -0.03086419753086422 0.0
-0.3271604938271605 -0.01851851851851849 0.0
-0.3271604938271605 -0.006172839506172839 0.0
-0.3271604938271605 0.006172839506172839 0.0
-0.3271604938271605 0.01851851851851855 0.0
-0.3271604938271605 0.03086419753086422 0.0
-0.3271604938271605 0.0432098765432099 0.0
-0.3271604938271605 0.05555555555555561 0.0
-0.3271604938271605 0.06790123456790126 0.0
-0.3271604938271605 0.08024691358024694 0.0
-0.3271604938271605 0.09259259259259262 0.0
-0.3271604938271605 0.1049382716049383 0.0
-0.3271604938271605 0.117283950617284 0.0
-0.3271604938271605 0.1296296296296297 0.0
-0.3271604938271605 0.1419753086419753 0.0
-0.3271604938271605 0.154320987654321 0.0
-0.3271604938271606 0.1666666666666667 0.0
-0.3271604938271605 0.1790123456790124 0.0
-0.3271604938271604 0.191358024691358 0.0
-0.3271604938271605 0.2037037037037037 0.0
-0.3271604938271605 0.2160493827160494 0.0
-0.3271604938271605 0.2283950617283951 0.0
-0.3271604938271605 0.2407407407407408 0.0
-0.3271604938271605 0.2530864197530864 0.0
-0.3271604938271605 0.2654320987654321 0.0
-0.3271604938271605 0.2777777777777778 0.0
-0.3271604938271605 0.2901234567901234 0.0
-0.3271604938271605 0.3024691358024691 0.0
-0.3271604938271605 0.3148148148148148 0.0
-0.3271604938271605 0.3271604938271605 0.0
-0.3271604938271605 0.3395061728395061 0.0
-0.3271604938271605 0.3518518518518519 0.0
-0.3271604938271605 0.3641975308641975 0.0
-0.3271604938271605 0.3765432098765432 0.0
-0.3271604938271605 0.3888888888888888 0.0
-0.3271604938271605 0.4012345679012346 0.0
-0.3271604938271605 0.4135802469135802 0.0
-0.3271604938271605 0.4259259259259259 0.0
-0.3271604938271605 0.4382716049382716 0.0
-0.3271604938271605 0.4506172839506173 0.0
-0.3271604938271605 0.4629629629629629 0.0
-0.3271604938271605 0.4753086419753086 0.0
-0.3271604938271605 0.4876543209876543 0.0
-0.3148148148148149 -0.4876543209876543 0.0
-0.3148148148148149 -0.4753086419753086 0.0
-0.3148148148148148 -0.4629629629629629 0.0
-0.3148148148148148 -0.4506172839506174 0.0
-0.3148148148148148 -0.4382716049382717 0.0
-0.3148148148148149 -0.4259259259259259 0.0
-0.3148148148148149 -0.4135802469135803 0.0
-0.3148148148148149 -0.4012345679012345 0.0
-0.3148148148148149 -0.3888888888888888 0.0
-0.3148148148148149 -0.3765432098765432 0.0
-0.3148148148148148 -0.3641975308641975 0.0
-0.3148148148148148 -0.3518518518518518 0.0
-0.3148148148148148 -0.3395061728395062 0.0
-0.3148148148148148 -0.3271604938271604 0.0
-0.3148148148148148 -0.3148148148148148 0.0
-0.3148148148148148 -0.3024691358024691 0.0
-0.3148148148148148 -0.2901234567901234 0.0
-0.3148148148148149 -0.2777777777777778 0.0
-0.3148148148148149 -0.2654320987654321 0.0
-0.3148148148148148 -0.2530864197530864 0.0
-0.3148148148148148 -0.2407407407407406 0.0
-0.3148148148148148 -0.2283950617283952 0.0
-0.3148148148148149 -0.2160493827160494 0.0
-0.3148148148148148 -0.2037037037037037 0.0
-0.3148148148148149 -0.191358024691358 0.0
-0.3148148148148149 -0.1790123456790124 0.0
-0.3148148148148149 -0.1666666666666667 0.0
-0.3148148148148148 -0.154320987654321 0.0
-0.3148148148148149 -0.1419753086419752 0.0
-0.3148148148148148 -0.1296296296296297 0.0
-0.3148148148148149 -0.1172839506172839 0.0
-0.3148148148148148 -0.1049382716049383 0.0
-0.3148148148148148 -0.09259259259259256 0.0
-0.3148148148148148 -0.08024691358024694 0.0
-0.3148148148148149 -0.0679012345679012 0.0
-0.3148148148148149 -0.05555555555555558 0.0
-0.3148148148148148 -0.04320987654320985 0.0
-0.3148148148148148 -0.03086419753086422 0.0
-0.3148148148148149 -0.01851851851851849 0.0
-0.3148148148148149 -0.006172839506172867 0.0
-0.3148148148148149 0.006172839506172867 0.0
-0.3148148148148148 0.01851851851851857 0.0
-0.3148148148148148 0.03086419753086422 0.0
-0.3148148148148149 0.04320987654320993 0.0
-0.3148148148148149 0.05555555555555558 0.0
-0.3148148148148148 0.06790123456790129 0.0
-0.3148148148148148 0.08024691358024696 0.0
-0.3148148148148148 0.09259259259259264 0.0
-0.3148148148148148 0.1049382716049383 0.0
-0.3148148148148148 0.117283950617284 0.0
-0.3148148148148148 0.1296296296296297 0.0
-0.3148148148148148 0.1419753086419753 0.0
-0.3148148148148148 0.154320987654321 0.0
-0.3148148148148148 0.1666666666666667 0.0
-0.3148148148148148 0.1790123456790124 0.0
-0.3148148148148148 0.191358024691358 0.0
-0.3148148148148148 0.2037037037037037 0.0
-0.3148148148148148 0.2160493827160494 0.0
-0.3148148148148148 0.2283950617283951 0.0
-0.3148148148148148 0.2407407407407407 0.0
-0.3148148148148148 0.2530864197530864 0.0
-0.3148148148148148 0.2654320987654321 0.0
-0.3148148148148148 0.2777777777777777 0.0
-0.3148148148148148 0.2901234567901234 0.0
-0.3148148148148149 0.3024691358024691 0.0
-0.3148148148148148 0.3148148148148147 0.0
-0.3148148148148149 0.3271604938271604 0.0
-0.3148148148148148 0.3395061728395061 0.0
-0.3148148148148148 0.3518518518518518 0.0
-0.3148148148148148 0.3641975308641975 0.0
-0.3148148148148148 0.3765432098765432 0.0
-0.3148148148148148 0.388888888888889 0.0
-0.3148148148148148 0.4012345679012345 0.0
-0.3148148148148148 0.4135802469135803 0.0
-0.3148148148148148 0.4259259259259259 0.0
-0.3148148148148148 0.4382716049382717 0.0
-0.3148148148148148 0.4506172839506173 0.0
-0.3148148148148148 0.462962962962963 0.0
-0.3148148148148148 0.4753086419753086 0.0
-0.3148148148148148 0.4876543209876543 0.0
-0.3024691358024691 -0.4876543209876543 0.0
-0.3024691358024691 -0.4753086419753086 0.0
-0.3024691358024692 -0.462962962962963 0.0
-0.3024691358024693 -0.4506172839506173 0.0
-0.3024691358024691 -0.4382716049382716 0.0
-0.3024691358024691 -0.4259259259259259 0.0
-0.3024691358024691 -0.4135802469135802 0.0
-0.302469135802469 -0.4012345679012346 0.0
-0.3024691358024692 -0.3888888888888888 0.0
-0.3024691358024691 -0.3765432098765432 0.0
-0.3024691358024691 -0.3641975308641975 0.0
-0.3024691358024691 -0.3518518518518519 0.0
-0.3024691358024691 -0.3395061728395061 0.0
-0.3024691358024691 -0.3271604938271605 0.0
-0.3024691358024692 -0.3148148148148149 0.0
-0.3024691358024691 -0.3024691358024691 0.0
-0.3024691358024691 -0.2901234567901234 0.0
-0.3024691358024691 -0.2777777777777778 0.0
-0.3024691358024691 -0.2654320987654321 0.0
-0.302469135802469 -0.2530864197530864 0.0
-0.3024691358024692 -0.2407407407407406 0.0
-0.3024691358024691 -0.228395061728395 0.0
-0.3024691358024691 -0.2160493827160493 0.0
-0.3024691358024691 -0.2037037037037037 0.0
-0.3024691358024691 -0.191358024691358 0.0
-0.3024691358024691 -0.1790123456790124 0.0
-0.3024691358024692 -0.1666666666666667 0.0
-0.3024691358024691 -0.154320987654321 0.0
-0.3024691358024691 -0.1419753086419752 0.0
-0.3024691358024691 -0.1296296296296296 0.0
-0.3024691358024691 -0.1172839506172839 0.0
-0.3024691358024691 -0.1049382716049383 0.0
-0.3024691358024691 -0.09259259259259256 0.0
-0.3024691358024691 -0.08024691358024694 0.0
-0.3024691358024691 -0.06790123456790118 0.0
-0.3024691358024691 -0.05555555555555558 0.0
-0.3024691358024691 -0.04320987654320985 0.0
-0.3024691358024691 -0.03086419753086422 0.0
-0.3024691358024691 -0.01851851851851849 0.0
-0.3024691358024691 -0.006172839506172867 0.0
-0.3024691358024691 0.006172839506172867 0.0
-0.3024691358024691 0.01851851851851855 0.0
-0.3024691358024691 0.03086419753086422 0.0
-0.3024691358024691 0.0432098765432099 0.0
-0.3024691358024691 0.05555555555555558 0.0
-0.3024691358024691 0.06790123456790126 0.0
-0.3024691358024691 0.08024691358024694 0.0
-0.3024691358024691 0.09259259259259262 0.0
-0.3024691358024691 0.1049382716049383 0.0
-0.3024691358024691 0.117283950617284 0.0
-0.3024691358024692 0.1296296296296297 0.0
-0.3024691358024691 0.1419753086419753 0.0
-0.3024691358024691 0.154320987654321 0.0
-0.3024691358024691 0.1666666666666667 0.0
-0.3024691358024691 0.1790123456790124 0.0
-0.3024691358024691 0.191358024691358 0.0
-0.3024691358024691 0.2037037037037037 0.0
-0.3024691358024691 0.2160493827160494 0.0
-0.3024691358024691 0.2283950617283951 0.0
-0.3024691358024691 0.2407407407407408 0.0
-0.3024691358024691 0.2530864197530864 0.0
-0.3024691358024691 0.2654320987654321 0.0
-0.3024691358024691 0.2777777777777778 0.0
-0.3024691358024691 0.2901234567901234 0.0
-0.3024691358024691 0.3024691358024691 0.0
-0.3024691358024691 0.3148148148148148 0.0
-0.3024691358024691 0.3271604938271605 0.0
-0.3024691358024691 0.3395061728395061 0.0
-0.3024691358024691 0.3518518518518519 0.0
-0.3024691358024691 0.3641975308641975 0.0
-0.3024691358024691 0.3765432098765432 0.0
-0.3024691358024691 0.3888888888888888 0.0
-0.3024691358024691 0.4012345679012346 0.0
-0.3024691358024691 0.4135802469135802 0.0
-0.3024691358024691 0.4259259259259259 0.0
-0.3024691358024691 0.4382716049382716 0.0
-0.3024691358024691 0.4506172839506173 0.0
-0.3024691358024691 0.4629629629629629 0.0
-0.3024691358024691 0.4753086419753086 0.0
-0.3024691358024691 0.4876543209876543 0.0
-0.2901234567901235 -0.4876543209876543 0.0
-0.2901234567901235 -0.4753086419753087 0.0
-0.2901234567901235 -0.462962962962963 0.0
-0.2901234567901234 -0.4506172839506172 0.0
-0.2901234567901235 -0.4382716049382716 0.0
-0.2901234567901234 -0.425925925925926 0.0
-0.2901234567901234 -0.4135802469135803 0.0
-0.2901234567901235 -0.4012345679012346 0.0
-0.2901234567901234 -0.3888888888888888 0.0
-0.2901234567901235 -0.3765432098765432 0.0
-0.2901234567901234 -0.3641975308641975 0.0
-0.2901234567901235 -0.3518518518518518 0.0
-0.2901234567901234 -0.3395061728395061 0.0
-0.2901234567901234 -0.3271604938271605 0.0
-0.2901234567901234 -0.3148148148148148 0.0
-0.2901234567901234 -0.3024691358024691 0.0
-0.2901234567901235 -0.2901234567901234 0.0
-0.2901234567901234 -0.2777777777777778 0.0
-0.2901234567901235 -0.2654320987654321 0.0
-0.2901234567901234 -0.2530864197530864 0.0
-0.2901234567901234 -0.2407407407407407 0.0
-0.2901234567901234 -0.2283950617283951 0.0
-0.2901234567901234 -0.2160493827160493 0.0
-0.2901234567901235 -0.2037037037037037 0.0
-0.2901234567901234 -0.191358024691358 0.0
-0.2901234567901234 -0.1790123456790124 0.0
-0.2901234567901234 -0.1666666666666667 0.0
-0.2901234567901234 -0.154320987654321 0.0
-0.2901234567901234 -0.1419753086419753 0.0
-0.2901234567901234 -0.1296296296296296 0.0
-0.2901234567901234 -0.1172839506172839 0.0
-0.2901234567901234 -0.1049382716049383 0.0
-0.2901234567901234 -0.09259259259259256 0.0
-0.2901234567901234 -0.08024691358024691 0.0
-0.2901234567901234 -0.06790123456790118 0.0
-0.2901234567901234 -0.05555555555555558 0.0
-0.2901234567901234 -0.04320987654320982 0.0
-0.2901234567901234 -0.03086419753086422 0.0
-0.2901234567901234 -0.01851851851851849 0.0
-0.2901234567901234 -0.006172839506172839 0.0
-0.2901234567901234 0.006172839506172839 0.0
-0.2901234567901234 0.01851851851851852 0.0
-0.2901234567901234 0.03086419753086422 0.0
-0.2901234567901234 0.04320987654320987 0.0
-0.2901234567901234 0.05555555555555561 0.0
-0.2901234567901234 0.06790123456790129 0.0
-0.2901234567901234 0.08024691358024691 0.0
-0.2901234567901234 0.09259259259259264 0.0
-0.2901234567901234 0.1049382716049383 0.0
-0.2901234567901234 0.1172839506172839 0.0
-0.2901234567901234 0.1296296296296297 0.0
-0.2901234567901234 0.1419753086419754 0.0
-0.2901234567901234 0.154320987654321 0.0
-0.2901234567901234 0.1666666666666667 0.0
-0.2901234567901234 0.1790123456790123 0.0
-0.2901234567901234 0.191358024691358 0.0
-0.2901234567901234 0.2037037037037038 0.0
-0.2901234567901234 0.2160493827160494 0.0
-0.2901234567901234 0.2283950617283951 0.0
-0.2901234567901234 0.2407407407407407 0.0
-0.2901234567901234 0.2530864197530864 0.0
-0.2901234567901234 0.2654320987654321 0.0
-0.2901234567901234 0.2777777777777778 0.0
-0.2901234567901234 0.2901234567901235 0.0
-0.2901234567901234 0.3024691358024691 0.0
-0.2901234567901234 0.3148148148148148 0.0
-0.2901234567901234 0.3271604938271605 0.0
-0.2901234567901234 0.3395061728395062 0.0
-0.2901234567901234 0.3518518518518519 0.0
-0.2901234567901234 0.3641975308641975 0.0
-0.2901234567901234 0.3765432098765432 0.0
-0.2901234567901234 0.3888888888888888 0.0
-0.2901234567901234 0.4012345679012346 0.0
-0.2901234567901234 0.4135802469135803 0.0
-0.2901234567901234 0.4259259259259259 0.0
-0.2901234567901234 0.4382716049382716 0.0
-0.2901234567901234 0.4506172839506173 0.0
-0.2901234567901234 0.4629629629629629 0.0
-0.2901234567901234 0.4753086419753087 0.0
-0.2901234567901234 0.4876543209876543 0.0
-0.2777777777777778 -0.4876543209876543 0.0
-0.2777777777777778 -0.4753086419753086 0.0
-0.2777777777777778 -0.4629629629629629 0.0
-0.2777777777777778 -0.4506172839506173 0.0
-0.2777777777777778 -0.4382716049382716 0.0
-0.2777777777777777 -0.4259259259259259 0.0
-0.2777777777777779 -0.4135802469135802 0.0
-0.2777777777777778 -0.4012345679012346 0.0
-0.2777777777777778 -0.3888888888888888 0.0
-0.2777777777777778 -0.3765432098765432 0.0
-0.2777777777777779 -0.3641975308641975 0.0
-0.2777777777777778 -0.3518518518518519 0.0
-0.2777777777777778 -0.3395061728395061 0.0
-0.2777777777777778 -0.3271604938271605 0.0
-0.2777777777777778 -0.3148148148148148 0.0
-0.2777777777777778 -0.3024691358024691 0.0
-0.2777777777777778 -0.2901234567901234 0.0
-0.2777777777777778 -0.2777777777777778 0.0
-0.2777777777777777 -0.2654320987654321 0.0
-0.2777777777777778 -0.2530864197530864 0.0
-0.2777777777777778 -0.2407407407407406 0.0
-0.2777777777777778 -0.228395061728395 0.0
-0.2777777777777777 -0.2160493827160494 0.0
-0.2777777777777777 -0.2037037037037037 0.0
-0.2777777777777778 -0.1913580246913579 0.0
-0.2777777777777778 -0.1790123456790124 0.0
-0.2777777777777778 -0.1666666666666667 0.0
-0.2777777777777778 -0.154320987654321 0.0
-0.2777777777777778 -0.1419753086419752 0.0
-0.2777777777777778 -0.1296296296296296 0.0
-0.2777777777777778 -0.1172839506172839 0.0
-0.2777777777777778 -0.1049382716049383 0.0
-0.2777777777777778 -0.09259259259259259 0.0
-0.2777777777777778 -0.08024691358024694 0.0
-0.2777777777777778 -0.0679012345679012 0.0
-0.2777777777777778 -0.05555555555555558 0.0
-0.2777777777777778 -0.04320987654320987 0.0
-0.2777777777777778 -0.03086419753086422 0.0
-0.2777777777777778 -0.01851851851851846 0.0
-0.2777777777777778 -0.006172839506172867 0.0
-0.2777777777777778 0.006172839506172867 0.0
-0.2777777777777778 0.01851851851851855 0.0
-0.2777777777777778 0.03086419753086422 0.0
-0.2777777777777778 0.0432098765432099 0.0
-0.2777777777777778 0.05555555555555558 0.0
-0.2777777777777778 0.06790123456790123 0.0
-0.2777777777777778 0.08024691358024694 0.0
-0.2777777777777778 0.09259259259259264 0.0
-0.2777777777777778 0.1049382716049383 0.0
-0.2777777777777778 0.117283950617284 0.0
-0.2777777777777778 0.1296296296296297 0.0
-0.2777777777777778 0.1419753086419753 0.0
-0.2777777777777778 0.154320987654321 0.0
-0.2777777777777778 0.1666666666666667 0.0
-0.2777777777777778 0.1790123456790124 0.0
-0.2777777777777778 0.191358024691358 0.0
-0.2777777777777778 0.2037037037037037 0.0
-0.2777777777777778 0.2160493827160493 0.0
-0.2777777777777778 0.2283950617283951 0.0
-0.2777777777777778 0.2407407407407407 0.0
-0.2777777777777778 0.2530864197530864 0.0
-0.2777777777777778 0.2654320987654321 0.0
-0.2777777777777778 0.2777777777777778 0.0
-0.2777777777777778 0.2901234567901234 0.0
-0.2777777777777778 0.3024691358024691 0.0
-0.2777777777777778 0.3148148148148148 0.0
-0.2777777777777778 0.3271604938271605 0.0
-0.2777777777777778 0.3395061728395061 0.0
-0.2777777777777778 0.3518518518518519 0.0
-0.2777777777777778 0.3641975308641975 0.0
-0.2777777777777778 0.3765432098765432 0.0
-0.2777777777777778 0.3888888888888888 0.0
-0.2777777777777778 0.4012345679012346 0.0
-0.2777777777777778 0.4135802469135802 0.0
-0.2777777777777778 0.4259259259259259 0.0
-0.2777777777777778 0.4382716049382716 0.0
-0.2777777777777778 0.4506172839506173 0.0
-0.2777777777777778 0.4629629629629629 0.0
-0.2777777777777778 0.4753086419753086 0.0
-0.2777777777777778 0.4876543209876543 0.0
-0.2654320987654321 -0.4876543209876542 0.0
-0.2654320987654322 -0.4753086419753086 0.0
-0.2654320987654322 -0.4629629629629629 0.0
-0.2654320987654321 -0.4506172839506173 0.0
-0.2654320987654321 -0.4382716049382717 0.0
-0.2654320987654321 -0.4259259259259259 0.0
-0.2654320987654322 -0.4135802469135803 0.0
-0.2654320987654321 -0.4012345679012346 0.0
-0.2654320987654321 -0.3888888888888888 0.0
-0.2654320987654322 -0.3765432098765432 0.0
-0.2654320987654322 -0.3641975308641975 0.0
-0.2654320987654321 -0.3518518518518519 0.0
-0.2654320987654321 -0.3395061728395062 0.0
-0.2654320987654321 -0.3271604938271605 0.0
-0.2654320987654322 -0.3148148148148149 0.0
-0.2654320987654321 -0.3024691358024691 0.0
-0.2654320987654321 -0.2901234567901234 0.0
-0.2654320987654322 -0.2777777777777777 0.0
-0.2654320987654322 -0.2654320987654321 0.0
-0.2654320987654321 -0.2530864197530864 0.0
-0.2654320987654321 -0.2407407407407407 0.0
-0.2654320987654321 -0.228395061728395 0.0
-0.2654320987654322 -0.2160493827160494 0.0
-0.2654320987654321 -0.2037037037037037 0.0
-0.2654320987654321 -0.1913580246913579 0.0
-0.2654320987654322 -0.1790123456790124 0.0
-0.2654320987654322 -0.1666666666666667 0.0
-0.2654320987654321 -0.154320987654321 0.0
-0.2654320987654321 -0.1419753086419753 0.0
-0.2654320987654321 -0.1296296296296297 0.0
-0.2654320987654321 -0.1172839506172839 0.0
-0.2654320987654321 -0.1049382716049383 0.0
-0.2654320987654321 -0.09259259259259259 0.0
-0.2654320987654322 -0.08024691358024696 0.0
-0.2654320987654321 -0.0679012345679012 0.0
-0.2654320987654321 -0.05555555555555558 0.0
-0.2654320987654321 -0.04320987654320987 0.0
-0.2654320987654321 -0.03086419753086422 0.0
-0.2654320987654322 -0.01851851851851849 0.0
-0.2654320987654321 -0.006172839506172867 0.0
-0.2654320987654321 0.006172839506172839 0.0
-0.2654320987654322 0.01851851851851852 0.0
-0.2654320987654321 0.03086419753086422 0.0
-0.2654320987654321 0.04320987654320987 0.0
-0.2654320987654321 0.05555555555555555 0.0
-0.2654320987654321 0.06790123456790126 0.0
-0.2654320987654322 0.08024691358024691 0.0
-0.2654320987654321 0.09259259259259259 0.0
-0.2654320987654321 0.1049382716049383 0.0
-0.2654320987654322 0.117283950617284 0.0
-0.2654320987654321 0.1296296296296297 0.0
-0.2654320987654321 0.1419753086419753 0.0
-0.2654320987654321 0.154320987654321 0.0
-0.2654320987654321 0.1666666666666667 0.0
-0.2654320987654322 0.1790123456790123 0.0
-0.2654320987654321 0.191358024691358 0.0
-0.2654320987654321 0.2037037037037037 0.0
-0.2654320987654322 0.2160493827160493 0.0
-0.2654320987654321 0.2283950617283951 0.0
-0.2654320987654321 0.2407407407407407 0.0
-0.2654320987654321 0.2530864197530864 0.0
-0.2654320987654321 0.2654320987654321 0.0
-0.2654320987654321 0.2777777777777777 0.0
-0.2654320987654321 0.2901234567901234 0.0
-0.2654320987654321 0.3024691358024691 0.0
-0.2654320987654321 0.3148148148148147 0.0
-0.2654320987654321 0.3271604938271605 0.0
-0.2654320987654321 0.3395061728395062 0.0
-0.2654320987654321 0.3518518518518519 0.0
-0.2654320987654321 0.3641975308641975 0.0
-0.2654320987654321 0.3765432098765432 0.0
-0.2654320987654321 0.388888888888889 0.0
-0.2654320987654321 0.4012345679012346 0.0
-0.2654320987654321 0.4135802469135801 0.0
-0.2654320987654321 0.4259259259259259 0.0
-0.2654320987654321 0.4382716049382717 0.0
-0.2654320987654321 0.4506172839506173 0.0
-0.2654320987654321 0.4629629629629629 0.0
-0.2654320987654322 0.4753086419753086 0.0
-0.2654320987654321 0.4876543209876544 0.0
-0.2530864197530864 -0.4876543209876543 0.0
-0.2530864197530864 -0.4753086419753086 0.0
-0.2530864197530864 -0.462962962962963 0.0
-0.2530864197530864 -0.4506172839506173 0.0
-0.2530864197530864 -0.4382716049382716 0.0
-0.2530864197530864 -0.4259259259259259 0.0
-0.2530864197530864 -0.4135802469135803 0.0
-0.2530864197530864 -0.4012345679012346 0.0
-0.2530864197530864 -0.3888888888888888 0.0
-0.2530864197530864 -0.3765432098765432 0.0
-0.2530864197530864 -0.3641975308641975 0.0
-0.2530864197530864 -0.3518518518518519 0.0
-0.2530864197530864 -0.3395061728395062 0.0
-0.2530864197530864 -0.3271604938271605 0.0
-0.2530864197530864 -0.3148148148148148 0.0
-0.2530864197530864 -0.3024691358024691 0.0
-0.2530864197530864 -0.2901234567901234 0.0
-0.2530864197530864 -0.2777777777777778 0.0
-0.2530864197530864 -0.2654320987654321 0.0
-0.2530864197530864 -0.2530864197530864 0.0
-0.2530864197530864 -0.2407407407407407 0.0
-0.2530864197530864 -0.228395061728395 0.0
-0.2530864197530864 -0.2160493827160493 0.0
-0.2530864197530865 -0.2037037037037037 0.0
-0.2530864197530865 -0.1913580246913579 0.0
-0.2530864197530865 -0.1790123456790124 0.0
-0.2530864197530864 -0.1666666666666666 0.0
-0.2530864197530864 -0.154320987654321 0.0
-0.2530864197530864 -0.1419753086419752 0.0
-0.2530864197530864 -0.1296296296296297 0.0
-0.2530864197530864 -0.1172839506172839 0.0
-0.2530864197530864 -0.1049382716049383 0.0
-0.2530864197530864 -0.09259259259259256 0.0
-0.2530864197530864 -0.08024691358024694 0.0
-0.2530864197530864 -0.0679012345679012 0.0
-0.2530864197530864 -0.05555555555555558 0.0
-0.2530864197530864 -0.04320987654320985 0.0
-0.2530864197530864 -0.03086419753086422 0.0
-0.2530864197530864 -0.01851851851851849 0.0
-0.2530864197530864 -0.006172839506172867 0.0
-0.2530864197530864 0.006172839506172867 0.0
-0.2530864197530864 0.01851851851851855 0.0
-0.2530864197530864 0.03086419753086422 0.0
-0.2530864197530864 0.0432098765432099 0.0
-0.2530864197530864 0.05555555555555558 0.0
-0.2530864197530864 0.06790123456790126 0.0
-0.2530864197530864 0.08024691358024694 0.0
-0.2530864197530864 0.09259259259259259 0.0
-0.2530864197530864 0.1049382716049383 0.0
-0.2530864197530864 0.1172839506172839 0.0
-0.2530864197530864 0.1296296296296297 0.0
-0.2530864197530864 0.1419753086419753 0.0
-0.2530864197530864 0.154320987654321 0.0
-0.2530864197530864 0.1666666666666667 0.0
-0.2530864197530864 0.1790123456790124 0.0
-0.2530864197530864 0.191358024691358 0.0
-0.2530864197530864 0.2037037037037037 0.0
-0.2530864197530864 0.2160493827160494 0.0
-0.2530864197530864 0.2283950617283951 0.0
-0.2530864197530864 0.2407407407407407 0.0
-0.2530864197530864 0.2530864197530864 0.0
-0.2530864197530864 0.2654320987654321 0.0
-0.2530864197530864 0.2777777777777778 0.0
-0.2530864197530864 0.2901234567901234 0.0
-0.2530864197530864 0.3024691358024691 0.0
-0.2530864197530864 0.3148148148148148 0.0
-0.2530864197530864 0.3271604938271605 0.0
-0.2530864197530864 0.3395061728395061 0.0
-0.2530864197530864 0.3518518518518519 0.0
-0.2530864197530864 0.3641975308641975 0.0
-0.2530864197530864 0.3765432098765432 0.0
-0.2530864197530864 0.3888888888888888 0.0
-0.2530864197530864 0.4012345679012346 0.0
-0.2530864197530864 0.4135802469135802 0.0
-0.2530864197530864 0.4259259259259259 0.0
-0.2530864197530864 0.4382716049382716 0.0
-0.2530864197530864 0.4506172839506173 0.0
-0.2530864197530864 0.4629629629629629 0.0
-0.2530864197530864 0.4753086419753086 0.0
-0.2530864197530864 0.4876543209876543 0.0
-0.2407407407407407 -0.4876543209876543 0.0
-0.2407407407407408 -0.4753086419753087 0.0
-0.2407407407407407 -0.462962962962963 0.0
-0.2407407407407408 -0.4506172839506173 0.0
-0.2407407407407408 -0.4382716049382716 0.0
-0.2407407407407408 -0.4259259259259259 0.0
-0.2407407407407408 -0.4135802469135802 0.0
-0.2407407407407407 -0.4012345679012346 0.0
-0.2407407407407408 -0.3888888888888888 0.0
-0.2407407407407408 -0.3765432098765432 0.0
-0.2407407407407408 -0.3641975308641975 0.0
-0.2407407407407408 -0.3518518518518519 0.0
-0.2407407407407407 -0.3395061728395061 0.0
-0.2407407407407407 -0.3271604938271606 0.0
-0.2407407407407407 -0.3148148148148148 0.0
-0.2407407407407408 -0.3024691358024692 0.0
-0.2407407407407408 -0.2901234567901234 0.0
-0.2407407407407408 -0.2777777777777778 0.0
-0.2407407407407408 -0.2654320987654321 0.0
-0.2407407407407407 -0.2530864197530864 0.0
-0.2407407407407408 -0.2407407407407407 0.0
-0.2407407407407408 -0.228395061728395 0.0
-0.2407407407407408 -0.2160493827160493 0.0
-0.2407407407407408 -0.2037037037037037 0.0
-0.2407407407407406 -0.1913580246913579 0.0
-0.2407407407407407 -0.1790123456790125 0.0
-0.2407407407407407 -0.1666666666666666 0.0
-0.2407407407407408 -0.154320987654321 0.0
-0.2407407407407408 -0.1419753086419752 0.0
-0.2407407407407407 -0.1296296296296296 0.0
-0.2407407407407406 -0.1172839506172839 0.0
-0.2407407407407408 -0.1049382716049383 0.0
-0.2407407407407408 -0.09259259259259256 0.0
-0.2407407407407408 -0.08024691358024699 0.0
-0.2407407407407408 -0.06790123456790118 0.0
-0.2407407407407407 -0.05555555555555555 0.0
-0.2407407407407408 -0.04320987654320982 0.0
-0.2407407407407408 -0.03086419753086422 0.0
-0.2407407407407407 -0.01851851851851849 0.0
-0.2407407407407407 -0.006172839506172867 0.0
-0.2407407407407407 0.006172839506172895 0.0
-0.2407407407407407 0.01851851851851857 0.0
-0.2407407407407407 0.03086419753086422 0.0
-0.2407407407407407 0.04320987654320993 0.0
-0.2407407407407407 0.05555555555555555 0.0
-0.2407407407407407 0.06790123456790123 0.0
-0.2407407407407407 0.08024691358024696 0.0
-0.2407407407407407 0.09259259259259264 0.0
-0.2407407407407408 0.1049382716049383 0.0
-0.2407407407407407 0.117283950617284 0.0
-0.2407407407407406 0.1296296296296297 0.0
-0.2407407407407407 0.1419753086419753 0.0
-0.2407407407407407 0.154320987654321 0.0
-0.2407407407407407 0.1666666666666666 0.0
-0.2407407407407407 0.1790123456790124 0.0
-0.2407407407407407 0.191358024691358 0.0
-0.2407407407407407 0.2037037037037037 0.0
-0.2407407407407408 0.2160493827160494 0.0
-0.2407407407407407 0.2283950617283951 0.0
-0.2407407407407407 0.2407407407407408 0.0
-0.2407407407407407 0.2530864197530864 0.0
-0.2407407407407407 0.2654320987654321 0.0
-0.2407407407407408 0.2777777777777778 0.0
-0.2407407407407407 0.2901234567901234 0.0
-0.2407407407407407 0.3024691358024692 0.0
-0.2407407407407406 0.3148148148148148 0.0
-0.2407407407407407 0.3271604938271605 0.0
-0.2407407407407406 0.3395061728395061 0.0
-0.2407407407407407 0.3518518518518519 0.0
-0.2407407407407408 0.3641975308641975 0.0
-0.2407407407407406 0.3765432098765432 0.0
-0.2407407407407407 0.3888888888888889 0.0
-0.2407407407407406 0.4012345679012346 0.0
-0.2407407407407407 0.4135802469135803 0.0
-0.2407407407407408 0.425925925925926 0.0
-0.2407407407407407 0.4382716049382716 0.0
-0.2407407407407407 0.4506172839506173 0.0
-0.2407407407407407 0.4629629629629629 0.0
-0.2407407407407407 0.4753086419753086 0.0
-0.2407407407407407 0.4876543209876543 0.0
-0.228395061728395 -0.4876543209876542 0.0
-0.2283950617283951 -0.4753086419753087 0.0
-0.2283950617283951 -0.462962962962963 0.0
-0.2283950617283951 -0.4506172839506173 0.0
-0.2283950617283951 -0.4382716049382716 0.0
-0.2283950617283951 -0.4259259259259259 0.0
-0.2283950617283951 -0.4135802469135802 0.0
-0.2283950617283951 -0.4012345679012346 0.0
-0.228395061728395 -0.3888888888888888 0.0
-0.228395061728395 -0.3765432098765432 0.0
-0.2283950617283951 -0.3641975308641975 0.0
-0.2283950617283951 -0.3518518518518519 0.0
-0.2283950617283951 -0.3395061728395061 0.0
-0.2283950617283951 -0.3271604938271605 0.0
-0.2283950617283951 -0.3148148148148148 0.0
-0.2283950617283951 -0.3024691358024691 0.0
-0.2283950617283951 -0.2901234567901234 0.0
-0.2283950617283951 -0.2777777777777778 0.0
-0.2283950617283951 -0.2654320987654321 0.0
-0.2283950617283951 -0.2530864197530864 0.0
-0.228395061728395 -0.2407407407407407 0.0
-0.2283950617283951 -0.228395061728395 0.0
-0.2283950617283951 -0.2160493827160494 0.0
-0.2283950617283951 -0.2037037037037037 0.0
-0.2283950617283951 -0.1913580246913579 0.0
-0.2283950617283951 -0.1790123456790124 0.0
-0.228395061728395 -0.1666666666666667 0.0
-0.2283950617283951 -0.154320987654321 0.0
-0.2283950617283951 -0.1419753086419752 0.0
-0.2283950617283951 -0.1296296296296297 0.0
-0.2283950617283951 -0.1172839506172839 0.0
-0.2283950617283951 -0.1049382716049383 0.0
-0.228395061728395 -0.09259259259259256 0.0
-0.228395061728395 -0.08024691358024694 0.0
-0.228395061728395 -0.0679012345679012 0.0
-0.2283950617283951 -0.05555555555555558 0.0
-0.2283950617283951 -0.04320987654320985 0.0
-0.2283950617283951 -0.03086419753086422 0.0
-0.2283950617283951 -0.01851851851851852 0.0
-0.2283950617283951 -0.006172839506172867 0.0
-0.2283950617283951 0.006172839506172867 0.0
-0.2283950617283951 0.01851851851851855 0.0
-0.2283950617283951 0.03086419753086422 0.0
-0.2283950617283951 0.0432098765432099 0.0
-0.2283950617283951 0.05555555555555558 0.0
-0.2283950617283951 0.06790123456790126 0.0
-0.2283950617283951 0.08024691358024694 0.0
-0.2283950617283951 0.0925925925925926 0.0
-0.2283950617283951 0.1049382716049383 0.0
-0.2283950617283951 0.1172839506172839 0.0
-0.2283950617283951 0.1296296296296297 0.0
-0.2283950617283951 0.1419753086419753 0.0
-0.2283950617283951 0.154320987654321 0.0
-0.2283950617283951 0.1666666666666667 0.0
-0.2283950617283951 0.1790123456790124 0.0
-0.2283950617283951 0.191358024691358 0.0
-0.2283950617283951 0.2037037037037037 0.0
-0.2283950617283951 0.2160493827160494 0.0
-0.2283950617283951 0.2283950617283951 0.0
-0.2283950617283951 0.2407407407407407 0.0
-0.2283950617283951 0.2530864197530864 0.0
-0.2283950617283951 0.2654320987654321 0.0
-0.2283950617283951 0.2777777777777778 0.0
-0.2283950617283951 0.2901234567901234 0.0
-0.2283950617283951 0.3024691358024691 0.0
-0.2283950617283951 0.3148148148148148 0.0
-0.2283950617283951 0.3271604938271605 0.0
-0.2283950617283951 0.3395061728395061 0.0
-0.2283950617283951 0.3518518518518519 0.0
-0.2283950617283951 0.3641975308641975 0.0
-0.2283950617283951 0.3765432098765432 0.0
-0.228395061728395 0.3888888888888888 0.0
-0.2283950617283951 0.4012345679012346 0.0
-0.2283950617283951 0.4135802469135802 0.0
-0.2283950617283951 0.4259259259259259 0.0
-0.2283950617283951 0.4382716049382716 0.0
-0.2283950617283951 0.4506172839506173 0.0
-0.2283950617283951 0.4629629629629629 0.0
-0.2283950617283951 0.4753086419753086 0.0
-0.2283950617283951 0.4876543209876543 0.0
-0.2160493827160494 -0.4876543209876543 0.0
-0.2160493827160493 -0.4753086419753086 0.0
-0.2160493827160495 -0.4629629629629629 0.0
-0.2160493827160494 -0.4506172839506173 0.0
-0.2160493827160494 -0.4382716049382717 0.0
-0.2160493827160493 -0.4259259259259259 0.0
-0.2160493827160495 -0.4135802469135803 0.0
-0.2160493827160494 -0.4012345679012346 0.0
-0.2160493827160494 -0.3888888888888888 0.0
-0.2160493827160493 -0.3765432098765432 0.0
-0.2160493827160494 -0.3641975308641975 0.0
-0.2160493827160493 -0.3518518518518519 0.0
-0.2160493827160494 -0.3395061728395061 0.0
-0.2160493827160494 -0.3271604938271604 0.0
-0.2160493827160494 -0.3148148148148148 0.0
-0.2160493827160494 -0.3024691358024691 0.0
-0.2160493827160494 -0.2901234567901234 0.0
-0.2160493827160494 -0.2777777777777777 0.0
-0.2160493827160494 -0.2654320987654321 0.0
-0.2160493827160495 -0.2530864197530864 0.0
-0.2160493827160494 -0.2407407407407408 0.0
-0.2160493827160494 -0.228395061728395 0.0
-0.2160493827160495 -0.2160493827160494 0.0
-0.2160493827160495 -0.2037037037037037 0.0
-0.2160493827160495 -0.191358024691358 0.0
-0.2160493827160494 -0.1790123456790124 0.0
-0.2160493827160493 -0.1666666666666667 0.0
-0.2160493827160494 -0.154320987654321 0.0
-0.2160493827160494 -0.1419753086419752 0.0
-0.2160493827160494 -0.1296296296296296 0.0
-0.2160493827160493 -0.1172839506172839 0.0
-0.2160493827160493 -0.1049382716049383 0.0
-0.2160493827160494 -0.09259259259259259 0.0
-0.2160493827160493 -0.08024691358024694 0.0
-0.2160493827160493 -0.06790123456790123 0.0
-0.2160493827160494 -0.05555555555555561 0.0
-0.2160493827160494 -0.04320987654320985 0.0
-0.2160493827160494 -0.03086419753086422 0.0
-0.2160493827160494 -0.01851851851851849 0.0
-0.2160493827160494 -0.006172839506172895 0.0
-0.2160493827160494 0.006172839506172839 0.0
-0.2160493827160494 0.01851851851851855 0.0
-0.2160493827160494 0.03086419753086422 0.0
-0.2160493827160494 0.04320987654320987 0.0
-0.2160493827160494 0.05555555555555555 0.0
-0.2160493827160494 0.06790123456790123 0.0
-0.2160493827160493 0.08024691358024694 0.0
-0.2160493827160494 0.09259259259259259 0.0
-0.2160493827160493 0.1049382716049383 0.0
-0.2160493827160494 0.1172839506172839 0.0
-0.2160493827160494 0.1296296296296296 0.0
-0.2160493827160494 0.1419753086419753 0.0
-0.2160493827160494 0.154320987654321 0.0
-0.2160493827160493 0.1666666666666667 0.0
-0.2160493827160493 0.1790123456790123 0.0
-0.2160493827160494 0.191358024691358 0.0
-0.2160493827160493 0.2037037037037037 0.0
-0.2160493827160494 0.2160493827160493 0.0
-0.2160493827160493 0.228395061728395 0.0
-0.2160493827160494 0.2407407407407408 0.0
-0.2160493827160494 0.2530864197530864 0.0
-0.2160493827160493 0.265432098765432 0.0
-0.2160493827160494 0.2777777777777777 0.0
-0.2160493827160494 0.2901234567901234 0.0
-0.2160493827160494 0.3024691358024691 0.0
-0.2160493827160493 0.3148148148148148 0.0
-0.2160493827160493 0.3271604938271604 0.0
-0.2160493827160494 0.3395061728395061 0.0
-0.2160493827160494 0.3518518518518519 0.0
-0.2160493827160493 0.3641975308641974 0.0
-0.2160493827160493 0.3765432098765432 0.0
-0.2160493827160494 0.3888888888888888 0.0
-0.2160493827160494 0.4012345679012346 0.0
-0.2160493827160494 0.4135802469135803 0.0
-0.2160493827160493 0.4259259259259259 0.0
-0.2160493827160494 0.4382716049382717 0.0
-0.2160493827160494 0.4506172839506173 0.0
-0.2160493827160494 0.462962962962963 0.0
-0.2160493827160493 0.4753086419753086 0.0
-0.2160493827160494 0.4876543209876544 0.0
-0.2037037037037037 -0.4876543209876542 0.0
-0.2037037037037037 -0.4753086419753086 0.0
-0.2037037037037037 -0.4629629629629629 0.0
-0.2037037037037037 -0.4506172839506173 0.0
-0.2037037037037037 -0.4382716049382716 0.0
-0.2037037037037038 -0.4259259259259259 0.0
-0.2037037037037037 -0.4135802469135803 0.0
-0.2037037037037037 -0.4012345679012346 0.0
-0.2037037037037038 -0.3888888888888888 0.0
-0.2037037037037037 -0.3765432098765432 0.0
-0.2037037037037037 -0.3641975308641975 0.0
-0.2037037037037037 -0.3518518518518519 0.0
-0.2037037037037037 -0.3395061728395061 0.0
-0.2037037037037038 -0.3271604938271605 0.0
-0.2037037037037037 -0.3148148148148148 0.0
-0.2037037037037037 -0.3024691358024691 0.0
-0.2037037037037038 -0.2901234567901234 0.0
-0.2037037037037037 -0.2777777777777778 0.0
-0.2037037037037037 -0.2654320987654321 0.0
-0.2037037037037037 -0.2530864197530864 0.0
-0.2037037037037037 -0.2407407407407407 0.0
-0.2037037037037037 -0.228395061728395 0.0
-0.2037037037037037 -0.2160493827160493 0.0
-0.2037037037037037 -0.2037037037037037 0.0
-0.2037037037037037 -0.1913580246913579 0.0
-0.2037037037037037 -0.1790123456790124 0.0
-0.2037037037037037 -0.1666666666666667 0.0
-0.2037037037037037 -0.154320987654321 0.0
-0.2037037037037037 -0.1419753086419753 0.0
-0.2037037037037037 -0.1296296296296297 0.0
-0.2037037037037037 -0.1172839506172839 0.0
-0.2037037037037037 -0.1049382716049383 0.0
-0.2037037037037037 -0.09259259259259256 0.0
-0.2037037037037037 -0.08024691358024694 0.0
-0.2037037037037038 -0.0679012345679012 0.0
-0.2037037037037037 -0.05555555555555555 0.0
-0.2037037037037037 -0.04320987654320987 0.0
-0.2037037037037037 -0.03086419753086422 0.0
-0.2037037037037037 -0.01851851851851846 0.0
-0.2037037037037037 -0.006172839506172895 0.0
-0.2037037037037037 0.006172839506172895 0.0
-0.2037037037037037 0.01851851851851852 0.0
-0.2037037037037037 0.03086419753086422 0.0
-0.2037037037037037 0.0432098765432099 0.0
-0.2037037037037037 0.05555555555555555 0.0
-0.2037037037037037 0.06790123456790123 0.0
-0.2037037037037037 0.08024691358024694 0.0
-0.2037037037037037 0.09259259259259257 0.0
-0.2037037037037037 0.1049382716049383 0.0
-0.2037037037037037 0.1172839506172839 0.0
-0.2037037037037037 0.1296296296296297 0.0
-0.2037037037037037 0.1419753086419753 0.0
-0.2037037037037037 0.154320987654321 0.0
-0.2037037037037037 0.1666666666666667 0.0
-0.2037037037037037 0.1790123456790124 0.0
-0.2037037037037037 0.191358024691358 0.0
-0.2037037037037037 0.2037037037037037 0.0
-0.2037037037037037 0.2160493827160494 0.0
-0.2037037037037037 0.2283950617283951 0.0
-0.2037037037037037 0.2407407407407408 0.0
-0.2037037037037037 0.2530864197530864 0.0
-0.2037037037037037 0.2654320987654321 0.0
-0.2037037037037037 0.2777777777777778 0.0
-0.2037037037037037 0.2901234567901234 0.0
-0.2037037037037037 0.3024691358024691 0.0
-0.2037037037037037 0.3148148148148148 0.0
-0.2037037037037037 0.3271604938271605 0.0
-0.2037037037037037 0.3395061728395061 0.0
-0.2037037037037037 0.3518518518518519 0.0
-0.2037037037037037 0.3641975308641975 0.0
-0.2037037037037037 0.3765432098765432 0.0
-0.2037037037037037 0.3888888888888888 0.0
-0.2037037037037037 0.4012345679012346 0.0
-0.2037037037037037 0.4135802469135802 0.0
-0.2037037037037037 0.4259259259259259 0.0
-0.2037037037037037 0.4382716049382716 0.0
-0.2037037037037037 0.4506172839506173 0.0
-0.2037037037037037 0.4629629629629629 0.0
-0.2037037037037037 0.4753086419753086 0.0
-0.2037037037037037 0.4876543209876543 0.0
-0.1913580246913581 -0.4876543209876543 0.0
-0.191358024691358 -0.4753086419753087 0.0
-0.1913580246913581 -0.462962962962963 0.0
-0.191358024691358 -0.4506172839506173 0.0
-0.1913580246913581 -0.4382716049382716 0.0
-0.191358024691358 -0.425925925925926 0.0
-0.191358024691358 -0.4135802469135803 0.0
-0.191358024691358 -0.4012345679012346 0.0
-0.191358024691358 -0.3888888888888888 0.0
-0.191358024691358 -0.3765432098765432 0.0
-0.191358024691358 -0.3641975308641975 0.0
-0.191358024691358 -0.3518518518518519 0.0
-0.191358024691358 -0.3395061728395061 0.0
-0.191358024691358 -0.3271604938271605 0.0
-0.191358024691358 -0.3148148148148148 0.0
-0.191358024691358 -0.3024691358024691 0.0
-0.191358024691358 -0.2901234567901234 0.0
-0.191358024691358 -0.2777777777777778 0.0
-0.1913580246913581 -0.2654320987654321 0.0
-0.191358024691358 -0.2530864197530864 0.0
-0.191358024691358 -0.2407407407407406 0.0
-0.191358024691358 -0.228395061728395 0.0
-0.1913580246913581 -0.2160493827160493 0.0
-0.191358024691358 -0.2037037037037037 0.0
-0.191358024691358 -0.1913580246913579 0.0
-0.191358024691358 -0.1790123456790124 0.0
-0.191358024691358 -0.1666666666666666 0.0
-0.191358024691358 -0.154320987654321 0.0
-0.191358024691358 -0.1419753086419752 0.0
-0.191358024691358 -0.1296296296296297 0.0
-0.191358024691358 -0.1172839506172839 0.0
-0.1913580246913581 -0.1049382716049383 0.0
-0.191358024691358 -0.09259259259259256 0.0
-0.191358024691358 -0.08024691358024699 0.0
-0.191358024691358 -0.0679012345679012 0.0
-0.191358024691358 -0.05555555555555558 0.0
-0.1913580246913581 -0.04320987654320985 0.0
-0.191358024691358 -0.03086419753086422 0.0
-0.191358024691358 -0.01851851851851849 0.0
-0.191358024691358 -0.006172839506172867 0.0
-0.191358024691358 0.006172839506172867 0.0
-0.191358024691358 0.01851851851851855 0.0
-0.191358024691358 0.03086419753086422 0.0
-0.191358024691358 0.04320987654320993 0.0
-0.191358024691358 0.05555555555555558 0.0
-0.1913580246913581 0.06790123456790126 0.0
-0.191358024691358 0.08024691358024696 0.0
-0.191358024691358 0.09259259259259256 0.0
-0.191358024691358 0.1049382716049383 0.0
-0.191358024691358 0.1172839506172839 0.0
-0.1913580246913581 0.1296296296296297 0.0
-0.191358024691358 0.1419753086419753 0.0
-0.191358024691358 0.154320987654321 0.0
-0.191358024691358 0.1666666666666666 0.0
-0.1913580246913579 0.1790123456790124 0.0
-0.191358024691358 0.191358024691358 0.0
-0.1913580246913579 0.2037037037037037 0.0
-0.191358024691358 0.2160493827160494 0.0
-0.191358024691358 0.2283950617283951 0.0
-0.1913580246913579 0.2407407407407407 0.0
-0.191358024691358 0.2530864197530865 0.0
-0.191358024691358 0.2654320987654321 0.0
-0.1913580246913579 0.2777777777777778 0.0
-0.191358024691358 0.2901234567901234 0.0
-0.1913580246913579 0.3024691358024691 0.0
-0.191358024691358 0.3148148148148148 0.0
-0.191358024691358 0.3271604938271605 0.0
-0.191358024691358 0.3395061728395061 0.0
-0.191358024691358 0.3518518518518519 0.0
-0.1913580246913579 0.3641975308641975 0.0
-0.191358024691358 0.3765432098765432 0.0
-0.191358024691358 0.3888888888888888 0.0
-0.191358024691358 0.4012345679012346 0.0
-0.191358024691358 0.4135802469135802 0.0
-0.1913580246913579 0.4259259259259259 0.0
-0.191358024691358 0.4382716049382716 0.0
-0.191358024691358 0.4506172839506173 0.0
-0.191358024691358 0.4629629629629629 0.0
-0.191358024691358 0.4753086419753086 0.0
-0.191358024691358 0.4876543209876543 0.0
-0.1790123456790124 -0.4876543209876543 0.0
-0.1790123456790124 -0.4753086419753086 0.0
-0.1790123456790123 -0.462962962962963 0.0
-0.1790123456790123 -0.4506172839506173 0.0
-0.1790123456790124 -0.4382716049382716 0.0
-0.1790123456790124 -0.425925925925926 0.0
-0.1790123456790124 -0.4135802469135803 0.0
-0.1790123456790123 -0.4012345679012346 0.0
-0.1790123456790123 -0.3888888888888888 0.0
-0.1790123456790123 -0.3765432098765432 0.0
-0.1790123456790124 -0.3641975308641975 0.0
-0.1790123456790124 -0.3518518518518519 0.0
-0.1790123456790124 -0.3395061728395061 0.0
-0.1790123456790124 -0.3271604938271605 0.0
-0.1790123456790124 -0.3148148148148148 0.0
-0.1790123456790124 -0.3024691358024691 0.0
-0.1790123456790123 -0.2901234567901234 0.0
-0.1790123456790124 -0.2777777777777778 0.0
-0.1790123456790123 -0.2654320987654321 0.0
-0.1790123456790124 -0.2530864197530864 0.0
-0.1790123456790124 -0.2407407407407407 0.0
-0.1790123456790124 -0.228395061728395 0.0
-0.1790123456790123 -0.2160493827160494 0.0
-0.1790123456790124 -0.2037037037037037 0.0
-0.1790123456790123 -0.1913580246913579 0.0
-0.1790123456790124 -0.1790123456790124 0.0
-0.1790123456790124 -0.1666666666666666 0.0
-0.1790123456790124 -0.154320987654321 0.0
-0.1790123456790124 -0.1419753086419752 0.0
-0.1790123456790124 -0.1296296296296297 0.0
-0.1790123456790123 -0.1172839506172839 0.0
-0.1790123456790124 -0.1049382716049383 0.0
-0.1790123456790124 -0.09259259259259259 0.0
-0.1790123456790124 -0.08024691358024694 0.0
-0.1790123456790124 -0.0679012345679012 0.0
-0.1790123456790124 -0.05555555555555555 0.0
-0.1790123456790124 -0.04320987654320985 0.0
-0.1790123456790124 -0.03086419753086422 0.0
-0.1790123456790123 -0.01851851851851849 0.0
-0.1790123456790124 -0.006172839506172895 0.0
-0.1790123456790124 0.006172839506172895 0.0
-0.1790123456790124 0.01851851851851852 0.0
-0.1790123456790124 0.03086419753086422 0.0
-0.1790123456790124 0.0432098765432099 0.0
-0.1790123456790124 0.05555555555555555 0.0
-0.1790123456790124 0.06790123456790126 0.0
-0.1790123456790124 0.08024691358024695 0.0
-0.1790123456790124 0.09259259259259257 0.0
-0.1790123456790124 0.1049382716049383 0.0
-0.1790123456790124 0.117283950617284 0.0
-0.1790123456790124 0.1296296296296297 0.0
-0.1790123456790124 0.1419753086419753 0.0
-0.1790123456790124 0.154320987654321 0.0
-0.1790123456790124 0.1666666666666666 0.0
-0.1790123456790124 0.1790123456790124 0.0
-0.1790123456790124 0.191358024691358 0.0
-0.1790123456790124 0.2037037037037037 0.0
-0.1790123456790124 0.2160493827160494 0.0
-0.1790123456790124 0.2283950617283951 0.0
-0.1790123456790124 0.2407407407407408 0.0
-0.1790123456790124 0.2530864197530864 0.0
-0.1790123456790124 0.2654320987654321 0.0
-0.1790123456790124 0.2777777777777778 0.0
-0.1790123456790123 0.2901234567901234 0.0
-0.1790123456790124 0.3024691358024691 0.0
-0.1790123456790124 0.3148148148148148 0.0
-0.1790123456790124 0.3271604938271605 0.0
-0.1790123456790123 0.3395061728395061 0.0
-0.1790123456790123 0.3518518518518519 0.0
-0.1790123456790124 0.3641975308641975 0.0
-0.1790123456790124 0.3765432098765432 0.0
-0.1790123456790124 0.3888888888888888 0.0
-0.1790123456790123 0.4012345679012346 0.0
-0.1790123456790124 0.4135802469135802 0.0
-0.1790123456790124 0.4259259259259259 0.0
-0.1790123456790124 0.4382716049382716 0.0
-0.1790123456790124 0.4506172839506173 0.0
-0.1790123456790123 0.4629629629629629 0.0
-0.1790123456790124 0.4753086419753086 0.0
-0.1790123456790124 0.4876543209876543 0.0
-0.1666666666666667 -0.4876543209876542 0.0
-0.1666666666666667 -0.4753086419753086 0.0
-0.1666666666666667 -0.462962962962963 0.0
-0.1666666666666667 -0.4506172839506172 0.0
-0.1666666666666667 -0.4382716049382717 0.0
-0.1666666666666667 -0.4259259259259259 0.0
-0.1666666666666666 -0.4135802469135803 0.0
-0.1666666666666667 -0.4012345679012346 0.0
-0.1666666666666667 -0.3888888888888888 0.0
-0.1666666666666667 -0.3765432098765432 0.0
-0.1666666666666667 -0.3641975308641975 0.0
-0.1666666666666667 -0.3518518518518519 0.0
-0.1666666666666667 -0.3395061728395062 0.0
-0.1666666666666667 -0.3271604938271605 0.0
-0.1666666666666667 -0.3148148148148148 0.0
-0.1666666666666666 -0.3024691358024691 0.0
-0.1666666666666667 -0.2901234567901234 0.0
-0.1666666666666667 -0.2777777777777777 0.0
-0.1666666666666666 -0.2654320987654321 0.0
-0.1666666666666667 -0.2530864197530864 0.0
-0.1666666666666667 -0.2407407407407406 0.0
-0.1666666666666667 -0.228395061728395 0.0
-0.1666666666666667 -0.2160493827160494 0.0
-0.1666666666666666 -0.2037037037037037 0.0
-0.1666666666666667 -0.191358024691358 0.0
-0.1666666666666667 -0.1790123456790124 0.0
-0.1666666666666667 -0.1666666666666667 0.0
-0.1666666666666667 -0.154320987654321 0.0
-0.1666666666666666 -0.1419753086419753 0.0
-0.1666666666666667 -0.1296296296296296 0.0
-0.1666666666666667 -0.1172839506172839 0.0
-0.1666666666666667 -0.1049382716049383 0.0
-0.1666666666666667 -0.09259259259259259 0.0
-0.1666666666666667 -0.08024691358024688 0.0
-0.1666666666666666 -0.06790123456790123 0.0
-0.1666666666666667 -0.05555555555555561 0.0
-0.1666666666666667 -0.04320987654320985 0.0
-0.1666666666666667 -0.03086419753086422 0.0
-0.1666666666666666 -0.01851851851851852 0.0
-0.1666666666666667 -0.006172839506172867 0.0
-0.1666666666666667 0.006172839506172839 0.0
-0.1666666666666667 0.01851851851851849 0.0
-0.1666666666666667 0.03086419753086422 0.0
-0.1666666666666667 0.0432098765432099 0.0
-0.1666666666666667 0.05555555555555561 0.0
-0.1666666666666667 0.06790123456790129 0.0
-0.1666666666666667 0.08024691358024691 0.0
-0.1666666666666667 0.09259259259259259 0.0
-0.1666666666666667 0.1049382716049383 0.0
-0.1666666666666667 0.117283950617284 0.0
-0.1666666666666666 0.1296296296296296 0.0
-0.1666666666666666 0.1419753086419753 0.0
-0.1666666666666667 0.154320987654321 0.0
-0.1666666666666667 0.1666666666666667 0.0
-0.1666666666666667 0.1790123456790124 0.0
-0.1666666666666667 0.191358024691358 0.0
-0.1666666666666666 0.2037037037037037 0.0
-0.1666666666666666 0.2160493827160494 0.0
-0.1666666666666667 0.228395061728395 0.0
-0.1666666666666667 0.2407407407407407 0.0
-0.1666666666666667 0.2530864197530864 0.0
-0.1666666666666667 0.2654320987654321 0.0
-0.1666666666666666 0.2777777777777778 0.0
-0.1666666666666666 0.2901234567901234 0.0
-0.1666666666666666 0.3024691358024691 0.0
-0.1666666666666666 0.3148148148148147 0.0
-0.1666666666666667 0.3271604938271605 0.0
-0.1666666666666667 0.3395061728395061 0.0
-0.1666666666666667 0.3518518518518519 0.0
-0.1666666666666667 0.3641975308641975 0.0
-0.1666666666666666 0.3765432098765432 0.0
-0.1666666666666666 0.3888888888888888 0.0
-0.1666666666666667 0.4012345679012346 0.0
-0.1666666666666667 0.4135802469135802 0.0
-0.1666666666666667 0.4259259259259259 0.0
-0.1666666666666667 0.4382716049382717 0.0
-0.1666666666666667 0.4506172839506172 0.0
-0.1666666666666667 0.4629629629629629 0.0
-0.1666666666666667 0.4753086419753086 0.0
-0.1666666666666667 0.4876543209876543 0.0
-0.154320987654321 -0.4876543209876543 0.0
-0.154320987654321 -0.4753086419753086 0.0
-0.154320987654321 -0.4629629629629629 0.0
-0.154320987654321 -0.4506172839506173 0.0
-0.154320987654321 -0.4382716049382716 0.0
-0.154320987654321 -0.4259259259259259 0.0
-0.154320987654321 -0.4135802469135802 0.0
-0.154320987654321 -0.4012345679012346 0.0
-0.154320987654321 -0.3888888888888888 0.0
-0.154320987654321 -0.3765432098765432 0.0
-0.154320987654321 -0.3641975308641975 0.0
-0.154320987654321 -0.3518518518518519 0.0
-0.154320987654321 -0.3395061728395061 0.0
-0.154320987654321 -0.3271604938271604 0.0
-0.154320987654321 -0.3148148148148148 0.0
-0.154320987654321 -0.3024691358024691 0.0
-0.154320987654321 -0.2901234567901234 0.0
-0.154320987654321 -0.2777777777777777 0.0
-0.154320987654321 -0.2654320987654321 0.0
-0.154320987654321 -0.2530864197530864 0.0
-0.154320987654321 -0.2407407407407407 0.0
-0.1543209876543209 -0.228395061728395 0.0
-0.154320987654321 -0.2160493827160494 0.0
-0.154320987654321 -0.2037037037037037 0.0
-0.154320987654321 -0.191358024691358 0.0
-0.154320987654321 -0.1790123456790124 0.0
-0.154320987654321 -0.1666666666666667 0.0
-0.154320987654321 -0.154320987654321 0.0
-0.154320987654321 -0.1419753086419752 0.0
-0.154320987654321 -0.1296296296296297 0.0
-0.154320987654321 -0.1172839506172839 0.0
-0.154320987654321 -0.1049382716049383 0.0
-0.154320987654321 -0.09259259259259256 0.0
-0.154320987654321 -0.08024691358024694 0.0
-0.154320987654321 -0.06790123456790123 0.0
-0.154320987654321 -0.05555555555555558 0.0
-0.154320987654321 -0.04320987654320985 0.0
-0.154320987654321 -0.03086419753086422 0.0
-0.154320987654321 -0.01851851851851849 0.0
-0.154320987654321 -0.006172839506172867 0.0
-0.154320987654321 0.006172839506172867 0.0
-0.154320987654321 0.01851851851851852 0.0
-0.154320987654321 0.03086419753086422 0.0
-0.154320987654321 0.04320987654320987 0.0
-0.154320987654321 0.05555555555555558 0.0
-0.154320987654321 0.06790123456790123 0.0
-0.154320987654321 0.08024691358024694 0.0
-0.154320987654321 0.09259259259259257 0.0
-0.154320987654321 0.1049382716049383 0.0
-0.154320987654321 0.1172839506172839 0.0
-0.154320987654321 0.1296296296296297 0.0
-0.154320987654321 0.1419753086419753 0.0
-0.154320987654321 0.154320987654321 0.0
-0.154320987654321 0.1666666666666666 0.0
-0.154320987654321 0.1790123456790124 0.0
-0.154320987654321 0.191358024691358 0.0
-0.154320987654321 0.2037037037037037 0.0
-0.154320987654321 0.2160493827160493 0.0
-0.154320987654321 0.2283950617283951 0.0
-0.154320987654321 0.2407407407407407 0.0
-0.154320987654321 0.2530864197530864 0.0
-0.154320987654321 0.2654320987654321 0.0
-0.154320987654321 0.2777777777777778 0.0
-0.154320987654321 0.2901234567901234 0.0
-0.154320987654321 0.3024691358024691 0.0
-0.154320987654321 0.3148148148148148 0.0
-0.154320987654321 0.3271604938271605 0.0
-0.154320987654321 0.3395061728395061 0.0
-0.154320987654321 0.3518518518518519 0.0
-0.154320987654321 0.3641975308641975 0.0
-0.154320987654321 0.3765432098765432 0.0
-0.154320987654321 0.3888888888888888 0.0
-0.154320987654321 0.4012345679012346 0.0
-0.154320987654321 0.4135802469135802 0.0
-0.154320987654321 0.4259259259259259 0.0
-0.154320987654321 0.4382716049382716 0.0
-0.154320987654321 0.4506172839506173 0.0
-0.154320987654321 0.4629629629629629 0.0
-0.154320987654321 0.4753086419753086 0.0
-0.154320987654321 0.4876543209876543 0.0
-0.1419753086419753 -0.4876543209876542 0.0
-0.1419753086419753 -0.4753086419753086 0.0
-0.1419753086419753 -0.4629629629629629 0.0
-0.1419753086419753 -0.4506172839506173 0.0
-0.1419753086419754 -0.4382716049382716 0.0
-0.1419753086419754 -0.425925925925926 0.0
-0.1419753086419753 -0.4135802469135803 0.0
-0.1419753086419754 -0.4012345679012346 0.0
-0.1419753086419753 -0.3888888888888888 0.0
-0.1419753086419753 -0.3765432098765432 0.0
-0.1419753086419753 -0.3641975308641975 0.0
-0.1419753086419753 -0.3518518518518519 0.0
-0.1419753086419753 -0.3395061728395061 0.0
-0.1419753086419754 -0.3271604938271606 0.0
-0.1419753086419753 -0.3148148148148148 0.0
-0.1419753086419753 -0.3024691358024691 0.0
-0.1419753086419753 -0.2901234567901234 0.0
-0.1419753086419754 -0.2777777777777778 0.0
-0.1419753086419754 -0.2654320987654321 0.0
-0.1419753086419753 -0.2530864197530864 0.0
-0.1419753086419753 -0.2407407407407407 0.0
-0.1419753086419753 -0.2283950617283951 0.0
-0.1419753086419754 -0.2160493827160493 0.0
-0.1419753086419753 -0.2037037037037037 0.0
-0.1419753086419753 -0.1913580246913579 0.0
-0.1419753086419753 -0.1790123456790124 0.0
-0.1419753086419753 -0.1666666666666667 0.0
-0.1419753086419753 -0.154320987654321 0.0
-0.1419753086419753 -0.1419753086419752 0.0
-0.1419753086419753 -0.1296296296296297 0.0
-0.1419753086419753 -0.1172839506172839 0.0
-0.1419753086419754 -0.1049382716049383 0.0
-0.1419753086419753 -0.09259259259259256 0.0
-0.1419753086419753 -0.08024691358024691 0.0
-0.1419753086419753 -0.0679012345679012 0.0
-0.1419753086419753 -0.05555555555555555 0.0
-0.1419753086419753 -0.04320987654320985 0.0
-0.1419753086419753 -0.03086419753086422 0.0
-0.1419753086419753 -0.01851851851851846 0.0
-0.1419753086419753 -0.006172839506172867 0.0
-0.1419753086419753 0.006172839506172895 0.0
-0.1419753086419753 0.01851851851851855 0.0
-0.1419753086419753 0.03086419753086422 0.0
-0.1419753086419752 0.04320987654320985 0.0
-0.1419753086419753 0.05555555555555555 0.0
-0.1419753086419753 0.06790123456790124 0.0
-0.1419753086419753 0.08024691358024695 0.0
-0.1419753086419753 0.09259259259259256 0.0
-0.1419753086419753 0.1049382716049383 0.0
-0.1419753086419753 0.117283950617284 0.0
-0.1419753086419753 0.1296296296296297 0.0
-0.1419753086419753 0.1419753086419753 0.0
-0.1419753086419752 0.154320987654321 0.0
-0.1419753086419753 0.1666666666666667 0.0
-0.1419753086419753 0.1790123456790124 0.0
-0.1419753086419753 0.191358024691358 0.0
-0.1419753086419753 0.2037037037037037 0.0
-0.1419753086419753 0.2160493827160494 0.0
-0.1419753086419753 0.2283950617283951 0.0
-0.1419753086419753 0.2407407407407407 0.0
-0.1419753086419753 0.2530864197530864 0.0
-0.1419753086419753 0.2654320987654321 0.0
-0.1419753086419753 0.2777777777777778 0.0
-0.1419753086419753 0.2901234567901235 0.0
-0.1419753086419753 0.3024691358024691 0.0
-0.1419753086419753 0.3148148148148148 0.0
-0.1419753086419753 0.3271604938271605 0.0
-0.1419753086419753 0.3395061728395061 0.0
-0.1419753086419753 0.3518518518518519 0.0
-0.1419753086419753 0.3641975308641975 0.0
-0.1419753086419752 0.3765432098765432 0.0
-0.1419753086419753 0.3888888888888889 0.0
-0.1419753086419752 0.4012345679012346 0.0
-0.1419753086419752 0.4135802469135802 0.0
-0.1419753086419753 0.4259259259259259 0.0
-0.1419753086419752 0.4382716049382716 0.0
-0.1419753086419753 0.4506172839506173 0.0
-0.1419753086419752 0.462962962962963 0.0
-0.1419753086419752 0.4753086419753086 0.0
-0.1419753086419752 0.4876543209876543 0.0
-0.1296296296296297 -0.4876543209876543 0.0
-0.1296296296296297 -0.4753086419753086 0.0
-0.1296296296296297 -0.462962962962963 0.0
-0.1296296296296296 -0.4506172839506173 0.0
-0.1296296296296297 -0.4382716049382716 0.0
-0.1296296296296296 -0.4259259259259259 0.0
-0.1296296296296296 -0.4135802469135803 0.0
-0.1296296296296297 -0.4012345679012346 0.0
-0.1296296296296296 -0.3888888888888888 0.0
-0.1296296296296296 -0.3765432098765432 0.0
-0.1296296296296297 -0.3641975308641975 0.0
-0.1296296296296296 -0.3518518518518519 0.0
-0.1296296296296297 -0.3395061728395061 0.0
-0.1296296296296297 -0.3271604938271606 0.0
-0.1296296296296297 -0.3148148148148148 0.0
-0.1296296296296297 -0.3024691358024691 0.0
-0.1296296296296297 -0.2901234567901234 0.0
-0.1296296296296296 -0.2777777777777778 0.0
-0.1296296296296297 -0.2654320987654321 0.0
-0.1296296296296297 -0.2530864197530864 0.0
-0.1296296296296297 -0.2407407407407406 0.0
-0.1296296296296297 -0.228395061728395 0.0
-0.1296296296296296 -0.2160493827160494 0.0
-0.1296296296296297 -0.2037037037037037 0.0
-0.1296296296296297 -0.191358024691358 0.0
-0.1296296296296297 -0.1790123456790124 0.0
-0.1296296296296297 -0.1666666666666667 0.0
-0.1296296296296297 -0.154320987654321 0.0
-0.1296296296296297 -0.1419753086419753 0.0
-0.1296296296296297 -0.1296296296296297 0.0
-0.1296296296296297 -0.1172839506172839 0.0
-0.1296296296296297 -0.1049382716049383 0.0
-0.1296296296296297 -0.09259259259259259 0.0
-0.1296296296296297 -0.08024691358024696 0.0
-0.1296296296296296 -0.0679012345679012 0.0
-0.1296296296296297 -0.05555555555555558 0.0
-0.1296296296296297 -0.04320987654320985 0.0
-0.1296296296296297 -0.03086419753086422 0.0
-0.1296296296296297 -0.01851851851851849 0.0
-0.1296296296296297 -0.006172839506172867 0.0
-0.1296296296296297 0.006172839506172867 0.0
-0.1296296296296297 0.01851851851851855 0.0
-0.1296296296296297 0.03086419753086422 0.0
-0.1296296296296297 0.0432098765432099 0.0
-0.1296296296296297 0.05555555555555558 0.0
-0.1296296296296297 0.06790123456790122 0.0
-0.1296296296296297 0.08024691358024695 0.0
-0.1296296296296297 0.09259259259259259 0.0
-0.1296296296296297 0.1049382716049383 0.0
-0.1296296296296297 0.1172839506172839 0.0
-0.1296296296296297 0.1296296296296297 0.0
-0.1296296296296297 0.1419753086419753 0.0
-0.1296296296296297 0.154320987654321 0.0
-0.1296296296296297 0.1666666666666667 0.0
-0.1296296296296297 0.1790123456790124 0.0
-0.1296296296296297 0.191358024691358 0.0
-0.1296296296296297 0.2037037037037037 0.0
-0.1296296296296296 0.2160493827160493 0.0
-0.1296296296296297 0.2283950617283951 0.0
-0.1296296296296296 0.2407407407407408 0.0
-0.1296296296296297 0.2530864197530864 0.0
-0.1296296296296297 0.2654320987654321 0.0
-0.1296296296296296 0.2777777777777778 0.0
-0.1296296296296297 0.2901234567901234 0.0
-0.1296296296296297 0.3024691358024691 0.0
-0.1296296296296297 0.3148148148148148 0.0
-0.1296296296296297 0.3271604938271605 0.0
-0.1296296296296297 0.3395061728395061 0.0
-0.1296296296296296 0.3518518518518519 0.0
-0.1296296296296296 0.3641975308641975 0.0
-0.1296296296296297 0.3765432098765432 0.0
-0.1296296296296296 0.3888888888888888 0.0
-0.1296296296296297 0.4012345679012346 0.0
-0.1296296296296297 0.4135802469135802 0.0
-0.1296296296296296 0.4259259259259259 0.0
-0.1296296296296297 0.4382716049382716 0.0
-0.1296296296296296 0.4506172839506173 0.0
-0.1296296296296297 0.4629629629629629 0.0
-0.1296296296296297 0.4753086419753086 0.0
-0.1296296296296297 0.4876543209876543 0.0
-0.1172839506172839 -0.4876543209876543 0.0
-0.117283950617284 -0.4753086419753086 0.0
-0.117283950617284 -0.462962962962963 0.0
-0.117283950617284 -0.4506172839506173 0.0
-0.117283950617284 -0.4382716049382717 0.0
-0.1172839506172839 -0.4259259259259259 0.0
-0.117283950617284 -0.4135802469135802 0.0
-0.117283950617284 -0.4012345679012346 0.0
-0.117283950617284 -0.3888888888888888 0.0
-0.1172839506172839 -0.3765432098765432 0.0
-0.1172839506172839 -0.3641975308641975 0.0
-0.117283950617284 -0.3518518518518518 0.0
-0.117283950617284 -0.3395061728395062 0.0
-0.1172839506172839 -0.3271604938271604 0.0
-0.117283950617284 -0.3148148148148149 0.0
-0.117283950617284 -0.3024691358024691 0.0
-0.117283950617284 -0.2901234567901234 0.0
-0.117283950617284 -0.2777777777777777 0.0
-0.1172839506172839 -0.2654320987654321 0.0
-0.117283950617284 -0.2530864197530864 0.0
-0.1172839506172839 -0.2407407407407407 0.0
-0.1172839506172839 -0.2283950617283951 0.0
-0.117283950617284 -0.2160493827160495 0.0
-0.1172839506172839 -0.2037037037037037 0.0
-0.117283950617284 -0.191358024691358 0.0
-0.1172839506172839 -0.1790123456790123 0.0
-0.1172839506172839 -0.1666666666666667 0.0
-0.117283950617284 -0.154320987654321 0.0
-0.117283950617284 -0.1419753086419752 0.0
-0.1172839506172839 -0.1296296296296297 0.0
-0.117283950617284 -0.1172839506172839 0.0
-0.117283950617284 -0.1049382716049383 0.0
-0.117283950617284 -0.09259259259259256 0.0
-0.1172839506172839 -0.08024691358024688 0.0
-0.1172839506172839 -0.0679012345679012 0.0
-0.1172839506172839 -0.05555555555555558 0.0
-0.1172839506172839 -0.04320987654320987 0.0
-0.1172839506172839 -0.03086419753086422 0.0
-0.117283950617284 -0.01851851851851852 0.0
-0.1172839506172839 -0.006172839506172867 0.0
-0.1172839506172839 0.006172839506172867 0.0
-0.1172839506172839 0.01851851851851849 0.0
-0.1172839506172839 0.03086419753086422 0.0
-0.1172839506172839 0.04320987654320993 0.0
-0.1172839506172839 0.05555555555555557 0.0
-0.1172839506172839 0.06790123456790124 0.0
-0.1172839506172839 0.08024691358024691 0.0
-0.1172839506172839 0.0925925925925926 0.0
-0.117283950617284 0.1049382716049383 0.0
-0.1172839506172839 0.1172839506172839 0.0
-0.1172839506172839 0.1296296296296297 0.0
-0.117283950617284 0.1419753086419753 0.0
-0.117283950617284 0.154320987654321 0.0
-0.1172839506172839 0.1666666666666667 0.0
-0.1172839506172839 0.1790123456790123 0.0
-0.1172839506172839 0.191358024691358 0.0
-0.1172839506172839 0.2037037037037037 0.0
-0.1172839506172839 0.2160493827160494 0.0
-0.1172839506172839 0.2283950617283951 0.0
-0.1172839506172839 0.2407407407407407 0.0
-0.1172839506172839 0.2530864197530864 0.0
-0.1172839506172839 0.2654320987654321 0.0
-0.1172839506172839 0.2777777777777778 0.0
-0.1172839506172839 0.2901234567901234 0.0
-0.1172839506172839 0.3024691358024691 0.0
-0.117283950617284 0.3148148148148148 0.0
-0.1172839506172839 0.3271604938271605 0.0
-0.1172839506172839 0.3395061728395061 0.0
-0.1172839506172839 0.3518518518518518 0.0
-0.1172839506172839 0.3641975308641975 0.0
-0.1172839506172839 0.3765432098765432 0.0
-0.1172839506172839 0.3888888888888888 0.0
-0.1172839506172839 0.4012345679012346 0.0
-0.1172839506172839 0.4135802469135803 0.0
-0.1172839506172839 0.4259259259259259 0.0
-0.1172839506172839 0.4382716049382717 0.0
-0.1172839506172839 0.4506172839506173 0.0
-0.1172839506172839 0.4629629629629629 0.0
-0.1172839506172839 0.4753086419753086 0.0
-0.1172839506172839 0.4876543209876543 0.0
-0.1049382716049383 -0.4876543209876542 0.0
-0.1049382716049383 -0.4753086419753087 0.0
-0.1049382716049383 -0.4629629629629629 0.0
-0.1049382716049382 -0.4506172839506173 0.0
-0.1049382716049383 -0.4382716049382716 0.0
-0.1049382716049383 -0.4259259259259259 0.0
-0.1049382716049383 -0.4135802469135803 0.0
-0.1049382716049383 -0.4012345679012346 0.0
-0.1049382716049383 -0.3888888888888888 0.0
-0.1049382716049383 -0.3765432098765432 0.0
-0.1049382716049383 -0.3641975308641975 0.0
-0.1049382716049383 -0.3518518518518519 0.0
-0.1049382716049383 -0.3395061728395061 0.0
-0.1049382716049383 -0.3271604938271605 0.0
-0.1049382716049383 -0.3148148148148148 0.0
-0.1049382716049383 -0.3024691358024691 0.0
-0.1049382716049383 -0.2901234567901234 0.0
-0.1049382716049383 -0.2777777777777778 0.0
-0.1049382716049383 -0.2654320987654321 0.0
-0.1049382716049383 -0.2530864197530864 0.0
-0.1049382716049383 -0.2407407407407406 0.0
-0.1049382716049383 -0.228395061728395 0.0
-0.1049382716049383 -0.2160493827160494 0.0
-0.1049382716049383 -0.2037037037037037 0.0
-0.1049382716049383 -0.191358024691358 0.0
-0.1049382716049383 -0.1790123456790124 0.0
-0.1049382716049383 -0.1666666666666666 0.0
-0.1049382716049383 -0.154320987654321 0.0
-0.1049382716049383 -0.1419753086419753 0.0
-0.1049382716049383 -0.1296296296296297 0.0
-0.1049382716049383 -0.1172839506172839 0.0
-0.1049382716049383 -0.1049382716049383 0.0
-0.1049382716049383 -0.09259259259259255 0.0
-0.1049382716049383 -0.08024691358024691 0.0
-0.1049382716049383 -0.0679012345679012 0.0
-0.1049382716049383 -0.05555555555555561 0.0
-0.1049382716049383 -0.04320987654320985 0.0
-0.1049382716049383 -0.03086419753086422 0.0
-0.1049382716049383 -0.01851851851851849 0.0
-0.1049382716049383 -0.006172839506172839 0.0
-0.1049382716049383 0.006172839506172839 0.0
-0.1049382716049383 0.01851851851851849 0.0
-0.1049382716049383 0.03086419753086422 0.0
-0.1049382716049383 0.04320987654320987 0.0
-0.1049382716049383 0.05555555555555559 0.0
-0.1049382716049383 0.06790123456790127 0.0
-0.1049382716049383 0.08024691358024692 0.0
-0.1049382716049383 0.09259259259259259 0.0
-0.1049382716049383 0.1049382716049383 0.0
-0.1049382716049383 0.1172839506172839 0.0
-0.1049382716049383 0.1296296296296297 0.0
-0.1049382716049383 0.1419753086419753 0.0
-0.1049382716049383 0.154320987654321 0.0
-0.1049382716049383 0.1666666666666666 0.0
-0.1049382716049383 0.1790123456790124 0.0
-0.1049382716049383 0.191358024691358 0.0
-0.1049382716049383 0.2037037037037037 0.0
-0.1049382716049383 0.2160493827160494 0.0
-0.1049382716049383 0.2283950617283951 0.0
-0.1049382716049383 0.2407407407407407 0.0
-0.1049382716049383 0.2530864197530864 0.0
-0.1049382716049383 0.2654320987654321 0.0
-0.1049382716049383 0.2777777777777778 0.0
-0.1049382716049383 0.2901234567901234 0.0
-0.1049382716049383 0.3024691358024691 0.0
-0.1049382716049383 0.3148148148148148 0.0
-0.1049382716049383 0.3271604938271605 0.0
-0.1049382716049383 0.3395061728395061 0.0
-0.1049382716049383 0.3518518518518519 0.0
-0.1049382716049383 0.3641975308641975 0.0
-0.1049382716049383 0.3765432098765432 0.0
-0.1049382716049383 0.3888888888888888 0.0
-0.1049382716049383 0.4012345679012346 0.0
-0.1049382716049383 0.4135802469135802 0.0
-0.1049382716049383 0.4259259259259259 0.0
-0.1049382716049383 0.4382716049382716 0.0
-0.1049382716049383 0.4506172839506173 0.0
-0.1049382716049383 0.4629629629629629 0.0
-0.1049382716049383 0.4753086419753086 0.0
-0.1049382716049383 0.4876543209876543 0.0
-0.09259259259259262 -0.4876543209876543 0.0
-0.09259259259259259 -0.4753086419753086 0.0
-0.09259259259259264 -0.4629629629629629 0.0
-0.09259259259259262 -0.4506172839506173 0.0
-0.09259259259259262 -0.4382716049382716 0.0
-0.09259259259259259 -0.4259259259259259 0.0
-0.09259259259259264 -0.4135802469135802 0.0
-0.09259259259259262 -0.4012345679012346 0.0
-0.09259259259259262 -0.3888888888888888 0.0
-0.09259259259259262 -0.3765432098765432 0.0
-0.09259259259259262 -0.3641975308641975 0.0
-0.09259259259259262 -0.3518518518518519 0.0
-0.0925925925925926 -0.3395061728395061 0.0
-0.09259259259259263 -0.3271604938271606 0.0
-0.09259259259259264 -0.3148148148148148 0.0
-0.09259259259259264 -0.3024691358024691 0.0
-0.09259259259259264 -0.2901234567901234 0.0
-0.09259259259259264 -0.2777777777777778 0.0
-0.09259259259259262 -0.2654320987654321 0.0
-0.09259259259259262 -0.2530864197530864 0.0
-0.09259259259259264 -0.2407407407407407 0.0
-0.09259259259259262 -0.228395061728395 0.0
-0.09259259259259262 -0.2160493827160493 0.0
-0.09259259259259262 -0.2037037037037037 0.0
-0.09259259259259262 -0.191358024691358 0.0
-0.09259259259259262 -0.1790123456790124 0.0
-0.09259259259259262 -0.1666666666666666 0.0
-0.09259259259259259 -0.154320987654321 0.0
-0.09259259259259259 -0.1419753086419752 0.0
-0.0925925925925926 -0.1296296296296297 0.0
-0.09259259259259257 -0.1172839506172839 0.0
-0.09259259259259259 -0.1049382716049383 0.0
-0.09259259259259259 -0.09259259259259255 0.0
-0.09259259259259259 -0.08024691358024694 0.0
-0.09259259259259257 -0.0679012345679012 0.0
-0.09259259259259259 -0.05555555555555555 0.0
-0.09259259259259257 -0.04320987654320985 0.0
-0.09259259259259259 -0.03086419753086422 0.0
-0.0925925925925926 -0.01851851851851846 0.0
-0.09259259259259259 -0.006172839506172839 0.0
-0.09259259259259259 0.006172839506172895 0.0
-0.09259259259259259 0.01851851851851852 0.0
-0.09259259259259259 0.03086419753086422 0.0
-0.09259259259259259 0.04320987654320989 0.0
-0.09259259259259259 0.05555555555555559 0.0
-0.09259259259259259 0.06790123456790124 0.0
-0.09259259259259259 0.08024691358024695 0.0
-0.09259259259259259 0.0925925925925926 0.0
-0.09259259259259259 0.1049382716049383 0.0
-0.09259259259259259 0.1172839506172839 0.0
-0.0925925925925926 0.1296296296296297 0.0
-0.09259259259259256 0.1419753086419753 0.0
-0.09259259259259259 0.154320987654321 0.0
-0.09259259259259259 0.1666666666666666 0.0
-0.09259259259259259 0.1790123456790124 0.0
-0.09259259259259257 0.191358024691358 0.0
-0.09259259259259259 0.2037037037037037 0.0
-0.09259259259259259 0.2160493827160493 0.0
-0.09259259259259259 0.2283950617283951 0.0
-0.09259259259259262 0.2407407407407407 0.0
-0.09259259259259259 0.2530864197530864 0.0
-0.09259259259259262 0.2654320987654321 0.0
-0.09259259259259262 0.2777777777777778 0.0
-0.09259259259259262 0.2901234567901234 0.0
-0.09259259259259262 0.3024691358024691 0.0
-0.09259259259259259 0.3148148148148148 0.0
-0.09259259259259256 0.3271604938271605 0.0
-0.09259259259259259 0.3395061728395061 0.0
-0.09259259259259256 0.3518518518518519 0.0
-0.09259259259259256 0.3641975308641975 0.0
-0.09259259259259256 0.3765432098765432 0.0
-0.09259259259259259 0.3888888888888888 0.0
-0.09259259259259259 0.4012345679012346 0.0
-0.09259259259259253 0.4135802469135802 0.0
-0.09259259259259256 0.4259259259259259 0.0
-0.09259259259259256 0.4382716049382716 0.0
-0.09259259259259256 0.4506172839506173 0.0
-0.09259259259259259 0.462962962962963 0.0
-0.09259259259259253 0.4753086419753086 0.0
-0.09259259259259256 0.4876543209876543 0.0
-0.08024691358024691 -0.4876543209876542 0.0
-0.08024691358024694 -0.4753086419753086 0.0
-0.08024691358024694 -0.4629629629629629 0.0
-0.08024691358024696 -0.4506172839506173 0.0
-0.08024691358024694 -0.4382716049382716 0.0
-0.08024691358024692 -0.4259259259259259 0.0
-0.08024691358024694 -0.4135802469135802 0.0
-0.08024691358024694 -0.4012345679012346 0.0
-0.08024691358024696 -0.3888888888888888 0.0
-0.08024691358024691 -0.3765432098765432 0.0
-0.08024691358024694 -0.3641975308641975 0.0
-0.08024691358024691 -0.3518518518518519 0.0
-0.08024691358024692 -0.3395061728395061 0.0
-0.08024691358024694 -0.3271604938271605 0.0
-0.08024691358024695 -0.3148148148148148 0.0
-0.08024691358024692 -0.3024691358024691 0.0
-0.08024691358024691 -0.2901234567901234 0.0
-0.08024691358024694 -0.2777777777777778 0.0
-0.08024691358024694 -0.2654320987654321 0.0
-0.08024691358024694 -0.2530864197530864 0.0
-0.08024691358024696 -0.2407407407407407 0.0
-0.08024691358024691 -0.228395061728395 0.0
-0.08024691358024694 -0.2160493827160495 0.0
-0.08024691358024694 -0.2037037037037037 0.0
-0.08024691358024696 -0.191358024691358 0.0
-0.08024691358024696 -0.1790123456790124 0.0
-0.08024691358024694 -0.1666666666666667 0.0
-0.08024691358024694 -0.154320987654321 0.0
-0.08024691358024694 -0.1419753086419752 0.0
-0.08024691358024696 -0.1296296296296297 0.0
-0.08024691358024691 -0.1172839506172839 0.0
-0.08024691358024691 -0.1049382716049383 0.0
-0.08024691358024694 -0.09259259259259257 0.0
-0.08024691358024694 -0.08024691358024694 0.0
-0.08024691358024695 -0.0679012345679012 0.0
-0.08024691358024694 -0.05555555555555558 0.0
-0.08024691358024694 -0.04320987654320985 0.0
-0.08024691358024694 -0.03086419753086422 0.0
-0.08024691358024694 -0.01851851851851849 0.0
-0.08024691358024694 -0.006172839506172867 0.0
-0.08024691358024694 0.006172839506172867 0.0
-0.08024691358024694 0.01851851851851852 0.0
-0.08024691358024694 0.03086419753086422 0.0
-0.08024691358024694 0.04320987654320986 0.0
-0.08024691358024694 0.05555555555555557 0.0
-0.08024691358024694 0.06790123456790124 0.0
-0.08024691358024694 0.08024691358024694 0.0
-0.08024691358024694 0.09259259259259259 0.0
-0.08024691358024691 0.1049382716049383 0.0
-0.08024691358024696 0.1172839506172839 0.0
-0.08024691358024696 0.1296296296296297 0.0
-0.08024691358024694 0.1419753086419753 0.0
-0.08024691358024694 0.154320987654321 0.0
-0.08024691358024691 0.1666666666666667 0.0
-0.08024691358024696 0.1790123456790124 0.0
-0.08024691358024694 0.191358024691358 0.0
-0.08024691358024694 0.2037037037037037 0.0
-0.08024691358024694 0.2160493827160494 0.0
-0.08024691358024691 0.2283950617283951 0.0
-0.08024691358024696 0.2407407407407408 0.0
-0.08024691358024694 0.2530864197530864 0.0
-0.08024691358024694 0.2654320987654321 0.0
-0.08024691358024694 0.2777777777777778 0.0
-0.08024691358024691 0.2901234567901234 0.0
-0.08024691358024696 0.3024691358024691 0.0
-0.08024691358024694 0.3148148148148148 0.0
-0.08024691358024694 0.3271604938271605 0.0
-0.08024691358024694 0.3395061728395061 0.0
-0.08024691358024691 0.3518518518518519 0.0
-0.08024691358024694 0.3641975308641975 0.0
-0.08024691358024691 0.3765432098765432 0.0
-0.08024691358024696 0.3888888888888888 0.0
-0.08024691358024691 0.4012345679012346 0.0
-0.08024691358024694 0.4135802469135802 0.0
-0.08024691358024694 0.4259259259259259 0.0
-0.08024691358024694 0.4382716049382716 0.0
-0.08024691358024696 0.4506172839506173 0.0
-0.08024691358024694 0.4629629629629629 0.0
-0.08024691358024694 0.4753086419753086 0.0
-0.08024691358024691 0.4876543209876543 0.0
-0.06790123456790129 -0.4876543209876543 0.0
-0.06790123456790122 -0.4753086419753086 0.0
-0.06790123456790124 -0.4629629629629629 0.0
-0.06790123456790123 -0.4506172839506174 0.0
-0.06790123456790126 -0.4382716049382717 0.0
-0.06790123456790126 -0.4259259259259259 0.0
-0.06790123456790129 -0.4135802469135803 0.0
-0.06790123456790124 -0.4012345679012345 0.0
-0.0679012345679012 -0.3888888888888888 0.0
-0.06790123456790126 -0.3765432098765432 0.0
-0.06790123456790126 -0.3641975308641975 0.0
-0.06790123456790126 -0.3518518518518519 0.0
-0.06790123456790127 -0.3395061728395061 0.0
-0.06790123456790123 -0.3271604938271604 0.0
-0.06790123456790126 -0.3148148148148149 0.0
-0.06790123456790126 -0.3024691358024691 0.0
-0.06790123456790126 -0.2901234567901234 0.0
-0.06790123456790126 -0.2777777777777777 0.0
-0.06790123456790123 -0.2654320987654321 0.0
-0.06790123456790123 -0.2530864197530864 0.0
-0.06790123456790123 -0.2407407407407407 0.0
-0.06790123456790122 -0.228395061728395 0.0
-0.06790123456790127 -0.2160493827160494 0.0
-0.06790123456790122 -0.2037037037037037 0.0
-0.06790123456790123 -0.191358024691358 0.0
-0.06790123456790123 -0.1790123456790124 0.0
-0.06790123456790122 -0.1666666666666667 0.0
-0.06790123456790124 -0.154320987654321 0.0
-0.06790123456790124 -0.1419753086419753 0.0
-0.06790123456790123 -0.1296296296296296 0.0
-0.06790123456790123 -0.1172839506172839 0.0
-0.06790123456790122 -0.1049382716049383 0.0
-0.06790123456790124 -0.09259259259259257 0.0
-0.06790123456790124 -0.08024691358024695 0.0
-0.06790123456790123 -0.06790123456790122 0.0
-0.06790123456790123 -0.05555555555555558 0.0
-0.06790123456790122 -0.04320987654320985 0.0
-0.06790123456790123 -0.03086419753086422 0.0
-0.06790123456790122 -0.01851851851851849 0.0
-0.06790123456790123 -0.006172839506172867 0.0
-0.06790123456790123 0.006172839506172867 0.0
-0.06790123456790123 0.01851851851851855 0.0
-0.06790123456790123 0.03086419753086421 0.0
-0.06790123456790123 0.04320987654320985 0.0
-0.06790123456790123 0.05555555555555557 0.0
-0.06790123456790123 0.0679012345679012 0.0
-0.06790123456790124 0.08024691358024694 0.0
-0.06790123456790124 0.09259259259259259 0.0
-0.06790123456790122 0.1049382716049383 0.0
-0.06790123456790122 0.1172839506172839 0.0
-0.06790123456790123 0.1296296296296296 0.0
-0.06790123456790124 0.1419753086419753 0.0
-0.06790123456790124 0.154320987654321 0.0
-0.06790123456790122 0.1666666666666667 0.0
-0.06790123456790123 0.1790123456790124 0.0
-0.06790123456790123 0.191358024691358 0.0
-0.0679012345679012 0.2037037037037037 0.0
-0.06790123456790123 0.2160493827160494 0.0
-0.0679012345679012 0.228395061728395 0.0
-0.0679012345679012 0.2407407407407408 0.0
-0.0679012345679012 0.2530864197530864 0.0
-0.0679012345679012 0.2654320987654321 0.0
-0.06790123456790123 0.2777777777777778 0.0
-0.0679012345679012 0.2901234567901234 0.0
-0.06790123456790123 0.3024691358024691 0.0
-0.06790123456790123 0.3148148148148148 0.0
-0.06790123456790118 0.3271604938271605 0.0
-0.0679012345679012 0.3395061728395061 0.0
-0.0679012345679012 0.3518518518518519 0.0
-0.06790123456790123 0.3641975308641975 0.0
-0.06790123456790123 0.3765432098765432 0.0
-0.0679012345679012 0.3888888888888888 0.0
-0.06790123456790118 0.4012345679012345 0.0
-0.06790123456790118 0.4135802469135802 0.0
-0.0679012345679012 0.4259259259259259 0.0
-0.0679012345679012 0.4382716049382716 0.0
-0.06790123456790118 0.4506172839506173 0.0
-0.0679012345679012 0.462962962962963 0.0
-0.0679012345679012 0.4753086419753086 0.0
-0.06790123456790123 0.4876543209876543 0.0
-0.05555555555555555 -0.4876543209876543 0.0
-0.05555555555555559 -0.4753086419753086 0.0
-0.05555555555555561 -0.462962962962963 0.0
-0.05555555555555561 -0.4506172839506173 0.0
-0.05555555555555558 -0.4382716049382716 0.0
-0.05555555555555557 -0.425925925925926 0.0
-0.05555555555555557 -0.4135802469135803 0.0
-0.05555555555555561 -0.4012345679012346 0.0
-0.05555555555555561 -0.3888888888888888 0.0
-0.05555555555555558 -0.3765432098765432 0.0
-0.05555555555555557 -0.3641975308641975 0.0
-0.05555555555555559 -0.3518518518518519 0.0
-0.05555555555555557 -0.3395061728395061 0.0
-0.05555555555555561 -0.3271604938271605 0.0
-0.05555555555555558 -0.3148148148148148 0.0
-0.05555555555555557 -0.3024691358024691 0.0
-0.05555555555555559 -0.2901234567901234 0.0
-0.05555555555555558 -0.2777777777777778 0.0
-0.05555555555555555 -0.2654320987654321 0.0
-0.05555555555555558 -0.2530864197530864 0.0
-0.05555555555555555 -0.2407407407407407 0.0
-0.05555555555555561 -0.228395061728395 0.0
-0.05555555555555558 -0.2160493827160494 0.0
-0.05555555555555555 -0.2037037037037037 0.0
-0.05555555555555558 -0.191358024691358 0.0
-0.05555555555555555 -0.1790123456790124 0.0
-0.05555555555555561 -0.1666666666666667 0.0
-0.05555555555555558 -0.154320987654321 0.0
-0.05555555555555555 -0.1419753086419752 0.0
-0.05555555555555557 -0.1296296296296297 0.0
-0.05555555555555559 -0.1172839506172839 0.0
-0.05555555555555561 -0.1049382716049383 0.0
-0.05555555555555558 -0.09259259259259255 0.0
-0.05555555555555555 -0.08024691358024695 0.0
-0.05555555555555558 -0.06790123456790119 0.0
-0.05555555555555558 -0.05555555555555558 0.0
-0.05555555555555559 -0.04320987654320985 0.0
-0.05555555555555558 -0.03086419753086422 0.0
-0.05555555555555557 -0.01851851851851849 0.0
-0.05555555555555558 -0.006172839506172867 0.0
-0.05555555555555558 0.006172839506172867 0.0
-0.05555555555555558 0.01851851851851852 0.0
-0.05555555555555558 0.03086419753086422 0.0
-0.05555555555555558 0.04320987654320989 0.0
-0.05555555555555558 0.05555555555555558 0.0
-0.05555555555555558 0.06790123456790123 0.0
-0.05555555555555555 0.08024691358024694 0.0
-0.05555555555555558 0.09259259259259259 0.0
-0.05555555555555561 0.1049382716049383 0.0
-0.05555555555555555 0.1172839506172839 0.0
-0.05555555555555558 0.1296296296296297 0.0
-0.05555555555555555 0.1419753086419753 0.0
-0.05555555555555558 0.154320987654321 0.0
-0.05555555555555561 0.1666666666666666 0.0
-0.05555555555555555 0.1790123456790124 0.0
-0.05555555555555558 0.191358024691358 0.0
-0.05555555555555555 0.2037037037037037 0.0
-0.05555555555555558 0.2160493827160494 0.0
-0.05555555555555561 0.2283950617283951 0.0
-0.05555555555555555 0.2407407407407407 0.0
-0.05555555555555558 0.2530864197530864 0.0
-0.05555555555555561 0.2654320987654321 0.0
-0.05555555555555558 0.2777777777777778 0.0
-0.05555555555555561 0.2901234567901234 0.0
-0.05555555555555558 0.3024691358024691 0.0
-0.05555555555555558 0.3148148148148148 0.0
-0.05555555555555561 0.3271604938271605 0.0
-0.05555555555555555 0.3395061728395061 0.0
-0.05555555555555561 0.3518518518518519 0.0
-0.05555555555555555 0.3641975308641975 0.0
-0.05555555555555558 0.3765432098765432 0.0
-0.05555555555555561 0.3888888888888888 0.0
-0.05555555555555561 0.4012345679012346 0.0
-0.05555555555555558 0.4135802469135802 0.0
-0.05555555555555558 0.4259259259259259 0.0
-0.05555555555555558 0.4382716049382716 0.0
-0.05555555555555561 0.4506172839506173 0.0
-0.05555555555555558 0.4629629629629629 0.0
-0.05555555555555558 0.4753086419753086 0.0
-0.05555555555555555 0.4876543209876543 0.0
-0.04320987654320992 -0.4876543209876543 0.0
-0.04320987654320989 -0.4753086419753087 0.0
-0.04320987654320993 -0.4629629629629629 0.0
-0.04320987654320989 -0.4506172839506173 0.0
-0.0432098765432099 -0.4382716049382716 0.0
-0.04320987654320989 -0.425925925925926 0.0
-0.04320987654320987 -0.4135802469135802 0.0
-0.0432098765432099 -0.4012345679012346 0.0
-0.0432098765432099 -0.3888888888888888 0.0
-0.04320987654320989 -0.3765432098765433 0.0
-0.0432098765432099 -0.3641975308641975 0.0
-0.04320987654320987 -0.3518518518518519 0.0
-0.0432098765432099 -0.3395061728395061 0.0
-0.04320987654320991 -0.3271604938271606 0.0
-0.04320987654320989 -0.3148148148148148 0.0
-0.04320987654320989 -0.3024691358024691 0.0
-0.04320987654320986 -0.2901234567901234 0.0
-0.04320987654320989 -0.2777777777777778 0.0
-0.04320987654320988 -0.2654320987654321 0.0
-0.0432098765432099 -0.2530864197530864 0.0
-0.04320987654320989 -0.2407407407407406 0.0
-0.04320987654320987 -0.228395061728395 0.0
-0.04320987654320987 -0.2160493827160493 0.0
-0.04320987654320989 -0.2037037037037037 0.0
-0.04320987654320989 -0.191358024691358 0.0
-0.04320987654320989 -0.1790123456790125 0.0
-0.04320987654320987 -0.1666666666666666 0.0
-0.0432098765432099 -0.154320987654321 0.0
-0.04320987654320987 -0.1419753086419752 0.0
-0.04320987654320989 -0.1296296296296297 0.0
-0.0432098765432099 -0.1172839506172839 0.0
-0.04320987654320987 -0.1049382716049383 0.0
-0.04320987654320989 -0.09259259259259255 0.0
-0.04320987654320987 -0.08024691358024692 0.0
-0.04320987654320986 -0.06790123456790118 0.0
-0.04320987654320989 -0.05555555555555557 0.0
-0.04320987654320987 -0.04320987654320983 0.0
-0.04320987654320987 -0.03086419753086422 0.0
-0.04320987654320987 -0.01851851851851849 0.0
-0.04320987654320987 -0.006172839506172839 0.0
-0.04320987654320987 0.006172839506172839 0.0
-0.04320987654320987 0.01851851851851853 0.0
-0.04320987654320987 0.03086419753086424 0.0
-0.04320987654320987 0.04320987654320989 0.0
-0.04320987654320989 0.05555555555555561 0.0
-0.04320987654320989 0.06790123456790126 0.0
-0.04320987654320987 0.08024691358024694 0.0
-0.04320987654320989 0.09259259259259259 0.0
-0.04320987654320985 0.1049382716049383 0.0
-0.04320987654320987 0.117283950617284 0.0
-0.04320987654320987 0.1296296296296297 0.0
-0.04320987654320985 0.1419753086419753 0.0
-0.04320987654320986 0.154320987654321 0.0
-0.04320987654320987 0.1666666666666667 0.0
-0.04320987654320986 0.1790123456790124 0.0
-0.04320987654320989 0.191358024691358 0.0
-0.04320987654320986 0.2037037037037037 0.0
-0.04320987654320986 0.2160493827160493 0.0
-0.04320987654320987 0.2283950617283951 0.0
-0.04320987654320987 0.2407407407407407 0.0
-0.04320987654320989 0.2530864197530864 0.0
-0.04320987654320989 0.2654320987654321 0.0
-0.04320987654320985 0.2777777777777778 0.0
-0.04320987654320983 0.2901234567901234 0.0
-0.04320987654320985 0.3024691358024691 0.0
-0.04320987654320985 0.3148148148148148 0.0
-0.04320987654320987 0.3271604938271605 0.0
-0.04320987654320985 0.3395061728395061 0.0
-0.04320987654320982 0.3518518518518519 0.0
-0.04320987654320985 0.3641975308641975 0.0
-0.04320987654320985 0.3765432098765432 0.0
-0.04320987654320985 0.3888888888888888 0.0
-0.04320987654320985 0.4012345679012346 0.0
-0.04320987654320982 0.4135802469135802 0.0
-0.04320987654320985 0.4259259259259259 0.0
-0.04320987654320985 0.4382716049382716 0.0
-0.04320987654320982 0.4506172839506173 0.0
-0.04320987654320985 0.4629629629629629 0.0
-0.04320987654320985 0.4753086419753087 0.0
-0.04320987654320987 0.4876543209876543 0.0
-0.03086419753086422 -0.4876543209876543 0.0
-0.0308641975308642 -0.4753086419753086 0.0
-0.03086419753086422 -0.4629629629629629 0.0
-0.03086419753086422 -0.4506172839506173 0.0
-0.03086419753086422 -0.4382716049382716 0.0
-0.03086419753086422 -0.4259259259259259 0.0
-0.03086419753086422 -0.4135802469135802 0.0
-0.03086419753086422 -0.4012345679012346 0.0
-0.03086419753086422 -0.3888888888888888 0.0
-0.03086419753086422 -0.3765432098765432 0.0
-0.03086419753086422 -0.3641975308641975 0.0
-0.03086419753086422 -0.3518518518518519 0.0
-0.03086419753086422 -0.3395061728395061 0.0
-0.03086419753086422 -0.3271604938271605 0.0
-0.03086419753086422 -0.3148148148148148 0.0
-0.03086419753086422 -0.3024691358024691 0.0
-0.03086419753086422 -0.2901234567901234 0.0
-0.03086419753086422 -0.2777777777777778 0.0
-0.03086419753086422 -0.2654320987654321 0.0
-0.03086419753086422 -0.2530864197530864 0.0
-0.03086419753086422 -0.2407407407407407 0.0
-0.03086419753086422 -0.228395061728395 0.0
-0.03086419753086422 -0.2160493827160493 0.0
-0.03086419753086422 -0.2037037037037037 0.0
-0.03086419753086422 -0.191358024691358 0.0
-0.03086419753086422 -0.1790123456790124 0.0
-0.03086419753086422 -0.1666666666666666 0.0
-0.03086419753086422 -0.154320987654321 0.0
-0.03086419753086422 -0.1419753086419753 0.0
-0.03086419753086422 -0.1296296296296297 0.0
-0.03086419753086422 -0.1172839506172839 0.0
-0.03086419753086422 -0.1049382716049383 0.0
-0.03086419753086422 -0.09259259259259257 0.0
-0.03086419753086422 -0.08024691358024694 0.0
-0.03086419753086422 -0.06790123456790119 0.0
-0.03086419753086422 -0.05555555555555558 0.0
-0.03086419753086422 -0.04320987654320986 0.0
-0.03086419753086422 -0.03086419753086422 0.0
-0.03086419753086424 -0.01851851851851846 0.0
-0.03086419753086422 -0.006172839506172867 0.0
-0.03086419753086422 0.006172839506172867 0.0
-0.03086419753086422 0.01851851851851852 0.0
-0.03086419753086422 0.03086419753086422 0.0
-0.03086419753086422 0.04320987654320987 0.0
-0.03086419753086422 0.05555555555555558 0.0
-0.03086419753086422 0.06790123456790123 0.0
-0.03086419753086422 0.08024691358024694 0.0
-0.03086419753086422 0.09259259259259259 0.0
-0.03086419753086422 0.1049382716049383 0.0
-0.03086419753086422 0.1172839506172839 0.0
-0.03086419753086422 0.1296296296296297 0.0
-0.03086419753086422 0.1419753086419753 0.0
-0.03086419753086422 0.154320987654321 0.0
-0.03086419753086422 0.1666666666666666 0.0
-0.03086419753086422 0.1790123456790124 0.0
-0.03086419753086422 0.191358024691358 0.0
-0.03086419753086422 0.2037037037037037 0.0
-0.03086419753086422 0.2160493827160493 0.0
-0.03086419753086422 0.2283950617283951 0.0
-0.03086419753086422 0.2407407407407407 0.0
-0.03086419753086422 0.2530864197530864 0.0
-0.03086419753086422 0.2654320987654321 0.0
-0.03086419753086422 0.2777777777777778 0.0
-0.03086419753086422 0.2901234567901234 0.0
-0.03086419753086422 0.3024691358024691 0.0
-0.03086419753086422 0.3148148148148148 0.0
-0.03086419753086422 0.3271604938271605 0.0
-0.03086419753086422 0.3395061728395061 0.0
-0.03086419753086422 0.3518518518518519 0.0
-0.03086419753086422 0.3641975308641975 0.0
-0.03086419753086422 0.3765432098765432 0.0
-0.03086419753086422 0.3888888888888888 0.0
-0.03086419753086422 0.4012345679012346 0.0
-0.03086419753086422 0.4135802469135802 0.0
-0.03086419753086422 0.4259259259259259 0.0
-0.03086419753086422 0.4382716049382716 0.0
-0.03086419753086422 0.4506172839506173 0.0
-0.03086419753086425 0.4629629629629629 0.0
-0.0308641975308642 0.4753086419753086 0.0
-0.03086419753086422 0.4876543209876543 0.0
-0.01851851851851853 -0.4876543209876542 0.0
-0.01851851851851854 -0.4753086419753086 0.0
-0.01851851851851852 -0.4629629629629629 0.0
-0.01851851851851852 -0.4506172839506173 0.0
-0.01851851851851854 -0.4382716049382717 0.0
-0.01851851851851855 -0.4259259259259259 0.0
-0.01851851851851856 -0.4135802469135803 0.0
-0.01851851851851854 -0.4012345679012346 0.0
-0.01851851851851852 -0.3888888888888888 0.0
-0.01851851851851853 -0.3765432098765432 0.0
-0.01851851851851855 -0.3641975308641975 0.0
-0.01851851851851855 -0.3518518518518519 0.0
-0.01851851851851853 -0.3395061728395062 0.0
-0.01851851851851851 -0.3271604938271604 0.0
-0.01851851851851853 -0.3148148148148149 0.0
-0.01851851851851854 -0.3024691358024691 0.0
-0.01851851851851855 -0.2901234567901234 0.0
-0.01851851851851852 -0.2777777777777778 0.0
-0.01851851851851851 -0.2654320987654321 0.0
-0.01851851851851852 -0.2530864197530864 0.0
-0.01851851851851854 -0.2407407407407408 0.0
-0.01851851851851855 -0.228395061728395 0.0
-0.01851851851851852 -0.2160493827160495 0.0
-0.01851851851851853 -0.2037037037037037 0.0
-0.01851851851851852 -0.191358024691358 0.0
-0.01851851851851852 -0.1790123456790124 0.0
-0.01851851851851855 -0.1666666666666667 0.0
-0.01851851851851851 -0.154320987654321 0.0
-0.01851851851851852 -0.1419753086419752 0.0
-0.01851851851851851 -0.1296296296296296 0.0
-0.01851851851851851 -0.1172839506172839 0.0
-0.01851851851851854 -0.1049382716049383 0.0
-0.0185185185185185 -0.09259259259259257 0.0
-0.01851851851851852 -0.08024691358024695 0.0
-0.01851851851851851 -0.0679012345679012 0.0
-0.0185185185185185 -0.05555555555555559 0.0
-0.01851851851851853 -0.04320987654320986 0.0
-0.0185185185185185 -0.03086419753086422 0.0
-0.01851851851851852 -0.0185185185185185 0.0
-0.01851851851851852 -0.006172839506172895 0.0
-0.01851851851851852 0.006172839506172895 0.0
-0.01851851851851852 0.0185185185185185 0.0
-0.0185185185185185 0.03086419753086422 0.0
-0.01851851851851853 0.04320987654320985 0.0
-0.01851851851851852 0.05555555555555555 0.0
-0.01851851851851855 0.06790123456790123 0.0
-0.01851851851851851 0.08024691358024694 0.0
-0.01851851851851851 0.09259259259259259 0.0
-0.01851851851851854 0.1049382716049383 0.0
-0.01851851851851848 0.1172839506172839 0.0
-0.01851851851851851 0.1296296296296296 0.0
-0.0185185185185185 0.1419753086419753 0.0
-0.01851851851851851 0.154320987654321 0.0
-0.01851851851851851 0.1666666666666667 0.0
-0.01851851851851851 0.1790123456790123 0.0
-0.01851851851851848 0.191358024691358 0.0
-0.0185185185185185 0.2037037037037037 0.0
-0.01851851851851848 0.2160493827160494 0.0
-0.0185185185185185 0.228395061728395 0.0
-0.0185185185185185 0.2407407407407407 0.0
-0.01851851851851848 0.2530864197530864 0.0
-0.01851851851851848 0.2654320987654321 0.0
-0.0185185185185185 0.2777777777777778 0.0
-0.01851851851851853 0.2901234567901234 0.0
-0.0185185185185185 0.3024691358024691 0.0
-0.0185185185185185 0.3148148148148148 0.0
-0.01851851851851848 0.3271604938271605 0.0
-0.0185185185185185 0.3395061728395061 0.0
-0.01851851851851852 0.3518518518518519 0.0
-0.0185185185185185 0.3641975308641975 0.0
-0.0185185185185185 0.3765432098765432 0.0
-0.01851851851851847 0.3888888888888888 0.0
-0.0185185185185185 0.4012345679012346 0.0
-0.01851851851851852 0.4135802469135802 0.0
-0.01851851851851849 0.4259259259259259 0.0
-0.01851851851851849 0.4382716049382716 0.0
-0.01851851851851849 0.4506172839506173 0.0
-0.01851851851851846 0.4629629629629629 0.0
-0.01851851851851849 0.4753086419753086 0.0
-0.01851851851851846 0.4876543209876543 0.0
-0.006172839506172887 -0.4876543209876543 0.0
-0.006172839506172857 -0.4753086419753086 0.0
-0.006172839506172877 -0.462962962962963 0.0
-0.006172839506172841 -0.4506172839506173 0.0
-0.006172839506172867 -0.4382716049382716 0.0
-0.006172839506172888 -0.4259259259259259 0.0
-0.006172839506172853 -0.4135802469135803 0.0
-0.006172839506172874 -0.4012345679012346 0.0
-0.006172839506172839 -0.3888888888888888 0.0
-0.006172839506172867 -0.3765432098765432 0.0
-0.006172839506172883 -0.3641975308641975 0.0
-0.006172839506172853 -0.3518518518518519 0.0
-0.006172839506172881 -0.3395061728395061 0.0
-0.006172839506172839 -0.3271604938271605 0.0
-0.006172839506172867 -0.3148148148148148 0.0
-0.006172839506172881 -0.3024691358024691 0.0
-0.006172839506172853 -0.2901234567901234 0.0
-0.006172839506172867 -0.2777777777777778 0.0
-0.006172839506172839 -0.2654320987654321 0.0
-0.006172839506172867 -0.2530864197530864 0.0
-0.006172839506172895 -0.2407407407407407 0.0
-0.006172839506172839 -0.228395061728395 0.0
-0.006172839506172867 -0.2160493827160494 0.0
-0.006172839506172895 -0.2037037037037037 0.0
-0.006172839506172867 -0.191358024691358 0.0
-0.006172839506172895 -0.1790123456790124 0.0
-0.006172839506172839 -0.1666666666666666 0.0
-0.006172839506172867 -0.154320987654321 0.0
-0.006172839506172893 -0.1419753086419752 0.0
-0.006172839506172867 -0.1296296296296297 0.0
-0.006172839506172867 -0.1172839506172839 0.0
-0.006172839506172839 -0.1049382716049383 0.0
-0.006172839506172867 -0.09259259259259255 0.0
-0.006172839506172895 -0.08024691358024692 0.0
-0.006172839506172867 -0.06790123456790119 0.0
-0.006172839506172867 -0.05555555555555558 0.0
-0.006172839506172839 -0.04320987654320985 0.0
-0.006172839506172867 -0.03086419753086422 0.0
-0.006172839506172895 -0.01851851851851849 0.0
-0.006172839506172867 -0.006172839506172867 0.0
-0.006172839506172867 0.006172839506172867 0.0
-0.006172839506172895 0.01851851851851852 0.0
-0.006172839506172867 0.03086419753086422 0.0
-0.006172839506172839 0.04320987654320987 0.0
-0.006172839506172867 0.05555555555555558 0.0
-0.006172839506172867 0.06790123456790123 0.0
-0.006172839506172895 0.08024691358024694 0.0
-0.006172839506172867 0.09259259259259259 0.0
-0.006172839506172839 0.1049382716049383 0.0
-0.006172839506172867 0.1172839506172839 0.0
-0.006172839506172867 0.1296296296296297 0.0
-0.006172839506172895 0.1419753086419753 0.0
-0.006172839506172867 0.154320987654321 0.0
-0.006172839506172839 0.1666666666666666 0.0
-0.006172839506172895 0.1790123456790124 0.0
-0.006172839506172867 0.191358024691358 0.0
-0.006172839506172895 0.2037037037037037 0.0
-0.006172839506172867 0.2160493827160493 0.0
-0.006172839506172839 0.2283950617283951 0.0
-0.006172839506172895 0.2407407407407407 0.0
-0.006172839506172867 0.2530864197530864 0.0
-0.006172839506172839 0.2654320987654321 0.0
-0.006172839506172867 0.2777777777777778 0.0
-0.006172839506172839 0.2901234567901234 0.0
-0.006172839506172867 0.3024691358024691 0.0
-0.006172839506172867 0.3148148148148148 0.0
-0.006172839506172839 0.3271604938271605 0.0
-0.006172839506172895 0.3395061728395061 0.0
-0.006172839506172839 0.3518518518518519 0.0
-0.006172839506172895 0.3641975308641975 0.0
-0.006172839506172867 0.3765432098765432 0.0
-0.006172839506172839 0.3888888888888888 0.0
-0.006172839506172867 0.4012345679012346 0.0
-0.006172839506172867 0.4135802469135802 0.0
-0.006172839506172895 0.4259259259259259 0.0
-0.006172839506172867 0.4382716049382716 0.0
-0.006172839506172839 0.4506172839506173 0.0
-0.006172839506172867 0.4629629629629629 0.0
-0.006172839506172867 0.4753086419753086 0.0
-0.006172839506172895 0.4876543209876543 0.0
0.006172839506172886 -0.4876543209876543 0.0
0.006172839506172856 -0.4753086419753086 0.0
0.006172839506172877 -0.462962962962963 0.0
0.006172839506172839 -0.4506172839506173 0.0
0.006172839506172867 -0.4382716049382716 0.0
0.006172839506172888 -0.4259259259259259 0.0
0.006172839506172853 -0.4135802469135803 0.0
0.006172839506172874 -0.4012345679012346 0.0
0.006172839506172839 -0.3888888888888888 0.0
0.006172839506172867 -0.3765432098765432 0.0
0.006172839506172883 -0.3641975308641975 0.0
0.006172839506172853 -0.3518518518518519 0.0
0.006172839506172881 -0.3395061728395061 0.0
0.006172839506172839 -0.3271604938271605 0.0
0.006172839506172867 -0.3148148148148148 0.0
0.006172839506172881 -0.3024691358024691 0.0
0.006172839506172853 -0.2901234567901234 0.0
0.006172839506172867 -0.2777777777777778 0.0
0.006172839506172839 -0.2654320987654321 0.0
0.006172839506172867 -0.2530864197530864 0.0
0.006172839506172895 -0.2407407407407406 0.0
0.006172839506172839 -0.228395061728395 0.0
0.006172839506172867 -0.2160493827160494 0.0
0.006172839506172895 -0.2037037037037037 0.0
0.006172839506172867 -0.191358024691358 0.0
0.006172839506172895 -0.1790123456790124 0.0
0.006172839506172839 -0.1666666666666667 0.0
0.006172839506172867 -0.154320987654321 0.0
0.006172839506172893 -0.1419753086419752 0.0
0.006172839506172867 -0.1296296296296297 0.0
0.006172839506172867 -0.1172839506172839 0.0
0.006172839506172839 -0.1049382716049383 0.0
0.006172839506172867 -0.09259259259259255 0.0
0.006172839506172895 -0.08024691358024695 0.0
0.006172839506172867 -0.06790123456790119 0.0
0.006172839506172867 -0.05555555555555558 0.0
0.006172839506172839 -0.04320987654320985 0.0
0.006172839506172867 -0.03086419753086422 0.0
0.006172839506172895 -0.01851851851851849 0.0
0.006172839506172867 -0.006172839506172867 0.0
0.006172839506172867 0.006172839506172867 0.0
0.006172839506172895 0.01851851851851852 0.0
0.006172839506172867 0.03086419753086422 0.0
0.006172839506172839 0.04320987654320987 0.0
0.006172839506172867 0.05555555555555558 0.0
0.006172839506172867 0.06790123456790123 0.0
0.006172839506172895 0.08024691358024694 0.0
0.006172839506172867 0.09259259259259259 0.0
0.006172839506172839 0.1049382716049383 0.0
0.006172839506172867 0.1172839506172839 0.0
0.006172839506172867 0.1296296296296297 0.0
0.006172839506172895 0.1419753086419753 0.0
0.006172839506172867 0.154320987654321 0.0
0.006172839506172839 0.1666666666666666 0.0
0.006172839506172895 0.1790123456790124 0.0
0.006172839506172867 0.191358024691358 0.0
0.006172839506172895 0.2037037037037037 0.0
0.006172839506172867 0.2160493827160493 0.0
0.006172839506172839 0.2283950617283951 0.0
0.006172839506172895 0.2407407407407407 0.0
0.006172839506172867 0.2530864197530864 0.0
0.006172839506172839 0.2654320987654321 0.0
0.006172839506172867 0.2777777777777778 0.0
0.006172839506172839 0.2901234567901234 0.0
0.006172839506172867 0.3024691358024691 0.0
0.006172839506172867 0.3148148148148148 0.0
0.006172839506172839 0.3271604938271605 0.0
0.006172839506172895 0.3395061728395061 0.0
0.006172839506172839 0.3518518518518519 0.0
0.006172839506172895 0.3641975308641975 0.0
0.006172839506172867 0.3765432098765432 0.0
0.006172839506172839 0.3888888888888888 0.0
0.006172839506172867 0.4012345679012346 0.0
0.006172839506172867 0.4135802469135802 0.0
0.006172839506172895 0.4259259259259259 0.0
0.006172839506172867 0.4382716049382716 0.0
0.006172839506172839 0.4506172839506173 0.0
0.006172839506172867 0.4629629629629629 0.0
0.006172839506172867 0.4753086419753086 0.0
0.006172839506172867 0.4876543209876543 0.0
0.01851851851851848 -0.4876543209876542 0.0
0.01851851851851849 -0.4753086419753086 0.0
0.01851851851851847 -0.4629629629629629 0.0
0.01851851851851848 -0.4506172839506173 0.0
0.01851851851851849 -0.4382716049382716 0.0
0.0185185185185185 -0.4259259259259259 0.0
0.01851851851851852 -0.4135802469135802 0.0
0.01851851851851847 -0.4012345679012346 0.0
0.01851851851851849 -0.3888888888888888 0.0
0.0185185185185185 -0.3765432098765432 0.0
0.01851851851851851 -0.3641975308641975 0.0
0.01851851851851847 -0.3518518518518519 0.0
0.01851851851851848 -0.3395061728395061 0.0
0.0185185185185185 -0.3271604938271605 0.0
0.01851851851851852 -0.3148148148148148 0.0
0.01851851851851851 -0.3024691358024691 0.0
0.01851851851851847 -0.2901234567901234 0.0
0.0185185185185185 -0.2777777777777778 0.0
0.0185185185185185 -0.2654320987654321 0.0
0.01851851851851851 -0.2530864197530864 0.0
0.01851851851851853 -0.2407407407407407 0.0
0.01851851851851848 -0.228395061728395 0.0
0.01851851851851851 -0.2160493827160493 0.0
0.0185185185185185 -0.2037037037037037 0.0
0.01851851851851853 -0.1913580246913579 0.0
0.01851851851851854 -0.1790123456790124 0.0
0.01851851851851848 -0.1666666666666667 0.0
0.01851851851851851 -0.154320987654321 0.0
0.01851851851851851 -0.1419753086419752 0.0
0.01851851851851854 -0.1296296296296297 0.0
0.01851851851851848 -0.1172839506172839 0.0
0.01851851851851848 -0.1049382716049383 0.0
0.01851851851851851 -0.09259259259259257 0.0
0.01851851851851851 -0.08024691358024694 0.0
0.01851851851851855 -0.0679012345679012 0.0
0.0185185185185185 -0.05555555555555557 0.0
0.01851851851851853 -0.04320987654320983 0.0
0.01851851851851852 -0.03086419753086422 0.0
0.0185185185185185 -0.0185185185185185 0.0
0.01851851851851853 -0.006172839506172881 0.0
0.0185185185185185 0.006172839506172881 0.0
0.01851851851851852 0.01851851851851852 0.0
0.01851851851851852 0.03086419753086422 0.0
0.01851851851851852 0.04320987654320987 0.0
0.01851851851851849 0.05555555555555558 0.0
0.01851851851851855 0.06790123456790123 0.0
0.01851851851851852 0.08024691358024694 0.0
0.01851851851851852 0.09259259259259259 0.0
0.0185185185185185 0.1049382716049383 0.0
0.01851851851851855 0.1172839506172839 0.0
0.01851851851851855 0.1296296296296297 0.0
0.01851851851851852 0.1419753086419753 0.0
0.01851851851851852 0.154320987654321 0.0
0.0185185185185185 0.1666666666666666 0.0
0.01851851851851855 0.1790123456790124 0.0
0.01851851851851853 0.191358024691358 0.0
0.01851851851851853 0.2037037037037037 0.0
0.01851851851851853 0.2160493827160493 0.0
0.0185185185185185 0.2283950617283951 0.0
0.01851851851851856 0.2407407407407407 0.0
0.01851851851851853 0.2530864197530864 0.0
0.01851851851851853 0.2654320987654321 0.0
0.0185185185185185 0.2777777777777778 0.0
0.0185185185185185 0.2901234567901234 0.0
0.01851851851851856 0.3024691358024691 0.0
0.01851851851851856 0.3148148148148148 0.0
0.01851851851851854 0.3271604938271605 0.0
0.01851851851851854 0.3395061728395061 0.0
0.01851851851851851 0.3518518518518519 0.0
0.01851851851851854 0.3641975308641975 0.0
0.01851851851851854 0.3765432098765432 0.0
0.01851851851851854 0.3888888888888888 0.0
0.01851851851851851 0.4012345679012346 0.0
0.01851851851851857 0.4135802469135802 0.0
0.01851851851851855 0.4259259259259259 0.0
0.01851851851851855 0.4382716049382716 0.0
0.01851851851851855 0.4506172839506173 0.0
0.01851851851851852 0.4629629629629629 0.0
0.01851851851851852 0.4753086419753086 0.0
0.01851851851851852 0.4876543209876543 0.0
0.03086419753086422 -0.4876543209876543 0.0
0.0308641975308642 -0.4753086419753086 0.0
0.03086419753086422 -0.4629629629629629 0.0
0.03086419753086422 -0.4506172839506173 0.0
0.03086419753086422 -0.4382716049382716 0.0
0.03086419753086422 -0.4259259259259259 0.0
0.03086419753086422 -0.4135802469135802 0.0
0.03086419753086422 -0.4012345679012346 0.0
0.03086419753086422 -0.3888888888888888 0.0
0.03086419753086422 -0.3765432098765432 0.0
0.03086419753086422 -0.3641975308641975 0.0
0.03086419753086422 -0.3518518518518519 0.0
0.03086419753086422 -0.3395061728395061 0.0
0.03086419753086422 -0.3271604938271605 0.0
0.03086419753086422 -0.3148148148148148 0.0
0.03086419753086422 -0.3024691358024691 0.0
0.03086419753086422 -0.2901234567901234 0.0
0.03086419753086422 -0.2777777777777778 0.0
0.03086419753086422 -0.2654320987654321 0.0
0.03086419753086422 -0.2530864197530864 0.0
0.03086419753086422 -0.2407407407407407 0.0
0.03086419753086422 -0.228395061728395 0.0
0.03086419753086422 -0.2160493827160493 0.0
0.03086419753086422 -0.2037037037037037 0.0
0.03086419753086422 -0.191358024691358 0.0
0.03086419753086422 -0.1790123456790124 0.0
0.03086419753086422 -0.1666666666666666 0.0
0.03086419753086422 -0.154320987654321 0.0
0.03086419753086422 -0.1419753086419753 0.0
0.03086419753086422 -0.1296296296296297 0.0
0.03086419753086422 -0.1172839506172839 0.0
0.03086419753086422 -0.1049382716049383 0.0
0.03086419753086421 -0.09259259259259257 0.0
0.03086419753086422 -0.08024691358024694 0.0
0.03086419753086424 -0.06790123456790119 0.0
0.03086419753086422 -0.05555555555555558 0.0
0.03086419753086421 -0.04320987654320986 0.0
0.03086419753086422 -0.03086419753086422 0.0
0.03086419753086424 -0.01851851851851848 0.0
0.03086419753086422 -0.006172839506172867 0.0
0.03086419753086422 0.006172839506172867 0.0
0.03086419753086422 0.01851851851851852 0.0
0.03086419753086422 0.03086419753086422 0.0
0.03086419753086422 0.04320987654320987 0.0
0.03086419753086422 0.05555555555555558 0.0
0.03086419753086422 0.06790123456790123 0.0
0.03086419753086422 0.08024691358024694 0.0
0.03086419753086422 0.09259259259259259 0.0
0.03086419753086422 0.1049382716049383 0.0
0.03086419753086422 0.1172839506172839 0.0
0.03086419753086422 0.1296296296296297 0.0
0.03086419753086422 0.1419753086419753 0.0
0.03086419753086422 0.154320987654321 0.0
0.03086419753086422 0.1666666666666666 0.0
0.03086419753086422 0.1790123456790124 0.0
0.03086419753086422 0.191358024691358 0.0
0.03086419753086422 0.2037037037037037 0.0
0.03086419753086422 0.2160493827160493 0.0
0.03086419753086422 0.2283950617283951 0.0
0.03086419753086422 0.2407407407407407 0.0
0.03086419753086422 0.2530864197530864 0.0
0.03086419753086422 0.2654320987654321 0.0
0.03086419753086422 0.2777777777777778 0.0
0.03086419753086422 0.2901234567901234 0.0
0.03086419753086422 0.3024691358024691 0.0
0.03086419753086422 0.3148148148148148 0.0
0.03086419753086422 0.3271604938271605 0.0
0.03086419753086422 0.3395061728395061 0.0
0.03086419753086422 0.3518518518518519 0.0
0.03086419753086422 0.3641975308641975 0.0
0.03086419753086422 0.3765432098765432 0.0
0.03086419753086422 0.3888888888888888 0.0
0.03086419753086422 0.4012345679012346 0.0
0.03086419753086422 0.4135802469135802 0.0
0.03086419753086422 0.4259259259259259 0.0
0.03086419753086422 0.4382716049382716 0.0
0.03086419753086422 0.4506172839506173 0.0
0.03086419753086425 0.4629629629629629 0.0
0.0308641975308642 0.4753086419753086 0.0
0.03086419753086422 0.4876543209876543 0.0
0.04320987654320986 -0.4876543209876542 0.0
0.04320987654320985 -0.4753086419753087 0.0
0.04320987654320987 -0.4629629629629629 0.0
0.04320987654320983 -0.4506172839506173 0.0
0.04320987654320985 -0.4382716049382716 0.0
0.04320987654320986 -0.4259259259259259 0.0
0.04320987654320984 -0.4135802469135802 0.0
0.04320987654320982 -0.4012345679012346 0.0
0.04320987654320987 -0.3888888888888888 0.0
0.04320987654320985 -0.3765432098765432 0.0
0.04320987654320986 -0.3641975308641975 0.0
0.04320987654320984 -0.3518518518518519 0.0
0.04320987654320982 -0.3395061728395061 0.0
0.04320987654320989 -0.3271604938271605 0.0
0.04320987654320988 -0.3148148148148148 0.0
0.04320987654320986 -0.3024691358024691 0.0
0.04320987654320984 -0.2901234567901234 0.0
0.04320987654320984 -0.2777777777777778 0.0
0.04320987654320983 -0.2654320987654321 0.0
0.04320987654320988 -0.2530864197530864 0.0
0.04320987654320985 -0.2407407407407406 0.0
0.04320987654320986 -0.228395061728395 0.0
0.04320987654320986 -0.2160493827160494 0.0
0.04320987654320983 -0.2037037037037037 0.0
0.04320987654320989 -0.1913580246913579 0.0
0.04320987654320987 -0.1790123456790124 0.0
0.04320987654320986 -0.1666666666666666 0.0
0.04320987654320986 -0.154320987654321 0.0
0.04320987654320983 -0.1419753086419754 0.0
0.04320987654320992 -0.1296296296296297 0.0
0.0432098765432099 -0.1172839506172839 0.0
0.04320987654320986 -0.1049382716049383 0.0
0.04320987654320989 -0.09259259259259255 0.0
0.04320987654320983 -0.08024691358024695 0.0
0.04320987654320985 -0.0679012345679012 0.0
0.04320987654320992 -0.05555555555555557 0.0
0.04320987654320985 -0.04320987654320986 0.0
0.04320987654320987 -0.03086419753086422 0.0
0.04320987654320986 -0.01851851851851856 0.0
0.04320987654320989 -0.006172839506172853 0.0
0.04320987654320986 0.006172839506172853 0.0
0.04320987654320987 0.01851851851851852 0.0
0.04320987654320987 0.03086419753086422 0.0
0.04320987654320989 0.04320987654320987 0.0
0.0432098765432099 0.05555555555555558 0.0
0.0432098765432099 0.06790123456790123 0.0
0.04320987654320985 0.08024691358024694 0.0
0.04320987654320987 0.09259259259259259 0.0
0.04320987654320989 0.1049382716049383 0.0
0.04320987654320987 0.1172839506172839 0.0
0.0432098765432099 0.1296296296296297 0.0
0.04320987654320985 0.1419753086419753 0.0
0.04320987654320987 0.154320987654321 0.0
0.04320987654320987 0.1666666666666666 0.0
0.04320987654320987 0.1790123456790124 0.0
0.04320987654320992 0.191358024691358 0.0
0.04320987654320986 0.2037037037037037 0.0
0.04320987654320986 0.2160493827160493 0.0
0.04320987654320987 0.2283950617283951 0.0
0.04320987654320989 0.2407407407407407 0.0
0.04320987654320992 0.2530864197530864 0.0
0.04320987654320992 0.2654320987654321 0.0
0.04320987654320989 0.2777777777777778 0.0
0.0432098765432099 0.2901234567901234 0.0
0.0432098765432099 0.3024691358024691 0.0
0.04320987654320992 0.3148148148148148 0.0
0.04320987654320993 0.3271604938271605 0.0
0.04320987654320987 0.3395061728395061 0.0
0.0432098765432099 0.3518518518518519 0.0
0.0432098765432099 0.3641975308641975 0.0
0.0432098765432099 0.3765432098765432 0.0
0.04320987654320993 0.3888888888888888 0.0
0.04320987654320987 0.4012345679012346 0.0
0.04320987654320987 0.4135802469135802 0.0
0.0432098765432099 0.4259259259259259 0.0
0.0432098765432099 0.4382716049382716 0.0
0.04320987654320987 0.4506172839506173 0.0
0.04320987654320987 0.4629629629629629 0.0
0.04320987654320993 0.4753086419753086 0.0
0.04320987654320993 0.4876543209876543 0.0
0.05555555555555555 -0.4876543209876543 0.0
0.05555555555555559 -0.4753086419753086 0.0
0.05555555555555561 -0.462962962962963 0.0
0.05555555555555561 -0.4506172839506173 0.0
0.05555555555555558 -0.4382716049382716 0.0
0.05555555555555557 -0.425925925925926 0.0
0.05555555555555557 -0.4135802469135803 0.0
0.05555555555555562 -0.4012345679012346 0.0
0.05555555555555561 -0.3888888888888888 0.0
0.05555555555555558 -0.3765432098765432 0.0
0.05555555555555555 -0.3641975308641975 0.0
0.05555555555555559 -0.3518518518518519 0.0
0.05555555555555556 -0.3395061728395061 0.0
0.05555555555555561 -0.3271604938271605 0.0
0.05555555555555558 -0.3148148148148148 0.0
0.05555555555555557 -0.3024691358024691 0.0
0.0555555555555556 -0.2901234567901234 0.0
0.05555555555555558 -0.2777777777777778 0.0
0.05555555555555555 -0.2654320987654321 0.0
0.05555555555555558 -0.2530864197530864 0.0
0.05555555555555555 -0.2407407407407407 0.0
0.05555555555555561 -0.228395061728395 0.0
0.05555555555555558 -0.2160493827160495 0.0
0.05555555555555555 -0.2037037037037037 0.0
0.05555555555555558 -0.191358024691358 0.0
0.05555555555555554 -0.1790123456790124 0.0
0.05555555555555561 -0.1666666666666667 0.0
0.05555555555555558 -0.154320987654321 0.0
0.05555555555555555 -0.1419753086419752 0.0
0.05555555555555557 -0.1296296296296297 0.0
0.05555555555555561 -0.1172839506172839 0.0
0.05555555555555562 -0.1049382716049383 0.0
0.05555555555555559 -0.09259259259259255 0.0
0.05555555555555557 -0.08024691358024692 0.0
0.05555555555555559 -0.06790123456790119 0.0
0.05555555555555558 -0.05555555555555558 0.0
0.05555555555555561 -0.04320987654320985 0.0
0.05555555555555558 -0.03086419753086422 0.0
0.05555555555555555 -0.01851851851851855 0.0
0.05555555555555558 -0.006172839506172867 0.0
0.05555555555555558 0.006172839506172867 0.0
0.05555555555555559 0.0185185185185185 0.0
0.05555555555555558 0.03086419753086422 0.0
0.05555555555555559 0.04320987654320989 0.0
0.05555555555555558 0.05555555555555558 0.0
0.05555555555555558 0.06790123456790123 0.0
0.05555555555555555 0.08024691358024694 0.0
0.05555555555555558 0.09259259259259259 0.0
0.05555555555555561 0.1049382716049383 0.0
0.05555555555555555 0.1172839506172839 0.0
0.05555555555555558 0.1296296296296297 0.0
0.05555555555555555 0.1419753086419753 0.0
0.05555555555555558 0.154320987654321 0.0
0.05555555555555561 0.1666666666666666 0.0
0.05555555555555555 0.1790123456790124 0.0
0.05555555555555558 0.191358024691358 0.0
0.05555555555555555 0.2037037037037037 0.0
0.05555555555555558 0.2160493827160493 0.0
0.05555555555555561 0.2283950617283951 0.0
0.05555555555555555 0.2407407407407407 0.0
0.05555555555555558 0.2530864197530864 0.0
0.05555555555555561 0.2654320987654321 0.0
0.05555555555555558 0.2777777777777778 0.0
0.05555555555555561 0.2901234567901234 0.0
0.05555555555555558 0.3024691358024691 0.0
0.05555555555555558 0.3148148148148148 0.0
0.05555555555555561 0.3271604938271605 0.0
0.05555555555555555 0.3395061728395061 0.0
0.05555555555555561 0.3518518518518519 0.0
0.05555555555555555 0.3641975308641975 0.0
0.05555555555555561 0.3765432098765432 0.0
0.05555555555555558 0.3888888888888888 0.0
0.05555555555555561 0.4012345679012346 0.0
0.05555555555555558 0.4135802469135802 0.0
0.05555555555555561 0.4259259259259259 0.0
0.05555555555555558 0.4382716049382716 0.0
0.05555555555555558 0.4506172839506173 0.0
0.05555555555555558 0.4629629629629629 0.0
0.05555555555555558 0.4753086419753086 0.0
0.05555555555555558 0.4876543209876543 0.0
0.0679012345679012 -0.4876543209876543 0.0
0.0679012345679012 -0.4753086419753086 0.0
0.0679012345679012 -0.462962962962963 0.0
0.0679012345679012 -0.4506172839506173 0.0
0.0679012345679012 -0.4382716049382716 0.0
0.06790123456790118 -0.4259259259259259 0.0
0.06790123456790118 -0.4135802469135803 0.0
0.0679012345679012 -0.4012345679012346 0.0
0.0679012345679012 -0.3888888888888888 0.0
0.0679012345679012 -0.3765432098765432 0.0
0.0679012345679012 -0.3641975308641975 0.0
0.0679012345679012 -0.3518518518518519 0.0
0.06790123456790123 -0.3395061728395061 0.0
0.06790123456790123 -0.3271604938271605 0.0
0.06790123456790126 -0.3148148148148149 0.0
0.0679012345679012 -0.3024691358024691 0.0
0.06790123456790123 -0.2901234567901234 0.0
0.06790123456790118 -0.2777777777777778 0.0
0.0679012345679012 -0.2654320987654321 0.0
0.06790123456790126 -0.2530864197530864 0.0
0.0679012345679012 -0.2407407407407408 0.0
0.0679012345679012 -0.228395061728395 0.0
0.0679012345679012 -0.2160493827160495 0.0
0.0679012345679012 -0.2037037037037037 0.0
0.06790123456790126 -0.1913580246913579 0.0
0.06790123456790123 -0.1790123456790124 0.0
0.06790123456790126 -0.1666666666666667 0.0
0.06790123456790123 -0.154320987654321 0.0
0.06790123456790119 -0.1419753086419753 0.0
0.06790123456790119 -0.1296296296296297 0.0
0.06790123456790122 -0.1172839506172839 0.0
0.06790123456790127 -0.1049382716049383 0.0
0.06790123456790119 -0.09259259259259257 0.0
0.06790123456790127 -0.08024691358024692 0.0
0.0679012345679012 -0.0679012345679012 0.0
0.06790123456790123 -0.05555555555555558 0.0
0.06790123456790126 -0.04320987654320985 0.0
0.06790123456790123 -0.03086419753086422 0.0
0.06790123456790126 -0.01851851851851855 0.0
0.06790123456790123 -0.006172839506172867 0.0
0.06790123456790123 0.006172839506172867 0.0
0.06790123456790124 0.01851851851851853 0.0
0.06790123456790123 0.03086419753086422 0.0
0.06790123456790124 0.04320987654320989 0.0
0.06790123456790126 0.05555555555555558 0.0
0.06790123456790124 0.06790123456790122 0.0
0.06790123456790126 0.08024691358024694 0.0
0.06790123456790123 0.09259259259259259 0.0
0.06790123456790126 0.1049382716049383 0.0
0.06790123456790123 0.1172839506172839 0.0
0.06790123456790123 0.1296296296296297 0.0
0.06790123456790126 0.1419753086419753 0.0
0.06790123456790123 0.154320987654321 0.0
0.06790123456790129 0.1666666666666666 0.0
0.06790123456790123 0.1790123456790124 0.0
0.06790123456790126 0.191358024691358 0.0
0.06790123456790126 0.2037037037037037 0.0
0.06790123456790123 0.2160493827160493 0.0
0.06790123456790129 0.2283950617283951 0.0
0.06790123456790126 0.2407407407407408 0.0
0.06790123456790126 0.2530864197530864 0.0
0.06790123456790126 0.2654320987654321 0.0
0.06790123456790123 0.2777777777777778 0.0
0.06790123456790126 0.2901234567901234 0.0
0.06790123456790123 0.3024691358024691 0.0
0.06790123456790129 0.3148148148148148 0.0
0.06790123456790126 0.3271604938271605 0.0
0.06790123456790129 0.3395061728395061 0.0
0.06790123456790123 0.3518518518518519 0.0
0.0679012345679012 0.3641975308641975 0.0
0.06790123456790129 0.3765432098765432 0.0
0.06790123456790126 0.3888888888888888 0.0
0.06790123456790123 0.4012345679012346 0.0
0.06790123456790126 0.4135802469135802 0.0
0.0679012345679012 0.4259259259259259 0.0
0.06790123456790126 0.4382716049382716 0.0
0.06790123456790126 0.4506172839506173 0.0
0.06790123456790126 0.4629629629629629 0.0
0.06790123456790126 0.4753086419753086 0.0
0.06790123456790126 0.4876543209876543 0.0
0.08024691358024691 -0.4876543209876542 0.0
0.08024691358024694 -0.4753086419753086 0.0
0.08024691358024694 -0.4629629629629629 0.0
0.08024691358024696 -0.4506172839506173 0.0
0.08024691358024694 -0.4382716049382717 0.0
0.08024691358024691 -0.4259259259259259 0.0
0.08024691358024694 -0.4135802469135802 0.0
0.08024691358024694 -0.4012345679012346 0.0
0.08024691358024696 -0.3888888888888888 0.0
0.08024691358024691 -0.3765432098765432 0.0
0.08024691358024694 -0.3641975308641975 0.0
0.08024691358024691 -0.3518518518518519 0.0
0.08024691358024691 -0.3395061728395061 0.0
0.08024691358024694 -0.3271604938271605 0.0
0.08024691358024696 -0.3148148148148148 0.0
0.08024691358024691 -0.3024691358024691 0.0
0.08024691358024691 -0.2901234567901234 0.0
0.08024691358024694 -0.2777777777777778 0.0
0.08024691358024692 -0.2654320987654321 0.0
0.08024691358024694 -0.2530864197530864 0.0
0.08024691358024696 -0.2407407407407408 0.0
0.08024691358024694 -0.228395061728395 0.0
0.08024691358024694 -0.2160493827160495 0.0
0.08024691358024694 -0.2037037037037037 0.0
0.08024691358024696 -0.1913580246913579 0.0
0.08024691358024695 -0.1790123456790124 0.0
0.08024691358024694 -0.1666666666666667 0.0
0.08024691358024694 -0.154320987654321 0.0
0.08024691358024695 -0.1419753086419752 0.0
0.08024691358024698 -0.1296296296296297 0.0
0.08024691358024691 -0.1172839506172839 0.0
0.0802469135802469 -0.1049382716049383 0.0
0.08024691358024692 -0.09259259259259257 0.0
0.08024691358024694 -0.08024691358024694 0.0
0.08024691358024696 -0.0679012345679012 0.0
0.08024691358024692 -0.05555555555555557 0.0
0.08024691358024695 -0.04320987654320986 0.0
0.08024691358024694 -0.03086419753086422 0.0
0.08024691358024692 -0.01851851851851853 0.0
0.08024691358024695 -0.006172839506172881 0.0
0.08024691358024692 0.006172839506172881 0.0
0.08024691358024694 0.01851851851851852 0.0
0.08024691358024694 0.03086419753086422 0.0
0.08024691358024692 0.04320987654320986 0.0
0.08024691358024695 0.05555555555555557 0.0
0.08024691358024695 0.06790123456790124 0.0
0.08024691358024694 0.08024691358024694 0.0
0.08024691358024694 0.09259259259259259 0.0
0.08024691358024691 0.1049382716049383 0.0
0.08024691358024696 0.1172839506172839 0.0
0.08024691358024696 0.1296296296296297 0.0
0.08024691358024694 0.1419753086419753 0.0
0.08024691358024694 0.154320987654321 0.0
0.08024691358024691 0.1666666666666666 0.0
0.08024691358024696 0.1790123456790124 0.0
0.08024691358024694 0.191358024691358 0.0
0.08024691358024694 0.2037037037037037 0.0
0.08024691358024694 0.2160493827160494 0.0
0.08024691358024691 0.2283950617283951 0.0
0.08024691358024696 0.2407407407407407 0.0
0.08024691358024694 0.2530864197530864 0.0
0.08024691358024694 0.2654320987654321 0.0
0.08024691358024694 0.2777777777777778 0.0
0.08024691358024691 0.2901234567901234 0.0
0.08024691358024696 0.3024691358024691 0.0
0.08024691358024691 0.3148148148148148 0.0
0.08024691358024694 0.3271604938271605 0.0
0.08024691358024694 0.3395061728395061 0.0
0.08024691358024691 0.3518518518518519 0.0
0.08024691358024694 0.3641975308641975 0.0
0.08024691358024691 0.3765432098765432 0.0
0.08024691358024696 0.3888888888888888 0.0
0.08024691358024694 0.4012345679012346 0.0
0.08024691358024691 0.4135802469135802 0.0
0.08024691358024694 0.4259259259259259 0.0
0.08024691358024694 0.4382716049382716 0.0
0.08024691358024696 0.4506172839506173 0.0
0.08024691358024696 0.4629629629629629 0.0
0.08024691358024691 0.4753086419753086 0.0
0.08024691358024691 0.4876543209876543 0.0
0.09259259259259256 -0.4876543209876543 0.0
0.09259259259259253 -0.4753086419753086 0.0
0.09259259259259256 -0.4629629629629629 0.0
0.09259259259259256 -0.4506172839506173 0.0
0.09259259259259256 -0.4382716049382717 0.0
0.09259259259259253 -0.4259259259259259 0.0
0.09259259259259256 -0.4135802469135802 0.0
0.09259259259259256 -0.4012345679012346 0.0
0.09259259259259259 -0.3888888888888888 0.0
0.09259259259259253 -0.3765432098765432 0.0
0.09259259259259262 -0.3641975308641975 0.0
0.09259259259259256 -0.3518518518518519 0.0
0.09259259259259259 -0.3395061728395062 0.0
0.09259259259259256 -0.3271604938271605 0.0
0.09259259259259262 -0.3148148148148148 0.0
0.0925925925925926 -0.3024691358024691 0.0
0.09259259259259259 -0.2901234567901234 0.0
0.0925925925925926 -0.2777777777777778 0.0
0.09259259259259253 -0.2654320987654321 0.0
0.09259259259259252 -0.2530864197530864 0.0
0.09259259259259259 -0.2407407407407407 0.0
0.09259259259259255 -0.228395061728395 0.0
0.09259259259259256 -0.2160493827160494 0.0
0.09259259259259252 -0.2037037037037037 0.0
0.09259259259259253 -0.1913580246913579 0.0
0.09259259259259257 -0.1790123456790124 0.0
0.09259259259259256 -0.1666666666666667 0.0
0.09259259259259255 -0.154320987654321 0.0
0.09259259259259253 -0.1419753086419752 0.0
0.09259259259259259 -0.1296296296296297 0.0
0.09259259259259257 -0.1172839506172839 0.0
0.09259259259259259 -0.1049382716049383 0.0
0.0925925925925926 -0.09259259259259255 0.0
0.09259259259259259 -0.08024691358024694 0.0
0.09259259259259257 -0.06790123456790122 0.0
0.09259259259259259 -0.05555555555555558 0.0
0.09259259259259257 -0.04320987654320986 0.0
0.09259259259259259 -0.03086419753086422 0.0
0.0925925925925926 -0.01851851851851853 0.0
0.09259259259259259 -0.006172839506172867 0.0
0.09259259259259259 0.006172839506172867 0.0
0.09259259259259259 0.01851851851851852 0.0
0.09259259259259259 0.03086419753086422 0.0
0.09259259259259259 0.04320987654320987 0.0
0.09259259259259259 0.05555555555555558 0.0
0.09259259259259259 0.06790123456790123 0.0
0.09259259259259259 0.08024691358024694 0.0
0.09259259259259259 0.09259259259259259 0.0
0.09259259259259259 0.1049382716049383 0.0
0.09259259259259256 0.1172839506172839 0.0
0.09259259259259259 0.1296296296296297 0.0
0.09259259259259259 0.1419753086419753 0.0
0.09259259259259256 0.154320987654321 0.0
0.09259259259259259 0.1666666666666666 0.0
0.09259259259259256 0.1790123456790124 0.0
0.09259259259259259 0.191358024691358 0.0
0.09259259259259259 0.2037037037037037 0.0
0.09259259259259259 0.2160493827160493 0.0
0.09259259259259259 0.2283950617283951 0.0
0.09259259259259264 0.2407407407407407 0.0
0.09259259259259259 0.2530864197530864 0.0
0.09259259259259264 0.2654320987654321 0.0
0.09259259259259264 0.2777777777777778 0.0
0.09259259259259262 0.2901234567901234 0.0
0.09259259259259262 0.3024691358024691 0.0
0.09259259259259264 0.3148148148148148 0.0
0.09259259259259264 0.3271604938271605 0.0
0.09259259259259262 0.3395061728395061 0.0
0.09259259259259262 0.3518518518518519 0.0
0.09259259259259259 0.3641975308641975 0.0
0.09259259259259259 0.3765432098765432 0.0
0.09259259259259262 0.3888888888888888 0.0
0.09259259259259262 0.4012345679012346 0.0
0.09259259259259259 0.4135802469135802 0.0
0.09259259259259259 0.4259259259259259 0.0
0.09259259259259262 0.4382716049382716 0.0
0.09259259259259262 0.4506172839506173 0.0
0.09259259259259264 0.4629629629629629 0.0
0.09259259259259259 0.4753086419753086 0.0
0.09259259259259262 0.4876543209876543 0.0
0.1049382716049383 -0.4876543209876542 0.0
0.1049382716049383 -0.4753086419753087 0.0
0.1049382716049383 -0.4629629629629629 0.0
0.1049382716049382 -0.4506172839506173 0.0
0.1049382716049383 -0.4382716049382717 0.0
0.1049382716049383 -0.4259259259259259 0.0
0.1049382716049383 -0.4135802469135802 0.0
0.1049382716049383 -0.4012345679012346 0.0
0.1049382716049383 -0.3888888888888888 0.0
0.1049382716049383 -0.3765432098765432 0.0
0.1049382716049383 -0.3641975308641975 0.0
0.1049382716049383 -0.3518518518518519 0.0
0.1049382716049383 -0.3395061728395061 0.0
0.1049382716049383 -0.3271604938271605 0.0
0.1049382716049383 -0.3148148148148148 0.0
0.1049382716049383 -0.3024691358024691 0.0
0.1049382716049383 -0.2901234567901234 0.0
0.1049382716049383 -0.2777777777777778 0.0
0.1049382716049383 -0.2654320987654321 0.0
0.1049382716049383 -0.2530864197530864 0.0
0.1049382716049383 -0.2407407407407407 0.0
0.1049382716049383 -0.228395061728395 0.0
0.1049382716049383 -0.2160493827160495 0.0
0.1049382716049383 -0.2037037037037037 0.0
0.1049382716049383 -0.1913580246913579 0.0
0.1049382716049383 -0.1790123456790124 0.0
0.1049382716049383 -0.1666666666666666 0.0
0.1049382716049383 -0.154320987654321 0.0
0.1049382716049383 -0.1419753086419754 0.0
0.1049382716049383 -0.1296296296296297 0.0
0.1049382716049383 -0.1172839506172839 0.0
0.1049382716049383 -0.1049382716049383 0.0
0.1049382716049383 -0.09259259259259255 0.0
0.1049382716049383 -0.08024691358024692 0.0
0.1049382716049383 -0.06790123456790126 0.0
0.1049382716049383 -0.05555555555555559 0.0
0.1049382716049383 -0.04320987654320989 0.0
0.1049382716049383 -0.03086419753086422 0.0
0.1049382716049383 -0.01851851851851856 0.0
0.1049382716049383 -0.006172839506172853 0.0
0.1049382716049383 0.006172839506172853 0.0
0.1049382716049383 0.0185185185185185 0.0
0.1049382716049383 0.03086419753086422 0.0
0.1049382716049383 0.04320987654320987 0.0
0.1049382716049383 0.05555555555555559 0.0
0.1049382716049383 0.06790123456790124 0.0
0.1049382716049383 0.08024691358024692 0.0
0.1049382716049383 0.09259259259259259 0.0
0.1049382716049383 0.1049382716049383 0.0
0.1049382716049383 0.1172839506172839 0.0
0.1049382716049383 0.1296296296296297 0.0
0.1049382716049383 0.1419753086419753 0.0
0.1049382716049383 0.154320987654321 0.0
0.1049382716049383 0.1666666666666666 0.0
0.1049382716049383 0.1790123456790124 0.0
0.1049382716049383 0.191358024691358 0.0
0.1049382716049383 0.2037037037037037 0.0
0.1049382716049383 0.2160493827160493 0.0
0.1049382716049383 0.2283950617283951 0.0
0.1049382716049383 0.2407407407407407 0.0
0.1049382716049383 0.2530864197530864 0.0
0.1049382716049383 0.2654320987654321 0.0
0.1049382716049383 0.2777777777777778 0.0
0.1049382716049383 0.2901234567901234 0.0
0.1049382716049383 0.3024691358024691 0.0
0.1049382716049383 0.3148148148148148 0.0
0.1049382716049383 0.3271604938271605 0.0
0.1049382716049383 0.3395061728395061 0.0
0.1049382716049383 0.3518518518518519 0.0
0.1049382716049383 0.3641975308641975 0.0
0.1049382716049383 0.3765432098765432 0.0
0.1049382716049383 0.3888888888888888 0.0
0.1049382716049383 0.4012345679012346 0.0
0.1049382716049383 0.4135802469135802 0.0
0.1049382716049383 0.4259259259259259 0.0
0.1049382716049383 0.4382716049382716 0.0
0.1049382716049383 0.4506172839506173 0.0
0.1049382716049383 0.4629629629629629 0.0
0.1049382716049383 0.4753086419753086 0.0
0.1049382716049383 0.4876543209876543 0.0
0.1172839506172839 -0.4876543209876543 0.0
0.1172839506172839 -0.4753086419753086 0.0
0.1172839506172839 -0.462962962962963 0.0
0.1172839506172839 -0.4506172839506173 0.0
0.1172839506172839 -0.4382716049382717 0.0
0.117283950617284 -0.425925925925926 0.0
0.1172839506172839 -0.4135802469135803 0.0
0.1172839506172839 -0.4012345679012346 0.0
0.1172839506172839 -0.3888888888888888 0.0
0.1172839506172839 -0.3765432098765432 0.0
0.1172839506172839 -0.3641975308641975 0.0
0.1172839506172839 -0.3518518518518519 0.0
0.1172839506172839 -0.3395061728395061 0.0
0.1172839506172839 -0.3271604938271605 0.0
0.1172839506172839 -0.3148148148148149 0.0
0.1172839506172839 -0.3024691358024691 0.0
0.1172839506172839 -0.2901234567901234 0.0
0.1172839506172839 -0.2777777777777778 0.0
0.1172839506172839 -0.2654320987654321 0.0
0.1172839506172839 -0.2530864197530864 0.0
0.1172839506172839 -0.2407407407407408 0.0
0.1172839506172839 -0.228395061728395 0.0
0.1172839506172839 -0.2160493827160493 0.0
0.1172839506172839 -0.2037037037037037 0.0
0.1172839506172839 -0.1913580246913579 0.0
0.117283950617284 -0.1790123456790124 0.0
0.1172839506172839 -0.1666666666666666 0.0
0.1172839506172839 -0.154320987654321 0.0
0.1172839506172839 -0.1419753086419752 0.0
0.1172839506172839 -0.1296296296296297 0.0
0.1172839506172839 -0.1172839506172839 0.0
0.1172839506172839 -0.1049382716049383 0.0
0.1172839506172839 -0.09259259259259257 0.0
0.117283950617284 -0.08024691358024695 0.0
0.117283950617284 -0.06790123456790119 0.0
0.117283950617284 -0.05555555555555557 0.0
0.1172839506172839 -0.0432098765432099 0.0
0.1172839506172839 -0.03086419753086422 0.0
0.117283950617284 -0.01851851851851855 0.0
0.1172839506172839 -0.006172839506172867 0.0
0.117283950617284 0.006172839506172867 0.0
0.1172839506172839 0.01851851851851853 0.0
0.1172839506172839 0.03086419753086422 0.0
0.117283950617284 0.04320987654320987 0.0
0.1172839506172839 0.05555555555555557 0.0
0.1172839506172839 0.06790123456790123 0.0
0.1172839506172839 0.08024691358024695 0.0
0.1172839506172839 0.09259259259259257 0.0
0.117283950617284 0.1049382716049383 0.0
0.117283950617284 0.117283950617284 0.0
0.1172839506172839 0.1296296296296297 0.0
0.117283950617284 0.1419753086419753 0.0
0.1172839506172839 0.154320987654321 0.0
0.1172839506172839 0.1666666666666666 0.0
0.117283950617284 0.1790123456790124 0.0
0.1172839506172839 0.191358024691358 0.0
0.117283950617284 0.2037037037037037 0.0
0.117283950617284 0.2160493827160493 0.0
0.117283950617284 0.2283950617283951 0.0
0.117283950617284 0.2407407407407407 0.0
0.1172839506172839 0.2530864197530864 0.0
0.117283950617284 0.2654320987654321 0.0
0.117283950617284 0.2777777777777778 0.0
0.117283950617284 0.2901234567901234 0.0
0.117283950617284 0.3024691358024691 0.0
0.1172839506172839 0.3148148148148148 0.0
0.117283950617284 0.3271604938271605 0.0
0.1172839506172839 0.3395061728395061 0.0
0.117283950617284 0.3518518518518519 0.0
0.117283950617284 0.3641975308641975 0.0
0.1172839506172839 0.3765432098765432 0.0
0.117283950617284 0.3888888888888888 0.0
0.1172839506172839 0.4012345679012346 0.0
0.117283950617284 0.4135802469135802 0.0
0.117283950617284 0.4259259259259259 0.0
0.117283950617284 0.4382716049382716 0.0
0.117283950617284 0.4506172839506173 0.0
0.117283950617284 0.4629629629629629 0.0
0.117283950617284 0.4753086419753086 0.0
0.117283950617284 0.4876543209876543 0.0
0.1296296296296297 -0.4876543209876543 0.0
0.1296296296296297 -0.4753086419753086 0.0
0.1296296296296297 -0.462962962962963 0.0
0.1296296296296297 -0.4506172839506173 0.0
0.1296296296296297 -0.4382716049382717 0.0
0.1296296296296297 -0.4259259259259259 0.0
0.1296296296296297 -0.4135802469135803 0.0
0.1296296296296296 -0.4012345679012346 0.0
0.1296296296296296 -0.3888888888888888 0.0
0.1296296296296296 -0.3765432098765432 0.0
0.1296296296296297 -0.3641975308641975 0.0
0.1296296296296296 -0.3518518518518519 0.0
0.1296296296296297 -0.3395061728395061 0.0
0.1296296296296297 -0.3271604938271606 0.0
0.1296296296296297 -0.3148148148148149 0.0
0.1296296296296297 -0.3024691358024691 0.0
0.1296296296296297 -0.2901234567901234 0.0
0.1296296296296296 -0.2777777777777778 0.0
0.1296296296296297 -0.2654320987654321 0.0
0.1296296296296297 -0.2530864197530864 0.0
0.1296296296296297 -0.2407407407407408 0.0
0.1296296296296297 -0.228395061728395 0.0
0.1296296296296296 -0.2160493827160494 0.0
0.1296296296296297 -0.2037037037037037 0.0
0.1296296296296297 -0.191358024691358 0.0
0.1296296296296297 -0.1790123456790124 0.0
0.1296296296296297 -0.1666666666666667 0.0
0.1296296296296297 -0.154320987654321 0.0
0.1296296296296297 -0.1419753086419753 0.0
0.1296296296296297 -0.1296296296296297 0.0
0.1296296296296297 -0.1172839506172839 0.0
0.1296296296296297 -0.1049382716049383 0.0
0.1296296296296297 -0.09259259259259257 0.0
0.1296296296296297 -0.08024691358024695 0.0
0.1296296296296296 -0.0679012345679012 0.0
0.1296296296296297 -0.05555555555555558 0.0
0.1296296296296297 -0.0432098765432099 0.0
0.1296296296296297 -0.03086419753086422 0.0
0.1296296296296296 -0.01851851851851855 0.0
0.1296296296296297 -0.006172839506172867 0.0
0.1296296296296297 0.006172839506172867 0.0
0.1296296296296297 0.01851851851851853 0.0
0.1296296296296297 0.03086419753086422 0.0
0.1296296296296297 0.04320987654320989 0.0
0.1296296296296297 0.05555555555555558 0.0
0.1296296296296297 0.06790123456790122 0.0
0.1296296296296297 0.08024691358024695 0.0
0.1296296296296297 0.09259259259259259 0.0
0.1296296296296297 0.1049382716049383 0.0
0.1296296296296297 0.1172839506172839 0.0
0.1296296296296297 0.1296296296296297 0.0
0.1296296296296297 0.1419753086419753 0.0
0.1296296296296297 0.154320987654321 0.0
0.1296296296296297 0.1666666666666666 0.0
0.1296296296296297 0.1790123456790124 0.0
0.1296296296296297 0.191358024691358 0.0
0.1296296296296297 0.2037037037037037 0.0
0.1296296296296296 0.2160493827160493 0.0
0.1296296296296297 0.2283950617283951 0.0
0.1296296296296296 0.2407407407407407 0.0
0.1296296296296297 0.2530864197530864 0.0
0.1296296296296296 0.2654320987654321 0.0
0.1296296296296296 0.2777777777777778 0.0
0.1296296296296296 0.2901234567901234 0.0
0.1296296296296297 0.3024691358024691 0.0
0.1296296296296296 0.3148148148148148 0.0
0.1296296296296297 0.3271604938271605 0.0
0.1296296296296296 0.3395061728395061 0.0
0.1296296296296296 0.3518518518518519 0.0
0.1296296296296296 0.3641975308641975 0.0
0.1296296296296296 0.3765432098765432 0.0
0.1296296296296297 0.3888888888888888 0.0
0.1296296296296296 0.4012345679012346 0.0
0.1296296296296297 0.4135802469135802 0.0
0.1296296296296296 0.4259259259259259 0.0
0.1296296296296297 0.4382716049382716 0.0
0.1296296296296297 0.4506172839506173 0.0
0.1296296296296297 0.4629629629629629 0.0
0.1296296296296297 0.4753086419753086 0.0
0.1296296296296297 0.4876543209876543 0.0
0.1419753086419753 -0.4876543209876542 0.0
0.1419753086419752 -0.4753086419753086 0.0
0.1419753086419752 -0.4629629629629629 0.0
0.1419753086419753 -0.4506172839506172 0.0
0.1419753086419753 -0.4382716049382717 0.0
0.1419753086419753 -0.4259259259259259 0.0
0.1419753086419753 -0.4135802469135803 0.0
0.1419753086419753 -0.4012345679012346 0.0
0.1419753086419753 -0.3888888888888888 0.0
0.1419753086419752 -0.3765432098765432 0.0
0.1419753086419753 -0.3641975308641975 0.0
0.1419753086419753 -0.3518518518518519 0.0
0.1419753086419753 -0.3395061728395061 0.0
0.1419753086419753 -0.3271604938271605 0.0
0.1419753086419753 -0.3148148148148148 0.0
0.1419753086419753 -0.3024691358024691 0.0
0.1419753086419753 -0.2901234567901234 0.0
0.1419753086419753 -0.2777777777777778 0.0
0.1419753086419753 -0.2654320987654321 0.0
0.1419753086419752 -0.2530864197530864 0.0
0.1419753086419753 -0.2407407407407408 0.0
0.1419753086419753 -0.228395061728395 0.0
0.1419753086419752 -0.2160493827160495 0.0
0.1419753086419753 -0.2037037037037037 0.0
0.1419753086419753 -0.1913580246913579 0.0
0.1419753086419753 -0.1790123456790124 0.0
0.1419753086419753 -0.1666666666666667 0.0
0.1419753086419753 -0.154320987654321 0.0
0.1419753086419753 -0.1419753086419753 0.0
0.1419753086419753 -0.1296296296296297 0.0
0.1419753086419753 -0.1172839506172839 0.0
0.1419753086419753 -0.1049382716049383 0.0
0.1419753086419753 -0.09259259259259257 0.0
0.1419753086419753 -0.08024691358024694 0.0
0.1419753086419753 -0.0679012345679012 0.0
0.1419753086419753 -0.05555555555555557 0.0
0.1419753086419752 -0.0432098765432099 0.0
0.1419753086419753 -0.03086419753086422 0.0
0.1419753086419753 -0.01851851851851853 0.0
0.1419753086419753 -0.006172839506172881 0.0
0.1419753086419753 0.006172839506172881 0.0
0.1419753086419753 0.01851851851851852 0.0
0.1419753086419753 0.03086419753086422 0.0
0.1419753086419753 0.04320987654320986 0.0
0.1419753086419753 0.05555555555555557 0.0
0.1419753086419753 0.06790123456790123 0.0
0.1419753086419753 0.08024691358024694 0.0
0.1419753086419753 0.09259259259259257 0.0
0.1419753086419753 0.1049382716049383 0.0
0.1419753086419754 0.1172839506172839 0.0
0.1419753086419753 0.1296296296296297 0.0
0.1419753086419752 0.1419753086419753 0.0
0.1419753086419753 0.154320987654321 0.0
0.1419753086419753 0.1666666666666666 0.0
0.1419753086419754 0.1790123456790124 0.0
0.1419753086419752 0.191358024691358 0.0
0.1419753086419753 0.2037037037037037 0.0
0.1419753086419754 0.2160493827160493 0.0
0.1419753086419753 0.2283950617283951 0.0
0.1419753086419753 0.2407407407407407 0.0
0.1419753086419752 0.2530864197530864 0.0
0.1419753086419753 0.2654320987654321 0.0
0.1419753086419754 0.2777777777777778 0.0
0.1419753086419754 0.2901234567901234 0.0
0.1419753086419753 0.3024691358024691 0.0
0.1419753086419754 0.3148148148148148 0.0
0.1419753086419753 0.3271604938271605 0.0
0.1419753086419753 0.3395061728395061 0.0
0.1419753086419754 0.3518518518518519 0.0
0.1419753086419753 0.3641975308641975 0.0
0.1419753086419753 0.3765432098765432 0.0
0.1419753086419754 0.3888888888888888 0.0
0.1419753086419753 0.4012345679012346 0.0
0.1419753086419753 0.4135802469135802 0.0
0.1419753086419753 0.4259259259259259 0.0
0.1419753086419753 0.4382716049382716 0.0
0.1419753086419754 0.4506172839506173 0.0
0.1419753086419754 0.4629629629629629 0.0
0.1419753086419753 0.4753086419753086 0.0
0.1419753086419753 0.4876543209876543 0.0
0.154320987654321 -0.4876543209876543 0.0
0.154320987654321 -0.4753086419753086 0.0
0.154320987654321 -0.4629629629629629 0.0
0.154320987654321 -0.4506172839506173 0.0
0.154320987654321 -0.4382716049382717 0.0
0.154320987654321 -0.4259259259259259 0.0
0.154320987654321 -0.4135802469135803 0.0
0.154320987654321 -0.4012345679012346 0.0
0.154320987654321 -0.3888888888888888 0.0
0.154320987654321 -0.3765432098765432 0.0
0.154320987654321 -0.3641975308641975 0.0
0.154320987654321 -0.3518518518518519 0.0
0.154320987654321 -0.3395061728395062 0.0
0.154320987654321 -0.3271604938271604 0.0
0.154320987654321 -0.3148148148148149 0.0
0.154320987654321 -0.3024691358024691 0.0
0.154320987654321 -0.2901234567901234 0.0
0.154320987654321 -0.2777777777777777 0.0
0.154320987654321 -0.2654320987654321 0.0
0.154320987654321 -0.2530864197530864 0.0
0.154320987654321 -0.2407407407407407 0.0
0.154320987654321 -0.228395061728395 0.0
0.154320987654321 -0.2160493827160494 0.0
0.154320987654321 -0.2037037037037037 0.0
0.154320987654321 -0.191358024691358 0.0
0.154320987654321 -0.1790123456790124 0.0
0.154320987654321 -0.1666666666666667 0.0
0.154320987654321 -0.154320987654321 0.0
0.154320987654321 -0.1419753086419752 0.0
0.154320987654321 -0.1296296296296297 0.0
0.154320987654321 -0.1172839506172839 0.0
0.154320987654321 -0.1049382716049383 0.0
0.154320987654321 -0.09259259259259257 0.0
0.154320987654321 -0.08024691358024694 0.0
0.154320987654321 -0.06790123456790122 0.0
0.154320987654321 -0.05555555555555558 0.0
0.154320987654321 -0.04320987654320992 0.0
0.154320987654321 -0.03086419753086422 0.0
0.154320987654321 -0.01851851851851853 0.0
0.154320987654321 -0.006172839506172867 0.0
0.154320987654321 0.006172839506172867 0.0
0.154320987654321 0.01851851851851852 0.0
0.154320987654321 0.03086419753086422 0.0
0.154320987654321 0.04320987654320987 0.0
0.154320987654321 0.05555555555555558 0.0
0.154320987654321 0.0679012345679012 0.0
0.154320987654321 0.08024691358024694 0.0
0.154320987654321 0.09259259259259257 0.0
0.154320987654321 0.1049382716049383 0.0
0.154320987654321 0.1172839506172839 0.0
0.154320987654321 0.1296296296296297 0.0
0.154320987654321 0.1419753086419753 0.0
0.154320987654321 0.154320987654321 0.0
0.154320987654321 0.1666666666666666 0.0
0.154320987654321 0.1790123456790124 0.0
0.154320987654321 0.191358024691358 0.0
0.154320987654321 0.2037037037037037 0.0
0.154320987654321 0.2160493827160493 0.0
0.154320987654321 0.2283950617283951 0.0
0.154320987654321 0.2407407407407407 0.0
0.154320987654321 0.2530864197530864 0.0
0.154320987654321 0.2654320987654321 0.0
0.154320987654321 0.2777777777777778 0.0
0.154320987654321 0.2901234567901234 0.0
0.154320987654321 0.3024691358024691 0.0
0.154320987654321 0.3148148148148148 0.0
0.154320987654321 0.3271604938271605 0.0
0.154320987654321 0.3395061728395061 0.0
0.154320987654321 0.3518518518518519 0.0
0.154320987654321 0.3641975308641975 0.0
0.154320987654321 0.3765432098765432 0.0
0.154320987654321 0.3888888888888888 0.0
0.154320987654321 0.4012345679012346 0.0
0.154320987654321 0.4135802469135802 0.0
0.154320987654321 0.4259259259259259 0.0
0.154320987654321 0.4382716049382716 0.0
0.154320987654321 0.4506172839506173 0.0
0.154320987654321 0.4629629629629629 0.0
0.154320987654321 0.4753086419753086 0.0
0.154320987654321 0.4876543209876543 0.0
0.1666666666666666 -0.4876543209876542 0.0
0.1666666666666667 -0.4753086419753087 0.0
0.1666666666666666 -0.462962962962963 0.0
0.1666666666666667 -0.4506172839506173 0.0
0.1666666666666667 -0.4382716049382717 0.0
0.1666666666666666 -0.4259259259259259 0.0
0.1666666666666666 -0.4135802469135802 0.0
0.1666666666666666 -0.4012345679012346 0.0
0.1666666666666667 -0.3888888888888888 0.0
0.1666666666666666 -0.3765432098765432 0.0
0.1666666666666667 -0.3641975308641975 0.0
0.1666666666666666 -0.3518518518518519 0.0
0.1666666666666666 -0.3395061728395062 0.0
0.1666666666666667 -0.3271604938271606 0.0
0.1666666666666667 -0.3148148148148148 0.0
0.1666666666666667 -0.3024691358024691 0.0
0.1666666666666667 -0.2901234567901234 0.0
0.1666666666666666 -0.2777777777777778 0.0
0.1666666666666666 -0.2654320987654321 0.0
0.1666666666666667 -0.2530864197530864 0.0
0.1666666666666667 -0.2407407407407407 0.0
0.1666666666666666 -0.228395061728395 0.0
0.1666666666666667 -0.2160493827160495 0.0
0.1666666666666666 -0.2037037037037037 0.0
0.1666666666666666 -0.1913580246913579 0.0
0.1666666666666666 -0.1790123456790124 0.0
0.1666666666666667 -0.1666666666666667 0.0
0.1666666666666667 -0.154320987654321 0.0
0.1666666666666667 -0.1419753086419754 0.0
0.1666666666666666 -0.1296296296296297 0.0
0.1666666666666666 -0.1172839506172839 0.0
0.1666666666666666 -0.1049382716049383 0.0
0.1666666666666667 -0.09259259259259257 0.0
0.1666666666666666 -0.08024691358024692 0.0
0.1666666666666667 -0.06790123456790126 0.0
0.1666666666666666 -0.05555555555555559 0.0
0.1666666666666666 -0.04320987654320989 0.0
0.1666666666666666 -0.03086419753086422 0.0
0.1666666666666667 -0.01851851851851856 0.0
0.1666666666666667 -0.006172839506172853 0.0
0.1666666666666666 0.006172839506172853 0.0
0.1666666666666666 0.0185185185185185 0.0
0.1666666666666667 0.03086419753086422 0.0
0.1666666666666666 0.04320987654320987 0.0
0.1666666666666667 0.05555555555555559 0.0
0.1666666666666667 0.06790123456790122 0.0
0.1666666666666667 0.08024691358024692 0.0
0.1666666666666667 0.09259259259259257 0.0
0.1666666666666666 0.1049382716049383 0.0
0.1666666666666667 0.1172839506172839 0.0
0.1666666666666667 0.1296296296296297 0.0
0.1666666666666667 0.1419753086419753 0.0
0.1666666666666667 0.154320987654321 0.0
0.1666666666666666 0.1666666666666666 0.0
0.1666666666666667 0.1790123456790124 0.0
0.1666666666666666 0.191358024691358 0.0
0.1666666666666667 0.2037037037037037 0.0
0.1666666666666667 0.2160493827160493 0.0
0.1666666666666666 0.2283950617283951 0.0
0.1666666666666667 0.2407407407407407 0.0
0.1666666666666667 0.2530864197530864 0.0
0.1666666666666667 0.2654320987654321 0.0
0.1666666666666667 0.2777777777777778 0.0
0.1666666666666667 0.2901234567901234 0.0
0.1666666666666667 0.3024691358024691 0.0
0.1666666666666667 0.3148148148148148 0.0
0.1666666666666667 0.3271604938271605 0.0
0.1666666666666667 0.3395061728395061 0.0
0.1666666666666667 0.3518518518518519 0.0
0.1666666666666667 0.3641975308641975 0.0
0.1666666666666667 0.3765432098765432 0.0
0.1666666666666667 0.3888888888888888 0.0
0.1666666666666667 0.4012345679012346 0.0
0.1666666666666667 0.4135802469135802 0.0
0.1666666666666667 0.4259259259259259 0.0
0.1666666666666667 0.4382716049382716 0.0
0.1666666666666667 0.4506172839506173 0.0
0.1666666666666667 0.4629629629629629 0.0
0.1666666666666667 0.4753086419753086 0.0
0.1666666666666667 0.4876543209876543 0.0
0.1790123456790124 -0.4876543209876543 0.0
0.1790123456790124 -0.4753086419753086 0.0
0.1790123456790123 -0.462962962962963 0.0
0.1790123456790123 -0.4506172839506173 0.0
0.1790123456790124 -0.4382716049382717 0.0
0.1790123456790124 -0.425925925925926 0.0
0.1790123456790124 -0.4135802469135804 0.0
0.1790123456790123 -0.4012345679012346 0.0
0.1790123456790123 -0.3888888888888888 0.0
0.1790123456790123 -0.3765432098765432 0.0
0.1790123456790124 -0.3641975308641975 0.0
0.1790123456790124 -0.3518518518518519 0.0
0.1790123456790124 -0.3395061728395061 0.0
0.1790123456790124 -0.3271604938271605 0.0
0.1790123456790124 -0.3148148148148149 0.0
0.1790123456790124 -0.3024691358024691 0.0
0.1790123456790123 -0.2901234567901234 0.0
0.1790123456790124 -0.2777777777777778 0.0
0.1790123456790124 -0.2654320987654321 0.0
0.1790123456790123 -0.2530864197530864 0.0
0.1790123456790124 -0.2407407407407408 0.0
0.1790123456790124 -0.228395061728395 0.0
0.1790123456790123 -0.2160493827160495 0.0
0.1790123456790124 -0.2037037037037037 0.0
0.1790123456790123 -0.1913580246913579 0.0
0.1790123456790124 -0.1790123456790124 0.0
0.1790123456790124 -0.1666666666666666 0.0
0.1790123456790124 -0.154320987654321 0.0
0.1790123456790124 -0.1419753086419752 0.0
0.1790123456790124 -0.1296296296296297 0.0
0.1790123456790123 -0.1172839506172839 0.0
0.1790123456790124 -0.1049382716049383 0.0
0.1790123456790124 -0.09259259259259257 0.0
0.1790123456790124 -0.08024691358024695 0.0
0.1790123456790124 -0.06790123456790124 0.0
0.1790123456790124 -0.05555555555555557 0.0
0.1790123456790124 -0.0432098765432099 0.0
0.1790123456790123 -0.03086419753086422 0.0
0.1790123456790123 -0.01851851851851855 0.0
0.1790123456790124 -0.006172839506172881 0.0
0.1790123456790124 0.006172839506172881 0.0
0.1790123456790124 0.01851851851851853 0.0
0.1790123456790123 0.03086419753086422 0.0
0.1790123456790124 0.04320987654320985 0.0
0.1790123456790124 0.05555555555555557 0.0
0.1790123456790124 0.0679012345679012 0.0
0.1790123456790124 0.08024691358024695 0.0
0.1790123456790124 0.09259259259259257 0.0
0.1790123456790124 0.1049382716049383 0.0
0.1790123456790124 0.117283950617284 0.0
0.1790123456790124 0.1296296296296297 0.0
0.1790123456790123 0.1419753086419753 0.0
0.1790123456790124 0.154320987654321 0.0
0.1790123456790124 0.1666666666666666 0.0
0.1790123456790124 0.1790123456790124 0.0
0.1790123456790124 0.191358024691358 0.0
0.1790123456790124 0.2037037037037037 0.0
0.1790123456790124 0.2160493827160493 0.0
0.1790123456790124 0.2283950617283951 0.0
0.1790123456790124 0.2407407407407407 0.0
0.1790123456790124 0.2530864197530864 0.0
0.1790123456790124 0.2654320987654321 0.0
0.1790123456790124 0.2777777777777778 0.0
0.1790123456790124 0.2901234567901234 0.0
0.1790123456790124 0.3024691358024691 0.0
0.1790123456790123 0.3148148148148148 0.0
0.1790123456790124 0.3271604938271605 0.0
0.1790123456790123 0.3395061728395061 0.0
0.1790123456790124 0.3518518518518519 0.0
0.1790123456790124 0.3641975308641975 0.0
0.1790123456790123 0.3765432098765432 0.0
0.1790123456790124 0.3888888888888888 0.0
0.1790123456790123 0.4012345679012346 0.0
0.1790123456790124 0.4135802469135802 0.0
0.1790123456790124 0.4259259259259259 0.0
0.1790123456790124 0.4382716049382716 0.0
0.1790123456790124 0.4506172839506173 0.0
0.1790123456790124 0.4629629629629629 0.0
0.1790123456790124 0.4753086419753086 0.0
0.1790123456790123 0.4876543209876543 0.0
0.191358024691358 -0.4876543209876543 0.0
0.191358024691358 -0.4753086419753086 0.0
0.191358024691358 -0.462962962962963 0.0
0.191358024691358 -0.4506172839506173 0.0
0.191358024691358 -0.4382716049382717 0.0
0.1913580246913579 -0.4259259259259259 0.0
0.191358024691358 -0.4135802469135804 0.0
0.191358024691358 -0.4012345679012346 0.0
0.191358024691358 -0.3888888888888888 0.0
0.191358024691358 -0.3765432098765432 0.0
0.191358024691358 -0.3641975308641975 0.0
0.191358024691358 -0.3518518518518519 0.0
0.191358024691358 -0.3395061728395062 0.0
0.191358024691358 -0.3271604938271604 0.0
0.191358024691358 -0.3148148148148148 0.0
0.191358024691358 -0.3024691358024691 0.0
0.191358024691358 -0.2901234567901234 0.0
0.191358024691358 -0.2777777777777778 0.0
0.191358024691358 -0.2654320987654321 0.0
0.191358024691358 -0.2530864197530864 0.0
0.191358024691358 -0.2407407407407408 0.0
0.191358024691358 -0.2283950617283951 0.0
0.191358024691358 -0.2160493827160495 0.0
0.191358024691358 -0.2037037037037037 0.0
0.191358024691358 -0.191358024691358 0.0
0.191358024691358 -0.1790123456790124 0.0
0.191358024691358 -0.1666666666666666 0.0
0.1913580246913579 -0.154320987654321 0.0
0.191358024691358 -0.1419753086419753 0.0
0.191358024691358 -0.1296296296296297 0.0
0.1913580246913579 -0.1172839506172839 0.0
0.191358024691358 -0.1049382716049383 0.0
0.191358024691358 -0.09259259259259262 0.0
0.191358024691358 -0.08024691358024694 0.0
0.191358024691358 -0.06790123456790126 0.0
0.191358024691358 -0.05555555555555558 0.0
0.191358024691358 -0.0432098765432099 0.0
0.191358024691358 -0.03086419753086422 0.0
0.191358024691358 -0.01851851851851855 0.0
0.191358024691358 -0.006172839506172867 0.0
0.191358024691358 0.006172839506172867 0.0
0.191358024691358 0.01851851851851852 0.0
0.191358024691358 0.03086419753086422 0.0
0.191358024691358 0.04320987654320986 0.0
0.191358024691358 0.05555555555555558 0.0
0.191358024691358 0.06790123456790124 0.0
0.191358024691358 0.08024691358024694 0.0
0.191358024691358 0.09259259259259255 0.0
0.191358024691358 0.1049382716049383 0.0
0.191358024691358 0.1172839506172839 0.0
0.191358024691358 0.1296296296296297 0.0
0.191358024691358 0.1419753086419753 0.0
0.191358024691358 0.154320987654321 0.0
0.191358024691358 0.1666666666666666 0.0
0.191358024691358 0.1790123456790124 0.0
0.191358024691358 0.191358024691358 0.0
0.191358024691358 0.2037037037037037 0.0
0.1913580246913581 0.2160493827160493 0.0
0.191358024691358 0.2283950617283951 0.0
0.191358024691358 0.2407407407407407 0.0
0.191358024691358 0.2530864197530864 0.0
0.191358024691358 0.2654320987654321 0.0
0.191358024691358 0.2777777777777778 0.0
0.191358024691358 0.2901234567901234 0.0
0.191358024691358 0.3024691358024691 0.0
0.191358024691358 0.3148148148148148 0.0
0.191358024691358 0.3271604938271605 0.0
0.191358024691358 0.3395061728395061 0.0
0.191358024691358 0.3518518518518519 0.0
0.191358024691358 0.3641975308641975 0.0
0.1913580246913581 0.3765432098765432 0.0
0.191358024691358 0.3888888888888888 0.0
0.191358024691358 0.4012345679012346 0.0
0.191358024691358 0.4135802469135802 0.0
0.191358024691358 0.4259259259259259 0.0
0.191358024691358 0.4382716049382716 0.0
0.191358024691358 0.4506172839506173 0.0
0.191358024691358 0.4629629629629629 0.0
0.191358024691358 0.4753086419753086 0.0
0.191358024691358 0.4876543209876543 0.0
0.2037037037037037 -0.4876543209876542 0.0
0.2037037037037037 -0.4753086419753086 0.0
0.2037037037037037 -0.4629629629629629 0.0
0.2037037037037037 -0.4506172839506172 0.0
0.2037037037037037 -0.4382716049382717 0.0
0.2037037037037038 -0.4259259259259259 0.0
0.2037037037037037 -0.4135802469135803 0.0
0.2037037037037037 -0.4012345679012346 0.0
0.2037037037037038 -0.3888888888888888 0.0
0.2037037037037037 -0.3765432098765432 0.0
0.2037037037037037 -0.3641975308641975 0.0
0.2037037037037037 -0.3518518518518519 0.0
0.2037037037037037 -0.3395061728395061 0.0
0.2037037037037038 -0.3271604938271605 0.0
0.2037037037037037 -0.3148148148148149 0.0
0.2037037037037037 -0.3024691358024691 0.0
0.2037037037037037 -0.2901234567901234 0.0
0.2037037037037037 -0.2777777777777778 0.0
0.2037037037037037 -0.2654320987654321 0.0
0.2037037037037037 -0.2530864197530864 0.0
0.2037037037037037 -0.2407407407407408 0.0
0.2037037037037037 -0.228395061728395 0.0
0.2037037037037037 -0.2160493827160495 0.0
0.2037037037037037 -0.2037037037037037 0.0
0.2037037037037037 -0.1913580246913579 0.0
0.2037037037037037 -0.1790123456790124 0.0
0.2037037037037037 -0.1666666666666667 0.0
0.2037037037037036 -0.154320987654321 0.0
0.2037037037037037 -0.1419753086419754 0.0
0.2037037037037037 -0.1296296296296297 0.0
0.2037037037037037 -0.1172839506172839 0.0
0.2037037037037037 -0.1049382716049383 0.0
0.2037037037037037 -0.09259259259259256 0.0
0.2037037037037037 -0.08024691358024694 0.0
0.2037037037037038 -0.0679012345679012 0.0
0.2037037037037037 -0.05555555555555557 0.0
0.2037037037037037 -0.04320987654320992 0.0
0.2037037037037037 -0.03086419753086422 0.0
0.2037037037037037 -0.01851851851851853 0.0
0.2037037037037037 -0.006172839506172881 0.0
0.2037037037037037 0.006172839506172881 0.0
0.2037037037037037 0.01851851851851849 0.0
0.2037037037037037 0.03086419753086422 0.0
0.2037037037037037 0.04320987654320983 0.0
0.2037037037037037 0.05555555555555557 0.0
0.2037037037037037 0.0679012345679012 0.0
0.2037037037037037 0.08024691358024694 0.0
0.2037037037037037 0.09259259259259255 0.0
0.2037037037037037 0.1049382716049383 0.0
0.2037037037037037 0.1172839506172839 0.0
0.2037037037037037 0.1296296296296297 0.0
0.2037037037037037 0.1419753086419753 0.0
0.2037037037037037 0.154320987654321 0.0
0.2037037037037037 0.1666666666666666 0.0
0.2037037037037037 0.1790123456790124 0.0
0.2037037037037037 0.191358024691358 0.0
0.2037037037037037 0.2037037037037037 0.0
0.2037037037037037 0.2160493827160493 0.0
0.2037037037037037 0.2283950617283951 0.0
0.2037037037037037 0.2407407407407407 0.0
0.2037037037037038 0.2530864197530864 0.0
0.2037037037037037 0.2654320987654321 0.0
0.2037037037037037 0.2777777777777778 0.0
0.2037037037037037 0.2901234567901234 0.0
0.2037037037037037 0.3024691358024691 0.0
0.2037037037037037 0.3148148148148148 0.0
0.2037037037037037 0.3271604938271605 0.0
0.2037037037037037 0.3395061728395061 0.0
0.2037037037037037 0.3518518518518519 0.0
0.2037037037037037 0.3641975308641975 0.0
0.2037037037037037 0.3765432098765432 0.0
0.2037037037037037 0.3888888888888888 0.0
0.2037037037037037 0.4012345679012346 0.0
0.2037037037037037 0.4135802469135802 0.0
0.2037037037037037 0.4259259259259259 0.0
0.2037037037037037 0.4382716049382716 0.0
0.2037037037037037 0.4506172839506173 0.0
0.2037037037037037 0.4629629629629629 0.0
0.2037037037037037 0.4753086419753086 0.0
0.2037037037037037 0.4876543209876543 0.0
0.2160493827160494 -0.4876543209876543 0.0
0.2160493827160493 -0.4753086419753086 0.0
0.2160493827160494 -0.4629629629629629 0.0
0.2160493827160493 -0.4506172839506173 0.0
0.2160493827160494 -0.4382716049382717 0.0
0.2160493827160493 -0.4259259259259259 0.0
0.2160493827160493 -0.4135802469135803 0.0
0.2160493827160493 -0.4012345679012346 0.0
0.2160493827160494 -0.3888888888888888 0.0
0.2160493827160493 -0.3765432098765432 0.0
0.2160493827160494 -0.3641975308641975 0.0
0.2160493827160494 -0.3518518518518519 0.0
0.2160493827160494 -0.3395061728395061 0.0
0.2160493827160493 -0.3271604938271605 0.0
0.2160493827160494 -0.3148148148148149 0.0
0.2160493827160494 -0.3024691358024691 0.0
0.2160493827160493 -0.2901234567901234 0.0
0.2160493827160493 -0.2777777777777778 0.0
0.2160493827160493 -0.2654320987654321 0.0
0.2160493827160493 -0.2530864197530864 0.0
0.2160493827160493 -0.2407407407407406 0.0
0.2160493827160493 -0.228395061728395 0.0
0.2160493827160493 -0.2160493827160494 0.0
0.2160493827160493 -0.2037037037037037 0.0
0.2160493827160494 -0.191358024691358 0.0
0.2160493827160494 -0.1790123456790124 0.0
0.2160493827160493 -0.1666666666666667 0.0
0.2160493827160495 -0.154320987654321 0.0
0.2160493827160494 -0.1419753086419754 0.0
0.2160493827160493 -0.1296296296296297 0.0
0.2160493827160494 -0.1172839506172839 0.0
0.2160493827160494 -0.1049382716049383 0.0
0.2160493827160494 -0.09259259259259262 0.0
0.2160493827160494 -0.08024691358024694 0.0
0.2160493827160493 -0.06790123456790126 0.0
0.2160493827160493 -0.05555555555555558 0.0
0.2160493827160493 -0.04320987654320992 0.0
0.2160493827160493 -0.03086419753086422 0.0
0.2160493827160493 -0.01851851851851853 0.0
0.2160493827160493 -0.006172839506172867 0.0
0.2160493827160493 0.006172839506172867 0.0
0.2160493827160494 0.01851851851851849 0.0
0.2160493827160493 0.03086419753086422 0.0
0.2160493827160493 0.04320987654320983 0.0
0.2160493827160493 0.05555555555555558 0.0
0.2160493827160493 0.06790123456790119 0.0
0.2160493827160494 0.08024691358024694 0.0
0.2160493827160493 0.09259259259259255 0.0
0.2160493827160493 0.1049382716049383 0.0
0.2160493827160493 0.117283950617284 0.0
0.2160493827160493 0.1296296296296297 0.0
0.2160493827160494 0.1419753086419753 0.0
0.2160493827160493 0.154320987654321 0.0
0.2160493827160494 0.1666666666666666 0.0
0.2160493827160495 0.1790123456790124 0.0
0.2160493827160494 0.191358024691358 0.0
0.2160493827160494 0.2037037037037037 0.0
0.2160493827160493 0.2160493827160493 0.0
0.2160493827160494 0.2283950617283951 0.0
0.2160493827160494 0.2407407407407407 0.0
0.2160493827160494 0.2530864197530864 0.0
0.2160493827160493 0.2654320987654321 0.0
0.2160493827160493 0.2777777777777778 0.0
0.2160493827160493 0.2901234567901234 0.0
0.2160493827160494 0.3024691358024691 0.0
0.2160493827160493 0.3148148148148148 0.0
0.2160493827160493 0.3271604938271605 0.0
0.2160493827160495 0.3395061728395061 0.0
0.2160493827160494 0.3518518518518519 0.0
0.2160493827160493 0.3641975308641975 0.0
0.2160493827160493 0.3765432098765432 0.0
0.2160493827160494 0.3888888888888888 0.0
0.2160493827160495 0.4012345679012346 0.0
0.2160493827160494 0.4135802469135802 0.0
0.2160493827160493 0.4259259259259259 0.0
0.2160493827160494 0.4382716049382716 0.0
0.2160493827160494 0.4506172839506173 0.0
0.2160493827160494 0.4629629629629629 0.0
0.2160493827160494 0.4753086419753086 0.0
0.2160493827160494 0.4876543209876543 0.0
0.228395061728395 -0.4876543209876542 0.0
0.2283950617283951 -0.4753086419753087 0.0
0.2283950617283951 -0.462962962962963 0.0
0.2283950617283951 -0.4506172839506173 0.0
0.2283950617283951 -0.4382716049382717 0.0
0.2283950617283951 -0.4259259259259259 0.0
0.2283950617283951 -0.4135802469135802 0.0
0.2283950617283951 -0.4012345679012346 0.0
0.228395061728395 -0.3888888888888888 0.0
0.228395061728395 -0.3765432098765432 0.0
0.2283950617283951 -0.3641975308641975 0.0
0.2283950617283951 -0.3518518518518519 0.0
0.2283950617283951 -0.3395061728395062 0.0
0.2283950617283951 -0.3271604938271605 0.0
0.228395061728395 -0.3148148148148148 0.0
0.2283950617283951 -0.3024691358024691 0.0
0.2283950617283951 -0.2901234567901234 0.0
0.2283950617283951 -0.2777777777777778 0.0
0.2283950617283951 -0.2654320987654321 0.0
0.2283950617283951 -0.2530864197530864 0.0
0.228395061728395 -0.2407407407407407 0.0
0.2283950617283951 -0.228395061728395 0.0
0.2283950617283951 -0.2160493827160495 0.0
0.2283950617283951 -0.2037037037037037 0.0
0.2283950617283951 -0.1913580246913579 0.0
0.2283950617283951 -0.1790123456790124 0.0
0.228395061728395 -0.1666666666666667 0.0
0.2283950617283951 -0.154320987654321 0.0
0.2283950617283951 -0.1419753086419754 0.0
0.2283950617283951 -0.1296296296296297 0.0
0.2283950617283951 -0.1172839506172839 0.0
0.228395061728395 -0.1049382716049383 0.0
0.228395061728395 -0.09259259259259262 0.0
0.228395061728395 -0.08024691358024694 0.0
0.228395061728395 -0.06790123456790126 0.0
0.2283950617283951 -0.05555555555555559 0.0
0.2283950617283951 -0.04320987654320989 0.0
0.2283950617283951 -0.03086419753086422 0.0
0.2283950617283951 -0.01851851851851856 0.0
0.2283950617283951 -0.006172839506172853 0.0
0.2283950617283951 0.006172839506172853 0.0
0.2283950617283951 0.01851851851851848 0.0
0.2283950617283951 0.03086419753086422 0.0
0.228395061728395 0.04320987654320987 0.0
0.2283950617283951 0.05555555555555559 0.0
0.2283950617283951 0.06790123456790122 0.0
0.2283950617283951 0.08024691358024692 0.0
0.2283950617283951 0.09259259259259255 0.0
0.228395061728395 0.1049382716049383 0.0
0.2283950617283951 0.1172839506172839 0.0
0.2283950617283951 0.1296296296296297 0.0
0.2283950617283951 0.1419753086419753 0.0
0.2283950617283951 0.154320987654321 0.0
0.228395061728395 0.1666666666666666 0.0
0.2283950617283951 0.1790123456790124 0.0
0.2283950617283951 0.191358024691358 0.0
0.2283950617283951 0.2037037037037037 0.0
0.2283950617283951 0.2160493827160493 0.0
0.228395061728395 0.2283950617283951 0.0
0.2283950617283951 0.2407407407407407 0.0
0.2283950617283951 0.2530864197530864 0.0
0.2283950617283951 0.2654320987654321 0.0
0.2283950617283951 0.2777777777777778 0.0
0.2283950617283951 0.2901234567901234 0.0
0.2283950617283951 0.3024691358024691 0.0
0.228395061728395 0.3148148148148148 0.0
0.2283950617283951 0.3271604938271605 0.0
0.2283950617283951 0.3395061728395061 0.0
0.2283950617283951 0.3518518518518519 0.0
0.2283950617283951 0.3641975308641975 0.0
0.228395061728395 0.3765432098765432 0.0
0.228395061728395 0.3888888888888888 0.0
0.2283950617283951 0.4012345679012346 0.0
0.2283950617283951 0.4135802469135802 0.0
0.2283950617283951 0.4259259259259259 0.0
0.2283950617283951 0.4382716049382716 0.0
0.228395061728395 0.4506172839506173 0.0
0.228395061728395 0.4629629629629629 0.0
0.2283950617283951 0.4753086419753086 0.0
0.2283950617283951 0.4876543209876543 0.0
0.2407407407407407 -0.4876543209876543 0.0
0.2407407407407408 -0.4753086419753086 0.0
0.2407407407407407 -0.462962962962963 0.0
0.2407407407407407 -0.4506172839506173 0.0
0.2407407407407407 -0.4382716049382717 0.0
0.2407407407407407 -0.425925925925926 0.0
0.2407407407407406 -0.4135802469135804 0.0
0.2407407407407407 -0.4012345679012346 0.0
0.2407407407407407 -0.3888888888888888 0.0
0.2407407407407407 -0.3765432098765432 0.0
0.2407407407407407 -0.3641975308641975 0.0
0.2407407407407407 -0.3518518518518519 0.0
0.2407407407407407 -0.3395061728395062 0.0
0.2407407407407407 -0.3271604938271605 0.0
0.2407407407407407 -0.3148148148148149 0.0
0.2407407407407407 -0.3024691358024691 0.0
0.2407407407407407 -0.2901234567901234 0.0
0.2407407407407407 -0.2777777777777778 0.0
0.2407407407407408 -0.2654320987654321 0.0
0.2407407407407407 -0.2530864197530864 0.0
0.2407407407407408 -0.2407407407407408 0.0
0.2407407407407407 -0.228395061728395 0.0
0.2407407407407407 -0.2160493827160493 0.0
0.2407407407407407 -0.2037037037037037 0.0
0.2407407407407407 -0.191358024691358 0.0
0.2407407407407407 -0.1790123456790124 0.0
0.2407407407407407 -0.1666666666666667 0.0
0.2407407407407407 -0.154320987654321 0.0
0.2407407407407407 -0.1419753086419752 0.0
0.2407407407407407 -0.1296296296296297 0.0
0.2407407407407407 -0.117283950617284 0.0
0.2407407407407407 -0.1049382716049383 0.0
0.2407407407407407 -0.09259259259259262 0.0
0.2407407407407407 -0.08024691358024694 0.0
0.2407407407407407 -0.06790123456790124 0.0
0.2407407407407408 -0.05555555555555557 0.0
0.2407407407407407 -0.04320987654320989 0.0
0.2407407407407407 -0.03086419753086422 0.0
0.2407407407407407 -0.01851851851851855 0.0
0.2407407407407407 -0.006172839506172881 0.0
0.2407407407407408 0.006172839506172881 0.0
0.2407407407407408 0.0185185185185185 0.0
0.2407407407407407 0.03086419753086422 0.0
0.2407407407407407 0.04320987654320985 0.0
0.2407407407407407 0.05555555555555557 0.0
0.2407407407407407 0.0679012345679012 0.0
0.2407407407407408 0.08024691358024695 0.0
0.2407407407407408 0.09259259259259257 0.0
0.2407407407407407 0.1049382716049383 0.0
0.2407407407407408 0.1172839506172839 0.0
0.2407407407407408 0.1296296296296297 0.0
0.2407407407407407 0.1419753086419753 0.0
0.2407407407407408 0.154320987654321 0.0
0.2407407407407407 0.1666666666666666 0.0
0.2407407407407408 0.1790123456790124 0.0
0.2407407407407407 0.191358024691358 0.0
0.2407407407407407 0.2037037037037037 0.0
0.2407407407407407 0.2160493827160494 0.0
0.2407407407407407 0.2283950617283951 0.0
0.2407407407407409 0.2407407407407407 0.0
0.2407407407407407 0.2530864197530864 0.0
0.2407407407407408 0.2654320987654321 0.0
0.2407407407407407 0.2777777777777778 0.0
0.2407407407407407 0.2901234567901234 0.0
0.2407407407407409 0.3024691358024691 0.0
0.2407407407407407 0.3148148148148148 0.0
0.2407407407407408 0.3271604938271605 0.0
0.2407407407407407 0.3395061728395061 0.0
0.2407407407407407 0.3518518518518519 0.0
0.2407407407407408 0.3641975308641975 0.0
0.2407407407407407 0.3765432098765432 0.0
0.2407407407407408 0.3888888888888888 0.0
0.2407407407407407 0.4012345679012346 0.0
0.2407407407407408 0.4135802469135802 0.0
0.2407407407407408 0.4259259259259259 0.0
0.2407407407407408 0.4382716049382716 0.0
0.2407407407407408 0.4506172839506173 0.0
0.2407407407407408 0.4629629629629629 0.0
0.2407407407407408 0.4753086419753086 0.0
0.2407407407407407 0.4876543209876543 0.0
0.2530864197530864 -0.4876543209876543 0.0
0.2530864197530864 -0.4753086419753086 0.0
0.2530864197530864 -0.462962962962963 0.0
0.2530864197530864 -0.4506172839506173 0.0
0.2530864197530864 -0.4382716049382717 0.0
0.2530864197530864 -0.4259259259259259 0.0
0.2530864197530864 -0.4135802469135804 0.0
0.2530864197530864 -0.4012345679012346 0.0
0.2530864197530864 -0.3888888888888888 0.0
0.2530864197530864 -0.3765432098765432 0.0
0.2530864197530864 -0.3641975308641975 0.0
0.2530864197530864 -0.3518518518518519 0.0
0.2530864197530864 -0.3395061728395061 0.0
0.2530864197530864 -0.3271604938271605 0.0
0.2530864197530864 -0.3148148148148148 0.0
0.2530864197530864 -0.3024691358024691 0.0
0.2530864197530864 -0.2901234567901234 0.0
0.2530864197530864 -0.2777777777777778 0.0
0.2530864197530864 -0.2654320987654321 0.0
0.2530864197530864 -0.2530864197530864 0.0
0.2530864197530864 -0.2407407407407408 0.0
0.2530864197530864 -0.2283950617283951 0.0
0.2530864197530864 -0.2160493827160495 0.0
0.2530864197530864 -0.2037037037037037 0.0
0.2530864197530864 -0.191358024691358 0.0
0.2530864197530864 -0.1790123456790124 0.0
0.2530864197530864 -0.1666666666666666 0.0
0.2530864197530864 -0.154320987654321 0.0
0.2530864197530864 -0.1419753086419754 0.0
0.2530864197530864 -0.1296296296296297 0.0
0.2530864197530864 -0.1172839506172839 0.0
0.2530864197530864 -0.1049382716049383 0.0
0.2530864197530864 -0.09259259259259262 0.0
0.2530864197530864 -0.08024691358024694 0.0
0.2530864197530864 -0.06790123456790126 0.0
0.2530864197530864 -0.05555555555555558 0.0
0.2530864197530865 -0.0432098765432099 0.0
0.2530864197530864 -0.03086419753086422 0.0
0.2530864197530864 -0.01851851851851855 0.0
0.2530864197530864 -0.006172839506172867 0.0
0.2530864197530864 0.006172839506172867 0.0
0.2530864197530864 0.01851851851851849 0.0
0.2530864197530864 0.03086419753086422 0.0
0.2530864197530864 0.04320987654320986 0.0
0.2530864197530864 0.05555555555555558 0.0
0.2530864197530864 0.06790123456790122 0.0
0.2530864197530864 0.08024691358024694 0.0
0.2530864197530864 0.09259259259259255 0.0
0.2530864197530864 0.1049382716049383 0.0
0.2530864197530864 0.1172839506172839 0.0
0.2530864197530864 0.1296296296296297 0.0
0.2530864197530865 0.1419753086419753 0.0
0.2530864197530864 0.154320987654321 0.0
0.2530864197530864 0.1666666666666667 0.0
0.2530864197530865 0.1790123456790124 0.0
0.2530864197530864 0.191358024691358 0.0
0.2530864197530865 0.2037037037037037 0.0
0.2530864197530864 0.2160493827160493 0.0
0.2530864197530864 0.2283950617283951 0.0
0.2530864197530864 0.2407407407407407 0.0
0.2530864197530864 0.2530864197530864 0.0
0.2530864197530864 0.2654320987654321 0.0
0.2530864197530864 0.2777777777777778 0.0
0.2530864197530864 0.2901234567901234 0.0
0.2530864197530864 0.3024691358024691 0.0
0.2530864197530864 0.3148148148148148 0.0
0.2530864197530864 0.3271604938271605 0.0
0.2530864197530864 0.3395061728395061 0.0
0.2530864197530864 0.3518518518518519 0.0
0.2530864197530864 0.3641975308641975 0.0
0.2530864197530864 0.3765432098765432 0.0
0.2530864197530864 0.3888888888888888 0.0
0.2530864197530864 0.4012345679012346 0.0
0.2530864197530864 0.4135802469135802 0.0
0.2530864197530864 0.4259259259259259 0.0
0.2530864197530864 0.4382716049382716 0.0
0.2530864197530864 0.4506172839506173 0.0
0.2530864197530864 0.4629629629629629 0.0
0.2530864197530864 0.4753086419753086 0.0
0.2530864197530864 0.4876543209876543 0.0
0.265432098765432 -0.4876543209876542 0.0
0.2654320987654322 -0.4753086419753086 0.0
0.2654320987654321 -0.4629629629629629 0.0
0.2654320987654321 -0.4506172839506173 0.0
0.2654320987654321 -0.4382716049382717 0.0
0.2654320987654321 -0.4259259259259259 0.0
0.2654320987654321 -0.4135802469135803 0.0
0.2654320987654321 -0.4012345679012346 0.0
0.265432098765432 -0.3888888888888888 0.0
0.2654320987654321 -0.3765432098765432 0.0
0.2654320987654321 -0.3641975308641975 0.0
0.2654320987654321 -0.3518518518518519 0.0
0.2654320987654321 -0.3395061728395062 0.0
0.2654320987654321 -0.3271604938271605 0.0
0.2654320987654321 -0.3148148148148149 0.0
0.2654320987654321 -0.3024691358024691 0.0
0.2654320987654321 -0.2901234567901234 0.0
0.2654320987654321 -0.2777777777777778 0.0
0.2654320987654321 -0.2654320987654321 0.0
0.2654320987654321 -0.2530864197530864 0.0
0.2654320987654321 -0.2407407407407408 0.0
0.2654320987654321 -0.228395061728395 0.0
0.2654320987654321 -0.2160493827160495 0.0
0.2654320987654321 -0.2037037037037037 0.0
0.2654320987654321 -0.191358024691358 0.0
0.2654320987654321 -0.1790123456790124 0.0
0.2654320987654321 -0.1666666666666666 0.0
0.265432098765432 -0.154320987654321 0.0
0.2654320987654321 -0.1419753086419752 0.0
0.2654320987654321 -0.1296296296296297 0.0
0.2654320987654322 -0.117283950617284 0.0
0.2654320987654321 -0.1049382716049383 0.0
0.2654320987654321 -0.09259259259259262 0.0
0.2654320987654321 -0.08024691358024694 0.0
0.2654320987654321 -0.06790123456790126 0.0
0.2654320987654321 -0.05555555555555559 0.0
0.2654320987654321 -0.04320987654320991 0.0
0.2654320987654321 -0.03086419753086422 0.0
0.265432098765432 -0.01851851851851854 0.0
0.265432098765432 -0.006172839506172853 0.0
0.2654320987654321 0.006172839506172853 0.0
0.2654320987654321 0.01851851851851849 0.0
0.2654320987654321 0.03086419753086422 0.0
0.2654320987654321 0.04320987654320986 0.0
0.2654320987654321 0.05555555555555559 0.0
0.2654320987654321 0.0679012345679012 0.0
0.2654320987654321 0.08024691358024694 0.0
0.2654320987654321 0.09259259259259257 0.0
0.2654320987654321 0.1049382716049383 0.0
0.2654320987654321 0.1172839506172839 0.0
0.2654320987654321 0.1296296296296297 0.0
0.2654320987654321 0.1419753086419753 0.0
0.265432098765432 0.154320987654321 0.0
0.2654320987654321 0.1666666666666667 0.0
0.2654320987654321 0.1790123456790124 0.0
0.265432098765432 0.191358024691358 0.0
0.2654320987654321 0.2037037037037037 0.0
0.2654320987654321 0.2160493827160493 0.0
0.2654320987654321 0.2283950617283951 0.0
0.2654320987654321 0.2407407407407407 0.0
0.265432098765432 0.2530864197530864 0.0
0.2654320987654321 0.2654320987654321 0.0
0.2654320987654321 0.2777777777777778 0.0
0.2654320987654321 0.2901234567901234 0.0
0.2654320987654321 0.3024691358024691 0.0
0.265432098765432 0.3148148148148148 0.0
0.2654320987654321 0.3271604938271605 0.0
0.2654320987654321 0.3395061728395061 0.0
0.2654320987654321 0.3518518518518519 0.0
0.2654320987654321 0.3641975308641975 0.0
0.2654320987654321 0.3765432098765432 0.0
0.2654320987654321 0.3888888888888888 0.0
0.2654320987654321 0.4012345679012346 0.0
0.2654320987654321 0.4135802469135802 0.0
0.2654320987654321 0.4259259259259259 0.0
0.2654320987654321 0.4382716049382716 0.0
0.2654320987654321 0.4506172839506173 0.0
0.2654320987654321 0.4629629629629629 0.0
0.2654320987654321 0.4753086419753086 0.0
0.2654320987654321 0.4876543209876543 0.0
0.2777777777777778 -0.4876543209876543 0.0
0.2777777777777778 -0.4753086419753086 0.0
0.2777777777777778 -0.4629629629629629 0.0
0.2777777777777778 -0.4506172839506173 0.0
0.2777777777777778 -0.4382716049382717 0.0
0.2777777777777778 -0.4259259259259259 0.0
0.2777777777777779 -0.4135802469135803 0.0
0.2777777777777778 -0.4012345679012346 0.0
0.2777777777777778 -0.3888888888888888 0.0
0.2777777777777778 -0.3765432098765432 0.0
0.277777777777778 -0.3641975308641975 0.0
0.2777777777777778 -0.3518518518518519 0.0
0.2777777777777778 -0.3395061728395061 0.0
0.2777777777777778 -0.3271604938271605 0.0
0.2777777777777779 -0.3148148148148149 0.0
0.2777777777777778 -0.3024691358024691 0.0
0.2777777777777778 -0.2901234567901234 0.0
0.2777777777777778 -0.2777777777777778 0.0
0.2777777777777777 -0.2654320987654321 0.0
0.2777777777777778 -0.2530864197530864 0.0
0.2777777777777778 -0.2407407407407407 0.0
0.2777777777777778 -0.228395061728395 0.0
0.2777777777777777 -0.2160493827160494 0.0
0.2777777777777778 -0.2037037037037037 0.0
0.2777777777777777 -0.191358024691358 0.0
0.2777777777777778 -0.1790123456790124 0.0
0.2777777777777777 -0.1666666666666667 0.0
0.2777777777777778 -0.154320987654321 0.0
0.2777777777777778 -0.1419753086419754 0.0
0.2777777777777777 -0.1296296296296297 0.0
0.2777777777777778 -0.117283950617284 0.0
0.2777777777777778 -0.1049382716049383 0.0
0.2777777777777778 -0.09259259259259262 0.0
0.2777777777777778 -0.08024691358024694 0.0
0.2777777777777777 -0.06790123456790126 0.0
0.2777777777777778 -0.05555555555555558 0.0
0.2777777777777778 -0.04320987654320992 0.0
0.2777777777777778 -0.03086419753086422 0.0
0.2777777777777778 -0.01851851851851853 0.0
0.2777777777777778 -0.006172839506172867 0.0
0.2777777777777778 0.006172839506172867 0.0
0.2777777777777778 0.01851851851851848 0.0
0.2777777777777778 0.03086419753086422 0.0
0.2777777777777778 0.04320987654320984 0.0
0.2777777777777778 0.05555555555555558 0.0
0.2777777777777778 0.06790123456790119 0.0
0.2777777777777778 0.08024691358024694 0.0
0.2777777777777778 0.09259259259259257 0.0
0.2777777777777778 0.1049382716049383 0.0
0.2777777777777778 0.1172839506172839 0.0
0.2777777777777778 0.1296296296296297 0.0
0.2777777777777778 0.1419753086419753 0.0
0.2777777777777777 0.154320987654321 0.0
0.2777777777777778 0.1666666666666666 0.0
0.2777777777777778 0.1790123456790124 0.0
0.2777777777777778 0.191358024691358 0.0
0.2777777777777778 0.2037037037037037 0.0
0.2777777777777778 0.2160493827160493 0.0
0.2777777777777778 0.2283950617283951 0.0
0.2777777777777778 0.2407407407407407 0.0
0.2777777777777778 0.2530864197530864 0.0
0.2777777777777778 0.2654320987654321 0.0
0.2777777777777778 0.2777777777777778 0.0
0.2777777777777778 0.2901234567901234 0.0
0.2777777777777778 0.3024691358024691 0.0
0.2777777777777777 0.3148148148148148 0.0
0.2777777777777778 0.3271604938271605 0.0
0.2777777777777778 0.3395061728395061 0.0
0.2777777777777778 0.3518518518518519 0.0
0.2777777777777777 0.3641975308641975 0.0
0.2777777777777777 0.3765432098765432 0.0
0.2777777777777778 0.3888888888888888 0.0
0.2777777777777778 0.4012345679012346 0.0
0.2777777777777778 0.4135802469135802 0.0
0.2777777777777777 0.4259259259259259 0.0
0.2777777777777778 0.4382716049382716 0.0
0.2777777777777778 0.4506172839506173 0.0
0.2777777777777778 0.4629629629629629 0.0
0.2777777777777778 0.4753086419753086 0.0
0.2777777777777778 0.4876543209876543 0.0
0.2901234567901236 -0.4876543209876542 0.0
0.2901234567901234 -0.4753086419753086 0.0
0.2901234567901235 -0.462962962962963 0.0
0.2901234567901234 -0.4506172839506173 0.0
0.2901234567901234 -0.4382716049382717 0.0
0.2901234567901233 -0.4259259259259259 0.0
0.2901234567901234 -0.4135802469135803 0.0
0.2901234567901236 -0.4012345679012345 0.0
0.2901234567901234 -0.3888888888888888 0.0
0.2901234567901234 -0.3765432098765432 0.0
0.2901234567901234 -0.3641975308641975 0.0
0.2901234567901234 -0.3518518518518519 0.0
0.2901234567901234 -0.3395061728395062 0.0
0.2901234567901234 -0.3271604938271604 0.0
0.2901234567901235 -0.3148148148148149 0.0
0.2901234567901234 -0.3024691358024691 0.0
0.2901234567901235 -0.2901234567901234 0.0
0.2901234567901234 -0.2777777777777778 0.0
0.2901234567901235 -0.2654320987654321 0.0
0.2901234567901234 -0.2530864197530864 0.0
0.2901234567901234 -0.2407407407407407 0.0
0.2901234567901235 -0.228395061728395 0.0
0.2901234567901234 -0.2160493827160495 0.0
0.2901234567901234 -0.2037037037037037 0.0
0.2901234567901234 -0.191358024691358 0.0
0.2901234567901234 -0.1790123456790124 0.0
0.2901234567901234 -0.1666666666666667 0.0
0.2901234567901234 -0.154320987654321 0.0
0.2901234567901234 -0.1419753086419754 0.0
0.2901234567901234 -0.1296296296296297 0.0
0.2901234567901234 -0.117283950617284 0.0
0.2901234567901234 -0.1049382716049383 0.0
0.2901234567901235 -0.09259259259259262 0.0
0.2901234567901234 -0.08024691358024692 0.0
0.2901234567901234 -0.06790123456790126 0.0
0.2901234567901235 -0.05555555555555559 0.0
0.2901234567901234 -0.04320987654320989 0.0
0.2901234567901234 -0.03086419753086422 0.0
0.2901234567901234 -0.01851851851851855 0.0
0.2901234567901234 -0.00617283950617286 0.0
0.2901234567901235 0.00617283950617286 0.0
0.2901234567901234 0.01851851851851848 0.0
0.2901234567901234 0.03086419753086422 0.0
0.2901234567901234 0.04320987654320984 0.0
0.2901234567901234 0.05555555555555559 0.0
0.2901234567901234 0.0679012345679012 0.0
0.2901234567901234 0.08024691358024692 0.0
0.2901234567901234 0.09259259259259256 0.0
0.2901234567901234 0.1049382716049383 0.0
0.2901234567901234 0.1172839506172839 0.0
0.2901234567901234 0.1296296296296297 0.0
0.2901234567901234 0.1419753086419753 0.0
0.2901234567901234 0.154320987654321 0.0
0.2901234567901234 0.1666666666666666 0.0
0.2901234567901234 0.1790123456790124 0.0
0.2901234567901234 0.191358024691358 0.0
0.2901234567901234 0.2037037037037037 0.0
0.2901234567901235 0.2160493827160493 0.0
0.2901234567901234 0.2283950617283951 0.0
0.2901234567901234 0.2407407407407407 0.0
0.2901234567901234 0.2530864197530864 0.0
0.2901234567901234 0.2654320987654321 0.0
0.2901234567901235 0.2777777777777778 0.0
0.2901234567901235 0.2901234567901234 0.0
0.2901234567901234 0.3024691358024691 0.0
0.2901234567901234 0.3148148148148148 0.0
0.2901234567901234 0.3271604938271605 0.0
0.2901234567901234 0.3395061728395061 0.0
0.2901234567901235 0.3518518518518519 0.0
0.2901234567901234 0.3641975308641975 0.0
0.2901234567901234 0.3765432098765432 0.0
0.2901234567901234 0.3888888888888888 0.0
0.2901234567901234 0.4012345679012346 0.0
0.2901234567901234 0.4135802469135802 0.0
0.2901234567901234 0.4259259259259259 0.0
0.2901234567901234 0.4382716049382716 0.0
0.2901234567901234 0.4506172839506173 0.0
0.2901234567901234 0.4629629629629629 0.0
0.2901234567901235 0.4753086419753086 0.0
0.2901234567901235 0.4876543209876543 0.0
0.3024691358024691 -0.4876543209876543 0.0
0.3024691358024691 -0.4753086419753086 0.0
0.3024691358024692 -0.462962962962963 0.0
0.3024691358024693 -0.4506172839506173 0.0
0.3024691358024691 -0.4382716049382717 0.0
0.3024691358024691 -0.425925925925926 0.0
0.3024691358024691 -0.4135802469135804 0.0
0.302469135802469 -0.4012345679012346 0.0
0.3024691358024692 -0.3888888888888888 0.0
0.3024691358024691 -0.3765432098765432 0.0
0.3024691358024691 -0.3641975308641975 0.0
0.3024691358024691 -0.3518518518518519 0.0
0.3024691358024691 -0.3395061728395062 0.0
0.3024691358024691 -0.3271604938271605 0.0
0.3024691358024693 -0.3148148148148148 0.0
0.3024691358024691 -0.3024691358024691 0.0
0.3024691358024691 -0.2901234567901234 0.0
0.3024691358024691 -0.2777777777777778 0.0
0.3024691358024691 -0.2654320987654321 0.0
0.302469135802469 -0.2530864197530864 0.0
0.3024691358024692 -0.2407407407407408 0.0
0.3024691358024691 -0.228395061728395 0.0
0.3024691358024691 -0.2160493827160494 0.0
0.3024691358024691 -0.2037037037037037 0.0
0.3024691358024691 -0.191358024691358 0.0
0.3024691358024691 -0.1790123456790124 0.0
0.3024691358024692 -0.1666666666666667 0.0
0.3024691358024691 -0.154320987654321 0.0
0.3024691358024691 -0.1419753086419753 0.0
0.3024691358024691 -0.1296296296296297 0.0
0.3024691358024691 -0.117283950617284 0.0
0.3024691358024691 -0.1049382716049383 0.0
0.3024691358024691 -0.09259259259259262 0.0
0.3024691358024691 -0.08024691358024694 0.0
0.3024691358024691 -0.06790123456790124 0.0
0.3024691358024691 -0.05555555555555557 0.0
0.3024691358024691 -0.04320987654320989 0.0
0.3024691358024691 -0.03086419753086422 0.0
0.3024691358024691 -0.01851851851851855 0.0
0.3024691358024691 -0.006172839506172874 0.0
0.3024691358024691 0.006172839506172874 0.0
0.3024691358024691 0.0185185185185185 0.0
0.3024691358024691 0.03086419753086422 0.0
0.3024691358024691 0.04320987654320985 0.0
0.3024691358024691 0.05555555555555557 0.0
0.3024691358024692 0.0679012345679012 0.0
0.3024691358024691 0.08024691358024694 0.0
0.3024691358024691 0.09259259259259257 0.0
0.3024691358024691 0.1049382716049383 0.0
0.3024691358024691 0.1172839506172839 0.0
0.3024691358024692 0.1296296296296297 0.0
0.3024691358024691 0.1419753086419753 0.0
0.3024691358024691 0.154320987654321 0.0
0.3024691358024691 0.1666666666666666 0.0
0.3024691358024691 0.1790123456790124 0.0
0.3024691358024691 0.191358024691358 0.0
0.3024691358024691 0.2037037037037037 0.0
0.3024691358024691 0.2160493827160494 0.0
0.3024691358024691 0.2283950617283951 0.0
0.3024691358024692 0.2407407407407407 0.0
0.3024691358024691 0.2530864197530864 0.0
0.3024691358024691 0.2654320987654321 0.0
0.3024691358024691 0.2777777777777778 0.0
0.3024691358024691 0.2901234567901234 0.0
0.3024691358024692 0.3024691358024691 0.0
0.3024691358024691 0.3148148148148148 0.0
0.3024691358024691 0.3271604938271605 0.0
0.3024691358024691 0.3395061728395061 0.0
0.3024691358024691 0.3518518518518519 0.0
0.3024691358024691 0.3641975308641975 0.0
0.3024691358024691 0.3765432098765432 0.0
0.3024691358024691 0.3888888888888888 0.0
0.3024691358024691 0.4012345679012346 0.0
0.3024691358024691 0.4135802469135802 0.0
0.3024691358024691 0.4259259259259259 0.0
0.3024691358024691 0.4382716049382716 0.0
0.3024691358024692 0.4506172839506173 0.0
0.3024691358024691 0.4629629629629629 0.0
0.3024691358024691 0.4753086419753086 0.0
0.3024691358024691 0.4876543209876543 0.0
0.3148148148148148 -0.4876543209876543 0.0
0.3148148148148148 -0.4753086419753086 0.0
0.3148148148148147 -0.462962962962963 0.0
0.3148148148148148 -0.4506172839506173 0.0
0.3148148148148148 -0.4382716049382717 0.0
0.3148148148148149 -0.4259259259259259 0.0
0.3148148148148147 -0.4135802469135804 0.0
0.3148148148148148 -0.4012345679012346 0.0
0.3148148148148148 -0.3888888888888888 0.0
0.3148148148148148 -0.3765432098765432 0.0
0.3148148148148147 -0.3641975308641975 0.0
0.3148148148148148 -0.3518518518518519 0.0
0.3148148148148148 -0.3395061728395062 0.0
0.3148148148148149 -0.3271604938271605 0.0
0.3148148148148148 -0.3148148148148149 0.0
0.3148148148148148 -0.3024691358024691 0.0
0.3148148148148148 -0.2901234567901234 0.0
0.3148148148148148 -0.2777777777777778 0.0
0.3148148148148148 -0.2654320987654321 0.0
0.3148148148148148 -0.2530864197530864 0.0
0.3148148148148148 -0.2407407407407408 0.0
0.3148148148148148 -0.228395061728395 0.0
0.3148148148148149 -0.2160493827160495 0.0
0.3148148148148148 -0.2037037037037037 0.0
0.3148148148148148 -0.191358024691358 0.0
0.3148148148148148 -0.1790123456790124 0.0
0.3148148148148148 -0.1666666666666667 0.0
0.3148148148148148 -0.154320987654321 0.0
0.3148148148148148 -0.1419753086419754 0.0
0.3148148148148148 -0.1296296296296297 0.0
0.3148148148148149 -0.117283950617284 0.0
0.3148148148148149 -0.1049382716049383 0.0
0.3148148148148148 -0.09259259259259262 0.0
0.3148148148148148 -0.08024691358024694 0.0
0.3148148148148148 -0.06790123456790126 0.0
0.3148148148148148 -0.05555555555555558 0.0
0.3148148148148148 -0.0432098765432099 0.0
0.3148148148148148 -0.03086419753086422 0.0
0.3148148148148148 -0.01851851851851855 0.0
0.3148148148148148 -0.006172839506172867 0.0
0.3148148148148148 0.006172839506172867 0.0
0.3148148148148147 0.0185185185185185 0.0
0.3148148148148148 0.03086419753086422 0.0
0.3148148148148147 0.04320987654320985 0.0
0.3148148148148148 0.05555555555555558 0.0
0.3148148148148147 0.0679012345679012 0.0
0.3148148148148148 0.08024691358024694 0.0
0.3148148148148147 0.09259259259259256 0.0
0.3148148148148147 0.1049382716049383 0.0
0.3148148148148147 0.1172839506172839 0.0
0.3148148148148147 0.1296296296296296 0.0
0.3148148148148147 0.1419753086419753 0.0
0.3148148148148147 0.154320987654321 0.0
0.3148148148148147 0.1666666666666666 0.0
0.3148148148148147 0.1790123456790124 0.0
0.3148148148148148 0.191358024691358 0.0
0.3148148148148147 0.2037037037037037 0.0
0.3148148148148148 0.2160493827160493 0.0
0.3148148148148147 0.2283950617283951 0.0
0.3148148148148147 0.2407407407407407 0.0
0.3148148148148147 0.2530864197530864 0.0
0.3148148148148147 0.2654320987654321 0.0
0.3148148148148148 0.2777777777777778 0.0
0.3148148148148147 0.2901234567901234 0.0
0.3148148148148147 0.3024691358024691 0.0
0.3148148148148148 0.3148148148148148 0.0
0.3148148148148147 0.3271604938271605 0.0
0.3148148148148148 0.3395061728395061 0.0
0.3148148148148148 0.3518518518518519 0.0
0.3148148148148148 0.3641975308641975 0.0
0.3148148148148148 0.3765432098765432 0.0
0.3148148148148148 0.3888888888888888 0.0
0.3148148148148148 0.4012345679012346 0.0
0.3148148148148148 0.4135802469135802 0.0
0.3148148148148148 0.4259259259259259 0.0
0.3148148148148148 0.4382716049382716 0.0
0.3148148148148148 0.4506172839506173 0.0
0.3148148148148148 0.4629629629629629 0.0
0.3148148148148148 0.4753086419753086 0.0
0.3148148148148148 0.4876543209876543 0.0
0.3271604938271604 -0.4876543209876542 0.0
0.3271604938271606 -0.4753086419753086 0.0
0.3271604938271605 -0.4629629629629629 0.0
0.3271604938271604 -0.4506172839506173 0.0
0.3271604938271605 -0.4382716049382717 0.0
0.3271604938271605 -0.4259259259259259 0.0
0.3271604938271604 -0.4135802469135803 0.0
0.3271604938271605 -0.4012345679012346 0.0
0.3271604938271604 -0.3888888888888888 0.0
0.3271604938271605 -0.3765432098765432 0.0
0.3271604938271605 -0.3641975308641975 0.0
0.3271604938271605 -0.3518518518518519 0.0
0.3271604938271606 -0.3395061728395062 0.0
0.3271604938271605 -0.3271604938271605 0.0
0.3271604938271604 -0.3148148148148148 0.0
0.3271604938271605 -0.3024691358024691 0.0
0.3271604938271604 -0.2901234567901234 0.0
0.3271604938271606 -0.2777777777777778 0.0
0.3271604938271605 -0.2654320987654321 0.0
0.3271604938271605 -0.2530864197530864 0.0
0.3271604938271605 -0.2407407407407408 0.0
0.3271604938271605 -0.228395061728395 0.0
0.3271604938271604 -0.2160493827160495 0.0
0.3271604938271605 -0.2037037037037037 0.0
0.3271604938271605 -0.191358024691358 0.0
0.3271604938271605 -0.1790123456790124 0.0
0.3271604938271605 -0.1666666666666667 0.0
0.3271604938271605 -0.154320987654321 0.0
0.3271604938271606 -0.1419753086419754 0.0
0.3271604938271605 -0.1296296296296297 0.0
0.3271604938271605 -0.117283950617284 0.0
0.3271604938271605 -0.1049382716049383 0.0
0.3271604938271606 -0.09259259259259262 0.0
0.3271604938271605 -0.08024691358024694 0.0
0.3271604938271604 -0.06790123456790126 0.0
0.3271604938271605 -0.05555555555555559 0.0
0.3271604938271605 -0.04320987654320991 0.0
0.3271604938271605 -0.03086419753086422 0.0
0.3271604938271604 -0.01851851851851854 0.0
0.3271604938271604 -0.006172839506172853 0.0
0.3271604938271605 0.006172839506172853 0.0
0.3271604938271605 0.01851851851851849 0.0
0.3271604938271605 0.03086419753086422 0.0
0.3271604938271605 0.04320987654320986 0.0
0.3271604938271604 0.05555555555555559 0.0
0.3271604938271605 0.0679012345679012 0.0
0.3271604938271605 0.08024691358024694 0.0
0.3271604938271605 0.09259259259259256 0.0
0.3271604938271605 0.1049382716049383 0.0
0.3271604938271605 0.1172839506172839 0.0
0.3271604938271605 0.1296296296296297 0.0
0.3271604938271605 0.1419753086419753 0.0
0.3271604938271604 0.154320987654321 0.0
0.3271604938271606 0.1666666666666667 0.0
0.3271604938271605 0.1790123456790124 0.0
0.3271604938271604 0.191358024691358 0.0
0.3271604938271605 0.2037037037037037 0.0
0.3271604938271605 0.2160493827160493 0.0
0.3271604938271605 0.2283950617283951 0.0
0.3271604938271605 0.2407407407407407 0.0
0.3271604938271604 0.2530864197530864 0.0
0.3271604938271605 0.2654320987654321 0.0
0.3271604938271605 0.2777777777777778 0.0
0.3271604938271605 0.2901234567901234 0.0
0.3271604938271605 0.3024691358024691 0.0
0.3271604938271604 0.3148148148148148 0.0
0.3271604938271606 0.3271604938271605 0.0
0.3271604938271605 0.3395061728395061 0.0
0.3271604938271605 0.3518518518518519 0.0
0.3271604938271606 0.3641975308641975 0.0
0.3271604938271605 0.3765432098765432 0.0
0.3271604938271605 0.3888888888888888 0.0
0.3271604938271605 0.4012345679012346 0.0
0.3271604938271605 0.4135802469135802 0.0
0.3271604938271606 0.4259259259259259 0.0
0.3271604938271605 0.4382716049382716 0.0
0.3271604938271605 0.4506172839506173 0.0
0.3271604938271605 0.4629629629629629 0.0
0.3271604938271605 0.4753086419753086 0.0
0.3271604938271605 0.4876543209876543 0.0
0.3395061728395061 -0.4876543209876543 0.0
0.3395061728395062 -0.4753086419753086 0.0
0.3395061728395062 -0.4629629629629629 0.0
0.3395061728395061 -0.4506172839506173 0.0
0.3395061728395061 -0.4382716049382717 0.0
0.3395061728395061 -0.4259259259259259 0.0
0.3395061728395063 -0.4135802469135804 0.0
0.3395061728395061 -0.4012345679012346 0.0
0.3395061728395062 -0.3888888888888888 0.0
0.3395061728395061 -0.3765432098765432 0.0
0.3395061728395062 -0.3641975308641975 0.0
0.3395061728395062 -0.3518518518518518 0.0
0.3395061728395063 -0.3395061728395062 0.0
0.3395061728395061 -0.3271604938271605 0.0
0.3395061728395061 -0.3148148148148149 0.0
0.3395061728395061 -0.3024691358024691 0.0
0.3395061728395062 -0.2901234567901234 0.0
0.339506172839506 -0.2777777777777778 0.0
0.3395061728395061 -0.2654320987654321 0.0
0.3395061728395061 -0.2530864197530864 0.0
0.3395061728395061 -0.2407407407407408 0.0
0.3395061728395061 -0.228395061728395 0.0
0.3395061728395061 -0.2160493827160495 0.0
0.3395061728395061 -0.2037037037037037 0.0
0.3395061728395061 -0.191358024691358 0.0
0.3395061728395061 -0.1790123456790124 0.0
0.3395061728395061 -0.1666666666666667 0.0
0.3395061728395061 -0.154320987654321 0.0
0.3395061728395062 -0.1419753086419754 0.0
0.3395061728395061 -0.1296296296296297 0.0
0.3395061728395061 -0.117283950617284 0.0
0.3395061728395062 -0.1049382716049383 0.0
0.3395061728395061 -0.09259259259259262 0.0
0.3395061728395061 -0.08024691358024694 0.0
0.3395061728395061 -0.06790123456790126 0.0
0.3395061728395062 -0.05555555555555557 0.0
0.3395061728395061 -0.04320987654320992 0.0
0.3395061728395062 -0.03086419753086422 0.0
0.3395061728395063 -0.01851851851851853 0.0
0.3395061728395062 -0.006172839506172874 0.0
0.3395061728395061 0.006172839506172874 0.0
0.3395061728395061 0.01851851851851848 0.0
0.3395061728395061 0.03086419753086422 0.0
0.3395061728395062 0.04320987654320983 0.0
0.3395061728395061 0.05555555555555557 0.0
0.3395061728395061 0.06790123456790122 0.0
0.3395061728395061 0.08024691358024694 0.0
0.3395061728395061 0.09259259259259256 0.0
0.3395061728395062 0.1049382716049383 0.0
0.3395061728395061 0.1172839506172839 0.0
0.3395061728395061 0.1296296296296296 0.0
0.3395061728395061 0.1419753086419753 0.0
0.3395061728395061 0.154320987654321 0.0
0.3395061728395062 0.1666666666666667 0.0
0.3395061728395061 0.1790123456790123 0.0
0.3395061728395061 0.191358024691358 0.0
0.3395061728395061 0.2037037037037037 0.0
0.3395061728395061 0.2160493827160493 0.0
0.3395061728395062 0.2283950617283951 0.0
0.3395061728395061 0.2407407407407407 0.0
0.3395061728395061 0.2530864197530864 0.0
0.3395061728395061 0.2654320987654321 0.0
0.3395061728395061 0.2777777777777778 0.0
0.3395061728395061 0.2901234567901234 0.0
0.3395061728395061 0.3024691358024691 0.0
0.3395061728395061 0.3148148148148148 0.0
0.3395061728395061 0.3271604938271605 0.0
0.3395061728395062 0.3395061728395061 0.0
0.3395061728395061 0.3518518518518519 0.0
0.3395061728395061 0.3641975308641975 0.0
0.3395061728395061 0.3765432098765432 0.0
0.3395061728395061 0.3888888888888888 0.0
0.3395061728395062 0.4012345679012346 0.0
0.3395061728395061 0.4135802469135802 0.0
0.3395061728395061 0.4259259259259259 0.0
0.3395061728395061 0.4382716049382716 0.0
0.3395061728395061 0.4506172839506173 0.0
0.3395061728395061 0.4629629629629629 0.0
0.3395061728395061 0.4753086419753086 0.0
0.3395061728395061 0.4876543209876543 0.0
0.351851851851852 -0.4876543209876542 0.0
0.3518518518518519 -0.4753086419753086 0.0
0.3518518518518519 -0.462962962962963 0.0
0.3518518518518519 -0.4506172839506173 0.0
0.3518518518518519 -0.4382716049382717 0.0
0.3518518518518517 -0.4259259259259259 0.0
0.3518518518518519 -0.4135802469135803 0.0
0.3518518518518519 -0.4012345679012345 0.0
0.3518518518518517 -0.3888888888888888 0.0
0.3518518518518519 -0.3765432098765432 0.0
0.3518518518518518 -0.3641975308641975 0.0
0.3518518518518519 -0.3518518518518519 0.0
0.3518518518518518 -0.3395061728395062 0.0
0.3518518518518518 -0.3271604938271606 0.0
0.3518518518518518 -0.3148148148148149 0.0
0.3518518518518519 -0.3024691358024691 0.0
0.3518518518518519 -0.2901234567901234 0.0
0.3518518518518519 -0.2777777777777778 0.0
0.351851851851852 -0.2654320987654321 0.0
0.3518518518518517 -0.2530864197530864 0.0
0.3518518518518519 -0.2407407407407407 0.0
0.3518518518518519 -0.228395061728395 0.0
0.3518518518518519 -0.2160493827160495 0.0
0.3518518518518519 -0.2037037037037037 0.0
0.3518518518518519 -0.191358024691358 0.0
0.3518518518518519 -0.1790123456790124 0.0
0.3518518518518519 -0.1666666666666667 0.0
0.3518518518518519 -0.154320987654321 0.0
0.3518518518518519 -0.1419753086419754 0.0
0.3518518518518519 -0.1296296296296296 0.0
0.3518518518518518 -0.117283950617284 0.0
0.3518518518518519 -0.1049382716049383 0.0
0.3518518518518519 -0.09259259259259262 0.0
0.3518518518518519 -0.08024691358024692 0.0
0.3518518518518519 -0.06790123456790126 0.0
0.3518518518518519 -0.05555555555555559 0.0
0.3518518518518519 -0.04320987654320989 0.0
0.3518518518518519 -0.03086419753086422 0.0
0.3518518518518519 -0.01851851851851855 0.0
0.3518518518518518 -0.00617283950617286 0.0
0.3518518518518519 0.00617283950617286 0.0
0.3518518518518519 0.01851851851851848 0.0
0.3518518518518519 0.03086419753086422 0.0
0.3518518518518519 0.04320987654320984 0.0
0.3518518518518518 0.05555555555555559 0.0
0.3518518518518519 0.0679012345679012 0.0
0.3518518518518519 0.08024691358024692 0.0
0.3518518518518519 0.09259259259259256 0.0
0.3518518518518519 0.1049382716049383 0.0
0.3518518518518519 0.1172839506172839 0.0
0.3518518518518519 0.1296296296296296 0.0
0.3518518518518519 0.1419753086419753 0.0
0.3518518518518519 0.154320987654321 0.0
0.3518518518518519 0.1666666666666666 0.0
0.3518518518518519 0.1790123456790124 0.0
0.3518518518518518 0.191358024691358 0.0
0.3518518518518519 0.2037037037037037 0.0
0.3518518518518519 0.2160493827160493 0.0
0.3518518518518519 0.2283950617283951 0.0
0.3518518518518519 0.2407407407407407 0.0
0.3518518518518519 0.2530864197530864 0.0
0.3518518518518518 0.2654320987654321 0.0
0.3518518518518519 0.2777777777777778 0.0
0.3518518518518519 0.2901234567901234 0.0
0.3518518518518519 0.3024691358024691 0.0
0.3518518518518519 0.3148148148148148 0.0
0.3518518518518518 0.3271604938271605 0.0
0.3518518518518519 0.3395061728395061 0.0
0.3518518518518519 0.3518518518518519 0.0
0.3518518518518519 0.3641975308641975 0.0
0.3518518518518519 0.3765432098765432 0.0
0.3518518518518518 0.3888888888888888 0.0
0.3518518518518519 0.4012345679012346 0.0
0.3518518518518519 0.4135802469135802 0.0
0.3518518518518519 0.4259259259259259 0.0
0.3518518518518519 0.4382716049382716 0.0
0.3518518518518518 0.4506172839506173 0.0
0.3518518518518518 0.4629629629629629 0.0
0.3518518518518519 0.4753086419753086 0.0
0.3518518518518519 0.4876543209876543 0.0
0.3641975308641975 -0.4876543209876543 0.0
0.3641975308641975 -0.4753086419753086 0.0
0.3641975308641974 -0.462962962962963 0.0
0.3641975308641976 -0.4506172839506173 0.0
0.3641975308641975 -0.4382716049382717 0.0
0.3641975308641975 -0.4259259259259259 0.0
0.3641975308641975 -0.4135802469135803 0.0
0.3641975308641974 -0.4012345679012346 0.0
0.3641975308641975 -0.3888888888888888 0.0
0.3641975308641975 -0.3765432098765432 0.0
0.3641975308641975 -0.3641975308641975 0.0
0.3641975308641975 -0.3518518518518519 0.0
0.3641975308641975 -0.3395061728395061 0.0
0.3641975308641975 -0.3271604938271605 0.0
0.3641975308641975 -0.3148148148148149 0.0
0.3641975308641976 -0.3024691358024691 0.0
0.3641975308641975 -0.2901234567901234 0.0
0.3641975308641975 -0.2777777777777778 0.0
0.3641975308641975 -0.2654320987654321 0.0
0.3641975308641975 -0.2530864197530864 0.0
0.3641975308641975 -0.2407407407407408 0.0
0.3641975308641975 -0.228395061728395 0.0
0.3641975308641974 -0.2160493827160494 0.0
0.3641975308641975 -0.2037037037037037 0.0
0.3641975308641975 -0.191358024691358 0.0
0.3641975308641975 -0.1790123456790124 0.0
0.3641975308641974 -0.1666666666666667 0.0
0.3641975308641975 -0.154320987654321 0.0
0.3641975308641975 -0.1419753086419754 0.0
0.3641975308641975 -0.1296296296296297 0.0
0.3641975308641975 -0.117283950617284 0.0
0.3641975308641975 -0.1049382716049383 0.0
0.3641975308641975 -0.09259259259259262 0.0
0.3641975308641975 -0.08024691358024694 0.0
0.3641975308641976 -0.06790123456790127 0.0
0.3641975308641974 -0.05555555555555557 0.0
0.3641975308641975 -0.04320987654320989 0.0
0.3641975308641975 -0.03086419753086422 0.0
0.3641975308641975 -0.01851851851851855 0.0
0.3641975308641975 -0.006172839506172874 0.0
0.3641975308641974 0.006172839506172874 0.0
0.3641975308641975 0.0185185185185185 0.0
0.3641975308641975 0.03086419753086422 0.0
0.3641975308641975 0.04320987654320985 0.0
0.3641975308641975 0.05555555555555557 0.0
0.3641975308641975 0.06790123456790119 0.0
0.3641975308641975 0.08024691358024694 0.0
0.3641975308641974 0.09259259259259253 0.0
0.3641975308641975 0.1049382716049383 0.0
0.3641975308641975 0.1172839506172839 0.0
0.3641975308641975 0.1296296296296297 0.0
0.3641975308641975 0.1419753086419753 0.0
0.3641975308641974 0.154320987654321 0.0
0.3641975308641975 0.1666666666666666 0.0
0.3641975308641975 0.1790123456790124 0.0
0.3641975308641975 0.191358024691358 0.0
0.3641975308641975 0.2037037037037037 0.0
0.3641975308641975 0.2160493827160493 0.0
0.3641975308641975 0.2283950617283951 0.0
0.3641975308641975 0.2407407407407407 0.0
0.3641975308641974 0.2530864197530864 0.0
0.3641975308641975 0.2654320987654321 0.0
0.3641975308641975 0.2777777777777778 0.0
0.3641975308641975 0.2901234567901234 0.0
0.3641975308641975 0.3024691358024691 0.0
0.3641975308641975 0.3148148148148148 0.0
0.3641975308641975 0.3271604938271605 0.0
0.3641975308641975 0.3395061728395061 0.0
0.3641975308641975 0.3518518518518519 0.0
0.3641975308641974 0.3641975308641975 0.0
0.3641975308641975 0.3765432098765432 0.0
0.3641975308641975 0.3888888888888888 0.0
0.3641975308641975 0.4012345679012346 0.0
0.3641975308641975 0.4135802469135802 0.0
0.3641975308641975 0.4259259259259259 0.0
0.3641975308641975 0.4382716049382716 0.0
0.3641975308641975 0.4506172839506173 0.0
0.3641975308641975 0.4629629629629629 0.0
0.3641975308641975 0.4753086419753086 0.0
0.3641975308641974 0.4876543209876543 0.0
0.3765432098765432 -0.4876543209876543 0.0
0.3765432098765432 -0.4753086419753086 0.0
0.3765432098765432 -0.462962962962963 0.0
0.3765432098765432 -0.4506172839506173 0.0
0.3765432098765432 -0.4382716049382717 0.0
0.3765432098765433 -0.4259259259259259 0.0
0.3765432098765432 -0.4135802469135804 0.0
0.3765432098765432 -0.4012345679012346 0.0
0.3765432098765432 -0.3888888888888888 0.0
0.3765432098765432 -0.3765432098765432 0.0
0.3765432098765432 -0.3641975308641975 0.0
0.3765432098765432 -0.3518518518518519 0.0
0.3765432098765432 -0.3395061728395062 0.0
0.3765432098765433 -0.3271604938271605 0.0
0.3765432098765432 -0.3148148148148149 0.0
0.3765432098765432 -0.3024691358024691 0.0
0.3765432098765432 -0.2901234567901234 0.0
0.3765432098765432 -0.2777777777777778 0.0
0.3765432098765432 -0.2654320987654321 0.0
0.3765432098765431 -0.2530864197530864 0.0
0.3765432098765432 -0.2407407407407408 0.0
0.3765432098765432 -0.228395061728395 0.0
0.3765432098765432 -0.2160493827160495 0.0
0.3765432098765432 -0.2037037037037037 0.0
0.3765432098765432 -0.191358024691358 0.0
0.3765432098765432 -0.1790123456790124 0.0
0.3765432098765432 -0.1666666666666667 0.0
0.3765432098765432 -0.154320987654321 0.0
0.3765432098765432 -0.1419753086419754 0.0
0.3765432098765432 -0.1296296296296297 0.0
0.3765432098765433 -0.117283950617284 0.0
0.3765432098765432 -0.1049382716049383 0.0
0.3765432098765432 -0.09259259259259262 0.0
0.3765432098765432 -0.08024691358024688 0.0
0.3765432098765432 -0.06790123456790126 0.0
0.3765432098765432 -0.05555555555555558 0.0
0.3765432098765431 -0.0432098765432099 0.0
0.3765432098765432 -0.03086419753086422 0.0
0.3765432098765433 -0.01851851851851855 0.0
0.3765432098765432 -0.006172839506172867 0.0
0.3765432098765432 0.006172839506172867 0.0
0.3765432098765432 0.01851851851851849 0.0
0.3765432098765432 0.03086419753086422 0.0
0.3765432098765432 0.04320987654320985 0.0
0.3765432098765432 0.05555555555555558 0.0
0.3765432098765432 0.0679012345679012 0.0
0.3765432098765432 0.08024691358024691 0.0
0.3765432098765432 0.09259259259259253 0.0
0.3765432098765432 0.1049382716049383 0.0
0.3765432098765432 0.1172839506172839 0.0
0.3765432098765432 0.1296296296296296 0.0
0.3765432098765432 0.1419753086419752 0.0
0.3765432098765432 0.154320987654321 0.0
0.3765432098765432 0.1666666666666666 0.0
0.3765432098765432 0.1790123456790123 0.0
0.3765432098765432 0.191358024691358 0.0
0.3765432098765432 0.2037037037037037 0.0
0.3765432098765432 0.2160493827160493 0.0
0.3765432098765432 0.2283950617283951 0.0
0.3765432098765432 0.2407407407407407 0.0
0.3765432098765432 0.2530864197530864 0.0
0.3765432098765432 0.2654320987654321 0.0
0.3765432098765432 0.2777777777777778 0.0
0.3765432098765432 0.2901234567901234 0.0
0.3765432098765432 0.3024691358024691 0.0
0.3765432098765432 0.3148148148148148 0.0
0.3765432098765432 0.3271604938271605 0.0
0.3765432098765432 0.3395061728395061 0.0
0.3765432098765432 0.3518518518518519 0.0
0.3765432098765432 0.3641975308641975 0.0
0.3765432098765432 0.3765432098765432 0.0
0.3765432098765432 0.3888888888888888 0.0
0.3765432098765432 0.4012345679012346 0.0
0.3765432098765432 0.4135802469135802 0.0
0.3765432098765432 0.4259259259259259 0.0
0.3765432098765432 0.4382716049382716 0.0
0.3765432098765432 0.4506172839506173 0.0
0.3765432098765432 0.4629629629629629 0.0
0.3765432098765432 0.4753086419753086 0.0
0.3765432098765432 0.4876543209876543 0.0
0.3888888888888888 -0.4876543209876542 0.0
0.388888888888889 -0.4753086419753086 0.0
0.3888888888888888 -0.4629629629629629 0.0
0.3888888888888887 -0.4506172839506173 0.0
0.3888888888888888 -0.4382716049382717 0.0
0.3888888888888888 -0.4259259259259259 0.0
0.3888888888888888 -0.4135802469135804 0.0
0.3888888888888888 -0.4012345679012346 0.0
0.3888888888888888 -0.3888888888888888 0.0
0.3888888888888888 -0.3765432098765432 0.0
0.388888888888889 -0.3641975308641975 0.0
0.3888888888888888 -0.3518518518518519 0.0
0.3888888888888889 -0.3395061728395062 0.0
0.3888888888888888 -0.3271604938271605 0.0
0.3888888888888888 -0.3148148148148149 0.0
0.3888888888888888 -0.3024691358024691 0.0
0.3888888888888888 -0.2901234567901234 0.0
0.3888888888888888 -0.2777777777777778 0.0
0.3888888888888888 -0.2654320987654321 0.0
0.3888888888888888 -0.2530864197530864 0.0
0.388888888888889 -0.2407407407407408 0.0
0.3888888888888888 -0.228395061728395 0.0
0.3888888888888888 -0.2160493827160495 0.0
0.388888888888889 -0.2037037037037037 0.0
0.3888888888888888 -0.191358024691358 0.0
0.3888888888888888 -0.1790123456790124 0.0
0.3888888888888889 -0.1666666666666667 0.0
0.3888888888888888 -0.154320987654321 0.0
0.3888888888888889 -0.1419753086419754 0.0
0.3888888888888888 -0.1296296296296297 0.0
0.3888888888888888 -0.117283950617284 0.0
0.3888888888888888 -0.1049382716049383 0.0
0.3888888888888889 -0.09259259259259262 0.0
0.3888888888888888 -0.08024691358024694 0.0
0.388888888888889 -0.06790123456790124 0.0
0.3888888888888888 -0.05555555555555559 0.0
0.3888888888888889 -0.0432098765432099 0.0
0.3888888888888888 -0.03086419753086422 0.0
0.3888888888888888 -0.01851851851851854 0.0
0.3888888888888888 -0.006172839506172853 0.0
0.3888888888888888 0.006172839506172853 0.0
0.3888888888888889 0.01851851851851849 0.0
0.388888888888889 0.03086419753086422 0.0
0.3888888888888888 0.04320987654320985 0.0
0.3888888888888888 0.05555555555555559 0.0
0.388888888888889 0.0679012345679012 0.0
0.3888888888888889 0.08024691358024696 0.0
0.3888888888888888 0.09259259259259256 0.0
0.3888888888888889 0.1049382716049383 0.0
0.3888888888888889 0.1172839506172839 0.0
0.388888888888889 0.1296296296296297 0.0
0.388888888888889 0.1419753086419753 0.0
0.3888888888888888 0.154320987654321 0.0
0.3888888888888888 0.1666666666666666 0.0
0.3888888888888889 0.1790123456790124 0.0
0.3888888888888888 0.191358024691358 0.0
0.3888888888888888 0.2037037037037037 0.0
0.3888888888888888 0.2160493827160493 0.0
0.3888888888888888 0.228395061728395 0.0
0.3888888888888888 0.2407407407407407 0.0
0.3888888888888888 0.2530864197530864 0.0
0.3888888888888888 0.2654320987654321 0.0
0.3888888888888888 0.2777777777777778 0.0
0.3888888888888888 0.2901234567901234 0.0
0.3888888888888888 0.3024691358024691 0.0
0.3888888888888888 0.3148148148148148 0.0
0.3888888888888888 0.3271604938271605 0.0
0.3888888888888889 0.3395061728395061 0.0
0.3888888888888888 0.3518518518518519 0.0
0.3888888888888889 0.3641975308641975 0.0
0.3888888888888888 0.3765432098765432 0.0
0.3888888888888888 0.3888888888888888 0.0
0.3888888888888888 0.4012345679012346 0.0
0.3888888888888888 0.4135802469135802 0.0
0.3888888888888889 0.4259259259259259 0.0
0.3888888888888888 0.4382716049382716 0.0
0.3888888888888888 0.4506172839506173 0.0
0.3888888888888889 0.4629629629629629 0.0
0.3888888888888888 0.4753086419753086 0.0
0.3888888888888888 0.4876543209876543 0.0
0.4012345679012346 -0.4876543209876543 0.0
0.4012345679012346 -0.4753086419753086 0.0
0.4012345679012347 -0.4629629629629629 0.0
0.4012345679012346 -0.4506172839506173 0.0
0.4012345679012346 -0.4382716049382717 0.0
0.4012345679012346 -0.4259259259259259 0.0
0.4012345679012347 -0.4135802469135804 0.0
0.4012345679012346 -0.4012345679012346 0.0
0.4012345679012346 -0.3888888888888888 0.0
0.4012345679012346 -0.3765432098765432 0.0
0.4012345679012346 -0.3641975308641975 0.0
0.4012345679012346 -0.3518518518518518 0.0
0.4012345679012346 -0.3395061728395062 0.0
0.4012345679012346 -0.3271604938271605 0.0
0.4012345679012345 -0.3148148148148149 0.0
0.4012345679012345 -0.3024691358024691 0.0
0.4012345679012346 -0.2901234567901234 0.0
0.4012345679012345 -0.2777777777777778 0.0
0.4012345679012345 -0.2654320987654321 0.0
0.4012345679012346 -0.2530864197530864 0.0
0.4012345679012346 -0.2407407407407408 0.0
0.4012345679012346 -0.228395061728395 0.0
0.4012345679012346 -0.2160493827160495 0.0
0.4012345679012346 -0.2037037037037037 0.0
0.4012345679012346 -0.191358024691358 0.0
0.4012345679012346 -0.1790123456790124 0.0
0.4012345679012346 -0.1666666666666667 0.0
0.4012345679012346 -0.154320987654321 0.0
0.4012345679012346 -0.1419753086419754 0.0
0.4012345679012346 -0.1296296296296297 0.0
0.4012345679012346 -0.117283950617284 0.0
0.4012345679012346 -0.1049382716049383 0.0
0.4012345679012346 -0.09259259259259262 0.0
0.4012345679012346 -0.08024691358024692 0.0
0.4012345679012346 -0.06790123456790126 0.0
0.4012345679012346 -0.05555555555555558 0.0
0.4012345679012345 -0.04320987654320992 0.0
0.4012345679012346 -0.03086419753086422 0.0
0.4012345679012346 -0.01851851851851853 0.0
0.4012345679012346 -0.00617283950617287 0.0
0.4012345679012346 0.00617283950617287 0.0
0.4012345679012346 0.01851851851851848 0.0
0.4012345679012346 0.03086419753086422 0.0
0.4012345679012346 0.04320987654320983 0.0
0.4012345679012346 0.05555555555555561 0.0
0.4012345679012345 0.06790123456790119 0.0
0.4012345679012346 0.08024691358024692 0.0
0.4012345679012346 0.09259259259259256 0.0
0.4012345679012346 0.1049382716049383 0.0
0.4012345679012346 0.1172839506172839 0.0
0.4012345679012345 0.1296296296296296 0.0
0.4012345679012346 0.1419753086419753 0.0
0.4012345679012346 0.154320987654321 0.0
0.4012345679012346 0.1666666666666667 0.0
0.4012345679012346 0.1790123456790123 0.0
0.4012345679012346 0.191358024691358 0.0
0.4012345679012346 0.2037037037037037 0.0
0.4012345679012346 0.2160493827160493 0.0
0.4012345679012346 0.2283950617283951 0.0
0.4012345679012345 0.2407407407407407 0.0
0.4012345679012346 0.2530864197530864 0.0
0.4012345679012346 0.2654320987654321 0.0
0.4012345679012346 0.2777777777777778 0.0
0.4012345679012346 0.2901234567901234 0.0
0.4012345679012345 0.3024691358024691 0.0
0.4012345679012346 0.3148148148148148 0.0
0.4012345679012346 0.3271604938271605 0.0
0.4012345679012346 0.3395061728395061 0.0
0.4012345679012346 0.3518518518518519 0.0
0.4012345679012345 0.3641975308641975 0.0
0.4012345679012346 0.3765432098765432 0.0
0.4012345679012346 0.3888888888888888 0.0
0.4012345679012346 0.4012345679012346 0.0
0.4012345679012345 0.4135802469135802 0.0
0.4012345679012345 0.4259259259259259 0.0
0.4012345679012346 0.4382716049382716 0.0
0.4012345679012346 0.4506172839506173 0.0
0.4012345679012346 0.4629629629629629 0.0
0.4012345679012345 0.4753086419753086 0.0
0.4012345679012346 0.4876543209876543 0.0
0.4135802469135803 -0.4876543209876542 0.0
0.4135802469135802 -0.4753086419753086 0.0
0.4135802469135801 -0.462962962962963 0.0
0.4135802469135802 -0.4506172839506173 0.0
0.4135802469135802 -0.4382716049382717 0.0
0.4135802469135801 -0.4259259259259259 0.0
0.4135802469135802 -0.4135802469135803 0.0
0.4135802469135802 -0.4012345679012346 0.0
0.4135802469135802 -0.3888888888888888 0.0
0.4135802469135802 -0.3765432098765432 0.0
0.4135802469135802 -0.3641975308641975 0.0
0.4135802469135803 -0.3518518518518519 0.0
0.4135802469135801 -0.3395061728395062 0.0
0.4135802469135802 -0.3271604938271605 0.0
0.4135802469135802 -0.3148148148148149 0.0
0.4135802469135802 -0.3024691358024691 0.0
0.4135802469135803 -0.2901234567901234 0.0
0.4135802469135802 -0.2777777777777778 0.0
0.4135802469135803 -0.2654320987654321 0.0
0.4135802469135802 -0.2530864197530864 0.0
0.4135802469135803 -0.2407407407407408 0.0
0.4135802469135802 -0.228395061728395 0.0
0.4135802469135804 -0.2160493827160495 0.0
0.41358024691358 -0.2037037037037037 0.0
0.4135802469135802 -0.191358024691358 0.0
0.4135802469135802 -0.1790123456790124 0.0
0.4135802469135803 -0.1666666666666667 0.0
0.4135802469135802 -0.154320987654321 0.0
0.4135802469135802 -0.1419753086419754 0.0
0.4135802469135803 -0.1296296296296297 0.0
0.4135802469135801 -0.117283950617284 0.0
0.4135802469135802 -0.1049382716049383 0.0
0.4135802469135802 -0.09259259259259262 0.0
0.4135802469135802 -0.08024691358024695 0.0
0.4135802469135802 -0.06790123456790126 0.0
0.4135802469135802 -0.05555555555555558 0.0
0.4135802469135802 -0.04320987654320989 0.0
0.4135802469135802 -0.03086419753086422 0.0
0.4135802469135803 -0.01851851851851856 0.0
0.4135802469135802 -0.00617283950617286 0.0
0.4135802469135802 0.00617283950617286 0.0
0.4135802469135802 0.0185185185185185 0.0
0.4135802469135802 0.03086419753086422 0.0
0.4135802469135803 0.04320987654320983 0.0
0.4135802469135802 0.05555555555555558 0.0
0.4135802469135802 0.0679012345679012 0.0
0.4135802469135801 0.08024691358024692 0.0
0.4135802469135803 0.09259259259259253 0.0
0.4135802469135803 0.1049382716049383 0.0
0.4135802469135802 0.1172839506172839 0.0
0.4135802469135802 0.1296296296296297 0.0
0.4135802469135802 0.1419753086419753 0.0
0.4135802469135802 0.154320987654321 0.0
0.4135802469135803 0.1666666666666667 0.0
0.4135802469135803 0.1790123456790124 0.0
0.4135802469135802 0.191358024691358 0.0
0.4135802469135801 0.2037037037037037 0.0
0.4135802469135801 0.2160493827160493 0.0
0.4135802469135803 0.2283950617283951 0.0
0.4135802469135802 0.2407407407407407 0.0
0.4135802469135802 0.2530864197530864 0.0
0.4135802469135802 0.2654320987654321 0.0
0.4135802469135802 0.2777777777777778 0.0
0.4135802469135804 0.2901234567901234 0.0
0.4135802469135802 0.3024691358024691 0.0
0.4135802469135802 0.3148148148148148 0.0
0.4135802469135802 0.3271604938271605 0.0
0.4135802469135801 0.3395061728395061 0.0
0.4135802469135803 0.3518518518518519 0.0
0.4135802469135802 0.3641975308641975 0.0
0.4135802469135802 0.3765432098765432 0.0
0.4135802469135802 0.3888888888888888 0.0
0.4135802469135801 0.4012345679012346 0.0
0.4135802469135803 0.4135802469135802 0.0
0.4135802469135802 0.4259259259259259 0.0
0.4135802469135802 0.4382716049382716 0.0
0.4135802469135802 0.4506172839506173 0.0
0.4135802469135801 0.4629629629629629 0.0
0.4135802469135803 0.4753086419753086 0.0
0.4135802469135802 0.4876543209876543 0.0
0.4259259259259259 -0.4876543209876543 0.0
0.4259259259259259 -0.4753086419753086 0.0
0.4259259259259259 -0.462962962962963 0.0
0.425925925925926 -0.4506172839506173 0.0
0.4259259259259259 -0.4382716049382717 0.0
0.4259259259259259 -0.4259259259259259 0.0
0.4259259259259259 -0.4135802469135803 0.0
0.4259259259259258 -0.4012345679012346 0.0
0.4259259259259259 -0.3888888888888888 0.0
0.4259259259259259 -0.3765432098765432 0.0
0.425925925925926 -0.3641975308641975 0.0
0.4259259259259259 -0.3518518518518519 0.0
0.4259259259259259 -0.3395061728395061 0.0
0.4259259259259259 -0.3271604938271605 0.0
0.4259259259259259 -0.3148148148148149 0.0
0.425925925925926 -0.3024691358024691 0.0
0.425925925925926 -0.2901234567901234 0.0
0.4259259259259259 -0.2777777777777778 0.0
0.4259259259259259 -0.2654320987654321 0.0
0.4259259259259259 -0.2530864197530864 0.0
0.4259259259259259 -0.2407407407407408 0.0
0.4259259259259259 -0.228395061728395 0.0
0.4259259259259259 -0.2160493827160494 0.0
0.4259259259259259 -0.2037037037037037 0.0
0.4259259259259259 -0.191358024691358 0.0
0.425925925925926 -0.1790123456790124 0.0
0.4259259259259259 -0.1666666666666667 0.0
0.4259259259259259 -0.154320987654321 0.0
0.4259259259259259 -0.1419753086419754 0.0
0.425925925925926 -0.1296296296296297 0.0
0.425925925925926 -0.117283950617284 0.0
0.4259259259259259 -0.1049382716049383 0.0
0.4259259259259258 -0.09259259259259262 0.0
0.4259259259259259 -0.08024691358024694 0.0
0.4259259259259259 -0.06790123456790127 0.0
0.4259259259259259 -0.05555555555555557 0.0
0.425925925925926 -0.0432098765432099 0.0
0.4259259259259259 -0.03086419753086422 0.0
0.4259259259259259 -0.01851851851851855 0.0
0.4259259259259259 -0.006172839506172877 0.0
0.4259259259259259 0.006172839506172877 0.0
0.4259259259259259 0.0185185185185185 0.0
0.4259259259259259 0.03086419753086422 0.0
0.4259259259259259 0.04320987654320985 0.0
0.425925925925926 0.05555555555555559 0.0
0.4259259259259259 0.06790123456790119 0.0
0.4259259259259259 0.08024691358024694 0.0
0.4259259259259259 0.09259259259259253 0.0
0.4259259259259259 0.1049382716049383 0.0
0.425925925925926 0.1172839506172839 0.0
0.4259259259259259 0.1296296296296297 0.0
0.4259259259259259 0.1419753086419753 0.0
0.4259259259259259 0.154320987654321 0.0
0.4259259259259259 0.1666666666666666 0.0
0.425925925925926 0.1790123456790124 0.0
0.4259259259259259 0.191358024691358 0.0
0.4259259259259259 0.2037037037037037 0.0
0.4259259259259259 0.2160493827160493 0.0
0.4259259259259259 0.2283950617283951 0.0
0.4259259259259259 0.2407407407407407 0.0
0.4259259259259259 0.2530864197530864 0.0
0.425925925925926 0.2654320987654321 0.0
0.4259259259259259 0.2777777777777778 0.0
0.4259259259259259 0.2901234567901234 0.0
0.4259259259259259 0.3024691358024691 0.0
0.4259259259259259 0.3148148148148148 0.0
0.425925925925926 0.3271604938271605 0.0
0.4259259259259259 0.3395061728395061 0.0
0.4259259259259259 0.3518518518518519 0.0
0.4259259259259259 0.3641975308641975 0.0
0.4259259259259259 0.3765432098765432 0.0
0.425925925925926 0.3888888888888888 0.0
0.4259259259259259 0.4012345679012346 0.0
0.4259259259259259 0.4135802469135802 0.0
0.4259259259259259 0.4259259259259259 0.0
0.4259259259259259 0.4382716049382716 0.0
0.425925925925926 0.4506172839506173 0.0
0.4259259259259259 0.4629629629629629 0.0
0.4259259259259259 0.4753086419753086 0.0
0.4259259259259259 0.4876543209876543 0.0
0.4382716049382716 -0.4876543209876543 0.0
0.4382716049382716 -0.4753086419753086 0.0
0.4382716049382716 -0.4629629629629629 0.0
0.4382716049382716 -0.4506172839506173 0.0
0.4382716049382716 -0.4382716049382717 0.0
0.4382716049382717 -0.4259259259259259 0.0
0.4382716049382716 -0.4135802469135803 0.0
0.4382716049382716 -0.4012345679012346 0.0
0.4382716049382716 -0.3888888888888888 0.0
0.4382716049382716 -0.3765432098765432 0.0
0.4382716049382716 -0.3641975308641975 0.0
0.4382716049382716 -0.3518518518518519 0.0
0.4382716049382716 -0.3395061728395062 0.0
0.4382716049382717 -0.3271604938271605 0.0
0.4382716049382716 -0.3148148148148149 0.0
0.4382716049382716 -0.3024691358024691 0.0
0.4382716049382716 -0.2901234567901234 0.0
0.4382716049382716 -0.2777777777777778 0.0
0.4382716049382716 -0.2654320987654321 0.0
0.4382716049382716 -0.2530864197530864 0.0
0.4382716049382716 -0.2407407407407408 0.0
0.4382716049382717 -0.228395061728395 0.0
0.4382716049382716 -0.2160493827160495 0.0
0.4382716049382716 -0.2037037037037037 0.0
0.4382716049382716 -0.191358024691358 0.0
0.4382716049382716 -0.1790123456790124 0.0
0.4382716049382716 -0.1666666666666667 0.0
0.4382716049382716 -0.154320987654321 0.0
0.4382716049382716 -0.1419753086419754 0.0
0.4382716049382717 -0.1296296296296297 0.0
0.4382716049382716 -0.117283950617284 0.0
0.4382716049382716 -0.1049382716049383 0.0
0.4382716049382716 -0.09259259259259262 0.0
0.4382716049382716 -0.08024691358024694 0.0
0.4382716049382716 -0.06790123456790126 0.0
0.4382716049382716 -0.05555555555555558 0.0
0.4382716049382716 -0.0432098765432099 0.0
0.4382716049382717 -0.03086419753086422 0.0
0.4382716049382716 -0.01851851851851855 0.0
0.4382716049382716 -0.006172839506172867 0.0
0.4382716049382716 0.006172839506172867 0.0
0.4382716049382716 0.01851851851851849 0.0
0.4382716049382716 0.03086419753086422 0.0
0.4382716049382716 0.04320987654320985 0.0
0.4382716049382716 0.05555555555555558 0.0
0.4382716049382717 0.0679012345679012 0.0
0.4382716049382717 0.08024691358024694 0.0
0.4382716049382716 0.09259259259259256 0.0
0.4382716049382716 0.1049382716049383 0.0
0.4382716049382716 0.1172839506172839 0.0
0.4382716049382716 0.1296296296296297 0.0
0.4382716049382716 0.1419753086419753 0.0
0.4382716049382716 0.154320987654321 0.0
0.4382716049382717 0.1666666666666666 0.0
0.4382716049382717 0.1790123456790124 0.0
0.4382716049382716 0.191358024691358 0.0
0.4382716049382716 0.2037037037037037 0.0
0.4382716049382716 0.2160493827160493 0.0
0.4382716049382716 0.2283950617283951 0.0
0.4382716049382716 0.2407407407407407 0.0
0.4382716049382716 0.2530864197530864 0.0
0.4382716049382717 0.2654320987654321 0.0
0.4382716049382717 0.2777777777777778 0.0
0.4382716049382716 0.2901234567901234 0.0
0.4382716049382716 0.3024691358024691 0.0
0.4382716049382716 0.3148148148148148 0.0
0.4382716049382716 0.3271604938271605 0.0
0.4382716049382716 0.3395061728395061 0.0
0.4382716049382716 0.3518518518518519 0.0
0.4382716049382716 0.3641975308641975 0.0
0.4382716049382716 0.3765432098765432 0.0
0.4382716049382716 0.3888888888888888 0.0
0.4382716049382716 0.4012345679012346 0.0
0.4382716049382716 0.4135802469135802 0.0
0.4382716049382716 0.4259259259259259 0.0
0.4382716049382716 0.4382716049382716 0.0
0.4382716049382716 0.4506172839506173 0.0
0.4382716049382716 0.4629629629629629 0.0
0.4382716049382716 0.4753086419753086 0.0
0.4382716049382716 0.4876543209876543 0.0
0.4506172839506172 -0.4876543209876542 0.0
0.4506172839506174 -0.4753086419753086 0.0
0.4506172839506173 -0.4629629629629629 0.0
0.4506172839506172 -0.4506172839506173 0.0
0.4506172839506173 -0.4382716049382717 0.0
0.4506172839506173 -0.4259259259259259 0.0
0.4506172839506172 -0.4135802469135804 0.0
0.4506172839506173 -0.4012345679012346 0.0
0.4506172839506173 -0.3888888888888888 0.0
0.4506172839506173 -0.3765432098765432 0.0
0.4506172839506174 -0.3641975308641975 0.0
0.4506172839506173 -0.3518518518518519 0.0
0.4506172839506173 -0.3395061728395062 0.0
0.4506172839506173 -0.3271604938271605 0.0
0.4506172839506173 -0.3148148148148149 0.0
0.4506172839506173 -0.3024691358024691 0.0
0.4506172839506172 -0.2901234567901234 0.0
0.4506172839506173 -0.2777777777777778 0.0
0.4506172839506173 -0.2654320987654321 0.0
0.4506172839506173 -0.2530864197530864 0.0
0.4506172839506173 -0.2407407407407408 0.0
0.4506172839506172 -0.228395061728395 0.0
0.4506172839506172 -0.2160493827160495 0.0
0.4506172839506173 -0.2037037037037037 0.0
0.4506172839506173 -0.191358024691358 0.0
0.4506172839506173 -0.1790123456790124 0.0
0.4506172839506172 -0.1666666666666667 0.0
0.4506172839506173 -0.154320987654321 0.0
0.4506172839506172 -0.1419753086419754 0.0
0.4506172839506174 -0.1296296296296297 0.0
0.4506172839506173 -0.117283950617284 0.0
0.4506172839506171 -0.1049382716049383 0.0
0.4506172839506173 -0.09259259259259262 0.0
0.4506172839506173 -0.08024691358024694 0.0
0.4506172839506173 -0.06790123456790124 0.0
0.4506172839506173 -0.05555555555555559 0.0
0.4506172839506173 -0.04320987654320991 0.0
0.4506172839506173 -0.03086419753086422 0.0
0.4506172839506172 -0.01851851851851854 0.0
0.4506172839506173 -0.006172839506172855 0.0
0.4506172839506173 0.006172839506172855 0.0
0.4506172839506173 0.01851851851851848 0.0
0.4506172839506173 0.03086419753086422 0.0
0.4506172839506172 0.04320987654320983 0.0
0.4506172839506173 0.05555555555555559 0.0
0.4506172839506173 0.06790123456790119 0.0
0.4506172839506173 0.08024691358024696 0.0
0.4506172839506173 0.09259259259259256 0.0
0.4506172839506172 0.1049382716049383 0.0
0.4506172839506173 0.1172839506172839 0.0
0.4506172839506173 0.1296296296296297 0.0
0.4506172839506173 0.1419753086419753 0.0
0.4506172839506173 0.154320987654321 0.0
0.4506172839506172 0.1666666666666666 0.0
0.4506172839506173 0.1790123456790124 0.0
0.4506172839506173 0.191358024691358 0.0
0.4506172839506173 0.2037037037037037 0.0
0.4506172839506173 0.2160493827160493 0.0
0.4506172839506172 0.228395061728395 0.0
0.4506172839506173 0.2407407407407407 0.0
0.4506172839506173 0.2530864197530864 0.0
0.4506172839506173 0.2654320987654321 0.0
0.4506172839506173 0.2777777777777778 0.0
0.4506172839506172 0.2901234567901234 0.0
0.4506172839506173 0.3024691358024691 0.0
0.4506172839506173 0.3148148148148148 0.0
0.4506172839506173 0.3271604938271605 0.0
0.4506172839506173 0.3395061728395061 0.0
0.4506172839506172 0.3518518518518519 0.0
0.4506172839506173 0.3641975308641975 0.0
0.4506172839506173 0.3765432098765432 0.0
0.4506172839506172 0.3888888888888888 0.0
0.4506172839506173 0.4012345679012346 0.0
0.4506172839506172 0.4135802469135802 0.0
0.4506172839506173 0.4259259259259259 0.0
0.4506172839506173 0.4382716049382716 0.0
0.4506172839506172 0.4506172839506173 0.0
0.4506172839506173 0.4629629629629629 0.0
0.4506172839506173 0.4753086419753086 0.0
0.4506172839506173 0.4876543209876543 0.0
0.4629629629629629 -0.4876543209876543 0.0
0.4629629629629629 -0.4753086419753086 0.0
0.462962962962963 -0.4629629629629629 0.0
0.4629629629629629 -0.4506172839506173 0.0
0.4629629629629629 -0.4382716049382717 0.0
0.4629629629629629 -0.4259259259259259 0.0
0.462962962962963 -0.4135802469135804 0.0
0.4629629629629629 -0.4012345679012346 0.0
0.462962962962963 -0.3888888888888888 0.0
0.4629629629629629 -0.3765432098765432 0.0
0.4629629629629629 -0.3641975308641975 0.0
0.4629629629629629 -0.3518518518518519 0.0
0.462962962962963 -0.3395061728395062 0.0
0.4629629629629628 -0.3271604938271605 0.0
0.4629629629629629 -0.3148148148148149 0.0
0.4629629629629629 -0.3024691358024691 0.0
0.4629629629629629 -0.2901234567901234 0.0
0.4629629629629629 -0.2777777777777778 0.0
0.4629629629629629 -0.2654320987654321 0.0
0.4629629629629629 -0.2530864197530864 0.0
0.4629629629629629 -0.2407407407407408 0.0
0.4629629629629629 -0.228395061728395 0.0
0.4629629629629629 -0.2160493827160495 0.0
0.4629629629629631 -0.2037037037037037 0.0
0.4629629629629629 -0.191358024691358 0.0
0.462962962962963 -0.1790123456790124 0.0
0.4629629629629629 -0.1666666666666667 0.0
0.462962962962963 -0.154320987654321 0.0
0.462962962962963 -0.1419753086419754 0.0
0.4629629629629629 -0.1296296296296297 0.0
0.4629629629629629 -0.117283950617284 0.0
0.4629629629629629 -0.1049382716049383 0.0
0.462962962962963 -0.09259259259259262 0.0
0.462962962962963 -0.08024691358024692 0.0
0.4629629629629629 -0.06790123456790126 0.0
0.4629629629629629 -0.05555555555555557 0.0
0.4629629629629628 -0.04320987654320992 0.0
0.4629629629629629 -0.03086419753086428 0.0
0.4629629629629629 -0.01851851851851853 0.0
0.4629629629629629 -0.006172839506172872 0.0
0.4629629629629629 0.006172839506172872 0.0
0.4629629629629629 0.01851851851851848 0.0
0.4629629629629629 0.03086419753086425 0.0
0.4629629629629629 0.04320987654320983 0.0
0.4629629629629629 0.05555555555555557 0.0
0.4629629629629629 0.0679012345679012 0.0
0.462962962962963 0.08024691358024695 0.0
0.4629629629629629 0.09259259259259259 0.0
0.4629629629629629 0.1049382716049383 0.0
0.4629629629629629 0.1172839506172839 0.0
0.462962962962963 0.1296296296296297 0.0
0.462962962962963 0.1419753086419753 0.0
0.4629629629629631 0.154320987654321 0.0
0.4629629629629629 0.1666666666666666 0.0
0.4629629629629629 0.1790123456790124 0.0
0.4629629629629629 0.191358024691358 0.0
0.462962962962963 0.2037037037037037 0.0
0.462962962962963 0.2160493827160494 0.0
0.4629629629629629 0.228395061728395 0.0
0.4629629629629629 0.2407407407407407 0.0
0.4629629629629629 0.2530864197530864 0.0
0.4629629629629629 0.2654320987654321 0.0
0.462962962962963 0.2777777777777778 0.0
0.4629629629629629 0.2901234567901234 0.0
0.4629629629629629 0.3024691358024691 0.0
0.462962962962963 0.3148148148148148 0.0
0.4629629629629629 0.3271604938271605 0.0
0.4629629629629631 0.3395061728395061 0.0
0.4629629629629629 0.3518518518518519 0.0
0.462962962962963 0.3641975308641975 0.0
0.4629629629629629 0.3765432098765432 0.0
0.4629629629629629 0.3888888888888888 0.0
0.4629629629629631 0.4012345679012346 0.0
0.4629629629629629 0.4135802469135802 0.0
0.4629629629629629 0.4259259259259259 0.0
0.4629629629629629 0.4382716049382716 0.0
0.4629629629629629 0.4506172839506173 0.0
0.462962962962963 0.4629629629629629 0.0
0.4629629629629629 0.4753086419753086 0.0
0.4629629629629629 0.4876543209876543 0.0
0.4753086419753087 -0.4876543209876542 0.0
0.4753086419753086 -0.4753086419753086 0.0
0.4753086419753086 -0.462962962962963 0.0
0.4753086419753086 -0.4506172839506173 0.0
0.4753086419753086 -0.4382716049382717 0.0
0.4753086419753085 -0.4259259259259259 0.0
0.4753086419753086 -0.4135802469135803 0.0
0.4753086419753086 -0.4012345679012346 0.0
0.4753086419753086 -0.3888888888888888 0.0
0.4753086419753086 -0.3765432098765432 0.0
0.4753086419753086 -0.3641975308641975 0.0
0.4753086419753088 -0.3518518518518519 0.0
0.4753086419753085 -0.3395061728395062 0.0
0.4753086419753086 -0.3271604938271605 0.0
0.4753086419753086 -0.3148148148148149 0.0
0.4753086419753086 -0.3024691358024691 0.0
0.4753086419753086 -0.2901234567901234 0.0
0.4753086419753086 -0.2777777777777778 0.0
0.4753086419753086 -0.2654320987654321 0.0
0.4753086419753086 -0.2530864197530864 0.0
0.4753086419753087 -0.2407407407407408 0.0
0.4753086419753086 -0.228395061728395 0.0
0.4753086419753087 -0.2160493827160495 0.0
0.4753086419753085 -0.2037037037037037 0.0
0.4753086419753086 -0.191358024691358 0.0
0.4753086419753086 -0.1790123456790124 0.0
0.4753086419753088 -0.1666666666666667 0.0
0.4753086419753086 -0.154320987654321 0.0
0.4753086419753086 -0.1419753086419754 0.0
0.4753086419753086 -0.1296296296296297 0.0
0.4753086419753086 -0.117283950617284 0.0
0.4753086419753086 -0.1049382716049383 0.0
0.4753086419753086 -0.09259259259259262 0.0
0.4753086419753086 -0.08024691358024695 0.0
0.4753086419753086 -0.06790123456790126 0.0
0.4753086419753086 -0.05555555555555559 0.0
0.4753086419753087 -0.04320987654320989 0.0
0.4753086419753086 -0.03086419753086417 0.0
0.4753086419753086 -0.01851851851851856 0.0
0.4753086419753086 -0.006172839506172861 0.0
0.4753086419753086 0.006172839506172861 0.0
0.4753086419753086 0.01851851851851847 0.0
0.4753086419753086 0.0308641975308642 0.0
0.4753086419753087 0.04320987654320986 0.0
0.4753086419753086 0.05555555555555559 0.0
0.4753086419753086 0.0679012345679012 0.0
0.4753086419753086 0.08024691358024692 0.0
0.4753086419753086 0.09259259259259253 0.0
0.4753086419753087 0.1049382716049383 0.0
0.4753086419753086 0.1172839506172839 0.0
0.4753086419753086 0.1296296296296297 0.0
0.4753086419753086 0.1419753086419753 0.0
0.4753086419753086 0.154320987654321 0.0
0.4753086419753087 0.1666666666666667 0.0
0.4753086419753086 0.1790123456790124 0.0
0.4753086419753086 0.191358024691358 0.0
0.4753086419753086 0.2037037037037037 0.0
0.4753086419753086 0.2160493827160493 0.0
0.4753086419753087 0.2283950617283951 0.0
0.4753086419753086 0.2407407407407407 0.0
0.4753086419753086 0.2530864197530864 0.0
0.4753086419753086 0.2654320987654321 0.0
0.4753086419753086 0.2777777777777778 0.0
0.4753086419753087 0.2901234567901234 0.0
0.4753086419753086 0.3024691358024691 0.0
0.4753086419753086 0.3148148148148148 0.0
0.4753086419753086 0.3271604938271605 0.0
0.4753086419753086 0.3395061728395061 0.0
0.4753086419753087 0.3518518518518519 0.0
0.4753086419753086 0.3641975308641975 0.0
0.4753086419753086 0.3765432098765432 0.0
0.4753086419753086 0.3888888888888888 0.0
0.4753086419753086 0.4012345679012346 0.0
0.4753086419753087 0.4135802469135802 0.0
0.4753086419753086 0.4259259259259259 0.0
0.4753086419753086 0.4382716049382716 0.0
0.4753086419753086 0.4506172839506173 0.0
0.4753086419753086 0.4629629629629629 0.0
0.4753086419753087 0.4753086419753086 0.0
0.4753086419753086 0.4876543209876543 0.0
0.4876543209876543 -0.4876543209876543 0.0
0.4876543209876543 -0.4753086419753086 0.0
0.4876543209876542 -0.462962962962963 0.0
0.4876543209876544 -0.4506172839506173 0.0
0.4876543209876543 -0.4382716049382717 0.0
0.4876543209876543 -0.4259259259259259 0.0
0.4876543209876543 -0.4135802469135803 0.0
0.4876543209876543 -0.4012345679012346 0.0
0.4876543209876542 -0.3888888888888888 0.0
0.4876543209876543 -0.3765432098765432 0.0
0.4876543209876542 -0.3641975308641975 0.0
0.4876543209876543 -0.3518518518518519 0.0
0.4876543209876543 -0.3395061728395062 0.0
0.4876543209876543 -0.3271604938271605 0.0
0.4876543209876543 -0.3148148148148149 0.0
0.4876543209876543 -0.3024691358024691 0.0
0.4876543209876544 -0.2901234567901234 0.0
0.4876543209876544 -0.2777777777777778 0.0
0.4876543209876544 -0.2654320987654321 0.0
0.4876543209876543 -0.2530864197530864 0.0
0.4876543209876542 -0.2407407407407408 0.0
0.4876543209876543 -0.228395061728395 0.0
0.4876543209876542 -0.2160493827160495 0.0
0.4876543209876542 -0.2037037037037037 0.0
0.4876543209876543 -0.191358024691358 0.0
0.4876543209876543 -0.1790123456790124 0.0
0.4876543209876543 -0.1666666666666667 0.0
0.4876543209876543 -0.154320987654321 0.0
0.4876543209876543 -0.1419753086419754 0.0
0.4876543209876543 -0.1296296296296297 0.0
0.4876543209876544 -0.117283950617284 0.0
0.4876543209876544 -0.1049382716049383 0.0
0.4876543209876543 -0.09259259259259262 0.0
0.4876543209876542 -0.08024691358024694 0.0
0.4876543209876543 -0.06790123456790127 0.0
0.4876543209876543 -0.05555555555555557 0.0
0.4876543209876543 -0.04320987654320989 0.0
0.4876543209876543 -0.03086419753086422 0.0
0.4876543209876542 -0.01851851851851855 0.0
0.4876543209876543 -0.006172839506172877 0.0
0.4876543209876543 0.006172839506172877 0.0
0.4876543209876542 0.01851851851851847 0.0
0.4876543209876544 0.03086419753086422 0.0
0.4876543209876543 0.04320987654320987 0.0
0.4876543209876543 0.05555555555555557 0.0
0.4876543209876543 0.06790123456790122 0.0
0.4876543209876542 0.08024691358024691 0.0
0.4876543209876543 0.09259259259259256 0.0
0.4876543209876543 0.1049382716049383 0.0
0.4876543209876543 0.1172839506172839 0.0
0.4876543209876543 0.1296296296296297 0.0
0.4876543209876542 0.1419753086419752 0.0
0.4876543209876543 0.154320987654321 0.0
0.4876543209876543 0.1666666666666667 0.0
0.4876543209876542 0.1790123456790123 0.0
0.4876543209876543 0.191358024691358 0.0
0.4876543209876543 0.2037037037037037 0.0
0.4876543209876544 0.2160493827160493 0.0
0.4876543209876543 0.2283950617283951 0.0
0.4876543209876542 0.2407407407407407 0.0
0.4876543209876543 0.2530864197530864 0.0
0.4876543209876543 0.2654320987654321 0.0
0.4876543209876544 0.2777777777777778 0.0
0.4876543209876543 0.2901234567901234 0.0
0.4876543209876543 0.3024691358024691 0.0
0.4876543209876543 0.3148148148148148 0.0
0.4876543209876543 0.3271604938271605 0.0
0.4876543209876542 0.3395061728395061 0.0
0.4876543209876543 0.3518518518518519 0.0
0.4876543209876543 0.3641975308641975 0.0
0.4876543209876543 0.3765432098765432 0.0
0.4876543209876544 0.3888888888888888 0.0
0.4876543209876543 0.4012345679012346 0.0
0.4876543209876543 0.4135802469135802 0.0
0.4876543209876542 0.4259259259259259 0.0
0.4876543209876543 0.4382716049382716 0.0
0.4876543209876544 0.4506172839506173 0.0
0.4876543209876544 0.4629629629629629 0.0
0.4876543209876543 0.4753086419753086 0.0
0.4876543209876542 0.4876543209876543 0.0
0.0 -0.5 0.0
-1.0408340855860843e-17 -0.49382716049382713 0.0
0.0 -0.4876543209876543 0.0
1.3877787807814457e-17 -0.48148148148148145 0.0
-8.673617379884035e-19 -0.4753086419753086 0.0
-1.1275702593849246e-17 -0.4691358024691358 0.0
0.0 -0.462962962962963 0.0
1.8214596497756474e-17 -0.45679012345679015 0.0
-8.673617379884035e-19 -0.4506172839506173 0.0
-1.3877787807814457e-17 -0.4444444444444444 0.0
0.0 -0.4382716049382716 0.0
-1.0408340855860843e-17 -0.43209876543209874 0.0
0.0 -0.4259259259259259 0.0
1.734723475976807e-17 -0.41975308641975306 0.0
0.0 -0.4135802469135803 0.0
-1.0408340855860843e-17 -0.40740740740740744 0.0
0.0 -0.4012345679012346 0.0
1.734723475976807e-17 -0.3950617283950617 0.0
0.0 -0.3888888888888888 0.0
-1.3877787807814457e-17 -0.382716049382716 0.0
0.0 -0.3765432098765432 0.0
-8.673617379884035e-18 -0.37037037037037035 0.0
0.0 -0.3641975308641975 0.0
1.474514954580286e-17 -0.3580246913580247 0.0
0.0 -0.3518518518518519 0.0
-1.3877787807814457e-17 -0.345679012345679 0.0
0.0 -0.3395061728395061 0.0
2.0816681711721685e-17 -0.3333333333333333 0.0
0.0 -0.3271604938271605 0.0
-1.3877787807814457e-17 -0.32098765432098764 0.0
0.0 -0.3148148148148148 0.0
-6.938893903907228e-18 -0.30864197530864196 0.0
0.0 -0.3024691358024691 0.0
1.3877787807814457e-17 -0.2962962962962963 0.0
0.0 -0.2901234567901234 0.0
-6.938893903907228e-18 -0.2839506172839506 0.0
0.0 -0.2777777777777778 0.0
1.3877787807814457e-17 -0.2716049382716049 0.0
0.0 -0.2654320987654321 0.0
-1.3877787807814457e-17 -0.25925925925925924 0.0
0.0 -0.2530864197530864 0.0
-1.3877787807814457e-17 -0.24691358024691354 0.0
0.0 -0.24074074074074064 0.0
2.7755575615628914e-17 -0.23456790123456778 0.0
0.0 -0.228395061728395 0.0
-1.3877787807814457e-17 -0.2222222222222222 0.0
0.0 -0.2160493827160494 0.0
-1.3877787807814457e-17 -0.20987654320987653 0.0
0.0 -0.2037037037037037 0.0
1.3877787807814457e-17 -0.19753086419753085 0.0
0.0 -0.191358024691358 0.0
-1.3877787807814457e-17 -0.18518518518518517 0.0
0.0 -0.1790123456790124 0.0
2.7755575615628914e-17 -0.1728395061728395 0.0
0.0 -0.16666666666666666 0.0
-1.3877787807814457e-17 -0.16049382716049387 0.0
0.0 -0.154320987654321 0.0
-1.3010426069826053e-17 -0.14814814814814808 0.0
0.0 -0.1419753086419752 0.0
1.3010426069826053e-17 -0.13580246913580246 0.0
0.0 -0.1296296296296297 0.0
0.0 -0.12345679012345681 0.0
0.0 -0.1172839506172839 0.0
1.3877787807814457e-17 -0.1111111111111111 0.0
0.0 -0.1049382716049383 0.0
-1.3877787807814457e-17 -0.09876543209876543 0.0
0.0 -0.09259259259259255 0.0
-1.3877787807814457e-17 -0.08641975308641973 0.0
0.0 -0.08024691358024694 0.0
1.3877787807814457e-17 -0.07407407407407407 0.0
0.0 -0.06790123456790119 0.0
0.0 -0.061728395061728385 0.0
0.0 -0.05555555555555558 0.0
1.3877787807814457e-17 -0.04938271604938271 0.0
0.0 -0.04320987654320985 0.0
-1.3877787807814457e-17 -0.037037037037037035 0.0
0.0 -0.03086419753086422 0.0
-1.3877787807814457e-17 -0.024691358024691357 0.0
0.0 -0.01851851851851849 0.0
1.3877787807814457e-17 -0.012345679012345678 0.0
0.0 -0.006172839506172867 0.0
0.0 0.0 0.0
0.0 0.006172839506172867 0.0
-1.3877787807814457e-17 0.012345679012345694 0.0
0.0 0.01851851851851852 0.0
1.3877787807814457e-17 0.02469135802469137 0.0
0.0 0.03086419753086422 0.0
1.3877787807814457e-17 0.03703703703703704 0.0
0.0 0.04320987654320987 0.0
-1.3877787807814457e-17 0.04938271604938273 0.0
0.0 0.05555555555555558 0.0
0.0 0.061728395061728406 0.0
0.0 0.06790123456790123 0.0
-1.3877787807814457e-17 0.07407407407407408 0.0
0.0 0.08024691358024694 0.0
1.3877787807814457e-17 0.08641975308641976 0.0
0.0 0.09259259259259259 0.0
1.3877787807814457e-17 0.09876543209876544 0.0
0.0 0.1049382716049383 0.0
-1.3877787807814457e-17 0.1111111111111111 0.0
0.0 0.1172839506172839 0.0
0.0 0.12345679012345681 0.0
0.0 0.1296296296296297 0.0
-1.3877787807814457e-17 0.13580246913580252 0.0
0.0 0.1419753086419753 0.0
1.3877787807814457e-17 0.14814814814814814 0.0
0.0 0.154320987654321 0.0
1.3877787807814457e-17 0.16049382716049382 0.0
0.0 0.1666666666666666 0.0
-2.7755575615628914e-17 0.1728395061728395 0.0
0.0 0.1790123456790124 0.0
1.3877787807814457e-17 0.18518518518518517 0.0
0.0 0.191358024691358 0.0
-1.3877787807814457e-17 0.19753086419753085 0.0
0.0 0.2037037037037037 0.0
1.3877787807814457e-17 0.20987654320987648 0.0
0.0 0.2160493827160493 0.0
1.3877787807814457e-17 0.2222222222222222 0.0
0.0 0.2283950617283951 0.0
-2.7755575615628914e-17 0.2345679012345679 0.0
0.0 0.2407407407407407 0.0
1.3877787807814457e-17 0.24691358024691354 0.0
0.0 0.2530864197530864 0.0
1.3877787807814457e-17 0.25925925925925924 0.0
0.0 0.2654320987654321 0.0
-1.3877787807814457e-17 0.2716049382716049 0.0
0.0 0.2777777777777778 0.0
1.3877787807814457e-17 0.2839506172839506 0.0
0.0 0.2901234567901234 0.0
-1.3877787807814457e-17 0.2962962962962963 0.0
0.0 0.3024691358024691 0.0
0.0 0.30864197530864196 0.0
0.0 0.3148148148148148 0.0
1.3877787807814457e-17 0.32098765432098764 0.0
0.0 0.3271604938271605 0.0
-2.7755575615628914e-17 0.3333333333333333 0.0
0.0 0.3395061728395061 0.0
2.7755575615628914e-17 0.345679012345679 0.0
0.0 0.3518518518518519 0.0
-2.7755575615628914e-17 0.3580246913580247 0.0
0.0 0.3641975308641975 0.0
1.3877787807814457e-17 0.37037037037037035 0.0
0.0 0.3765432098765432 0.0
1.3877787807814457e-17 0.382716049382716 0.0
0.0 0.3888888888888888 0.0
-1.3877787807814457e-17 0.3950617283950617 0.0
0.0 0.4012345679012346 0.0
0.0 0.4074074074074074 0.0
0.0 0.4135802469135802 0.0
-1.3877787807814457e-17 0.41975308641975306 0.0
0.0 0.4259259259259259 0.0
1.3877787807814457e-17 0.43209876543209874 0.0
0.0 0.4382716049382716 0.0
1.3877787807814457e-17 0.4444444444444444 0.0
0.0 0.4506172839506173 0.0
-1.3877787807814457e-17 0.4567901234567901 0.0
0.0 0.4629629629629629 0.0
0.0 0.4691358024691358 0.0
0.0 0.4753086419753086 0.0
-1.3877787807814457e-17 0.48148148148148145 0.0
-1.3877787807814457e-17 0.4876543209876543 0.0
0.0 0.49382716049382713 0.0
0.0 0.5 0.0
0.0 -0.5 0.0
-1.0408340855860843e-17 -0.49382716049382713 0.0
0.0 -0.4876543209876543 0.0
1.3877787807814457e-17 -0.48148148148148145 0.0
-8.673617379884035e-19 -0.4753086419753086 0.0
-1.1275702593849246e-17 -0.4691358024691358 0.0
0.0 -0.462962962962963 0.0
1.8214596497756474e-17 -0.45679012345679015 0.0
-8.673617379884035e-19 -0.4506172839506173 0.0
-1.3877787807814457e-17 -0.4444444444444444 0.0
0.0 -0.4382716049382716 0.0
-1.0408340855860843e-17 -0.43209876543209874 0.0
0.0 -0.4259259259259259 0.0
1.734723475976807e-17 -0.41975308641975306 0.0
0.0 -0.4135802469135803 0.0
-1.0408340855860843e-17 -0.40740740740740744 0.0
0.0 -0.4012345679012346 0.0
1.734723475976807e-17 -0.3950617283950617 0.0
0.0 -0.3888888888888888 0.0
-1.3877787807814457e-17 -0.382716049382716 0.0
0.0 -0.3765432098765432 0.0
-8.673617379884035e-18 -0.37037037037037035 0.0
0.0 -0.3641975308641975 0.0
1.474514954580286e-17 -0.3580246913580247 0.0
0.0 -0.3518518518518519 0.0
-1.3877787807814457e-17 -0.345679012345679 0.0
0.0 -0.3395061728395061 0.0
2.0816681711721685e-17 -0.3333333333333333 0.0
0.0 -0.3271604938271605 0.0
-1.3877787807814457e-17 -0.32098765432098764 0.0
0.0 -0.3148148148148148 0.0
-6.938893903907228e-18 -0.30864197530864196 0.0
0.0 -0.3024691358024691 0.0
1.3877787807814457e-17 -0.2962962962962963 0.0
0.0 -0.2901234567901234 0.0
-6.938893903907228e-18 -0.2839506172839506 0.0
0.0 -0.2777777777777778 0.0
1.3877787807814457e-17 -0.2716049382716049 0.0
0.0 -0.2654320987654321 0.0
-1.3877787807814457e-17 -0.25925925925925924 0.0
0.0 -0.2530864197530864 0.0
-1.3877787807814457e-17 -0.24691358024691354 0.0
0.0 -0.24074074074074064 0.0
2.7755575615628914e-17 -0.23456790123456778 0.0
0.0 -0.228395061728395 0.0
-1.3877787807814457e-17 -0.2222222222222222 0.0
0.0 -0.2160493827160494 0.0
-1.3877787807814457e-17 -0.20987654320987653 0.0
0.0 -0.2037037037037037 0.0
1.3877787807814457e-17 -0.19753086419753085 0.0
0.0 -0.191358024691358 0.0
-1.3877787807814457e-17 -0.18518518518518517 0.0
0.0 -0.1790123456790124 0.0
2.7755575615628914e-17 -0.1728395061728395 0.0
0.0 -0.16666666666666666 0.0
-1.3877787807814457e-17 -0.16049382716049387 0.0
0.0 -0.154320987654321 0.0
-1.3010426069826053e-17 -0.14814814814814808 0.0
0.0 -0.1419753086419752 0.0
1.3010426069826053e-17 -0.13580246913580246 0.0
0.0 -0.1296296296296297 0.0
0.0 -0.12345679012345681 0.0
0.0 -0.1172839506172839 0.0
1.3877787807814457e-17 -0.1111111111111111 0.0
0.0 -0.1049382716049383 0.0
-1.3877787807814457e-17 -0.09876543209876543 0.0
0.0 -0.09259259259259255 0.0
-1.3877787807814457e-17 -0.08641975308641973 0.0
0.0 -0.08024691358024694 0.0
1.3877787807814457e-17 -0.07407407407407407 0.0
0.0 -0.06790123456790119 0.0
0.0 -0.061728395061728385 0.0
0.0 -0.05555555555555558 0.0
1.3877787807814457e-17 -0.04938271604938271 0.0
0.0 -0.04320987654320985 0.0
-1.3877787807814457e-17 -0.037037037037037035 0.0
0.0 -0.03086419753086422 0.0
-1.3877787807814457e-17 -0.024691358024691357 0.0
0.0 -0.01851851851851849 0.0
1.3877787807814457e-17 -0.012345679012345678 0.0
0.0 -0.006172839506172867 0.0
0.0 0.0 0.0
0.0 0.006172839506172867 0.0
-1.3877787807814457e-17 0.012345679012345694 0.0
0.0 0.01851851851851852 0.0
1.3877787807814457e-17 0.02469135802469137 0.0
0.0 0.03086419753086422 0.0
1.3877787807814457e-17 0.03703703703703704 0.0
0.0 0.04320987654320987 0.0
-1.3877787807814457e-17 0.04938271604938273 0.0
0.0 0.05555555555555558 0.0
0.0 0.061728395061728406 0.0
0.0 0.06790123456790123 0.0
-1.3877787807814457e-17 0.07407407407407408 0.0
0.0 0.08024691358024694 0.0
1.3877787807814457e-17 0.08641975308641976 0.0
0.0 0.09259259259259259 0.0
1.3877787807814457e-17 0.09876543209876544 0.0
0.0 0.1049382716049383 0.0
-1.3877787807814457e-17 0.1111111111111111 0.0
0.0 0.1172839506172839 0.0
0.0 0.12345679012345681 0.0
0.0 0.1296296296296297 0.0
-1.3877787807814457e-17 0.13580246913580252 0.0
0.0 0.1419753086419753 0.0
1.3877787807814457e-17 0.14814814814814814 0.0
0.0 0.154320987654321 0.0
1.3877787807814457e-17 0.16049382716049382 0.0
0.0 0.1666666666666666 0.0
-2.7755575615628914e-17 0.1728395061728395 0.0
0.0 0.1790123456790124 0.0
1.3877787807814457e-17 0.18518518518518517 0.0
0.0 0.191358024691358 0.0
-1.3877787807814457e-17 0.19753086419753085 0.0
0.0 0.2037037037037037 0.0
1.3877787807814457e-17 0.20987654320987648 0.0
0.0 0.2160493827160493 0.0
1.3877787807814457e-17 0.2222222222222222 0.0
0.0 0.2283950617283951 0.0
-2.7755575615628914e-17 0.2345679012345679 0.0
0.0 0.2407407407407407 0.0
1.3877787807814457e-17 0.24691358024691354 0.0
0.0 0.2530864197530864 0.0
1.3877787807814457e-17 0.25925925925925924 0.0
0.0 0.2654320987654321 0.0
-1.3877787807814457e-17 0.2716049382716049 0.0
0.0 0.2777777777777778 0.0
1.3877787807814457e-17 0.2839506172839506 0.0
0.0 0.2901234567901234 0.0
-1.3877787807814457e-17 0.2962962962962963 0.0
0.0 0.3024691358024691 0.0
0.0 0.30864197530864196 0.0
0.0 0.3148148148148148 0.0
1.3877787807814457e-17 0.32098765432098764 0.0
0.0 0.3271604938271605 0.0
-2.7755575615628914e-17 0.3333333333333333 0.0
0.0 0.3395061728395061 0.0
2.7755575615628914e-17 0.345679012345679 0.0
0.0 0.3518518518518519 0.0
-2.7755575615628914e-17 0.3580246913580247 0.0
0.0 0.3641975308641975 0.0
1.3877787807814457e-17 0.37037037037037035 0.0
0.0 0.3765432098765432 0.0
1.3877787807814457e-17 0.382716049382716 0.0
0.0 0.3888888888888888 0.0
-1.3877787807814457e-17 0.3950617283950617 0.0
0.0 0.4012345679012346 0.0
0.0 0.4074074074074074 0.0
0.0 0.4135802469135802 0.0
-1.3877787807814457e-17 0.41975308641975306 0.0
0.0 0.4259259259259259 0.0
1.3877787807814457e-17 0.43209876543209874 0.0
0.0 0.4382716049382716 0.0
1.3877787807814457e-17 0.4444444444444444 0.0
0.0 0.4506172839506173 0.0
-1.3877787807814457e-17 0.4567901234567901 0.0
0.0 0.4629629629629629 0.0
0.0 0.4691358024691358 0.0
0.0 0.4753086419753086 0.0
-1.3877787807814457e-17 0.48148148148148145 0.0
-1.3877787807814457e-17 0.4876543209876543 0.0
0.0 0.49382716049382713 0.0
0.0 0.5 0.0

CELLS 13284 53298
3 0 4 323
3 323 4 324
3 323 324 322
3 322 324 325
3 322 325 321
3 321 325 326
3 321 326 320
3 320 326 327
3 320 327 319
3 319 327 328
3 319 328 318
3 318 328 329
3 318 329 317
3 317 329 330
3 317 330 316
3 316 330 331
3 316 331 315
3 315 331 332
3 315 332 314
3 314 332 333
3 314 333 313
3 313 333 334
3 313 334 312
3 312 334 335
3 312 335 311
3 311 335 336
3 311 336 310
3 310 336 337
3 310 337 309
3 309 337 338
3 309 338 308
3 308 338 339
3 308 339 307
3 307 339 340
3 307 340 306
3 306 340 341
3 306 341 305
3 305 341 342
3 305 342 304
3 304 342 343
3 304 343 303
3 303 343 344
3 303 344 302
3 302 344 345
3 302 345 301
3 301 345 346
3 301 346 300
3 300 346 347
3 300 347 299
3 299 347 348
3 299 348 298
3 298 348 349
3 298 349 297
3 297 349 350
3 297 350 296
3 296 350 351
3 296 351 295
3 295 351 352
3 295 352 294
3 294 352 353
3 294 353 293
3 293 353 354
3 293 354 292
3 292 354 355
3 292 355 291
3 291 355 356
3 291 356 290
3 290 356 357
3 290 357 289
3 289 357 358
3 289 358 288
3 288 358 359
3 288 359 287
3 287 359 360
3 287 360 286
3 286 360 361
3 286 361 285
3 285 361 362
3 285 362 284
3 284 362 363
3 284 363 283
3 283 363 364
3 283 364 282
3 282 364 365
3 282 365 281
3 281 365 366
3 281 366 280
3 280 366 367
3 280 367 279
3 279 367 368
3 279 368 278
3 278 368 369
3 278 369 277
3 277 369 370
3 277 370 276
3 276 370 371
3 276 371 275
3 275 371 372
3 275 372 274
3 274 372 373
3 274 373 273
3 273 373 374
3 273 374 272
3 272 374 375
3 272 375 271
3 271 375 376
3 271 376 270
3 270 376 377
3 270 377 269
3 269 377 378
3 269 378 268
3 268 378 379
3 268 379 267
3 267 379 380
3 267 380 266
3 266 380 381
3 266 381 265
3 265 381 382
3 265 382 264
3 264 382 383
3 264 383 263
3 263 383 384
3 263 384 262
3 262 384 385
3 262 385 261
3 261 385 386
3 261 386 260
3 260 386 387
3 260 387 259
3 259 387 388
3 259 388 258
3 258 388 389
3 258 389 257
3 257 389 390
3 257 390 256
3 256 390 391
3 256 391 255
3 255 391 392
3 255 392 254
3 254 392 393
3 254 393 253
3 253 393 394
3 253 394 252
3 252 394 395
3 252 395 251
3 251 395 396
3 251 396 250
3 250 396 397
3 250 397 249
3 249 397 398
3 249 398 248
3 248 398 399
3 248 399 247
3 247 399 400
3 247 400 246
3 246 400 401
3 246 401 245
3 245 401 402
3 245 402 244
3 244 402 403
3 244 403 3
3 3 403 243
3 4 5 324
3 324 5 404
3 324 404 325
3 325 404 405
3 325 405 326
3 326 405 406
3 326 406 327
3 327 406 407
3 327 407 328
3 328 407 408
3 328 408 329
3 329 408 409
3 329 409 330
3 330 409 410
3 330 410 331
3 331 410 411
3 331 411 332
3 332 411 412
3 332 412 333
3 333 412 413
3 333 413 334
3 334 413 414
3 334 414 335
3 335 414 415
3 335 415 336
3 336 415 416
3 336 416 337
3 337 416 417
3 337 417 338
3 338 417 418
3 338 418 339
3 339 418 419
3 339 419 340
3 340 419 420
3 340 420 341
3 341 420 421
3 341 421 342
3 342 421 422
3 342 422 343
3 343 422 423
3 343 423 344
3 344 423 424
3 344 424 345
3 345 424 425
3 345 425 346
3 346 425 426
3 346 426 347
3 347 426 427
3 347 427 348
3 348 427 428
3 348 428 349
3 349 428 429
3 349 429 350
3 350 429 430
3 350 430 351
3 351 430 431
3 351 431 352
3 352 431 432
3 352 432 353
3 353 432 433
3 353 433 354
3 354 433 434
3 354 434 355
3 355 434 435
3 355 435 356
3 356 435 436
3 356 436 357
3 357 436 437
3 357 437 358
3 358 437 438
3 358 438 359
3 359 438 439
3 359 439 360
3 360 439 440
3 360 440 361
3 361 440 441
3 361 441 362
3 362 441 442
3 362 442 363
3 363 442 443
3 363 443 364
3 364 443 444
3 364 444 365
3 365 444 445
3 365 445 366
3 366 445 446
3 366 446 367
3 367 446 447
3 367 447 368
3 368 447 448
3 368 448 369
3 369 448 449
3 369 449 370
3 370 449 450
3 370 450 371
3 371 450 451
3 371 451 372
3 372 451 452
3 372 452 373
3 373 452 453
3 373 453 374
3 374 453 454
3 374 454 375
3 375 454 455
3 375 455 376
3 376 455 456
3 376 456 377
3 377 456 457
3 377 457 378
3 378 457 458
3 378 458 379
3 379 458 459
3 379 459 380
3 380 459 460
3 380 460 381
3 381 460 461
3 381 461 382
3 382 461 462
3 382 462 383
3 383 462 463
3 383 463 384
3 384 463 464
3 384 464 385
3 385 464 465
3 385 465 386
3 386 465 466
3 386 466 387
3 387 466 467
3 387 467 388
3 388 467 468
3 388 468 389
3 389 468 469
3 389 469 390
3 390 469 470
3 390 470 391
3 391 470 471
3 391 471 392
3 392 471 472
3 392 472 393
3 393 472 473
3 393 473 394
3 394 473 474
3 394 474 395
3 395 474 475
3 395 475 396
3 396 475 476
3 396 476 397
3 397 476 477
3 397 477 398
3 398 477 478
3 398 478 399
3 399 478 479
3 399 479 400
3 400 479 480
3 400 480 401
3 401 480 481
3 401 481 402
3 402 481 482
3 402 482 403
3 403 482 483
3 403 483 243
3 243 483 242
3 5 6 404
3 404 6 484
3 404 484 405
3 405 484 485
3 405 485 406
3 406 485 486
3 406 486 407
3 407 486 487
3 407 487 408
3 408 487 488
3 408 488 409
3 409 488 489
3 409 489 410
3 410 489 490
3 410 490 411
3 411 490 491
3 411 491 412
3 412 491 492
3 412 492 413
3 413 492 493
3 413 493 414
3 414 493 494
3 414 494 415
3 415 494 495
3 415 495 416
3 416 495 496
3 416 496 417
3 417 496 497
3 417 497 418
3 418 497 498
3 418 498 419
3 419 498 499
3 419 499 420
3 420 499 500
3 420 500 421
3 421 500 501
3 421 501 422
3 422 501 502
3 422 502 423
3 423 502 503
3 423 503 424
3 424 503 504
3 424 504 425
3 425 504 505
3 425 505 426
3 426 505 506
3 426 506 427
3 427 506 507
3 427 507 428
3 428 507 508
3 428 508 429
3 429 508 509
3 429 509 430
3 430 509 510
3 430 510 431
3 431 510 511
3 431 511 432
3 432 511 512
3 432 512 433
3 433 512 513
3 433 513 434
3 434 513 514
3 434 514 435
3 435 514 515
3 435 515 436
3 436 515 516
3 436 516 437
3 437 516 517
3 437 517 438
3 438 517 518
3 438 518 439
3 439 518 519
3 439 519 440
3 440 519 520
3 440 520 441
3 441 520 521
3 441 521 442
3 442 521 522
3 442 522 443
3 443 522 523
3 443 523 444
3 444 523 524
3 444 524 445
3 445 524 525
3 445 525 446
3 446 525 526
3 446 526 447
3 447 526 527
3 447 527 448
3 448 527 528
3 448 528 449
3 449 528 529
3 449 529 450
3 450 529 530
3 450 530 451
3 451 530 531
3 451 531 452
3 452 531 532
3 452 532 453
3 453 532 533
3 453 533 454
3 454 533 534
3 454 534 455
3 455 534 535
3 455 535 456
3 456 535 536
3 456 536 457
3 457 536 537
3 457 537 458
3 458 537 538
3 458 538 459
3 459 538 539
3 459 539 460
3 460 539 540
3 460 540 461
3 461 540 541
3 461 541 462
3 462 541 542
3 462 542 463
3 463 542 543
3 463 543 464
3 464 543 544
3 464 544 465
3 465 544 545
3 465 545 466
3 466 545 546
3 466 546 467
3 467 546 547
3 467 547 468
3 468 547 548
3 468 548 469
3 469 548 549
3 469 549 470
3 470 549 550
3 470 550 471
3 471 550 551
3 471 551 472
3 472 551 552
3 472 552 473
3 473 552 553
3 473 553 474
3 474 553 554
3 474 554 475
3 475 554 555
3 475 555 476
3 476 555 556
3 476 556 477
3 477 556 557
3 477 557 478
3 478 557 558
3 478 558 479
3 479 558 559
3 479 559 480
3 480 559 560
3 480 560 481
3 481 560 561
3 481 561 482
3 482 561 562
3 482 562 483
3 483 562 563
3 483 563 242
3 242 563 241
3 6 7 484
3 484 7 564
3 484 564 485
3 485 564 565
3 485 565 486
3 486 565 566
3 486 566 487
3 487 566 567
3 487 567 488
3 488 567 568
3 488 568 489
3 489 568 569
3 489 569 490
3 490 569 570
3 490 570 491
3 491 570 571
3 491 571 492
3 492 571 572
3 492 572 493
3 493 572 573
3 493 573 494
3 494 573 574
3 494 574 495
3 495 574 575
3 495 575 496
3 496 575 576
3 496 576 497
3 497 576 577
3 497 577 498
3 498 577 578
3 498 578 499
3 499 578 579
3 499 579 500
3 500 579 580
3 500 580 501
3 501 580 581
3 501 581 502
3 502 581 582
3 502 582 503
3 503 582 583
3 503 583 504
3 504 583 584
3 504 584 505
3 505 584 585
3 505 585 506
3 506 585 586
3 506 586 507
3 507 586 587
3 507 587 508
3 508 587 588
3 508 588 509
3 509 588 589
3 509 589 510
3 510 589 590
3 510 590 511
3 511 590 591
3 511 591 512
3 512 591 592
3 512 592 513
3 513 592 593
3 513 593 514
3 514 593 594
3 514 594 515
3 515 594 595
3 515 595 516
3 516 595 596
3 516 596 517
3 517 596 597
3 517 597 518
3 518 597 598
3 518 598 519
3 519 598 599
3 519 599 520
3 520 599 600
3 520 600 521
3 521 600 601
3 521 601 522
3 522 601 602
3 522 602 523
3 523 602 603
3 523 603 524
3 524 603 604
3 524 604 525
3 525 604 605
3 525 605 526
3 526 605 606
3 526 606 527
3 527 606 607
3 527 607 528
3 528 607 608
3 528 608 529
3 529 608 609
3 529 609 530
3 530 609 610
3 530 610 531
3 531 610 611
3 531 611 532
3 532 611 612
3 532 612 533
3 533 612 613
3 533 613 534
3 534 613 614
3 534 614 535
3 535 614 615
3 535 615 536
3 536 615 616
3 536 616 537
3 537 616 617
3 537 617 538
3 538 617 618
3 538 618 539
3 539 618 619
3 539 619 540
3 540 619 620
3 540 620 541
3 541 620 621
3 541 621 542
3 542 621 622
3 542 622 543
3 543 622 623
3 543 623 544
3 544 623 624
3 544 624 545
3 545 624 625
3 545 625 546
3 546 625 626
3 546 626 547
3 547 626 627
3 547 627 548
3 548 627 628
3 548 628 549
3 549 628 629
3 549 629 550
3 550 629 630
3 550 630 551
3 551 630 631
3 551 631 552
3 552 631 632
3 552 632 553
3 553 632 633
3 553 633 554
3 554 633 634
3 554 634 555
3 555 634 635
3 555 635 556
3 556 635 636
3 556 636 557
3 557 636 637
3 557 637 558
3 558 637 638
3 558 638 559
3 559 638 639
3 559 639 560
3 560 639 640
3 560 640 561
3 561 640 641
3 561 641 562
3 562 641 642
3 562 642 563
3 563 642 643
3 563 643 241
3 241 643 240
3 7 8 564
3 564 8 644
3 564 644 565
3 565 644 645
3 565 645 566
3 566 645 646
3 566 646 567
3 567 646 647
3 567 647 568
3 568 647 648
3 568 648 569
3 569 648 649
3 569 649 570
3 570 649 650
3 570 650 571
3 571 650 651
3 571 651 572
3 572 651 652
3 572 652 573
3 573 652 653
3 573 653 574
3 574 653 654
3 574 654 575
3 575 654 655
3 575 655 576
3 576 655 656
3 576 656 577
3 577 656 657
3 577 657 578
3 578 657 658
3 578 658 579
3 579 658 659
3 579 659 580
3 580 659 660
3 580 660 581
3 581 660 661
3 581 661 582
3 582 661 662
3 582 662 583
3 583 662 663
3 583 663 584
3 584 663 664
3 584 664 585
3 585 664 665
3 585 665 586
3 586 665 666
3 586 666 587
3 587 666 667
3 587 667 588
3 588 667 668
3 588 668 589
3 589 668 669
3 589 669 590
3 590 669 670
3 590 670 591
3 591 670 671
3 591 671 592
3 592 671 672
3 592 672 593
3 593 672 673
3 593 673 594
3 594 673 674
3 594 674 595
3 595 674 675
3 595 675 596
3 596 675 676
3 596 676 597
3 597 676 677
3 597 677 598
3 598 677 678
3 598 678 599
3 599 678 679
3 599 679 600
3 600 679 680
3 600 680 601
3 601 680 681
3 601 681 602
3 602 681 682
3 602 682 603
3 603 682 683
3 603 683 604
3 604 683 684
3 604 684 605
3 605 684 685
3 605 685 606
3 606 685 686
3 606 686 607
3 607 686 687
3 607 687 608
3 608 687 688
3 608 688 609
3 609 688 689
3 609 689 610
3 610 689 690
3 610 690 611
3 611 690 691
3 611 691 612
3 612 691 692
3 612 692 613
3 613 692 693
3 613 693 614
3 614 693 694
3 614 694 615
3 615 694 695
3 615 695 616
3 616 695 696
3 616 696 617
3 617 696 697
3 617 697 618
3 618 697 698
3 618 698 619
3 619 698 699
3 619 699 620
3 620 699 700
3 620 700 621
3 621 700 701
3 621 701 622
3 622 701 702
3 622 702 623
3 623 702 703
3 623 703 624
3 624 703 704
3 624 704 625
3 625 704 705
3 625 705 626
3 626 705 706
3 626 706 627
3 627 706 707
3 627 707 628
3 628 707 708
3 628 708 629
3 629 708 709
3 629 709 630
3 630 709 710
3 630 710 631
3 631 710 711
3 631 711 632
3 632 711 712
3 632 712 633
3 633 712 713
3 633 713 634
3 634 713 714
3 634 714 635
3 635 714 715
3 635 715 636
3 636 715 716
3 636 716 637
3 637 716 717
3 637 717 638
3 638 717 718
3 638 718 639
3 639 718 719
3 639 719 640
3 640 719 720
3 640 720 641
3 641 720 721
3 641 721 642
3 642 721 722
3 642 722 643
3 643 722 723
3 643 723 240
3 240 723 239
3 8 9 644
3 644 9 724
3 644 724 645
3 645 724 725
3 645 725 646
3 646 725 726
3 646 726 647
3 647 726 727
3 647 727 648
3 648 727 728
3 648 728 649
3 649 728 729
3 649 729 650
3 650 729 730
3 650 730 651
3 651 730 731
3 651 731 652
3 652 731 732
3 652 732 653
3 653 732 733
3 653 733 654
3 654 733 734
3 654 734 655
3 655 734 735
3 655 735 656
3 656 735 736
3 656 736 657
3 657 736 737
3 657 737 658
3 658 737 738
3 658 738 659
3 659 738 739
3 659 739 660
3 660 739 740
3 660 740 661
3 661 740 741
3 661 741 662
3 662 741 742
3 662 742 663
3 663 742 743
3 663 743 664
3 664 743 744
3 664 744 665
3 665 744 745
3 665 745 666
3 666 745 746
3 666 746 667
3 667 746 747
3 667 747 668
3 668 747 748
3 668 748 669
3 669 748 749
3 669 749 670
3 670 749 750
3 670 750 671
3 671 750 751
3 671 751 672
3 672 751 752
3 672 752 673
3 673 752 753
3 673 753 674
3 674 753 754
3 674 754 675
3 675 754 755
3 675 755 676
3 676 755 756
3 676 756 677
3 677 756 757
3 677 757 678
3 678 757 758
3 678 758 679
3 679 758 759
3 679 759 680
3 680 759 760
3 680 760 681
3 681 760 761
3 681 761 682
3 682 761 762
3 682 762 683
3 683 762 763
3 683 763 684
3 684 763 764
3 684 764 685
3 685 764 765
3 685 765 686
3 686 765 766
3 686 766 687
3 687 766 767
3 687 767 688
3 688 767 768
3 688 768 689
3 689 768 769
3 689 769 690
3 690 769 770
3 690 770 691
3 691 770 771
3 691 771 692
3 692 771 772
3 692 772 693
3 693 772 773
3 693 773 694
3 694 773 774
3 694 774 695
3 695 774 775
3 695 775 696
3 696 775 776
3 696 776 697
3 697 776 777
3 697 777 698
3 698 777 778
3 698 778 699
3 699 778 779
3 699 779 700
3 700 779 780
3 700 780 701
3 701 780 781
3 701 781 702
3 702 781 782
3 702 782 703
3 703 782 783
3 703 783 704
3 704 783 784
3 704 784 705
3 705 784 785
3 705 785 706
3 706 785 786
3 706 786 707
3 707 786 787
3 707 787 708
3 708 787 788
3 708 788 709
3 709 788 789
3 709 789 710
3 710 789 790
3 710 790 711
3 711 790 791
3 711 791 712
3 712 791 792
3 712 792 713
3 713 792 793
3 713 793 714
3 714 793 794
3 714 794 715
3 715 794 795
3 715 795 716
3 716 795 796
3 716 796 717
3 717 796 797
3 717 797 718
3 718 797 798
3 718 798 719
3 719 798 799
3 719 799 720
3 720 799 800
3 720 800 721
3 721 800 801
3 721 801 722
3 722 801 802
3 722 802 723
3 723 802 803
3 723 803 239
3 239 803 238
3 9 10 724
3 724 10 804
3 724 804 725
3 725 804 805
3 725 805 726
3 726 805 806
3 726 806 727
3 727 806 807
3 727 807 728
3 728 807 808
3 728 808 729
3 729 808 809
3 729 809 730
3 730 809 810
3 730 810 731
3 731 810 811
3 731 811 732
3 732 811 812
3 732 812 733
3 733 812 813
3 733 813 734
3 734 813 814
3 734 814 735
3 735 814 815
3 735 815 736
3 736 815 816
3 736 816 737
3 737 816 817
3 737 817 738
3 738 817 818
3 738 818 739
3 739 818 819
3 739 819 740
3 740 819 820
3 740 820 741
3 741 820 821
3 741 821 742
3 742 821 822
3 742 822 743
3 743 822 823
3 743 823 744
3 744 823 824
3 744 824 745
3 745 824 825
3 745 825 746
3 746 825 826
3 746 826 747
3 747 826 827
3 747 827 748
3 748 827 828
3 748 828 749
3 749 828 829
3 749 829 750
3 750 829 830
3 750 830 751
3 751 830 831
3 751 831 752
3 752 831 832
3 752 832 753
3 753 832 833
3 753 833 754
3 754 833 834
3 754 834 755
3 755 834 835
3 755 835 756
3 756 835 836
3 756 836 757
3 757 836 837
3 757 837 758
3 758 837 838
3 758 838 759
3 759 838 839
3 759 839 760
3 760 839 840
3 760 840 761
3 761 840 841
3 761 841 762
3 762 841 842
3 762 842 763
3 763 842 843
3 763 843 764
3 764 843 844
3 764 844 765
3 765 844 845
3 765 845 766
3 766 845 846
3 766 846 767
3 767 846 847
3 767 847 768
3 768 847 848
3 768 848 769
3 769 848 849
3 769 849 770
3 770 849 850
3 770 850 771
3 771 850 851
3 771 851 772
3 772 851 852
3 772 852 773
3 773 852 853
3 773 853 774
3 774 853 854
3 774 854 775
3 775 854 855
3 775 855 776
3 776 855 856
3 776 856 777
3 777 856 857
3 777 857 778
3 778 857 858
3 778 858 779
3 779 858 859
3 779 859 780
3 780 859 860
3 780 860 781
3 781 860 861
3 781 861 782
3 782 861 862
3 782 862 783
3 783 862 863
3 783 863 784
3 784 863 864
3 784 864 785
3 785 864 865
3 785 865 786
3 786 865 866
3 786 866 787
3 787 866 867
3 787 867 788
3 788 867 868
3 788 868 789
3 789 868 869
3 789 869 790
3 790 869 870
3 790 870 791
3 791 870 871
3 791 871 792
3 792 871 872
3 792 872 793
3 793 872 873
3 793 873 794
3 794 873 874
3 794 874 795
3 795 874 875
3 795 875 796
3 796 875 876
3 796 876 797
3 797 876 877
3 797 877 798
3 798 877 878
3 798 878 799
3 799 878 879
3 799 879 800
3 800 879 880
3 800 880 801
3 801 880 881
3 801 881 802
3 802 881 882
3 802 882 803
3 803 882 883
3 803 883 238
3 238 883 237
3 10 11 804
3 804 11 884
3 804 884 805
3 805 884 885
3 805 885 806
3 806 885 886
3 806 886 807
3 807 886 887
3 807 887 808
3 808 887 888
3 808 888 809
3 809 888 889
3 809 889 810
3 810 889 890
3 810 890 811
3 811 890 891
3 811 891 812
3 812 891 892
3 812 892 813
3 813 892 893
3 813 893 814
3 814 893 894
3 814 894 815
3 815 894 895
3 815 895 816
3 816 895 896
3 816 896 817
3 817 896 897
3 817 897 818
3 818 897 898
3 818 898 819
3 819 898 899
3 819 899 820
3 820 899 900
3 820 900 821
3 821 900 901
3 821 901 822
3 822 901 902
3 822 902 823
3 823 902 903
3 823 903 824
3 824 903 904
3 824 904 825
3 825 904 905
3 825 905 826
3 826 905 906
3 826 906 827
3 827 906 907
3 827 907 828
3 828 907 908
3 828 908 829
3 829 908 909
3 829 909 830
3 830 909 910
3 830 910 831
3 831 910 911
3 831 911 832
3 832 911 912
3 832 912 833
3 833 912 913
3 833 913 834
3 834 913 914
3 834 914 835
3 835 914 915
3 835 915 836
3 836 915 916
3 836 916 837
3 837 916 917
3 837 917 838
3 838 917 918
3 838 918 839
3 839 918 919
3 839 919 840
3 840 919 920
3 840 920 841
3 841 920 921
3 841 921 842
3 842 921 922
3 842 922 843
3 843 922 923
3 843 923 844
3 844 923 924
3 844 924 845
3 845 924 925
3 845 925 846
3 846 925 926
3 846 926 847
3 847 926 927
3 847 927 848
3 848 927 928
3 848 928 849
3 849 928 929
3 849 929 850
3 850 929 930
3 850 930 851
3 851 930 931
3 851 931 852
3 852 931 932
3 852 932 853
3 853 932 933
3 853 933 854
3 854 933 934
3 854 934 855
3 855 934 935
3 855 935 856
3 856 935 936
3 856 936 857
3 857 936 937
3 857 937 858
3 858 937 938
3 858 938 859
3 859 938 939
3 859 939 860
3 860 939 940
3 860 940 861
3 861 940 941
3 861 941 862
3 862 941 942
3 862 942 863
3 863 942 943
3 863 943 864
3 864 943 944
3 864 944 865
3 865 944 945
3 865 945 866
3 866 945 946
3 866 946 867
3 867 946 947
3 867 947 868
3 868 947 948
3 868 948 869
3 869 948 949
3 869 949 870
3 870 949 950
3 870 950 871
3 871 950 951
3 871 951 872
3 872 951 952
3 872 952 873
3 873 952 953
3 873 953 874
3 874 953 954
3 874 954 875
3 875 954 955
3 875 955 876
3 876 955 956
3 876 956 877
3 877 956 957
3 877 957 878
3 878 957 958
3 878 958 879
3 879 958 959
3 879 959 880
3 880 959 960
3 880 960 881
3 881 960 961
3 881 961 882
3 882 961 962
3 882 962 883
3 883 962 963
3 883 963 237
3 237 963 236
3 11 12 884
3 884 12 964
3 884 964 885
3 885 964 965
3 885 965 886
3 886 965 966
3 886 966 887
3 887 966 967
3 887 967 888
3 888 967 968
3 888 968 889
3 889 968 969
3 889 969 890
3 890 969 970
3 890 970 891
3 891 970 971
3 891 971 892
3 892 971 972
3 892 972 893
3 893 972 973
3 893 973 894
3 894 973 974
3 894 974 895
3 895 974 975
3 895 975 896
3 896 975 976
3 896 976 897
3 897 976 977
3 897 977 898
3 898 977 978
3 898 978 899
3 899 978 979
3 899 979 900
3 900 979 980
3 900 980 901
3 901 980 981
3 901 981 902
3 902 981 982
3 902 982 903
3 903 982 983
3 903 983 904
3 904 983 984
3 904 984 905
3 905 984 985
3 905 985 906
3 906 985 986
3 906 986 907
3 907 986 987
3 907 987 908
3 908 987 988
3 908 988 909
3 909 988 989
3 909 989 910
3 910 989 990
3 910 990 911
3 911 990 991
3 911 991 912
3 912 991 992
3 912 992 913
3 913 992 993
3 913 993 914
3 914 993 994
3 914 994 915
3 915 994 995
3 915 995 916
3 916 995 996
3 916 996 917
3 917 996 997
3 917 997 918
3 918 997 998
3 918 998 919
3 919 998 999
3 919 999 920
3 920 999 1000
3 920 1000 921
3 921 1000 1001
3 921 1001 922
3 922 1001 1002
3 922 1002 923
3 923 1002 1003
3 923 1003 924
3 924 1003 1004
3 924 1004 925
3 925 1004 1005
3 925 1005 926
3 926 1005 1006
3 926 1006 927
3 927 1006 1007
3 927 1007 928
3 928 1007 1008
3 928 1008 929
3 929 1008 1009
3 929 1009 930
3 930 1009 1010
3 930 1010 931
3 931 1010 1011
3 931 1011 932
3 932 1011 1012
3 932 1012 933
3 933 1012 1013
3 933 1013 934
3 934 1013 1014
3 934 1014 935
3 935 1014 1015
3 935 1015 936
3 936 1015 1016
3 936 1016 937
3 937 1016 1017
3 937 1017 938
3 938 1017 1018
3 938 1018 939
3 939 1018 1019
3 939 1019 940
3 940 1019 1020
3 940 1020 941
3 941 1020 1021
3 941 1021 942
3 942 1021 1022
3 942 1022 943
3 943 1022 1023
3 943 1023 944
3 944 1023 1024
3 944 1024 945
3 945 1024 1025
3 945 1025 946
3 946 1025 1026
3 946 1026 947
3 947 1026 1027
3 947 1027 948
3 948 1027 1028
3 948 1028 949
3 949 1028 1029
3 949 1029 950
3 950 1029 1030
3 950 1030 951
3 951 1030 1031
3 951 1031 952
3 952 1031 1032
3 952 1032 953
3 953 1032 1033
3 953 1033 954
3 954 1033 1034
3 954 1034 955
3 955 1034 1035
3 955 1035 956
3 956 1035 1036
3 956 1036 957
3 957 1036 1037
3 957 1037 958
3 958 1037 1038
3 958 1038 959
3 959 1038 1039
3 959 1039 960
3 960 1039 1040
3 960 1040 961
3 961 1040 1041
3 961 1041 962
3 962 1041 1042
3 962 1042 963
3 963 1042 1043
3 963 1043 236
3 236 1043 235
3 12 13 964
3 964 13 1044
3 964 1044 965
3 965 1044 1045
3 965 1045 966
3 966 1045 1046
3 966 1046 967
3 967 1046 1047
3 967 1047 968
3 968 1047 1048
3 968 1048 969
3 969 1048 1049
3 969 1049 970
3 970 1049 1050
3 970 1050 971
3 971 1050 1051
3 971 1051 972
3 972 1051 1052
3 972 1052 973
3 973 1052 1053
3 973 1053 974
3 974 1053 1054
3 974 1054 975
3 975 1054 1055
3 975 1055 976
3 976 1055 1056
3 976 1056 977
3 977 1056 1057
3 977 1057 978
3 978 1057 1058
3 978 1058 979
3 979 1058 1059
3 979 1059 980
3 980 1059 1060
3 980 1060 981
3 981 1060 1061
3 981 1061 982
3 982 1061 1062
3 982 1062 983
3 983 1062 1063
3 983 1063 984
3 984 1063 1064
3 984 1064 985
3 985 1064 1065
3 985 1065 986
3 986 1065 1066
3 986 1066 987
3 987 1066 1067
3 987 1067 988
3 988 1067 1068
3 988 1068 989
3 989 1068 1069
3 989 1069 990
3 990 1069 1070
3 990 1070 991
3 991 1070 1071
3 991 1071 992
3 992 1071 1072
3 992 1072 993
3 993 1072 1073
3 993 1073 994
3 994 1073 1074
3 994 1074 995
3 995 1074 1075
3 995 1075 996
3 996 1075 1076
3 996 1076 997
3 997 1076 1077
3 997 1077 998
3 998 1077 1078
3 998 1078 999
3 999 1078 1079
3 999 1079 1000
3 1000 1079 1080
3 1000 1080 1001
3 1001 1080 1081
3 1001 1081 1002
3 1002 1081 1082
3 1002 1082 1003
3 1003 1082 1083
3 1003 1083 1004
3 1004 1083 1084
3 1004 1084 1005
3 1005 1084 1085
3 1005 1085 1006
3 1006 1085 1086
3 1006 1086 1007
3 1007 1086 1087
3 1007 1087 1008
3 1008 1087 1088
3 1008 1088 1009
3 1009 1088 1089
3 1009 1089 1010
3 1010 1089 1090
3 1010 1090 1011
3 1011 1090 1091
3 1011 1091 1012
3 1012 1091 1092
3 1012 1092 1013
3 1013 1092 1093
3 1013 1093 1014
3 1014 1093 1094
3 1014 1094 1015
3 1015 1094 1095
3 1015 1095 1016
3 1016 1095 1096
3 1016 1096 1017
3 1017 1096 1097
3 1017 1097 1018
3 1018 1097 1098
3 1018 1098 1019
3 1019 1098 1099
3 1019 1099 1020
3 1020 1099 1100
3 1020 1100 1021
3 1021 1100 1101
3 1021 1101 1022
3 1022 1101 1102
3 1022 1102 1023
3 1023 1102 1103
3 1023 1103 1024
3 1024 1103 1104
3 1024 1104 1025
3 1025 1104 1105
3 1025 1105 1026
3 1026 1105 1106
3 1026 1106 1027
3 1027 1106 1107
3 1027 1107 1028
3 1028 1107 1108
3 1028 1108 1029
3 1029 1108 1109
3 1029 1109 1030
3 1030 1109 1110
3 1030 1110 1031
3 1031 1110 1111
3 1031 1111 1032
3 1032 1111 1112
3 1032 1112 1033
3 1033 1112 1113
3 1033 1113 1034
3 1034 1113 1114
3 1034 1114 1035
3 1035 1114 1115
3 1035 1115 1036
3 1036 1115 1116
3 1036 1116 1037
3 1037 1116 1117
3 1037 1117 1038
3 1038 1117 1118
3 1038 1118 1039
3 1039 1118 1119
3 1039 1119 1040
3 1040 1119 1120
3 1040 1120 1041
3 1041 1120 1121
3 1041 1121 1042
3 1042 1121 1122
3 1042 1122 1043
3 1043 1122 1123
3 1043 1123 235
3 235 1123 234
3 13 14 1044
3 1044 14 1124
3 1044 1124 1045
3 1045 1124 1125
3 1045 1125 1046
3 1046 1125 1126
3 1046 1126 1047
3 1047 1126 1127
3 1047 1127 1048
3 1048 1127 1128
3 1048 1128 1049
3 1049 1128 1129
3 1049 1129 1050
3 1050 1129 1130
3 1050 1130 1051
3 1051 1130 1131
3 1051 1131 1052
3 1052 1131 1132
3 1052 1132 1053
3 1053 1132 1133
3 1053 1133 1054
3 1054 1133 1134
3 1054 1134 1055
3 1055 1134 1135
3 1055 1135 1056
3 1056 1135 1136
3 1056 1136 1057
3 1057 1136 1137
3 1057 1137 1058
3 1058 1137 1138
3 1058 1138 1059
3 1059 1138 1139
3 1059 1139 1060
3 1060 1139 1140
3 1060 1140 1061
3 1061 1140 1141
3 1061 1141 1062
3 1062 1141 1142
3 1062 1142 1063
3 1063 1142 1143
3 1063 1143 1064
3 1064 1143 1144
3 1064 1144 1065
3 1065 1144 1145
3 1065 1145 1066
3 1066 1145 1146
3 1066 1146 1067
3 1067 1146 1147
3 1067 1147 1068
3 1068 1147 1148
3 1068 1148 1069
3 1069 1148 1149
3 1069 1149 1070
3 1070 1149 1150
3 1070 1150 1071
3 1071 1150 1151
3 1071 1151 1072
3 1072 1151 1152
3 1072 1152 1073
3 1073 1152 1153
3 1073 1153 1074
3 1074 1153 1154
3 1074 1154 1075
3 1075 1154 1155
3 1075 1155 1076
3 1076 1155 1156
3 1076 1156 1077
3 1077 1156 1157
3 1077 1157 1078
3 1078 1157 1158
3 1078 1158 1079
3 1079 1158 1159
3 1079 1159 1080
3 1080 1159 1160
3 1080 1160 1081
3 1081 1160 1161
3 1081 1161 1082
3 1082 1161 1162
3 1082 1162 1083
3 1083 1162 1163
3 1083 1163 1084
3 1084 1163 1164
3 1084 1164 1085
3 1085 1164 1165
3 1085 1165 1086
3 1086 1165 1166
3 1086 1166 1087
3 1087 1166 1167
3 1087 1167 1088
3 1088 1167 1168
3 1088 1168 1089
3 1089 1168 1169
3 1089 1169 1090
3 1090 1169 1170
3 1090 1170 1091
3 1091 1170 1171
3 1091 1171 1092
3 1092 1171 1172
3 1092 1172 1093
3 1093 1172 1173
3 1093 1173 1094
3 1094 1173 1174
3 1094 1174 1095
3 1095 1174 1175
3 1095 1175 1096
3 1096 1175 1176
3 1096 1176 1097
3 1097 1176 1177
3 1097 1177 1098
3 1098 1177 1178
3 1098 1178 1099
3 1099 1178 1179
3 1099 1179 1100
3 1100 1179 1180
3 1100 1180 1101
3 1101 1180 1181
3 1101 1181 1102
3 1102 1181 1182
3 1102 1182 1103
3 1103 1182 1183
3 1103 1183 1104
3 1104 1183 1184
3 1104 1184 1105
3 1105 1184 1185
3 1105 1185 1106
3 1106 1185 1186
3 1106 1186 1107
3 1107 1186 1187
3 1107 1187 1108
3 1108 1187 1188
3 1108 1188 1109
3 1109 1188 1189
3 1109 1189 1110
3 1110 1189 1190
3 1110 1190 1111
3 1111 1190 1191
3 1111 1191 1112
3 1112 1191 1192
3 1112 1192 1113
3 1113 1192 1193
3 1113 1193 1114
3 1114 1193 1194
3 1114 1194 1115
3 1115 1194 1195
3 1115 1195 1116
3 1116 1195 1196
3 1116 1196 1117
3 1117 1196 1197
3 1117 1197 1118
3 1118 1197 1198
3 1118 1198 1119
3 1119 1198 1199
3 1119 1199 1120
3 1120 1199 1200
3 1120 1200 1121
3 1121 1200 1201
3 1121 1201 1122
3 1122 1201 1202
3 1122 1202 1123
3 1123 1202 1203
3 1123 1203 234
3 234 1203 233
3 14 15 1124
3 1124 15 1204
3 1124 1204 1125
3 1125 1204 1205
3 1125 1205 1126
3 1126 1205 1206
3 1126 1206 1127
3 1127 1206 1207
3 1127 1207 1128
3 1128 1207 1208
3 1128 1208 1129
3 1129 1208 1209
3 1129 1209 1130
3 1130 1209 1210
3 1130 1210 1131
3 1131 1210 1211
3 1131 1211 1132
3 1132 1211 1212
3 1132 1212 1133
3 1133 1212 1213
3 1133 1213 1134
3 1134 1213 1214
3 1134 1214 1135
3 1135 1214 1215
3 1135 1215 1136
3 1136 1215 1216
3 1136 1216 1137
3 1137 1216 1217
3 1137 1217 1138
3 1138 1217 1218
3 1138 1218 1139
3 1139 1218 1219
3 1139 1219 1140
3 1140 1219 1220
3 1140 1220 1141
3 1141 1220 1221
3 1141 1221 1142
3 1142 1221 1222
3 1142 1222 1143
3 1143 1222 1223
3 1143 1223 1144
3 1144 1223 1224
3 1144 1224 1145
3 1145 1224 1225
3 1145 1225 1146
3 1146 1225 1226
3 1146 1226 1147
3 1147 1226 1227
3 1147 1227 1148
3 1148 1227 1228
3 1148 1228 1149
3 1149 1228 1229
3 1149 1229 1150
3 1150 1229 1230
3 1150 1230 1151
3 1151 1230 1231
3 1151 1231 1152
3 1152 1231 1232
3 1152 1232 1153
3 1153 1232 1233
3 1153 1233 1154
3 1154 1233 1234
3 1154 1234 1155
3 1155 1234 1235
3 1155 1235 1156
3 1156 1235 1236
3 1156 1236 1157
3 1157 1236 1237
3 1157 1237 1158
3 1158 1237 1238
3 1158 1238 1159
3 1159 1238 1239
3 1159 1239 1160
3 1160 1239 1240
3 1160 1240 1161
3 1161 1240 1241
3 1161 1241 1162
3 1162 1241 1242
3 1162 1242 1163
3 1163 1242 1243
3 1163 1243 1164
3 1164 1243 1244
3 1164 1244 1165
3 1165 1244 1245
3 1165 1245 1166
3 1166 1245 1246
3 1166 1246 1167
3 1167 1246 1247
3 1167 1247 1168
3 1168 1247 1248
3 1168 1248 1169
3 1169 1248 1249
3 1169 1249 1170
3 1170 1249 1250
3 1170 1250 1171
3 1171 1250 1251
3 1171 1251 1172
3 1172 1251 1252
3 1172 1252 1173
3 1173 1252 1253
3 1173 1253 1174
3 1174 1253 1254
3 1174 1254 1175
3 1175 1254 1255
3 1175 1255 1176
3 1176 1255 1256
3 1176 1256 1177
3 1177 1256 1257
3 1177 1257 1178
3 1178 1257 1258
3 1178 1258 1179
3 1179 1258 1259
3 1179 1259 1180
3 1180 1259 1260
3 1180 1260 1181
3 1181 1260 1261
3 1181 1261 1182
3 1182 1261 1262
3 1182 1262 1183
3 1183 1262 1263
3 1183 1263 1184
3 1184 1263 1264
3 1184 1264 1185
3 1185 1264 1265
3 1185 1265 1186
3 1186 1265 1266
3 1186 1266 1187
3 1187 1266 1267
3 1187 1267 1188
3 1188 1267 1268
3 1188 1268 1189
3 1189 1268 1269
3 1189 1269 1190
3 1190 1269 1270
3 1190 1270 1191
3 1191 1270 1271
3 1191 1271 1192
3 1192 1271 1272
3 1192 1272 1193
3 1193 1272 1273
3 1193 1273 1194
3 1194 1273 1274
3 1194 1274 1195
3 1195 1274 1275
3 1195 1275 1196
3 1196 1275 1276
3 1196 1276 1197
3 1197 1276 1277
3 1197 1277 1198
3 1198 1277 1278
3 1198 1278 1199
3 1199 1278 1279
3 1199 1279 1200
3 1200 1279 1280
3 1200 1280 1201
3 1201 1280 1281
3 1201 1281 1202
3 1202 1281 1282
3 1202 1282 1203
3 1203 1282 1283
3 1203 1283 233
3 233 1283 232
3 15 16 1204
3 1204 16 1284
3 1204 1284 1205
3 1205 1284 1285
3 1205 1285 1206
3 1206 1285 1286
3 1206 1286 1207
3 1207 1286 1287
3 1207 1287 1208
3 1208 1287 1288
3 1208 1288 1209
3 1209 1288 1289
3 1209 1289 1210
3 1210 1289 1290
3 1210 1290 1211
3 1211 1290 1291
3 1211 1291 1212
3 1212 1291 1292
3 1212 1292 1213
3 1213 1292 1293
3 1213 1293 1214
3 1214 1293 1294
3 1214 1294 1215
3 1215 1294 1295
3 1215 1295 1216
3 1216 1295 1296
3 1216 1296 1217
3 1217 1296 1297
3 1217 1297 1218
3 1218 1297 1298
3 1218 1298 1219
3 1219 1298 1299
3 1219 1299 1220
3 1220 1299 1300
3 1220 1300 1221
3 1221 1300 1301
3 1221 1301 1222
3 1222 1301 1302
3 1222 1302 1223
3 1223 1302 1303
3 1223 1303 1224
3 1224 1303 1304
3 1224 1304 1225
3 1225 1304 1305
3 1225 1305 1226
3 1226 1305 1306
3 1226 1306 1227
3 1227 1306 1307
3 1227 1307 1228
3 1228 1307 1308
3 1228 1308 1229
3 1229 1308 1309
3 1229 1309 1230
3 1230 1309 1310
3 1230 1310 1231
3 1231 1310 1311
3 1231 1311 1232
3 1232 1311 1312
3 1232 1312 1233
3 1233 1312 1313
3 1233 1313 1234
3 1234 1313 1314
3 1234 1314 1235
3 1235 1314 1315
3 1235 1315 1236
3 1236 1315 1316
3 1236 1316 1237
3 1237 1316 1317
3 1237 1317 1238
3 1238 1317 1318
3 1238 1318 1239
3 1239 1318 1319
3 1239 1319 1240
3 1240 1319 1320
3 1240 1320 1241
3 1241 1320 1321
3 1241 1321 1242
3 1242 1321 1322
3 1242 1322 1243
3 1243 1322 1323
3 1243 1323 1244
3 1244 1323 1324
3 1244 1324 1245
3 1245 1324 1325
3 1245 1325 1246
3 1246 1325 1326
3 1246 1326 1247
3 1247 1326 1327
3 1247 1327 1248
3 1248 1327 1328
3 1248 1328 1249
3 1249 1328 1329
3 1249 1329 1250
3 1250 1329 1330
3 1250 1330 1251
3 1251 1330 1331
3 1251 1331 1252
3 1252 1331 1332
3 1252 1332 1253
3 1253 1332 1333
3 1253 1333 1254
3 1254 1333 1334
3 1254 1334 1255
3 1255 1334 1335
3 1255 1335 1256
3 1256 1335 1336
3 1256 1336 1257
3 1257 1336 1337
3 1257 1337 1258
3 1258 1337 1338
3 1258 1338 1259
3 1259 1338 1339
3 1259 1339 1260
3 1260 1339 1340
3 1260 1340 1261
3 1261 1340 1341
3 1261 1341 1262
3 1262 1341 1342
3 1262 1342 1263
3 1263 1342 1343
3 1263 1343 1264
3 1264 1343 1344
3 1264 1344 1265
3 1265 1344 1345
3 1265 1345 1266
3 1266 1345 1346
3 1266 1346 1267
3 1267 1346 1347
3 1267 1347 1268
3 1268 1347 1348
3 1268 1348 1269
3 1269 1348 1349
3 1269 1349 1270
3 1270 1349 1350
3 1270 1350 1271
3 1271 1350 1351
3 1271 1351 1272
3 1272 1351 1352
3 1272 1352 1273
3 1273 1352 1353
3 1273 1353 1274
3 1274 1353 1354
3 1274 1354 1275
3 1275 1354 1355
3 1275 1355 1276
3 1276 1355 1356
3 1276 1356 1277
3 1277 1356 1357
3 1277 1357 1278
3 1278 1357 1358
3 1278 1358 1279
3 1279 1358 1359
3 1279 1359 1280
3 1280 1359 1360
3 1280 1360 1281
3 1281 1360 1361
3 1281 1361 1282
3 1282 1361 1362
3 1282 1362 1283
3 1283 1362 1363
3 1283 1363 232
3 232 1363 231
3 16 17 1284
3 1284 17 1364
3 1284 1364 1285
3 1285 1364 1365
3 1285 1365 1286
3 1286 1365 1366
3 1286 1366 1287
3 1287 1366 1367
3 1287 1367 1288
3 1288 1367 1368
3 1288 1368 1289
3 1289 1368 1369
3 1289 1369 1290
3 1290 1369 1370
3 1290 1370 1291
3 1291 1370 1371
3 1291 1371 1292
3 1292 1371 1372
3 1292 1372 1293
3 1293 1372 1373
3 1293 1373 1294
3 1294 1373 1374
3 1294 1374 1295
3 1295 1374 1375
3 1295 1375 1296
3 1296 1375 1376
3 1296 1376 1297
3 1297 1376 1377
3 1297 1377 1298
3 1298 1377 1378
3 1298 1378 1299
3 1299 1378 1379
3 1299 1379 1300
3 1300 1379 1380
3 1300 1380 1301
3 1301 1380 1381
3 1301 1381 1302
3 1302 1381 1382
3 1302 1382 1303
3 1303 1382 1383
3 1303 1383 1304
3 1304 1383 1384
3 1304 1384 1305
3 1305 1384 1385
3 1305 1385 1306
3 1306 1385 1386
3 1306 1386 1307
3 1307 1386 1387
3 1307 1387 1308
3 1308 1387 1388
3 1308 1388 1309
3 1309 1388 1389
3 1309 1389 1310
3 1310 1389 1390
3 1310 1390 1311
3 1311 1390 1391
3 1311 1391 1312
3 1312 1391 1392
3 1312 1392 1313
3 1313 1392 1393
3 1313 1393 1314
3 1314 1393 1394
3 1314 1394 1315
3 1315 1394 1395
3 1315 1395 1316
3 1316 1395 1396
3 1316 1396 1317
3 1317 1396 1397
3 1317 1397 1318
3 1318 1397 1398
3 1318 1398 1319
3 1319 1398 1399
3 1319 1399 1320
3 1320 1399 1400
3 1320 1400 1321
3 1321 1400 1401
3 1321 1401 1322
3 1322 1401 1402
3 1322 1402 1323
3 1323 1402 1403
3 1323 1403 1324
3 1324 1403 1404
3 1324 1404 1325
3 1325 1404 1405
3 1325 1405 1326
3 1326 1405 1406
3 1326 1406 1327
3 1327 1406 1407
3 1327 1407 1328
3 1328 1407 1408
3 1328 1408 1329
3 1329 1408 1409
3 1329 1409 1330
3 1330 1409 1410
3 1330 1410 1331
3 1331 1410 1411
3 1331 1411 1332
3 1332 1411 1412
3 1332 1412 1333
3 1333 1412 1413
3 1333 1413 1334
3 1334 1413 1414
3 1334 1414 1335
3 1335 1414 1415
3 1335 1415 1336
3 1336 1415 1416
3 1336 1416 1337
3 1337 1416 1417
3 1337 1417 1338
3 1338 1417 1418
3 1338 1418 1339
3 1339 1418 1419
3 1339 1419 1340
3 1340 1419 1420
3 1340 1420 1341
3 1341 1420 1421
3 1341 1421 1342
3 1342 1421 1422
3 1342 1422 1343
3 1343 1422 1423
3 1343 1423 1344
3 1344 1423 1424
3 1344 1424 1345
3 1345 1424 1425
3 1345 1425 1346
3 1346 1425 1426
3 1346 1426 1347
3 1347 1426 1427
3 1347 1427 1348
3 1348 1427 1428
3 1348 1428 1349
3 1349 1428 1429
3 1349 1429 1350
3 1350 1429 1430
3 1350 1430 1351
3 1351 1430 1431
3 1351 1431 1352
3 1352 1431 1432
3 1352 1432 1353
3 1353 1432 1433
3 1353 1433 1354
3 1354 1433 1434
3 1354 1434 1355
3 1355 1434 1435
3 1355 1435 1356
3 1356 1435 1436
3 1356 1436 1357
3 1357 1436 1437
3 1357 1437 1358
3 1358 1437 1438
3 1358 1438 1359
3 1359 1438 1439
3 1359 1439 1360
3 1360 1439 1440
3 1360 1440 1361
3 1361 1440 1441
3 1361 1441 1362
3 1362 1441 1442
3 1362 1442 1363
3 1363 1442 1443
3 1363 1443 231
3 231 1443 230
3 17 18 1364
3 1364 18 1444
3 1364 1444 1365
3 1365 1444 1445
3 1365 1445 1366
3 1366 1445 1446
3 1366 1446 1367
3 1367 1446 1447
3 1367 1447 1368
3 1368 1447 1448
3 1368 1448 1369
3 1369 1448 1449
3 1369 1449 1370
3 1370 1449 1450
3 1370 1450 1371
3 1371 1450 1451
3 1371 1451 1372
3 1372 1451 1452
3 1372 1452 1373
3 1373 1452 1453
3 1373 1453 1374
3 1374 1453 1454
3 1374 1454 1375
3 1375 1454 1455
3 1375 1455 1376
3 1376 1455 1456
3 1376 1456 1377
3 1377 1456 1457
3 1377 1457 1378
3 1378 1457 1458
3 1378 1458 1379
3 1379 1458 1459
3 1379 1459 1380
3 1380 1459 1460
3 1380 1460 1381
3 1381 1460 1461
3 1381 1461 1382
3 1382 1461 1462
3 1382 1462 1383
3 1383 1462 1463
3 1383 1463 1384
3 1384 1463 1464
3 1384 1464 1385
3 1385 1464 1465
3 1385 1465 1386
3 1386 1465 1466
3 1386 1466 1387
3 1387 1466 1467
3 1387 1467 1388
3 1388 1467 1468
3 1388 1468 1389
3 1389 1468 1469
3 1389 1469 1390
3 1390 1469 1470
3 1390 1470 1391
3 1391 1470 1471
3 1391 1471 1392
3 1392 1471 1472
3 1392 1472 1393
3 1393 1472 1473
3 1393 1473 1394
3 1394 1473 1474
3 1394 1474 1395
3 1395 1474 1475
3 1395 1475 1396
3 1396 1475 1476
3 1396 1476 1397
3 1397 1476 1477
3 1397 1477 1398
3 1398 1477 1478
3 1398 1478 1399
3 1399 1478 1479
3 1399 1479 1400
3 1400 1479 1480
3 1400 1480 1401
3 1401 1480 1481
3 1401 1481 1402
3 1402 1481 1482
3 1402 1482 1403
3 1403 1482 1483
3 1403 1483 1404
3 1404 1483 1484
3 1404 1484 1405
3 1405 1484 1485
3 1405 1485 1406
3 1406 1485 1486
3 1406 1486 1407
3 1407 1486 1487
3 1407 1487 1408
3 1408 1487 1488
3 1408 1488 1409
3 1409 1488 1489
3 1409 1489 1410
3 1410 1489 1490
3 1410 1490 1411
3 1411 1490 1491
3 1411 1491 1412
3 1412 1491 1492
3 1412 1492 1413
3 1413 1492 1493
3 1413 1493 1414
3 1414 1493 1494
3 1414 1494 1415
3 1415 1494 1495
3 1415 1495 1416
3 1416 1495 1496
3 1416 1496 1417
3 1417 1496 1497
3 1417 1497 1418
3 1418 1497 1498
3 1418 1498 1419
3 1419 1498 1499
3 1419 1499 1420
3 1420 1499 1500
3 1420 1500 1421
3 1421 1500 1501
3 1421 1501 1422
3 1422 1501 1502
3 1422 1502 1423
3 1423 1502 1503
3 1423 1503 1424
3 1424 1503 1504
3 1424 1504 1425
3 1425 1504 1505
3 1425 1505 1426
3 1426 1505 1506
3 1426 1506 1427
3 1427 1506 1507
3 1427 1507 1428
3 1428 1507 1508
3 1428 1508 1429
3 1429 1508 1509
3 1429 1509 1430
3 1430 1509 1510
3 1430 1510 1431
3 1431 1510 1511
3 1431 1511 1432
3 1432 1511 1512
3 1432 1512 1433
3 1433 1512 1513
3 1433 1513 1434
3 1434 1513 1514
3 1434 1514 1435
3 1435 1514 1515
3 1435 1515 1436
3 1436 1515 1516
3 1436 1516 1437
3 1437 1516 1517
3 1437 1517 1438
3 1438 1517 1518
3 1438 1518 1439
3 1439 1518 1519
3 1439 1519 1440
3 1440 1519 1520
3 1440 1520 1441
3 1441 1520 1521
3 1441 1521 1442
3 1442 1521 1522
3 1442 1522 1443
3 1443 1522 1523
3 1443 1523 230
3 230 1523 229
3 18 19 1444
3 1444 19 1524
3 1444 1524 1445
3 1445 1524 1525
3 1445 1525 1446
3 1446 1525 1526
3 1446 1526 1447
3 1447 1526 1527
3 1447 1527 1448
3 1448 1527 1528
3 1448 1528 1449
3 1449 1528 1529
3 1449 1529 1450
3 1450 1529 1530
3 1450 1530 1451
3 1451 1530 1531
3 1451 1531 1452
3 1452 1531 1532
3 1452 1532 1453
3 1453 1532 1533
3 1453 1533 1454
3 1454 1533 1534
3 1454 1534 1455
3 1455 1534 1535
3 1455 1535 1456
3 1456 1535 1536
3 1456 1536 1457
3 1457 1536 1537
3 1457 1537 1458
3 1458 1537 1538
3 1458 1538 1459
3 1459 1538 1539
3 1459 1539 1460
3 1460 1539 1540
3 1460 1540 1461
3 1461 1540 1541
3 1461 1541 1462
3 1462 1541 1542
3 1462 1542 1463
3 1463 1542 1543
3 1463 1543 1464
3 1464 1543 1544
3 1464 1544 1465
3 1465 1544 1545
3 1465 1545 1466
3 1466 1545 1546
3 1466 1546 1467
3 1467 1546 1547
3 1467 1547 1468
3 1468 1547 1548
3 1468 1548 1469
3 1469 1548 1549
3 1469 1549 1470
3 1470 1549 1550
3 1470 1550 1471
3 1471 1550 1551
3 1471 1551 1472
3 1472 1551 1552
3 1472 1552 1473
3 1473 1552 1553
3 1473 1553 1474
3 1474 1553 1554
3 1474 1554 1475
3 1475 1554 1555
3 1475 1555 1476
3 1476 1555 1556
3 1476 1556 1477
3 1477 1556 1557
3 1477 1557 1478
3 1478 1557 1558
3 1478 1558 1479
3 1479 1558 1559
3 1479 1559 1480
3 1480 1559 1560
3 1480 1560 1481
3 1481 1560 1561
3 1481 1561 1482
3 1482 1561 1562
3 1482 1562 1483
3 1483 1562 1563
3 1483 1563 1484
3 1484 1563 1564
3 1484 1564 1485
3 1485 1564 1565
3 1485 1565 1486
3 1486 1565 1566
3 1486 1566 1487
3 1487 1566 1567
3 1487 1567 1488
3 1488 1567 1568
3 1488 1568 1489
3 1489 1568 1569
3 1489 1569 1490
3 1490 1569 1570
3 1490 1570 1491
3 1491 1570 1571
3 1491 1571 1492
3 1492 1571 1572
3 1492 1572 1493
3 1493 1572 1573
3 1493 1573 1494
3 1494 1573 1574
3 1494 1574 1495
3 1495 1574 1575
3 1495 1575 1496
3 1496 1575 1576
3 1496 1576 1497
3 1497 1576 1577
3 1497 1577 1498
3 1498 1577 1578
3 1498 1578 1499
3 1499 1578 1579
3 1499 1579 1500
3 1500 1579 1580
3 1500 1580 1501
3 1501 1580 1581
3 1501 1581 1502
3 1502 1581 1582
3 1502 1582 1503
3 1503 1582 1583
3 1503 1583 1504
3 1504 1583 1584
3 1504 1584 1505
3 1505 1584 1585
3 1505 1585 1506
3 1506 1585 1586
3 1506 1586 1507
3 1507 1586 1587
3 1507 1587 1508
3 1508 1587 1588
3 1508 1588 1509
3 1509 1588 1589
3 1509 1589 1510
3 1510 1589 1590
3 1510 1590 1511
3 1511 1590 1591
3 1511 1591 1512
3 1512 1591 1592
3 1512 1592 1513
3 1513 1592 1593
3 1513 1593 1514
3 1514 1593 1594
3 1514 1594 1515
3 1515 1594 1595
3 1515 1595 1516
3 1516 1595 1596
3 1516 1596 1517
3 1517 1596 1597
3 1517 1597 1518
3 1518 1597 1598
3 1518 1598 1519
3 1519 1598 1599
3 1519 1599 1520
3 1520 1599 1600
3 1520 1600 1521
3 1521 1600 1601
3 1521 1601 1522
3 1522 1601 1602
3 1522 1602 1523
3 1523 1602 1603
3 1523 1603 229
3 229 1603 228
3 19 20 1524
3 1524 20 1604
3 1524 1604 1525
3 1525 1604 1605
3 1525 1605 1526
3 1526 1605 1606
3 1526 1606 1527
3 1527 1606 1607
3 1527 1607 1528
3 1528 1607 1608
3 1528 1608 1529
3 1529 1608 1609
3 1529 1609 1530
3 1530 1609 1610
3 1530 1610 1531
3 1531 1610 1611
3 1531 1611 1532
3 1532 1611 1612
3 1532 1612 1533
3 1533 1612 1613
3 1533 1613 1534
3 1534 1613 1614
3 1534 1614 1535
3 1535 1614 1615
3 1535 1615 1536
3 1536 1615 1616
3 1536 1616 1537
3 1537 1616 1617
3 1537 1617 1538
3 1538 1617 1618
3 1538 1618 1539
3 1539 1618 1619
3 1539 1619 1540
3 1540 1619 1620
3 1540 1620 1541
3 1541 1620 1621
3 1541 1621 1542
3 1542 1621 1622
3 1542 1622 1543
3 1543 1622 1623
3 1543 1623 1544
3 1544 1623 1624
3 1544 1624 1545
3 1545 1624 1625
3 1545 1625 1546
3 1546 1625 1626
3 1546 1626 1547
3 1547 1626 1627
3 1547 1627 1548
3 1548 1627 1628
3 1548 1628 1549
3 1549 1628 1629
3 1549 1629 1550
3 1550 1629 1630
3 1550 1630 1551
3 1551 1630 1631
3 1551 1631 1552
3 1552 1631 1632
3 1552 1632 1553
3 1553 1632 1633
3 1553 1633 1554
3 1554 1633 1634
3 1554 1634 1555
3 1555 1634 1635
3 1555 1635 1556
3 1556 1635 1636
3 1556 1636 1557
3 1557 1636 1637
3 1557 1637 1558
3 1558 1637 1638
3 1558 1638 1559
3 1559 1638 1639
3 1559 1639 1560
3 1560 1639 1640
3 1560 1640 1561
3 1561 1640 1641
3 1561 1641 1562
3 1562 1641 1642
3 1562 1642 1563
3 1563 1642 1643
3 1563 1643 1564
3 1564 1643 1644
3 1564 1644 1565
3 1565 1644 1645
3 1565 1645 1566
3 1566 1645 1646
3 1566 1646 1567
3 1567 1646 1647
3 1567 1647 1568
3 1568 1647 1648
3 1568 1648 1569
3 1569 1648 1649
3 1569 1649 1570
3 1570 1649 1650
3 1570 1650 1571
3 1571 1650 1651
3 1571 1651 1572
3 1572 1651 1652
3 1572 1652 1573
3 1573 1652 1653
3 1573 1653 1574
3 1574 1653 1654
3 1574 1654 1575
3 1575 1654 1655
3 1575 1655 1576
3 1576 1655 1656
3 1576 1656 1577
3 1577 1656 1657
3 1577 1657 1578
3 1578 1657 1658
3 1578 1658 1579
3 1579 1658 1659
3 1579 1659 1580
3 1580 1659 1660
3 1580 1660 1581
3 1581 1660 1661
3 1581 1661 1582
3 1582 1661 1662
3 1582 1662 1583
3 1583 1662 1663
3 1583 1663 1584
3 1584 1663 1664
3 1584 1664 1585
3 1585 1664 1665
3 1585 1665 1586
3 1586 1665 1666
3 1586 1666 1587
3 1587 1666 1667
3 1587 1667 1588
3 1588 1667 1668
3 1588 1668 1589
3 1589 1668 1669
3 1589 1669 1590
3 1590 1669 1670
3 1590 1670 1591
3 1591 1670 1671
3 1591 1671 1592
3 1592 1671 1672
3 1592 1672 1593
3 1593 1672 1673
3 1593 1673 1594
3 1594 1673 1674
3 1594 1674 1595
3 1595 1674 1675
3 1595 1675 1596
3 1596 1675 1676
3 1596 1676 1597
3 1597 1676 1677
3 1597 1677 1598
3 1598 1677 1678
3 1598 1678 1599
3 1599 1678 1679
3 1599 1679 1600
3 1600 1679 1680
3 1600 1680 1601
3 1601 1680 1681
3 1601 1681 1602
3 1602 1681 1682
3 1602 1682 1603
3 1603 1682 1683
3 1603 1683 228
3 228 1683 227
3 20 21 1604
3 1604 21 1684
3 1604 1684 1605
3 1605 1684 1685
3 1605 1685 1606
3 1606 1685 1686
3 1606 1686 1607
3 1607 1686 1687
3 1607 1687 1608
3 1608 1687 1688
3 1608 1688 1609
3 1609 1688 1689
3 1609 1689 1610
3 1610 1689 1690
3 1610 1690 1611
3 1611 1690 1691
3 1611 1691 1612
3 1612 1691 1692
3 1612 1692 1613
3 1613 1692 1693
3 1613 1693 1614
3 1614 1693 1694
3 1614 1694 1615
3 1615 1694 1695
3 1615 1695 1616
3 1616 1695 1696
3 1616 1696 1617
3 1617 1696 1697
3 1617 1697 1618
3 1618 1697 1698
3 1618 1698 1619
3 1619 1698 1699
3 1619 1699 1620
3 1620 1699 1700
3 1620 1700 1621
3 1621 1700 1701
3 1621 1701 1622
3 1622 1701 1702
3 1622 1702 1623
3 1623 1702 1703
3 1623 1703 1624
3 1624 1703 1704
3 1624 1704 1625
3 1625 1704 1705
3 1625 1705 1626
3 1626 1705 1706
3 1626 1706 1627
3 1627 1706 1707
3 1627 1707 1628
3 1628 1707 1708
3 1628 1708 1629
3 1629 1708 1709
3 1629 1709 1630
3 1630 1709 1710
3 1630 1710 1631
3 1631 1710 1711
3 1631 1711 1632
3 1632 1711 1712
3 1632 1712 1633
3 1633 1712 1713
3 1633 1713 1634
3 1634 1713 1714
3 1634 1714 1635
3 1635 1714 1715
3 1635 1715 1636
3 1636 1715 1716
3 1636 1716 1637
3 1637 1716 1717
3 1637 1717 1638
3 1638 1717 1718
3 1638 1718 1639
3 1639 1718 1719
3 1639 1719 1640
3 1640 1719 1720
3 1640 1720 1641
3 1641 1720 1721
3 1641 1721 1642
3 1642 1721 1722
3 1642 1722 1643
3 1643 1722 1723
3 1643 1723 1644
3 1644 1723 1724
3 1644 1724 1645
3 1645 1724 1725
3 1645 1725 1646
3 1646 1725 1726
3 1646 1726 1647
3 1647 1726 1727
3 1647 1727 1648
3 1648 1727 1728
3 1648 1728 1649
3 1649 1728 1729
3 1649 1729 1650
3 1650 1729 1730
3 1650 1730 1651
3 1651 1730 1731
3 1651 1731 1652
3 1652 1731 1732
3 1652 1732 1653
3 1653 1732 1733
3 1653 1733 1654
3 1654 1733 1734
3 1654 1734 1655
3 1655 1734 1735
3 1655 1735 1656
3 1656 1735 1736
3 1656 1736 1657
3 1657 1736 1737
3 1657 1737 1658
3 1658 1737 1738
3 1658 1738 1659
3 1659 1738 1739
3 1659 1739 1660
3 1660 1739 1740
3 1660 1740 1661
3 1661 1740 1741
3 1661 1741 1662
3 1662 1741 1742
3 1662 1742 1663
3 1663 1742 1743
3 1663 1743 1664
3 1664 1743 1744
3 1664 1744 1665
3 1665 1744 1745
3 1665 1745 1666
3 1666 1745 1746
3 1666 1746 1667
3 1667 1746 1747
3 1667 1747 1668
3 1668 1747 1748
3 1668 1748 1669
3 1669 1748 1749
3 1669 1749 1670
3 1670 1749 1750
3 1670 1750 1671
3 1671 1750 1751
3 1671 1751 1672
3 1672 1751 1752
3 1672 1752 1673
3 1673 1752 1753
3 1673 1753 1674
3 1674 1753 1754
3 1674 1754 1675
3 1675 1754 1755
3 1675 1755 1676
3 1676 1755 1756
3 1676 1756 1677
3 1677 1756 1757
3 1677 1757 1678
3 1678 1757 1758
3 1678 1758 1679
3 1679 1758 1759
3 1679 1759 1680
3 1680 1759 1760
3 1680 1760 1681
3 1681 1760 1761
3 1681 1761 1682
3 1682 1761 1762
3 1682 1762 1683
3 1683 1762 1763
3 1683 1763 227
3 227 1763 226
3 21 22 1684
3 1684 22 1764
3 1684 1764 1685
3 1685 1764 1765
3 1685 1765 1686
3 1686 1765 1766
3 1686 1766 1687
3 1687 1766 1767
3 1687 1767 1688
3 1688 1767 1768
3 1688 1768 1689
3 1689 1768 1769
3 1689 1769 1690
3 1690 1769 1770
3 1690 1770 1691
3 1691 1770 1771
3 1691 1771 1692
3 1692 1771 1772
3 1692 1772 1693
3 1693 1772 1773
3 1693 1773 1694
3 1694 1773 1774
3 1694 1774 1695
3 1695 1774 1775
3 1695 1775 1696
3 1696 1775 1776
3 1696 1776 1697
3 1697 1776 1777
3 1697 1777 1698
3 1698 1777 1778
3 1698 1778 1699
3 1699 1778 1779
3 1699 1779 1700
3 1700 1779 1780
3 1700 1780 1701
3 1701 1780 1781
3 1701 1781 1702
3 1702 1781 1782
3 1702 1782 1703
3 1703 1782 1783
3 1703 1783 1704
3 1704 1783 1784
3 1704 1784 1705
3 1705 1784 1785
3 1705 1785 1706
3 1706 1785 1786
3 1706 1786 1707
3 1707 1786 1787
3 1707 1787 1708
3 1708 1787 1788
3 1708 1788 1709
3 1709 1788 1789
3 1709 1789 1710
3 1710 1789 1790
3 1710 1790 1711
3 1711 1790 1791
3 1711 1791 1712
3 1712 1791 1792
3 1712 1792 1713
3 1713 1792 1793
3 1713 1793 1714
3 1714 1793 1794
3 1714 1794 1715
3 1715 1794 1795
3 1715 1795 1716
3 1716 1795 1796
3 1716 1796 1717
3 1717 1796 1797
3 1717 1797 1718
3 1718 1797 1798
3 1718 1798 1719
3 1719 1798 1799
3 1719 1799 1720
3 1720 1799 1800
3 1720 1800 1721
3 1721 1800 1801
3 1721 1801 1722
3 1722 1801 1802
3 1722 1802 1723
3 1723 1802 1803
3 1723 1803 1724
3 1724 1803 1804
3 1724 1804 1725
3 1725 1804 1805
3 1725 1805 1726
3 1726 1805 1806
3 1726 1806 1727
3 1727 1806 1807
3 1727 1807 1728
3 1728 1807 1808
3 1728 1808 1729
3 1729 1808 1809
3 1729 1809 1730
3 1730 1809 1810
3 1730 1810 1731
3 1731 1810 1811
3 1731 1811 1732
3 1732 1811 1812
3 1732 1812 1733
3 1733 1812 1813
3 1733 1813 1734
3 1734 1813 1814
3 1734 1814 1735
3 1735 1814 1815
3 1735 1815 1736
3 1736 1815 1816
3 1736 1816 1737
3 1737 1816 1817
3 1737 1817 1738
3 1738 1817 1818
3 1738 1818 1739
3 1739 1818 1819
3 1739 1819 1740
3 1740 1819 1820
3 1740 1820 1741
3 1741 1820 1821
3 1741 1821 1742
3 1742 1821 1822
3 1742 1822 1743
3 1743 1822 1823
3 1743 1823 1744
3 1744 1823 1824
3 1744 1824 1745
3 1745 1824 1825
3 1745 1825 1746
3 1746 1825 1826
3 1746 1826 1747
3 1747 1826 1827
3 1747 1827 1748
3 1748 1827 1828
3 1748 1828 1749
3 1749 1828 1829
3 1749 1829 1750
3 1750 1829 1830
3 1750 1830 1751
3 1751 1830 1831
3 1751 1831 1752
3 1752 1831 1832
3 1752 1832 1753
3 1753 1832 1833
3 1753 1833 1754
3 1754 1833 1834
3 1754 1834 1755
3 1755 1834 1835
3 1755 1835 1756
3 1756 1835 1836
3 1756 1836 1757
3 1757 1836 1837
3 1757 1837 1758
3 1758 1837 1838
3 1758 1838 1759
3 1759 1838 1839
3 1759 1839 1760
3 1760 1839 1840
3 1760 1840 1761
3 1761 1840 1841
3 1761 1841 1762
3 1762 1841 1842
3 1762 1842 1763
3 1763 1842 1843
3 1763 1843 226
3 226 1843 225
3 22 23 1764
3 1764 23 1844
3 1764 1844 1765
3 1765 1844 1845
3 1765 1845 1766
3 1766 1845 1846
3 1766 1846 1767
3 1767 1846 1847
3 1767 1847 1768
3 1768 1847 1848
3 1768 1848 1769
3 1769 1848 1849
3 1769 1849 1770
3 1770 1849 1850
3 1770 1850 1771
3 1771 1850 1851
3 1771 1851 1772
3 1772 1851 1852
3 1772 1852 1773
3 1773 1852 1853
3 1773 1853 1774
3 1774 1853 1854
3 1774 1854 1775
3 1775 1854 1855
3 1775 1855 1776
3 1776 1855 1856
3 1776 1856 1777
3 1777 1856 1857
3 1777 1857 1778
3 1778 1857 1858
3 1778 1858 1779
3 1779 1858 1859
3 1779 1859 1780
3 1780 1859 1860
3 1780 1860 1781
3 1781 1860 1861
3 1781 1861 1782
3 1782 1861 1862
3 1782 1862 1783
3 1783 1862 1863
3 1783 1863 1784
3 1784 1863 1864
3 1784 1864 1785
3 1785 1864 1865
3 1785 1865 1786
3 1786 1865 1866
3 1786 1866 1787
3 1787 1866 1867
3 1787 1867 1788
3 1788 1867 1868
3 1788 1868 1789
3 1789 1868 1869
3 1789 1869 1790
3 1790 1869 1870
3 1790 1870 1791
3 1791 1870 1871
3 1791 1871 1792
3 1792 1871 1872
3 1792 1872 1793
3 1793 1872 1873
3 1793 1873 1794
3 1794 1873 1874
3 1794 1874 1795
3 1795 1874 1875
3 1795 1875 1796
3 1796 1875 1876
3 1796 1876 1797
3 1797 1876 1877
3 1797 1877 1798
3 1798 1877 1878
3 1798 1878 1799
3 1799 1878 1879
3 1799 1879 1800
3 1800 1879 1880
3 1800 1880 1801
3 1801 1880 1881
3 1801 1881 1802
3 1802 1881 1882
3 1802 1882 1803
3 1803 1882 1883
3 1803 1883 1804
3 1804 1883 1884
3 1804 1884 1805
3 1805 1884 1885
3 1805 1885 1806
3 1806 1885 1886
3 1806 1886 1807
3 1807 1886 1887
3 1807 1887 1808
3 1808 1887 1888
3 1808 1888 1809
3 1809 1888 1889
3 1809 1889 1810
3 1810 1889 1890
3 1810 1890 1811
3 1811 1890 1891
3 1811 1891 1812
3 1812 1891 1892
3 1812 1892 1813
3 1813 1892 1893
3 1813 1893 1814
3 1814 1893 1894
3 1814 1894 1815
3 1815 1894 1895
3 1815 1895 1816
3 1816 1895 1896
3 1816 1896 1817
3 1817 1896 1897
3 1817 1897 1818
3 1818 1897 1898
3 1818 1898 1819
3 1819 1898 1899
3 1819 1899 1820
3 1820 1899 1900
3 1820 1900 1821
3 1821 1900 1901
3 1821 1901 1822
3 1822 1901 1902
3 1822 1902 1823
3 1823 1902 1903
3 1823 1903 1824
3 1824 1903 1904
3 1824 1904 1825
3 1825 1904 1905
3 1825 1905 1826
3 1826 1905 1906
3 1826 1906 1827
3 1827 1906 1907
3 1827 1907 1828
3 1828 1907 1908
3 1828 1908 1829
3 1829 1908 1909
3 1829 1909 1830
3 1830 1909 1910
3 1830 1910 1831
3 1831 1910 1911
3 1831 1911 1832
3 1832 1911 1912
3 1832 1912 1833
3 1833 1912 1913
3 1833 1913 1834
3 1834 1913 1914
3 1834 1914 1835
3 1835 1914 1915
3 1835 1915 1836
3 1836 1915 1916
3 1836 1916 1837
3 1837 1916 1917
3 1837 1917 1838
3 1838 1917 1918
3 1838 1918 1839
3 1839 1918 1919
3 1839 1919 1840
3 1840 1919 1920
3 1840 1920 1841
3 1841 1920 1921
3 1841 1921 1842
3 1842 1921 1922
3 1842 1922 1843
3 1843 1922 1923
3 1843 1923 225
3 225 1923 224
3 23 24 1844
3 1844 24 1924
3 1844 1924 1845
3 1845 1924 1925
3 1845 1925 1846
3 1846 1925 1926
3 1846 1926 1847
3 1847 1926 1927
3 1847 1927 1848
3 1848 1927 1928
3 1848 1928 1849
3 1849 1928 1929
3 1849 1929 1850
3 1850 1929 1930
3 1850 1930 1851
3 1851 1930 1931
3 1851 1931 1852
3 1852 1931 1932
3 1852 1932 1853
3 1853 1932 1933
3 1853 1933 1854
3 1854 1933 1934
3 1854 1934 1855
3 1855 1934 1935
3 1855 1935 1856
3 1856 1935 1936
3 1856 1936 1857
3 1857 1936 1937
3 1857 1937 1858
3 1858 1937 1938
3 1858 1938 1859
3 1859 1938 1939
3 1859 1939 1860
3 1860 1939 1940
3 1860 1940 1861
3 1861 1940 1941
3 1861 1941 1862
3 1862 1941 1942
3 1862 1942 1863
3 1863 1942 1943
3 1863 1943 1864
3 1864 1943 1944
3 1864 1944 1865
3 1865 1944 1945
3 1865 1945 1866
3 1866 1945 1946
3 1866 1946 1867
3 1867 1946 1947
3 1867 1947 1868
3 1868 1947 1948
3 1868 1948 1869
3 1869 1948 1949
3 1869 1949 1870
3 1870 1949 1950
3 1870 1950 1871
3 1871 1950 1951
3 1871 1951 1872
3 1872 1951 1952
3 1872 1952 1873
3 1873 1952 1953
3 1873 1953 1874
3 1874 1953 1954
3 1874 1954 1875
3 1875 1954 1955
3 1875 1955 1876
3 1876 1955 1956
3 1876 1956 1877
3 1877 1956 1957
3 1877 1957 1878
3 1878 1957 1958
3 1878 1958 1879
3 1879 1958 1959
3 1879 1959 1880
3 1880 1959 1960
3 1880 1960 1881
3 1881 1960 1961
3 1881 1961 1882
3 1882 1961 1962
3 1882 1962 1883
3 1883 1962 1963
3 1883 1963 1884
3 1884 1963 1964
3 1884 1964 1885
3 1885 1964 1965
3 1885 1965 1886
3 1886 1965 1966
3 1886 1966 1887
3 1887 1966 1967
3 1887 1967 1888
3 1888 1967 1968
3 1888 1968 1889
3 1889 1968 1969
3 1889 1969 1890
3 1890 1969 1970
3 1890 1970 1891
3 1891 1970 1971
3 1891 1971 1892
3 1892 1971 1972
3 1892 1972 1893
3 1893 1972 1973
3 1893 1973 1894
3 1894 1973 1974
3 1894 1974 1895
3 1895 1974 1975
3 1895 1975 1896
3 1896 1975 1976
3 1896 1976 1897
3 1897 1976 1977
3 1897 1977 1898
3 1898 1977 1978
3 1898 1978 1899
3 1899 1978 1979
3 1899 1979 1900
3 1900 1979 1980
3 1900 1980 1901
3 1901 1980 1981
3 1901 1981 1902
3 1902 1981 1982
3 1902 1982 1903
3 1903 1982 1983
3 1903 1983 1904
3 1904 1983 1984
3 1904 1984 1905
3 1905 1984 1985
3 1905 1985 1906
3 1906 1985 1986
3 1906 1986 1907
3 1907 1986 1987
3 1907 1987 1908
3 1908 1987 1988
3 1908 1988 1909
3 1909 1988 1989
3 1909 1989 1910
3 1910 1989 1990
3 1910 1990 1911
3 1911 1990 1991
3 1911 1991 1912
3 1912 1991 1992
3 1912 1992 1913
3 1913 1992 1993
3 1913 1993 1914
3 1914 1993 1994
3 1914 1994 1915
3 1915 1994 1995
3 1915 1995 1916
3 1916 1995 1996
3 1916 1996 1917
3 1917 1996 1997
3 1917 1997 1918
3 1918 1997 1998
3 1918 1998 1919
3 1919 1998 1999
3 1919 1999 1920
3 1920 1999 2000
3 1920 2000 1921
3 1921 2000 2001
3 1921 2001 1922
3 1922 2001 2002
3 1922 2002 1923
3 1923 2002 2003
3 1923 2003 224
3 224 2003 223
3 24 25 1924
3 1924 25 2004
3 1924 2004 1925
3 1925 2004 2005
3 1925 2005 1926
3 1926 2005 2006
3 1926 2006 1927
3 1927 2006 2007
3 1927 2007 1928
3 1928 2007 2008
3 1928 2008 1929
3 1929 2008 2009
3 1929 2009 1930
3 1930 2009 2010
3 1930 2010 1931
3 1931 2010 2011
3 1931 2011 1932
3 1932 2011 2012
3 1932 2012 1933
3 1933 2012 2013
3 1933 2013 1934
3 1934 2013 2014
3 1934 2014 1935
3 1935 2014 2015
3 1935 2015 1936
3 1936 2015 2016
3 1936 2016 1937
3 1937 2016 2017
3 1937 2017 1938
3 1938 2017 2018
3 1938 2018 1939
3 1939 2018 2019
3 1939 2019 1940
3 1940 2019 2020
3 1940 2020 1941
3 1941 2020 2021
3 1941 2021 1942
3 1942 2021 2022
3 1942 2022 1943
3 1943 2022 2023
3 1943 2023 1944
3 1944 2023 2024
3 1944 2024 1945
3 1945 2024 2025
3 1945 2025 1946
3 1946 2025 2026
3 1946 2026 1947
3 1947 2026 2027
3 1947 2027 1948
3 1948 2027 2028
3 1948 2028 1949
3 1949 2028 2029
3 1949 2029 1950
3 1950 2029 2030
3 1950 2030 1951
3 1951 2030 2031
3 1951 2031 1952
3 1952 2031 2032
3 1952 2032 1953
3 1953 2032 2033
3 1953 2033 1954
3 1954 2033 2034
3 1954 2034 1955
3 1955 2034 2035
3 1955 2035 1956
3 1956 2035 2036
3 1956 2036 1957
3 1957 2036 2037
3 1957 2037 1958
3 1958 2037 2038
3 1958 2038 1959
3 1959 2038 2039
3 1959 2039 1960
3 1960 2039 2040
3 1960 2040 1961
3 1961 2040 2041
3 1961 2041 1962
3 1962 2041 2042
3 1962 2042 1963
3 1963 2042 2043
3 1963 2043 1964
3 1964 2043 2044
3 1964 2044 1965
3 1965 2044 2045
3 1965 2045 1966
3 1966 2045 2046
3 1966 2046 1967
3 1967 2046 2047
3 1967 2047 1968
3 1968 2047 2048
3 1968 2048 1969
3 1969 2048 2049
3 1969 2049 1970
3 1970 2049 2050
3 1970 2050 1971
3 1971 2050 2051
3 1971 2051 1972
3 1972 2051 2052
3 1972 2052 1973
3 1973 2052 2053
3 1973 2053 1974
3 1974 2053 2054
3 1974 2054 1975
3 1975 2054 2055
3 1975 2055 1976
3 1976 2055 2056
3 1976 2056 1977
3 1977 2056 2057
3 1977 2057 1978
3 1978 2057 2058
3 1978 2058 1979
3 1979 2058 2059
3 1979 2059 1980
3 1980 2059 2060
3 1980 2060 1981
3 1981 2060 2061
3 1981 2061 1982
3 1982 2061 2062
3 1982 2062 1983
3 1983 2062 2063
3 1983 2063 1984
3 1984 2063 2064
3 1984 2064 1985
3 1985 2064 2065
3 1985 2065 1986
3 1986 2065 2066
3 1986 2066 1987
3 1987 2066 2067
3 1987 2067 1988
3 1988 2067 2068
3 1988 2068 1989
3 1989 2068 2069
3 1989 2069 1990
3 1990 2069 2070
3 1990 2070 1991
3 1991 2070 2071
3 1991 2071 1992
3 1992 2071 2072
3 1992 2072 1993
3 1993 2072 2073
3 1993 2073 1994
3 1994 2073 2074
3 1994 2074 1995
3 1995 2074 2075
3 1995 2075 1996
3 1996 2075 2076
3 1996 2076 1997
3 1997 2076 2077
3 1997 2077 1998
3 1998 2077 2078
3 1998 2078 1999
3 1999 2078 2079
3 1999 2079 2000
3 2000 2079 2080
3 2000 2080 2001
3 2001 2080 2081
3 2001 2081 2002
3 2002 2081 2082
3 2002 2082 2003
3 2003 2082 2083
3 2003 2083 223
3 223 2083 222
3 25 26 2004
3 2004 26 2084
3 2004 2084 2005
3 2005 2084 2085
3 2005 2085 2006
3 2006 2085 2086
3 2006 2086 2007
3 2007 2086 2087
3 2007 2087 2008
3 2008 2087 2088
3 2008 2088 2009
3 2009 2088 2089
3 2009 2089 2010
3 2010 2089 2090
3 2010 2090 2011
3 2011 2090 2091
3 2011 2091 2012
3 2012 2091 2092
3 2012 2092 2013
3 2013 2092 2093
3 2013 2093 2014
3 2014 2093 2094
3 2014 2094 2015
3 2015 2094 2095
3 2015 2095 2016
3 2016 2095 2096
3 2016 2096 2017
3 2017 2096 2097
3 2017 2097 2018
3 2018 2097 2098
3 2018 2098 2019
3 2019 2098 2099
3 2019 2099 2020
3 2020 2099 2100
3 2020 2100 2021
3 2021 2100 2101
3 2021 2101 2022
3 2022 2101 2102
3 2022 2102 2023
3 2023 2102 2103
3 2023 2103 2024
3 2024 2103 2104
3 2024 2104 2025
3 2025 2104 2105
3 2025 2105 2026
3 2026 2105 2106
3 2026 2106 2027
3 2027 2106 2107
3 2027 2107 2028
3 2028 2107 2108
3 2028 2108 2029
3 2029 2108 2109
3 2029 2109 2030
3 2030 2109 2110
3 2030 2110 2031
3 2031 2110 2111
3 2031 2111 2032
3 2032 2111 2112
3 2032 2112 2033
3 2033 2112 2113
3 2033 2113 2034
3 2034 2113 2114
3 2034 2114 2035
3 2035 2114 2115
3 2035 2115 2036
3 2036 2115 2116
3 2036 2116 2037
3 2037 2116 2117
3 2037 2117 2038
3 2038 2117 2118
3 2038 2118 2039
3 2039 2118 2119
3 2039 2119 2040
3 2040 2119 2120
3 2040 2120 2041
3 2041 2120 2121
3 2041 2121 2042
3 2042 2121 2122
3 2042 2122 2043
3 2043 2122 2123
3 2043 2123 2044
3 2044 2123 2124
3 2044 2124 2045
3 2045 2124 2125
3 2045 2125 2046
3 2046 2125 2126
3 2046 2126 2047
3 2047 2126 2127
3 2047 2127 2048
3 2048 2127 2128
3 2048 2128 2049
3 2049 2128 2129
3 2049 2129 2050
3 2050 2129 2130
3 2050 2130 2051
3 2051 2130 2131
3 2051 2131 2052
3 2052 2131 2132
3 2052 2132 2053
3 2053 2132 2133
3 2053 2133 2054
3 2054 2133 2134
3 2054 2134 2055
3 2055 2134 2135
3 2055 2135 2056
3 2056 2135 2136
3 2056 2136 2057
3 2057 2136 2137
3 2057 2137 2058
3 2058 2137 2138
3 2058 2138 2059
3 2059 2138 2139
3 2059 2139 2060
3 2060 2139 2140
3 2060 2140 2061
3 2061 2140 2141
3 2061 2141 2062
3 2062 2141 2142
3 2062 2142 2063
3 2063 2142 2143
3 2063 2143 2064
3 2064 2143 2144
3 2064 2144 2065
3 2065 2144 2145
3 2065 2145 2066
3 2066 2145 2146
3 2066 2146 2067
3 2067 2146 2147
3 2067 2147 2068
3 2068 2147 2148
3 2068 2148 2069
3 2069 2148 2149
3 2069 2149 2070
3 2070 2149 2150
3 2070 2150 2071
3 2071 2150 2151
3 2071 2151 2072
3 2072 2151 2152
3 2072 2152 2073
3 2073 2152 2153
3 2073 2153 2074
3 2074 2153 2154
3 2074 2154 2075
3 2075 2154 2155
3 2075 2155 2076
3 2076 2155 2156
3 2076 2156 2077
3 2077 2156 2157
3 2077 2157 2078
3 2078 2157 2158
3 2078 2158 2079
3 2079 2158 2159
3 2079 2159 2080
3 2080 2159 2160
3 2080 2160 2081
3 2081 2160 2161
3 2081 2161 2082
3 2082 2161 2162
3 2082 2162 2083
3 2083 2162 2163
3 2083 2163 222
3 222 2163 221
3 26 27 2084
3 2084 27 2164
3 2084 2164 2085
3 2085 2164 2165
3 2085 2165 2086
3 2086 2165 2166
3 2086 2166 2087
3 2087 2166 2167
3 2087 2167 2088
3 2088 2167 2168
3 2088 2168 2089
3 2089 2168 2169
3 2089 2169 2090
3 2090 2169 2170
3 2090 2170 2091
3 2091 2170 2171
3 2091 2171 2092
3 2092 2171 2172
3 2092 2172 2093
3 2093 2172 2173
3 2093 2173 2094
3 2094 2173 2174
3 2094 2174 2095
3 2095 2174 2175
3 2095 2175 2096
3 2096 2175 2176
3 2096 2176 2097
3 2097 2176 2177
3 2097 2177 2098
3 2098 2177 2178
3 2098 2178 2099
3 2099 2178 2179
3 2099 2179 2100
3 2100 2179 2180
3 2100 2180 2101
3 2101 2180 2181
3 2101 2181 2102
3 2102 2181 2182
3 2102 2182 2103
3 2103 2182 2183
3 2103 2183 2104
3 2104 2183 2184
3 2104 2184 2105
3 2105 2184 2185
3 2105 2185 2106
3 2106 2185 2186
3 2106 2186 2107
3 2107 2186 2187
3 2107 2187 2108
3 2108 2187 2188
3 2108 2188 2109
3 2109 2188 2189
3 2109 2189 2110
3 2110 2189 2190
3 2110 2190 2111
3 2111 2190 2191
3 2111 2191 2112
3 2112 2191 2192
3 2112 2192 2113
3 2113 2192 2193
3 2113 2193 2114
3 2114 2193 2194
3 2114 2194 2115
3 2115 2194 2195
3 2115 2195 2116
3 2116 2195 2196
3 2116 2196 2117
3 2117 2196 2197
3 2117 2197 2118
3 2118 2197 2198
3 2118 2198 2119
3 2119 2198 2199
3 2119 2199 2120
3 2120 2199 2200
3 2120 2200 2121
3 2121 2200 2201
3 2121 2201 2122
3 2122 2201 2202
3 2122 2202 2123
3 2123 2202 2203
3 2123 2203 2124
3 2124 2203 2204
3 2124 2204 2125
3 2125 2204 2205
3 2125 2205 2126
3 2126 2205 2206
3 2126 2206 2127
3 2127 2206 2207
3 2127 2207 2128
3 2128 2207 2208
3 2128 2208 2129
3 2129 2208 2209
3 2129 2209 2130
3 2130 2209 2210
3 2130 2210 2131
3 2131 2210 2211
3 2131 2211 2132
3 2132 2211 2212
3 2132 2212 2133
3 2133 2212 2213
3 2133 2213 2134
3 2134 2213 2214
3 2134 2214 2135
3 2135 2214 2215
3 2135 2215 2136
3 2136 2215 2216
3 2136 2216 2137
3 2137 2216 2217
3 2137 2217 2138
3 2138 2217 2218
3 2138 2218 2139
3 2139 2218 2219
3 2139 2219 2140
3 2140 2219 2220
3 2140 2220 2141
3 2141 2220 2221
3 2141 2221 2142
3 2142 2221 2222
3 2142 2222 2143
3 2143 2222 2223
3 2143 2223 2144
3 2144 2223 2224
3 2144 2224 2145
3 2145 2224 2225
3 2145 2225 2146
3 2146 2225 2226
3 2146 2226 2147
3 2147 2226 2227
3 2147 2227 2148
3 2148 2227 2228
3 2148 2228 2149
3 2149 2228 2229
3 2149 2229 2150
3 2150 2229 2230
3 2150 2230 2151
3 2151 2230 2231
3 2151 2231 2152
3 2152 2231 2232
3 2152 2232 2153
3 2153 2232 2233
3 2153 2233 2154
3 2154 2233 2234
3 2154 2234 2155
3 2155 2234 2235
3 2155 2235 2156
3 2156 2235 2236
3 2156 2236 2157
3 2157 2236 2237
3 2157 2237 2158
3 2158 2237 2238
3 2158 2238 2159
3 2159 2238 2239
3 2159 2239 2160
3 2160 2239 2240
3 2160 2240 2161
3 2161 2240 2241
3 2161 2241 2162
3 2162 2241 2242
3 2162 2242 2163
3 2163 2242 2243
3 2163 2243 221
3 221 2243 220
3 27 28 2164
3 2164 28 2244
3 2164 2244 2165
3 2165 2244 2245
3 2165 2245 2166
3 2166 2245 2246
3 2166 2246 2167
3 2167 2246 2247
3 2167 2247 2168
3 2168 2247 2248
3 2168 2248 2169
3 2169 2248 2249
3 2169 2249 2170
3 2170 2249 2250
3 2170 2250 2171
3 2171 2250 2251
3 2171 2251 2172
3 2172 2251 2252
3 2172 2252 2173
3 2173 2252 2253
3 2173 2253 2174
3 2174 2253 2254
3 2174 2254 2175
3 2175 2254 2255
3 2175 2255 2176
3 2176 2255 2256
3 2176 2256 2177
3 2177 2256 2257
3 2177 2257 2178
3 2178 2257 2258
3 2178 2258 2179
3 2179 2258 2259
3 2179 2259 2180
3 2180 2259 2260
3 2180 2260 2181
3 2181 2260 2261
3 2181 2261 2182
3 2182 2261 2262
3 2182 2262 2183
3 2183 2262 2263
3 2183 2263 2184
3 2184 2263 2264
3 2184 2264 2185
3 2185 2264 2265
3 2185 2265 2186
3 2186 2265 2266
3 2186 2266 2187
3 2187 2266 2267
3 2187 2267 2188
3 2188 2267 2268
3 2188 2268 2189
3 2189 2268 2269
3 2189 2269 2190
3 2190 2269 2270
3 2190 2270 2191
3 2191 2270 2271
3 2191 2271 2192
3 2192 2271 2272
3 2192 2272 2193
3 2193 2272 2273
3 2193 2273 2194
3 2194 2273 2274
3 2194 2274 2195
3 2195 2274 2275
3 2195 2275 2196
3 2196 2275 2276
3 2196 2276 2197
3 2197 2276 2277
3 2197 2277 2198
3 2198 2277 2278
3 2198 2278 2199
3 2199 2278 2279
3 2199 2279 2200
3 2200 2279 2280
3 2200 2280 2201
3 2201 2280 2281
3 2201 2281 2202
3 2202 2281 2282
3 2202 2282 2203
3 2203 2282 2283
3 2203 2283 2204
3 2204 2283 2284
3 2204 2284 2205
3 2205 2284 2285
3 2205 2285 2206
3 2206 2285 2286
3 2206 2286 2207
3 2207 2286 2287
3 2207 2287 2208
3 2208 2287 2288
3 2208 2288 2209
3 2209 2288 2289
3 2209 2289 2210
3 2210 2289 2290
3 2210 2290 2211
3 2211 2290 2291
3 2211 2291 2212
3 2212 2291 2292
3 2212 2292 2213
3 2213 2292 2293
3 2213 2293 2214
3 2214 2293 2294
3 2214 2294 2215
3 2215 2294 2295
3 2215 2295 2216
3 2216 2295 2296
3 2216 2296 2217
3 2217 2296 2297
3 2217 2297 2218
3 2218 2297 2298
3 2218 2298 2219
3 2219 2298 2299
3 2219 2299 2220
3 2220 2299 2300
3 2220 2300 2221
3 2221 2300 2301
3 2221 2301 2222
3 2222 2301 2302
3 2222 2302 2223
3 2223 2302 2303
3 2223 2303 2224
3 2224 2303 2304
3 2224 2304 2225
3 2225 2304 2305
3 2225 2305 2226
3 2226 2305 2306
3 2226 2306 2227
3 2227 2306 2307
3 2227 2307 2228
3 2228 2307 2308
3 2228 2308 2229
3 2229 2308 2309
3 2229 2309 2230
3 2230 2309 2310
3 2230 2310 2231
3 2231 2310 2311
3 2231 2311 2232
3 2232 2311 2312
3 2232 2312 2233
3 2233 2312 2313
3 2233 2313 2234
3 2234 2313 2314
3 2234 2314 2235
3 2235 2314 2315
3 2235 2315 2236
3 2236 2315 2316
3 2236 2316 2237
3 2237 2316 2317
3 2237 2317 2238
3 2238 2317 2318
3 2238 2318 2239
3 2239 2318 2319
3 2239 2319 2240
3 2240 2319 2320
3 2240 2320 2241
3 2241 2320 2321
3 2241 2321 2242
3 2242 2321 2322
3 2242 2322 2243
3 2243 2322 2323
3 2243 2323 220
3 220 2323 219
3 28 29 2244
3 2244 29 2324
3 2244 2324 2245
3 2245 2324 2325
3 2245 2325 2246
3 2246 2325 2326
3 2246 2326 2247
3 2247 2326 2327
3 2247 2327 2248
3 2248 2327 2328
3 2248 2328 2249
3 2249 2328 2329
3 2249 2329 2250
3 2250 2329 2330
3 2250 2330 2251
3 2251 2330 2331
3 2251 2331 2252
3 2252 2331 2332
3 2252 2332 2253
3 2253 2332 2333
3 2253 2333 2254
3 2254 2333 2334
3 2254 2334 2255
3 2255 2334 2335
3 2255 2335 2256
3 2256 2335 2336
3 2256 2336 2257
3 2257 2336 2337
3 2257 2337 2258
3 2258 2337 2338
3 2258 2338 2259
3 2259 2338 2339
3 2259 2339 2260
3 2260 2339 2340
3 2260 2340 2261
3 2261 2340 2341
3 2261 2341 2262
3 2262 2341 2342
3 2262 2342 2263
3 2263 2342 2343
3 2263 2343 2264
3 2264 2343 2344
3 2264 2344 2265
3 2265 2344 2345
3 2265 2345 2266
3 2266 2345 2346
3 2266 2346 2267
3 2267 2346 2347
3 2267 2347 2268
3 2268 2347 2348
3 2268 2348 2269
3 2269 2348 2349
3 2269 2349 2270
3 2270 2349 2350
3 2270 2350 2271
3 2271 2350 2351
3 2271 2351 2272
3 2272 2351 2352
3 2272 2352 2273
3 2273 2352 2353
3 2273 2353 2274
3 2274 2353 2354
3 2274 2354 2275
3 2275 2354 2355
3 2275 2355 2276
3 2276 2355 2356
3 2276 2356 2277
3 2277 2356 2357
3 2277 2357 2278
3 2278 2357 2358
3 2278 2358 2279
3 2279 2358 2359
3 2279 2359 2280
3 2280 2359 2360
3 2280 2360 2281
3 2281 2360 2361
3 2281 2361 2282
3 2282 2361 2362
3 2282 2362 2283
3 2283 2362 2363
3 2283 2363 2284
3 2284 2363 2364
3 2284 2364 2285
3 2285 2364 2365
3 2285 2365 2286
3 2286 2365 2366
3 2286 2366 2287
3 2287 2366 2367
3 2287 2367 2288
3 2288 2367 2368
3 2288 2368 2289
3 2289 2368 2369
3 2289 2369 2290
3 2290 2369 2370
3 2290 2370 2291
3 2291 2370 2371
3 2291 2371 2292
3 2292 2371 2372
3 2292 2372 2293
3 2293 2372 2373
3 2293 2373 2294
3 2294 2373 2374
3 2294 2374 2295
3 2295 2374 2375
3 2295 2375 2296
3 2296 2375 2376
3 2296 2376 2297
3 2297 2376 2377
3 2297 2377 2298
3 2298 2377 2378
3 2298 2378 2299
3 2299 2378 2379
3 2299 2379 2300
3 2300 2379 2380
3 2300 2380 2301
3 2301 2380 2381
3 2301 2381 2302
3 2302 2381 2382
3 2302 2382 2303
3 2303 2382 2383
3 2303 2383 2304
3 2304 2383 2384
3 2304 2384 2305
3 2305 2384 2385
3 2305 2385 2306
3 2306 2385 2386
3 2306 2386 2307
3 2307 2386 2387
3 2307 2387 2308
3 2308 2387 2388
3 2308 2388 2309
3 2309 2388 2389
3 2309 2389 2310
3 2310 2389 2390
3 2310 2390 2311
3 2311 2390 2391
3 2311 2391 2312
3 2312 2391 2392
3 2312 2392 2313
3 2313 2392 2393
3 2313 2393 2314
3 2314 2393 2394
3 2314 2394 2315
3 2315 2394 2395
3 2315 2395 2316
3 2316 2395 2396
3 2316 2396 2317
3 2317 2396 2397
3 2317 2397 2318
3 2318 2397 2398
3 2318 2398 2319
3 2319 2398 2399
3 2319 2399 2320
3 2320 2399 2400
3 2320 2400 2321
3 2321 2400 2401
3 2321 2401 2322
3 2322 2401 2402
3 2322 2402 2323
3 2323 2402 2403
3 2323 2403 219
3 219 2403 218
3 29 30 2324
3 2324 30 2404
3 2324 2404 2325
3 2325 2404 2405
3 2325 2405 2326
3 2326 2405 2406
3 2326 2406 2327
3 2327 2406 2407
3 2327 2407 2328
3 2328 2407 2408
3 2328 2408 2329
3 2329 2408 2409
3 2329 2409 2330
3 2330 2409 2410
3 2330 2410 2331
3 2331 2410 2411
3 2331 2411 2332
3 2332 2411 2412
3 2332 2412 2333
3 2333 2412 2413
3 2333 2413 2334
3 2334 2413 2414
3 2334 2414 2335
3 2335 2414 2415
3 2335 2415 2336
3 2336 2415 2416
3 2336 2416 2337
3 2337 2416 2417
3 2337 2417 2338
3 2338 2417 2418
3 2338 2418 2339
3 2339 2418 2419
3 2339 2419 2340
3 2340 2419 2420
3 2340 2420 2341
3 2341 2420 2421
3 2341 2421 2342
3 2342 2421 2422
3 2342 2422 2343
3 2343 2422 2423
3 2343 2423 2344
3 2344 2423 2424
3 2344 2424 2345
3 2345 2424 2425
3 2345 2425 2346
3 2346 2425 2426
3 2346 2426 2347
3 2347 2426 2427
3 2347 2427 2348
3 2348 2427 2428
3 2348 2428 2349
3 2349 2428 2429
3 2349 2429 2350
3 2350 2429 2430
3 2350 2430 2351
3 2351 2430 2431
3 2351 2431 2352
3 2352 2431 2432
3 2352 2432 2353
3 2353 2432 2433
3 2353 2433 2354
3 2354 2433 2434
3 2354 2434 2355
3 2355 2434 2435
3 2355 2435 2356
3 2356 2435 2436
3 2356 2436 2357
3 2357 2436 2437
3 2357 2437 2358
3 2358 2437 2438
3 2358 2438 2359
3 2359 2438 2439
3 2359 2439 2360
3 2360 2439 2440
3 2360 2440 2361
3 2361 2440 2441
3 2361 2441 2362
3 2362 2441 2442
3 2362 2442 2363
3 2363 2442 2443
3 2363 2443 2364
3 2364 2443 2444
3 2364 2444 2365
3 2365 2444 2445
3 2365 2445 2366
3 2366 2445 2446
3 2366 2446 2367
3 2367 2446 2447
3 2367 2447 2368
3 2368 2447 2448
3 2368 2448 2369
3 2369 2448 2449
3 2369 2449 2370
3 2370 2449 2450
3 2370 2450 2371
3 2371 2450 2451
3 2371 2451 2372
3 2372 2451 2452
3 2372 2452 2373
3 2373 2452 2453
3 2373 2453 2374
3 2374 2453 2454
3 2374 2454 2375
3 2375 2454 2455
3 2375 2455 2376
3 2376 2455 2456
3 2376 2456 2377
3 2377 2456 2457
3 2377 2457 2378
3 2378 2457 2458
3 2378 2458 2379
3 2379 2458 2459
3 2379 2459 2380
3 2380 2459 2460
3 2380 2460 2381
3 2381 2460 2461
3 2381 2461 2382
3 2382 2461 2462
3 2382 2462 2383
3 2383 2462 2463
3 2383 2463 2384
3 2384 2463 2464
3 2384 2464 2385
3 2385 2464 2465
3 2385 2465 2386
3 2386 2465 2466
3 2386 2466 2387
3 2387 2466 2467
3 2387 2467 2388
3 2388 2467 2468
3 2388 2468 2389
3 2389 2468 2469
3 2389 2469 2390
3 2390 2469 2470
3 2390 2470 2391
3 2391 2470 2471
3 2391 2471 2392
3 2392 2471 2472
3 2392 2472 2393
3 2393 2472 2473
3 2393 2473 2394
3 2394 2473 2474
3 2394 2474 2395
3 2395 2474 2475
3 2395 2475 2396
3 2396 2475 2476
3 2396 2476 2397
3 2397 2476 2477
3 2397 2477 2398
3 2398 2477 2478
3 2398 2478 2399
3 2399 2478 2479
3 2399 2479 2400
3 2400 2479 2480
3 2400 2480 2401
3 2401 2480 2481
3 2401 2481 2402
3 2402 2481 2482
3 2402 2482 2403
3 2403 2482 2483
3 2403 2483 218
3 218 2483 217
3 30 31 2404
3 2404 31 2484
3 2404 2484 2405
3 2405 2484 2485
3 2405 2485 2406
3 2406 2485 2486
3 2406 2486 2407
3 2407 2486 2487
3 2407 2487 2408
3 2408 2487 2488
3 2408 2488 2409
3 2409 2488 2489
3 2409 2489 2410
3 2410 2489 2490
3 2410 2490 2411
3 2411 2490 2491
3 2411 2491 2412
3 2412 2491 2492
3 2412 2492 2413
3 2413 2492 2493
3 2413 2493 2414
3 2414 2493 2494
3 2414 2494 2415
3 2415 2494 2495
3 2415 2495 2416
3 2416 2495 2496
3 2416 2496 2417
3 2417 2496 2497
3 2417 2497 2418
3 2418 2497 2498
3 2418 2498 2419
3 2419 2498 2499
3 2419 2499 2420
3 2420 2499 2500
3 2420 2500 2421
3 2421 2500 2501
3 2421 2501 2422
3 2422 2501 2502
3 2422 2502 2423
3 2423 2502 2503
3 2423 2503 2424
3 2424 2503 2504
3 2424 2504 2425
3 2425 2504 2505
3 2425 2505 2426
3 2426 2505 2506
3 2426 2506 2427
3 2427 2506 2507
3 2427 2507 2428
3 2428 2507 2508
3 2428 2508 2429
3 2429 2508 2509
3 2429 2509 2430
3 2430 2509 2510
3 2430 2510 2431
3 2431 2510 2511
3 2431 2511 2432
3 2432 2511 2512
3 2432 2512 2433
3 2433 2512 2513
3 2433 2513 2434
3 2434 2513 2514
3 2434 2514 2435
3 2435 2514 2515
3 2435 2515 2436
3 2436 2515 2516
3 2436 2516 2437
3 2437 2516 2517
3 2437 2517 2438
3 2438 2517 2518
3 2438 2518 2439
3 2439 2518 2519
3 2439 2519 2440
3 2440 2519 2520
3 2440 2520 2441
3 2441 2520 2521
3 2441 2521 2442
3 2442 2521 2522
3 2442 2522 2443
3 2443 2522 2523
3 2443 2523 2444
3 2444 2523 2524
3 2444 2524 2445
3 2445 2524 2525
3 2445 2525 2446
3 2446 2525 2526
3 2446 2526 2447
3 2447 2526 2527
3 2447 2527 2448
3 2448 2527 2528
3 2448 2528 2449
3 2449 2528 2529
3 2449 2529 2450
3 2450 2529 2530
3 2450 2530 2451
3 2451 2530 2531
3 2451 2531 2452
3 2452 2531 2532
3 2452 2532 2453
3 2453 2532 2533
3 2453 2533 2454
3 2454 2533 2534
3 2454 2534 2455
3 2455 2534 2535
3 2455 2535 2456
3 2456 2535 2536
3 2456 2536 2457
3 2457 2536 2537
3 2457 2537 2458
3 2458 2537 2538
3 2458 2538 2459
3 2459 2538 2539
3 2459 2539 2460
3 2460 2539 2540
3 2460 2540 2461
3 2461 2540 2541
3 2461 2541 2462
3 2462 2541 2542
3 2462 2542 2463
3 2463 2542 2543
3 2463 2543 2464
3 2464 2543 2544
3 2464 2544 2465
3 2465 2544 2545
3 2465 2545 2466
3 2466 2545 2546
3 2466 2546 2467
3 2467 2546 2547
3 2467 2547 2468
3 2468 2547 2548
3 2468 2548 2469
3 2469 2548 2549
3 2469 2549 2470
3 2470 2549 2550
3 2470 2550 2471
3 2471 2550 2551
3 2471 2551 2472
3 2472 2551 2552
3 2472 2552 2473
3 2473 2552 2553
3 2473 2553 2474
3 2474 2553 2554
3 2474 2554 2475
3 2475 2554 2555
3 2475 2555 2476
3 2476 2555 2556
3 2476 2556 2477
3 2477 2556 2557
3 2477 2557 2478
3 2478 2557 2558
3 2478 2558 2479
3 2479 2558 2559
3 2479 2559 2480
3 2480 2559 2560
3 2480 2560 2481
3 2481 2560 2561
3 2481 2561 2482
3 2482 2561 2562
3 2482 2562 2483
3 2483 2562 2563
3 2483 2563 217
3 217 2563 216
3 31 32 2484
3 2484 32 2564
3 2484 2564 2485
3 2485 2564 2565
3 2485 2565 2486
3 2486 2565 2566
3 2486 2566 2487
3 2487 2566 2567
3 2487 2567 2488
3 2488 2567 2568
3 2488 2568 2489
3 2489 2568 2569
3 2489 2569 2490
3 2490 2569 2570
3 2490 2570 2491
3 2491 2570 2571
3 2491 2571 2492
3 2492 2571 2572
3 2492 2572 2493
3 2493 2572 2573
3 2493 2573 2494
3 2494 2573 2574
3 2494 2574 2495
3 2495 2574 2575
3 2495 2575 2496
3 2496 2575 2576
3 2496 2576 2497
3 2497 2576 2577
3 2497 2577 2498
3 2498 2577 2578
3 2498 2578 2499
3 2499 2578 2579
3 2499 2579 2500
3 2500 2579 2580
3 2500 2580 2501
3 2501 2580 2581
3 2501 2581 2502
3 2502 2581 2582
3 2502 2582 2503
3 2503 2582 2583
3 2503 2583 2504
3 2504 2583 2584
3 2504 2584 2505
3 2505 2584 2585
3 2505 2585 2506
3 2506 2585 2586
3 2506 2586 2507
3 2507 2586 2587
3 2507 2587 2508
3 2508 2587 2588
3 2508 2588 2509
3 2509 2588 2589
3 2509 2589 2510
3 2510 2589 2590
3 2510 2590 2511
3 2511 2590 2591
3 2511 2591 2512
3 2512 2591 2592
3 2512 2592 2513
3 2513 2592 2593
3 2513 2593 2514
3 2514 2593 2594
3 2514 2594 2515
3 2515 2594 2595
3 2515 2595 2516
3 2516 2595 2596
3 2516 2596 2517
3 2517 2596 2597
3 2517 2597 2518
3 2518 2597 2598
3 2518 2598 2519
3 2519 2598 2599
3 2519 2599 2520
3 2520 2599 2600
3 2520 2600 2521
3 2521 2600 2601
3 2521 2601 2522
3 2522 2601 2602
3 2522 2602 2523
3 2523 2602 2603
3 2523 2603 2524
3 2524 2603 2604
3 2524 2604 2525
3 2525 2604 2605
3 2525 2605 2526
3 2526 2605 2606
3 2526 2606 2527
3 2527 2606 2607
3 2527 2607 2528
3 2528 2607 2608
3 2528 2608 2529
3 2529 2608 2609
3 2529 2609 2530
3 2530 2609 2610
3 2530 2610 2531
3 2531 2610 2611
3 2531 2611 2532
3 2532 2611 2612
3 2532 2612 2533
3 2533 2612 2613
3 2533 2613 2534
3 2534 2613 2614
3 2534 2614 2535
3 2535 2614 2615
3 2535 2615 2536
3 2536 2615 2616
3 2536 2616 2537
3 2537 2616 2617
3 2537 2617 2538
3 2538 2617 2618
3 2538 2618 2539
3 2539 2618 2619
3 2539 2619 2540
3 2540 2619 2620
3 2540 2620 2541
3 2541 2620 2621
3 2541 2621 2542
3 2542 2621 2622
3 2542 2622 2543
3 2543 2622 2623
3 2543 2623 2544
3 2544 2623 2624
3 2544 2624 2545
3 2545 2624 2625
3 2545 2625 2546
3 2546 2625 2626
3 2546 2626 2547
3 2547 2626 2627
3 2547 2627 2548
3 2548 2627 2628
3 2548 2628 2549
3 2549 2628 2629
3 2549 2629 2550
3 2550 2629 2630
3 2550 2630 2551
3 2551 2630 2631
3 2551 2631 2552
3 2552 2631 2632
3 2552 2632 2553
3 2553 2632 2633
3 2553 2633 2554
3 2554 2633 2634
3 2554 2634 2555
3 2555 2634 2635
3 2555 2635 2556
3 2556 2635 2636
3 2556 2636 2557
3 2557 2636 2637
3 2557 2637 2558
3 2558 2637 2638
3 2558 2638 2559
3 2559 2638 2639
3 2559 2639 2560
3 2560 2639 2640
3 2560 2640 2561
3 2561 2640 2641
3 2561 2641 2562
3 2562 2641 2642
3 2562 2642 2563
3 2563 2642 2643
3 2563 2643 216
3 216 2643 215
3 32 33 2564
3 2564 33 2644
3 2564 2644 2565
3 2565 2644 2645
3 2565 2645 2566
3 2566 2645 2646
3 2566 2646 2567
3 2567 2646 2647
3 2567 2647 2568
3 2568 2647 2648
3 2568 2648 2569
3 2569 2648 2649
3 2569 2649 2570
3 2570 2649 2650
3 2570 2650 2571
3 2571 2650 2651
3 2571 2651 2572
3 2572 2651 2652
3 2572 2652 2573
3 2573 2652 2653
3 2573 2653 2574
3 2574 2653 2654
3 2574 2654 2575
3 2575 2654 2655
3 2575 2655 2576
3 2576 2655 2656
3 2576 2656 2577
3 2577 2656 2657
3 2577 2657 2578
3 2578 2657 2658
3 2578 2658 2579
3 2579 2658 2659
3 2579 2659 2580
3 2580 2659 2660
3 2580 2660 2581
3 2581 2660 2661
3 2581 2661 2582
3 2582 2661 2662
3 2582 2662 2583
3 2583 2662 2663
3 2583 2663 2584
3 2584 2663 2664
3 2584 2664 2585
3 2585 2664 2665
3 2585 2665 2586
3 2586 2665 2666
3 2586 2666 2587
3 2587 2666 2667
3 2587 2667 2588
3 2588 2667 2668
3 2588 2668 2589
3 2589 2668 2669
3 2589 2669 2590
3 2590 2669 2670
3 2590 2670 2591
3 2591 2670 2671
3 2591 2671 2592
3 2592 2671 2672
3 2592 2672 2593
3 2593 2672 2673
3 2593 2673 2594
3 2594 2673 2674
3 2594 2674 2595
3 2595 2674 2675
3 2595 2675 2596
3 2596 2675 2676
3 2596 2676 2597
3 2597 2676 2677
3 2597 2677 2598
3 2598 2677 2678
3 2598 2678 2599
3 2599 2678 2679
3 2599 2679 2600
3 2600 2679 2680
3 2600 2680 2601
3 2601 2680 2681
3 2601 2681 2602
3 2602 2681 2682
3 2602 2682 2603
3 2603 2682 2683
3 2603 2683 2604
3 2604 2683 2684
3 2604 2684 2605
3 2605 2684 2685
3 2605 2685 2606
3 2606 2685 2686
3 2606 2686 2607
3 2607 2686 2687
3 2607 2687 2608
3 2608 2687 2688
3 2608 2688 2609
3 2609 2688 2689
3 2609 2689 2610
3 2610 2689 2690
3 2610 2690 2611
3 2611 2690 2691
3 2611 2691 2612
3 2612 2691 2692
3 2612 2692 2613
3 2613 2692 2693
3 2613 2693 2614
3 2614 2693 2694
3 2614 2694 2615
3 2615 2694 2695
3 2615 2695 2616
3 2616 2695 2696
3 2616 2696 2617
3 2617 2696 2697
3 2617 2697 2618
3 2618 2697 2698
3 2618 2698 2619
3 2619 2698 2699
3 2619 2699 2620
3 2620 2699 2700
3 2620 2700 2621
3 2621 2700 2701
3 2621 2701 2622
3 2622 2701 2702
3 2622 2702 2623
3 2623 2702 2703
3 2623 2703 2624
3 2624 2703 2704
3 2624 2704 2625
3 2625 2704 2705
3 2625 2705 2626
3 2626 2705 2706
3 2626 2706 2627
3 2627 2706 2707
3 2627 2707 2628
3 2628 2707 2708
3 2628 2708 2629
3 2629 2708 2709
3 2629 2709 2630
3 2630 2709 2710
3 2630 2710 2631
3 2631 2710 2711
3 2631 2711 2632
3 2632 2711 2712
3 2632 2712 2633
3 2633 2712 2713
3 2633 2713 2634
3 2634 2713 2714
3 2634 2714 2635
3 2635 2714 2715
3 2635 2715 2636
3 2636 2715 2716
3 2636 2716 2637
3 2637 2716 2717
3 2637 2717 2638
3 2638 2717 2718
3 2638 2718 2639
3 2639 2718 2719
3 2639 2719 2640
3 2640 2719 2720
3 2640 2720 2641
3 2641 2720 2721
3 2641 2721 2642
3 2642 2721 2722
3 2642 2722 2643
3 2643 2722 2723
3 2643 2723 215
3 215 2723 214
3 33 34 2644
3 2644 34 2724
3 2644 2724 2645
3 2645 2724 2725
3 2645 2725 2646
3 2646 2725 2726
3 2646 2726 2647
3 2647 2726 2727
3 2647 2727 2648
3 2648 2727 2728
3 2648 2728 2649
3 2649 2728 2729
3 2649 2729 2650
3 2650 2729 2730
3 2650 2730 2651
3 2651 2730 2731
3 2651 2731 2652
3 2652 2731 2732
3 2652 2732 2653
3 2653 2732 2733
3 2653 2733 2654
3 2654 2733 2734
3 2654 2734 2655
3 2655 2734 2735
3 2655 2735 2656
3 2656 2735 2736
3 2656 2736 2657
3 2657 2736 2737
3 2657 2737 2658
3 2658 2737 2738
3 2658 2738 2659
3 2659 2738 2739
3 2659 2739 2660
3 2660 2739 2740
3 2660 2740 2661
3 2661 2740 2741
3 2661 2741 2662
3 2662 2741 2742
3 2662 2742 2663
3 2663 2742 2743
3 2663 2743 2664
3 2664 2743 2744
3 2664 2744 2665
3 2665 2744 2745
3 2665 2745 2666
3 2666 2745 2746
3 2666 2746 2667
3 2667 2746 2747
3 2667 2747 2668
3 2668 2747 2748
3 2668 2748 2669
3 2669 2748 2749
3 2669 2749 2670
3 2670 2749 2750
3 2670 2750 2671
3 2671 2750 2751
3 2671 2751 2672
3 2672 2751 2752
3 2672 2752 2673
3 2673 2752 2753
3 2673 2753 2674
3 2674 2753 2754
3 2674 2754 2675
3 2675 2754 2755
3 2675 2755 2676
3 2676 2755 2756
3 2676 2756 2677
3 2677 2756 2757
3 2677 2757 2678
3 2678 2757 2758
3 2678 2758 2679
3 2679 2758 2759
3 2679 2759 2680
3 2680 2759 2760
3 2680 2760 2681
3 2681 2760 2761
3 2681 2761 2682
3 2682 2761 2762
3 2682 2762 2683
3 2683 2762 2763
3 2683 2763 2684
3 2684 2763 2764
3 2684 2764 2685
3 2685 2764 2765
3 2685 2765 2686
3 2686 2765 2766
3 2686 2766 2687
3 2687 2766 2767
3 2687 2767 2688
3 2688 2767 2768
3 2688 2768 2689
3 2689 2768 2769
3 2689 2769 2690
3 2690 2769 2770
3 2690 2770 2691
3 2691 2770 2771
3 2691 2771 2692
3 2692 2771 2772
3 2692 2772 2693
3 2693 2772 2773
3 2693 2773 2694
3 2694 2773 2774
3 2694 2774 2695
3 2695 2774 2775
3 2695 2775 2696
3 2696 2775 2776
3 2696 2776 2697
3 2697 2776 2777
3 2697 2777 2698
3 2698 2777 2778
3 2698 2778 2699
3 2699 2778 2779
3 2699 2779 2700
3 2700 2779 2780
3 2700 2780 2701
3 2701 2780 2781
3 2701 2781 2702
3 2702 2781 2782
3 2702 2782 2703
3 2703 2782 2783
3 2703 2783 2704
3 2704 2783 2784
3 2704 2784 2705
3 2705 2784 2785
3 2705 2785 2706
3 2706 2785 2786
3 2706 2786 2707
3 2707 2786 2787
3 2707 2787 2708
3 2708 2787 2788
3 2708 2788 2709
3 2709 2788 2789
3 2709 2789 2710
3 2710 2789 2790
3 2710 2790 2711
3 2711 2790 2791
3 2711 2791 2712
3 2712 2791 2792
3 2712 2792 2713
3 2713 2792 2793
3 2713 2793 2714
3 2714 2793 2794
3 2714 2794 2715
3 2715 2794 2795
3 2715 2795 2716
3 2716 2795 2796
3 2716 2796 2717
3 2717 2796 2797
3 2717 2797 2718
3 2718 2797 2798
3 2718 2798 2719
3 2719 2798 2799
3 2719 2799 2720
3 2720 2799 2800
3 2720 2800 2721
3 2721 2800 2801
3 2721 2801 2722
3 2722 2801 2802
3 2722 2802 2723
3 2723 2802 2803
3 2723 2803 214
3 214 2803 213
3 34 35 2724
3 2724 35 2804
3 2724 2804 2725
3 2725 2804 2805
3 2725 2805 2726
3 2726 2805 2806
3 2726 2806 2727
3 2727 2806 2807
3 2727 2807 2728
3 2728 2807 2808
3 2728 2808 2729
3 2729 2808 2809
3 2729 2809 2730
3 2730 2809 2810
3 2730 2810 2731
3 2731 2810 2811
3 2731 2811 2732
3 2732 2811 2812
3 2732 2812 2733
3 2733 2812 2813
3 2733 2813 2734
3 2734 2813 2814
3 2734 2814 2735
3 2735 2814 2815
3 2735 2815 2736
3 2736 2815 2816
3 2736 2816 2737
3 2737 2816 2817
3 2737 2817 2738
3 2738 2817 2818
3 2738 2818 2739
3 2739 2818 2819
3 2739 2819 2740
3 2740 2819 2820
3 2740 2820 2741
3 2741 2820 2821
3 2741 2821 2742
3 2742 2821 2822
3 2742 2822 2743
3 2743 2822 2823
3 2743 2823 2744
3 2744 2823 2824
3 2744 2824 2745
3 2745 2824 2825
3 2745 2825 2746
3 2746 2825 2826
3 2746 2826 2747
3 2747 2826 2827
3 2747 2827 2748
3 2748 2827 2828
3 2748 2828 2749
3 2749 2828 2829
3 2749 2829 2750
3 2750 2829 2830
3 2750 2830 2751
3 2751 2830 2831
3 2751 2831 2752
3 2752 2831 2832
3 2752 2832 2753
3 2753 2832 2833
3 2753 2833 2754
3 2754 2833 2834
3 2754 2834 2755
3 2755 2834 2835
3 2755 2835 2756
3 2756 2835 2836
3 2756 2836 2757
3 2757 2836 2837
3 2757 2837 2758
3 2758 2837 2838
3 2758 2838 2759
3 2759 2838 2839
3 2759 2839 2760
3 2760 2839 2840
3 2760 2840 2761
3 2761 2840 2841
3 2761 2841 2762
3 2762 2841 2842
3 2762 2842 2763
3 2763 2842 2843
3 2763 2843 2764
3 2764 2843 2844
3 2764 2844 2765
3 2765 2844 2845
3 2765 2845 2766
3 2766 2845 2846
3 2766 2846 2767
3 2767 2846 2847
3 2767 2847 2768
3 2768 2847 2848
3 2768 2848 2769
3 2769 2848 2849
3 2769 2849 2770
3 2770 2849 2850
3 2770 2850 2771
3 2771 2850 2851
3 2771 2851 2772
3 2772 2851 2852
3 2772 2852 2773
3 2773 2852 2853
3 2773 2853 2774
3 2774 2853 2854
3 2774 2854 2775
3 2775 2854 2855
3 2775 2855 2776
3 2776 2855 2856
3 2776 2856 2777
3 2777 2856 2857
3 2777 2857 2778
3 2778 2857 2858
3 2778 2858 2779
3 2779 2858 2859
3 2779 2859 2780
3 2780 2859 2860
3 2780 2860 2781
3 2781 2860 2861
3 2781 2861 2782
3 2782 2861 2862
3 2782 2862 2783
3 2783 2862 2863
3 2783 2863 2784
3 2784 2863 2864
3 2784 2864 2785
3 2785 2864 2865
3 2785 2865 2786
3 2786 2865 2866
3 2786 2866 2787
3 2787 2866 2867
3 2787 2867 2788
3 2788 2867 2868
3 2788 2868 2789
3 2789 2868 2869
3 2789 2869 2790
3 2790 2869 2870
3 2790 2870 2791
3 2791 2870 2871
3 2791 2871 2792
3 2792 2871 2872
3 2792 2872 2793
3 2793 2872 2873
3 2793 2873 2794
3 2794 2873 2874
3 2794 2874 2795
3 2795 2874 2875
3 2795 2875 2796
3 2796 2875 2876
3 2796 2876 2797
3 2797 2876 2877
3 2797 2877 2798
3 2798 2877 2878
3 2798 2878 2799
3 2799 2878 2879
3 2799 2879 2800
3 2800 2879 2880
3 2800 2880 2801
3 2801 2880 2881
3 2801 2881 2802
3 2802 2881 2882
3 2802 2882 2803
3 2803 2882 2883
3 2803 2883 213
3 213 2883 212
3 35 36 2804
3 2804 36 2884
3 2804 2884 2805
3 2805 2884 2885
3 2805 2885 2806
3 2806 2885 2886
3 2806 2886 2807
3 2807 2886 2887
3 2807 2887 2808
3 2808 2887 2888
3 2808 2888 2809
3 2809 2888 2889
3 2809 2889 2810
3 2810 2889 2890
3 2810 2890 2811
3 2811 2890 2891
3 2811 2891 2812
3 2812 2891 2892
3 2812 2892 2813
3 2813 2892 2893
3 2813 2893 2814
3 2814 2893 2894
3 2814 2894 2815
3 2815 2894 2895
3 2815 2895 2816
3 2816 2895 2896
3 2816 2896 2817
3 2817 2896 2897
3 2817 2897 2818
3 2818 2897 2898
3 2818 2898 2819
3 2819 2898 2899
3 2819 2899 2820
3 2820 2899 2900
3 2820 2900 2821
3 2821 2900 2901
3 2821 2901 2822
3 2822 2901 2902
3 2822 2902 2823
3 2823 2902 2903
3 2823 2903 2824
3 2824 2903 2904
3 2824 2904 2825
3 2825 2904 2905
3 2825 2905 2826
3 2826 2905 2906
3 2826 2906 2827
3 2827 2906 2907
3 2827 2907 2828
3 2828 2907 2908
3 2828 2908 2829
3 2829 2908 2909
3 2829 2909 2830
3 2830 2909 2910
3 2830 2910 2831
3 2831 2910 2911
3 2831 2911 2832
3 2832 2911 2912
3 2832 2912 2833
3 2833 2912 2913
3 2833 2913 2834
3 2834 2913 2914
3 2834 2914 2835
3 2835 2914 2915
3 2835 2915 2836
3 2836 2915 2916
3 2836 2916 2837
3 2837 2916 2917
3 2837 2917 2838
3 2838 2917 2918
3 2838 2918 2839
3 2839 2918 2919
3 2839 2919 2840
3 2840 2919 2920
3 2840 2920 2841
3 2841 2920 2921
3 2841 2921 2842
3 2842 2921 2922
3 2842 2922 2843
3 2843 2922 2923
3 2843 2923 2844
3 2844 2923 2924
3 2844 2924 2845
3 2845 2924 2925
3 2845 2925 2846
3 2846 2925 2926
3 2846 2926 2847
3 2847 2926 2927
3 2847 2927 2848
3 2848 2927 2928
3 2848 2928 2849
3 2849 2928 2929
3 2849 2929 2850
3 2850 2929 2930
3 2850 2930 2851
3 2851 2930 2931
3 2851 2931 2852
3 2852 2931 2932
3 2852 2932 2853
3 2853 2932 2933
3 2853 2933 2854
3 2854 2933 2934
3 2854 2934 2855
3 2855 2934 2935
3 2855 2935 2856
3 2856 2935 2936
3 2856 2936 2857
3 2857 2936 2937
3 2857 2937 2858
3 2858 2937 2938
3 2858 2938 2859
3 2859 2938 2939
3 2859 2939 2860
3 2860 2939 2940
3 2860 2940 2861
3 2861 2940 2941
3 2861 2941 2862
3 2862 2941 2942
3 2862 2942 2863
3 2863 2942 2943
3 2863 2943 2864
3 2864 2943 2944
3 2864 2944 2865
3 2865 2944 2945
3 2865 2945 2866
3 2866 2945 2946
3 2866 2946 2867
3 2867 2946 2947
3 2867 2947 2868
3 2868 2947 2948
3 2868 2948 2869
3 2869 2948 2949
3 2869 2949 2870
3 2870 2949 2950
3 2870 2950 2871
3 2871 2950 2951
3 2871 2951 2872
3 2872 2951 2952
3 2872 2952 2873
3 2873 2952 2953
3 2873 2953 2874
3 2874 2953 2954
3 2874 2954 2875
3 2875 2954 2955
3 2875 2955 2876
3 2876 2955 2956
3 2876 2956 2877
3 2877 2956 2957
3 2877 2957 2878
3 2878 2957 2958
3 2878 2958 2879
3 2879 2958 2959
3 2879 2959 2880
3 2880 2959 2960
3 2880 2960 2881
3 2881 2960 2961
3 2881 2961 2882
3 2882 2961 2962
3 2882 2962 2883
3 2883 2962 2963
3 2883 2963 212
3 212 2963 211
3 36 37 2884
3 2884 37 2964
3 2884 2964 2885
3 2885 2964 2965
3 2885 2965 2886
3 2886 2965 2966
3 2886 2966 2887
3 2887 2966 2967
3 2887 2967 2888
3 2888 2967 2968
3 2888 2968 2889
3 2889 2968 2969
3 2889 2969 2890
3 2890 2969 2970
3 2890 2970 2891
3 2891 2970 2971
3 2891 2971 2892
3 2892 2971 2972
3 2892 2972 2893
3 2893 2972 2973
3 2893 2973 2894
3 2894 2973 2974
3 2894 2974 2895
3 2895 2974 2975
3 2895 2975 2896
3 2896 2975 2976
3 2896 2976 2897
3 2897 2976 2977
3 2897 2977 2898
3 2898 2977 2978
3 2898 2978 2899
3 2899 2978 2979
3 2899 2979 2900
3 2900 2979 2980
3 2900 2980 2901
3 2901 2980 2981
3 2901 2981 2902
3 2902 2981 2982
3 2902 2982 2903
3 2903 2982 2983
3 2903 2983 2904
3 2904 2983 2984
3 2904 2984 2905
3 2905 2984 2985
3 2905 2985 2906
3 2906 2985 2986
3 2906 2986 2907
3 2907 2986 2987
3 2907 2987 2908
3 2908 2987 2988
3 2908 2988 2909
3 2909 2988 2989
3 2909 2989 2910
3 2910 2989 2990
3 2910 2990 2911
3 2911 2990 2991
3 2911 2991 2912
3 2912 2991 2992
3 2912 2992 2913
3 2913 2992 2993
3 2913 2993 2914
3 2914 2993 2994
3 2914 2994 2915
3 2915 2994 2995
3 2915 2995 2916
3 2916 2995 2996
3 2916 2996 2917
3 2917 2996 2997
3 2917 2997 2918
3 2918 2997 2998
3 2918 2998 2919
3 2919 2998 2999
3 2919 2999 2920
3 2920 2999 3000
3 2920 3000 2921
3 2921 3000 3001
3 2921 3001 2922
3 2922 3001 3002
3 2922 3002 2923
3 2923 3002 3003
3 2923 3003 2924
3 2924 3003 3004
3 2924 3004 2925
3 2925 3004 3005
3 2925 3005 2926
3 2926 3005 3006
3 2926 3006 2927
3 2927 3006 3007
3 2927 3007 2928
3 2928 3007 3008
3 2928 3008 2929
3 2929 3008 3009
3 2929 3009 2930
3 2930 3009 3010
3 2930 3010 2931
3 2931 3010 3011
3 2931 3011 2932
3 2932 3011 3012
3 2932 3012 2933
3 2933 3012 3013
3 2933 3013 2934
3 2934 3013 3014
3 2934 3014 2935
3 2935 3014 3015
3 2935 3015 2936
3 2936 3015 3016
3 2936 3016 2937
3 2937 3016 3017
3 2937 3017 2938
3 2938 3017 3018
3 2938 3018 2939
3 2939 3018 3019
3 2939 3019 2940
3 2940 3019 3020
3 2940 3020 2941
3 2941 3020 3021
3 2941 3021 2942
3 2942 3021 3022
3 2942 3022 2943
3 2943 3022 3023
3 2943 3023 2944
3 2944 3023 3024
3 2944 3024 2945
3 2945 3024 3025
3 2945 3025 2946
3 2946 3025 3026
3 2946 3026 2947
3 2947 3026 3027
3 2947 3027 2948
3 2948 3027 3028
3 2948 3028 2949
3 2949 3028 3029
3 2949 3029 2950
3 2950 3029 3030
3 2950 3030 2951
3 2951 3030 3031
3 2951 3031 2952
3 2952 3031 3032
3 2952 3032 2953
3 2953 3032 3033
3 2953 3033 2954
3 2954 3033 3034
3 2954 3034 2955
3 2955 3034 3035
3 2955 3035 2956
3 2956 3035 3036
3 2956 3036 2957
3 2957 3036 3037
3 2957 3037 2958
3 2958 3037 3038
3 2958 3038 2959
3 2959 3038 3039
3 2959 3039 2960
3 2960 3039 3040
3 2960 3040 2961
3 2961 3040 3041
3 2961 3041 2962
3 2962 3041 3042
3 2962 3042 2963
3 2963 3042 3043
3 2963 3043 211
3 211 3043 210
3 37 38 2964
3 2964 38 3044
3 2964 3044 2965
3 2965 3044 3045
3 2965 3045 2966
3 2966 3045 3046
3 2966 3046 2967
3 2967 3046 3047
3 2967 3047 2968
3 2968 3047 3048
3 2968 3048 2969
3 2969 3048 3049
3 2969 3049 2970
3 2970 3049 3050
3 2970 3050 2971
3 2971 3050 3051
3 2971 3051 2972
3 2972 3051 3052
3 2972 3052 2973
3 2973 3052 3053
3 2973 3053 2974
3 2974 3053 3054
3 2974 3054 2975
3 2975 3054 3055
3 2975 3055 2976
3 2976 3055 3056
3 2976 3056 2977
3 2977 3056 3057
3 2977 3057 2978
3 2978 3057 3058
3 2978 3058 2979
3 2979 3058 3059
3 2979 3059 2980
3 2980 3059 3060
3 2980 3060 2981
3 2981 3060 3061
3 2981 3061 2982
3 2982 3061 3062
3 2982 3062 2983
3 2983 3062 3063
3 2983 3063 2984
3 2984 3063 3064
3 2984 3064 2985
3 2985 3064 3065
3 2985 3065 2986
3 2986 3065 3066
3 2986 3066 2987
3 2987 3066 3067
3 2987 3067 2988
3 2988 3067 3068
3 2988 3068 2989
3 2989 3068 3069
3 2989 3069 2990
3 2990 3069 3070
3 2990 3070 2991
3 2991 3070 3071
3 2991 3071 2992
3 2992 3071 3072
3 2992 3072 2993
3 2993 3072 3073
3 2993 3073 2994
3 2994 3073 3074
3 2994 3074 2995
3 2995 3074 3075
3 2995 3075 2996
3 2996 3075 3076
3 2996 3076 2997
3 2997 3076 3077
3 2997 3077 2998
3 2998 3077 3078
3 2998 3078 2999
3 2999 3078 3079
3 2999 3079 3000
3 3000 3079 3080
3 3000 3080 3001
3 3001 3080 3081
3 3001 3081 3002
3 3002 3081 3082
3 3002 3082 3003
3 3003 3082 3083
3 3003 3083 3004
3 3004 3083 3084
3 3004 3084 3005
3 3005 3084 3085
3 3005 3085 3006
3 3006 3085 3086
3 3006 3086 3007
3 3007 3086 3087
3 3007 3087 3008
3 3008 3087 3088
3 3008 3088 3009
3 3009 3088 3089
3 3009 3089 3010
3 3010 3089 3090
3 3010 3090 3011
3 3011 3090 3091
3 3011 3091 3012
3 3012 3091 3092
3 3012 3092 3013
3 3013 3092 3093
3 3013 3093 3014
3 3014 3093 3094
3 3014 3094 3015
3 3015 3094 3095
3 3015 3095 3016
3 3016 3095 3096
3 3016 3096 3017
3 3017 3096 3097
3 3017 3097 3018
3 3018 3097 3098
3 3018 3098 3019
3 3019 3098 3099
3 3019 3099 3020
3 3020 3099 3100
3 3020 3100 3021
3 3021 3100 3101
3 3021 3101 3022
3 3022 3101 3102
3 3022 3102 3023
3 3023 3102 3103
3 3023 3103 3024
3 3024 3103 3104
3 3024 3104 3025
3 3025 3104 3105
3 3025 3105 3026
3 3026 3105 3106
3 3026 3106 3027
3 3027 3106 3107
3 3027 3107 3028
3 3028 3107 3108
3 3028 3108 3029
3 3029 3108 3109
3 3029 3109 3030
3 3030 3109 3110
3 3030 3110 3031
3 3031 3110 3111
3 3031 3111 3032
3 3032 3111 3112
3 3032 3112 3033
3 3033 3112 3113
3 3033 3113 3034
3 3034 3113 3114
3 3034 3114 3035
3 3035 3114 3115
3 3035 3115 3036
3 3036 3115 3116
3 3036 3116 3037
3 3037 3116 3117
3 3037 3117 3038
3 3038 3117 3118
3 3038 3118 3039
3 3039 3118 3119
3 3039 3119 3040
3 3040 3119 3120
3 3040 3120 3041
3 3041 3120 3121
3 3041 3121 3042
3 3042 3121 3122
3 3042 3122 3043
3 3043 3122 3123
3 3043 3123 210
3 210 3123 209
3 38 39 3044
3 3044 39 3124
3 3044 3124 3045
3 3045 3124 3125
3 3045 3125 3046
3 3046 3125 3126
3 3046 3126 3047
3 3047 3126 3127
3 3047 3127 3048
3 3048 3127 3128
3 3048 3128 3049
3 3049 3128 3129
3 3049 3129 3050
3 3050 3129 3130
3 3050 3130 3051
3 3051 3130 3131
3 3051 3131 3052
3 3052 3131 3132
3 3052 3132 3053
3 3053 3132 3133
3 3053 3133 3054
3 3054 3133 3134
3 3054 3134 3055
3 3055 3134 3135
3 3055 3135 3056
3 3056 3135 3136
3 3056 3136 3057
3 3057 3136 3137
3 3057 3137 3058
3 3058 3137 3138
3 3058 3138 3059
3 3059 3138 3139
3 3059 3139 3060
3 3060 3139 3140
3 3060 3140 3061
3 3061 3140 3141
3 3061 3141 3062
3 3062 3141 3142
3 3062 3142 3063
3 3063 3142 3143
3 3063 3143 3064
3 3064 3143 3144
3 3064 3144 3065
3 3065 3144 3145
3 3065 3145 3066
3 3066 3145 3146
3 3066 3146 3067
3 3067 3146 3147
3 3067 3147 3068
3 3068 3147 3148
3 3068 3148 3069
3 3069 3148 3149
3 3069 3149 3070
3 3070 3149 3150
3 3070 3150 3071
3 3071 3150 3151
3 3071 3151 3072
3 3072 3151 3152
3 3072 3152 3073
3 3073 3152 3153
3 3073 3153 3074
3 3074 3153 3154
3 3074 3154 3075
3 3075 3154 3155
3 3075 3155 3076
3 3076 3155 3156
3 3076 3156 3077
3 3077 3156 3157
3 3077 3157 3078
3 3078 3157 3158
3 3078 3158 3079
3 3079 3158 3159
3 3079 3159 3080
3 3080 3159 3160
3 3080 3160 3081
3 3081 3160 3161
3 3081 3161 3082
3 3082 3161 3162
3 3082 3162 3083
3 3083 3162 3163
3 3083 3163 3084
3 3084 3163 3164
3 3084 3164 3085
3 3085 3164 3165
3 3085 3165 3086
3 3086 3165 3166
3 3086 3166 3087
3 3087 3166 3167
3 3087 3167 3088
3 3088 3167 3168
3 3088 3168 3089
3 3089 3168 3169
3 3089 3169 3090
3 3090 3169 3170
3 3090 3170 3091
3 3091 3170 3171
3 3091 3171 3092
3 3092 3171 3172
3 3092 3172 3093
3 3093 3172 3173
3 3093 3173 3094
3 3094 3173 3174
3 3094 3174 3095
3 3095 3174 3175
3 3095 3175 3096
3 3096 3175 3176
3 3096 3176 3097
3 3097 3176 3177
3 3097 3177 3098
3 3098 3177 3178
3 3098 3178 3099
3 3099 3178 3179
3 3099 3179 3100
3 3100 3179 3180
3 3100 3180 3101
3 3101 3180 3181
3 3101 3181 3102
3 3102 3181 3182
3 3102 3182 3103
3 3103 3182 3183
3 3103 3183 3104
3 3104 3183 3184
3 3104 3184 3105
3 3105 3184 3185
3 3105 3185 3106
3 3106 3185 3186
3 3106 3186 3107
3 3107 3186 3187
3 3107 3187 3108
3 3108 3187 3188
3 3108 3188 3109
3 3109 3188 3189
3 3109 3189 3110
3 3110 3189 3190
3 3110 3190 3111
3 3111 3190 3191
3 3111 3191 3112
3 3112 3191 3192
3 3112 3192 3113
3 3113 3192 3193
3 3113 3193 3114
3 3114 3193 3194
3 3114 3194 3115
3 3115 3194 3195
3 3115 3195 3116
3 3116 3195 3196
3 3116 3196 3117
3 3117 3196 3197
3 3117 3197 3118
3 3118 3197 3198
3 3118 3198 3119
3 3119 3198 3199
3 3119 3199 3120
3 3120 3199 3200
3 3120 3200 3121
3 3121 3200 3201
3 3121 3201 3122
3 3122 3201 3202
3 3122 3202 3123
3 3123 3202 3203
3 3123 3203 209
3 209 3203 208
3 39 40 3124
3 3124 40 3204
3 3124 3204 3125
3 3125 3204 3205
3 3125 3205 3126
3 3126 3205 3206
3 3126 3206 3127
3 3127 3206 3207
3 3127 3207 3128
3 3128 3207 3208
3 3128 3208 3129
3 3129 3208 3209
3 3129 3209 3130
3 3130 3209 3210
3 3130 3210 3131
3 3131 3210 3211
3 3131 3211 3132
3 3132 3211 3212
3 3132 3212 3133
3 3133 3212 3213
3 3133 3213 3134
3 3134 3213 3214
3 3134 3214 3135
3 3135 3214 3215
3 3135 3215 3136
3 3136 3215 3216
3 3136 3216 3137
3 3137 3216 3217
3 3137 3217 3138
3 3138 3217 3218
3 3138 3218 3139
3 3139 3218 3219
3 3139 3219 3140
3 3140 3219 3220
3 3140 3220 3141
3 3141 3220 3221
3 3141 3221 3142
3 3142 3221 3222
3 3142 3222 3143
3 3143 3222 3223
3 3143 3223 3144
3 3144 3223 3224
3 3144 3224 3145
3 3145 3224 3225
3 3145 3225 3146
3 3146 3225 3226
3 3146 3226 3147
3 3147 3226 3227
3 3147 3227 3148
3 3148 3227 3228
3 3148 3228 3149
3 3149 3228 3229
3 3149 3229 3150
3 3150 3229 3230
3 3150 3230 3151
3 3151 3230 3231
3 3151 3231 3152
3 3152 3231 3232
3 3152 3232 3153
3 3153 3232 3233
3 3153 3233 3154
3 3154 3233 3234
3 3154 3234 3155
3 3155 3234 3235
3 3155 3235 3156
3 3156 3235 3236
3 3156 3236 3157
3 3157 3236 3237
3 3157 3237 3158
3 3158 3237 3238
3 3158 3238 3159
3 3159 3238 3239
3 3159 3239 3160
3 3160 3239 3240
3 3160 3240 3161
3 3161 3240 3241
3 3161 3241 3162
3 3162 3241 3242
3 3162 3242 3163
3 3163 3242 3243
3 3163 3243 3164
3 3164 3243 3244
3 3164 3244 3165
3 3165 3244 3245
3 3165 3245 3166
3 3166 3245 3246
3 3166 3246 3167
3 3167 3246 3247
3 3167 3247 3168
3 3168 3247 3248
3 3168 3248 3169
3 3169 3248 3249
3 3169 3249 3170
3 3170 3249 3250
3 3170 3250 3171
3 3171 3250 3251
3 3171 3251 3172
3 3172 3251 3252
3 3172 3252 3173
3 3173 3252 3253
3 3173 3253 3174
3 3174 3253 3254
3 3174 3254 3175
3 3175 3254 3255
3 3175 3255 3176
3 3176 3255 3256
3 3176 3256 3177
3 3177 3256 3257
3 3177 3257 3178
3 3178 3257 3258
3 3178 3258 3179
3 3179 3258 3259
3 3179 3259 3180
3 3180 3259 3260
3 3180 3260 3181
3 3181 3260 3261
3 3181 3261 3182
3 3182 3261 3262
3 3182 3262 3183
3 3183 3262 3263
3 3183 3263 3184
3 3184 3263 3264
3 3184 3264 3185
3 3185 3264 3265
3 3185 3265 3186
3 3186 3265 3266
3 3186 3266 3187
3 3187 3266 3267
3 3187 3267 3188
3 3188 3267 3268
3 3188 3268 3189
3 3189 3268 3269
3 3189 3269 3190
3 3190 3269 3270
3 3190 3270 3191
3 3191 3270 3271
3 3191 3271 3192
3 3192 3271 3272
3 3192 3272 3193
3 3193 3272 3273
3 3193 3273 3194
3 3194 3273 3274
3 3194 3274 3195
3 3195 3274 3275
3 3195 3275 3196
3 3196 3275 3276
3 3196 3276 3197
3 3197 3276 3277
3 3197 3277 3198
3 3198 3277 3278
3 3198 3278 3199
3 3199 3278 3279
3 3199 3279 3200
3 3200 3279 3280
3 3200 3280 3201
3 3201 3280 3281
3 3201 3281 3202
3 3202 3281 3282
3 3202 3282 3203
3 3203 3282 3283
3 3203 3283 208
3 208 3283 207
3 40 41 3204
3 3204 41 3284
3 3204 3284 3205
3 3205 3284 3285
3 3205 3285 3206
3 3206 3285 3286
3 3206 3286 3207
3 3207 3286 3287
3 3207 3287 3208
3 3208 3287 3288
3 3208 3288 3209
3 3209 3288 3289
3 3209 3289 3210
3 3210 3289 3290
3 3210 3290 3211
3 3211 3290 3291
3 3211 3291 3212
3 3212 3291 3292
3 3212 3292 3213
3 3213 3292 3293
3 3213 3293 3214
3 3214 3293 3294
3 3214 3294 3215
3 3215 3294 3295
3 3215 3295 3216
3 3216 3295 3296
3 3216 3296 3217
3 3217 3296 3297
3 3217 3297 3218
3 3218 3297 3298
3 3218 3298 3219
3 3219 3298 3299
3 3219 3299 3220
3 3220 3299 3300
3 3220 3300 3221
3 3221 3300 3301
3 3221 3301 3222
3 3222 3301 3302
3 3222 3302 3223
3 3223 3302 3303
3 3223 3303 3224
3 3224 3303 3304
3 3224 3304 3225
3 3225 3304 3305
3 3225 3305 3226
3 3226 3305 3306
3 3226 3306 3227
3 3227 3306 3307
3 3227 3307 3228
3 3228 3307 3308
3 3228 3308 3229
3 3229 3308 3309
3 3229 3309 3230
3 3230 3309 3310
3 3230 3310 3231
3 3231 3310 3311
3 3231 3311 3232
3 3232 3311 3312
3 3232 3312 3233
3 3233 3312 3313
3 3233 3313 3234
3 3234 3313 3314
3 3234 3314 3235
3 3235 3314 3315
3 3235 3315 3236
3 3236 3315 3316
3 3236 3316 3237
3 3237 3316 3317
3 3237 3317 3238
3 3238 3317 3318
3 3238 3318 3239
3 3239 3318 3319
3 3239 3319 3240
3 3240 3319 3320
3 3240 3320 3241
3 3241 3320 3321
3 3241 3321 3242
3 3242 3321 3322
3 3242 3322 3243
3 3243 3322 3323
3 3243 3323 3244
3 3244 3323 3324
3 3244 3324 3245
3 3245 3324 3325
3 3245 3325 3246
3 3246 3325 3326
3 3246 3326 3247
3 3247 3326 3327
3 3247 3327 3248
3 3248 3327 3328
3 3248 3328 3249
3 3249 3328 3329
3 3249 3329 3250
3 3250 3329 3330
3 3250 3330 3251
3 3251 3330 3331
3 3251 3331 3252
3 3252 3331 3332
3 3252 3332 3253
3 3253 3332 3333
3 3253 3333 3254
3 3254 3333 3334
3 3254 3334 3255
3 3255 3334 3335
3 3255 3335 3256
3 3256 3335 3336
3 3256 3336 3257
3 3257 3336 3337
3 3257 3337 3258
3 3258 3337 3338
3 3258 3338 3259
3 3259 3338 3339
3 3259 3339 3260
3 3260 3339 3340
3 3260 3340 3261
3 3261 3340 3341
3 3261 3341 3262
3 3262 3341 3342
3 3262 3342 3263
3 3263 3342 3343
3 3263 3343 3264
3 3264 3343 3344
3 3264 3344 3265
3 3265 3344 3345
3 3265 3345 3266
3 3266 3345 3346
3 3266 3346 3267
3 3267 3346 3347
3 3267 3347 3268
3 3268 3347 3348
3 3268 3348 3269
3 3269 3348 3349
3 3269 3349 3270
3 3270 3349 3350
3 3270 3350 3271
3 3271 3350 3351
3 3271 3351 3272
3 3272 3351 3352
3 3272 3352 3273
3 3273 3352 3353
3 3273 3353 3274
3 3274 3353 3354
3 3274 3354 3275
3 3275 3354 3355
3 3275 3355 3276
3 3276 3355 3356
3 3276 3356 3277
3 3277 3356 3357
3 3277 3357 3278
3 3278 3357 3358
3 3278 3358 3279
3 3279 3358 3359
3 3279 3359 3280
3 3280 3359 3360
3 3280 3360 3281
3 3281 3360 3361
3 3281 3361 3282
3 3282 3361 3362
3 3282 3362 3283
3 3283 3362 3363
3 3283 3363 207
3 207 3363 206
3 41 42 3284
3 3284 42 3364
3 3284 3364 3285
3 3285 3364 3365
3 3285 3365 3286
3 3286 3365 3366
3 3286 3366 3287
3 3287 3366 3367
3 3287 3367 3288
3 3288 3367 3368
3 3288 3368 3289
3 3289 3368 3369
3 3289 3369 3290
3 3290 3369 3370
3 3290 3370 3291
3 3291 3370 3371
3 3291 3371 3292
3 3292 3371 3372
3 3292 3372 3293
3 3293 3372 3373
3 3293 3373 3294
3 3294 3373 3374
3 3294 3374 3295
3 3295 3374 3375
3 3295 3375 3296
3 3296 3375 3376
3 3296 3376 3297
3 3297 3376 3377
3 3297 3377 3298
3 3298 3377 3378
3 3298 3378 3299
3 3299 3378 3379
3 3299 3379 3300
3 3300 3379 3380
3 3300 3380 3301
3 3301 3380 3381
3 3301 3381 3302
3 3302 3381 3382
3 3302 3382 3303
3 3303 3382 3383
3 3303 3383 3304
3 3304 3383 3384
3 3304 3384 3305
3 3305 3384 3385
3 3305 3385 3306
3 3306 3385 3386
3 3306 3386 3307
3 3307 3386 3387
3 3307 3387 3308
3 3308 3387 3388
3 3308 3388 3309
3 3309 3388 3389
3 3309 3389 3310
3 3310 3389 3390
3 3310 3390 3311
3 3311 3390 3391
3 3311 3391 3312
3 3312 3391 3392
3 3312 3392 3313
3 3313 3392 3393
3 3313 3393 3314
3 3314 3393 3394
3 3314 3394 3315
3 3315 3394 3395
3 3315 3395 3316
3 3316 3395 3396
3 3316 3396 3317
3 3317 3396 3397
3 3317 3397 3318
3 3318 3397 3398
3 3318 3398 3319
3 3319 3398 3399
3 3319 3399 3320
3 3320 3399 3400
3 3320 3400 3321
3 3321 3400 3401
3 3321 3401 3322
3 3322 3401 3402
3 3322 3402 3323
3 3323 3402 3403
3 3323 3403 3324
3 3324 3403 3404
3 3324 3404 3325
3 3325 3404 3405
3 3325 3405 3326
3 3326 3405 3406
3 3326 3406 3327
3 3327 3406 3407
3 3327 3407 3328
3 3328 3407 3408
3 3328 3408 3329
3 3329 3408 3409
3 3329 3409 3330
3 3330 3409 3410
3 3330 3410 3331
3 3331 3410 3411
3 3331 3411 3332
3 3332 3411 3412
3 3332 3412 3333
3 3333 3412 3413
3 3333 3413 3334
3 3334 3413 3414
3 3334 3414 3335
3 3335 3414 3415
3 3335 3415 3336
3 3336 3415 3416
3 3336 3416 3337
3 3337 3416 3417
3 3337 3417 3338
3 3338 3417 3418
3 3338 3418 3339
3 3339 3418 3419
3 3339 3419 3340
3 3340 3419 3420
3 3340 3420 3341
3 3341 3420 3421
3 3341 3421 3342
3 3342 3421 3422
3 3342 3422 3343
3 3343 3422 3423
3 3343 3423 3344
3 3344 3423 3424
3 3344 3424 3345
3 3345 3424 3425
3 3345 3425 3346
3 3346 3425 3426
3 3346 3426 3347
3 3347 3426 3427
3 3347 3427 3348
3 3348 3427 3428
3 3348 3428 3349
3 3349 3428 3429
3 3349 3429 3350
3 3350 3429 3430
3 3350 3430 3351
3 3351 3430 3431
3 3351 3431 3352
3 3352 3431 3432
3 3352 3432 3353
3 3353 3432 3433
3 3353 3433 3354
3 3354 3433 3434
3 3354 3434 3355
3 3355 3434 3435
3 3355 3435 3356
3 3356 3435 3436
3 3356 3436 3357
3 3357 3436 3437
3 3357 3437 3358
3 3358 3437 3438
3 3358 3438 3359
3 3359 3438 3439
3 3359 3439 3360
3 3360 3439 3440
3 3360 3440 3361
3 3361 3440 3441
3 3361 3441 3362
3 3362 3441 3442
3 3362 3442 3363
3 3363 3442 3443
3 3363 3443 206
3 206 3443 205
3 42 43 3364
3 3364 43 3444
3 3364 3444 3365
3 3365 3444 3445
3 3365 3445 3366
3 3366 3445 3446
3 3366 3446 3367
3 3367 3446 3447
3 3367 3447 3368
3 3368 3447 3448
3 3368 3448 3369
3 3369 3448 3449
3 3369 3449 3370
3 3370 3449 3450
3 3370 3450 3371
3 3371 3450 3451
3 3371 3451 3372
3 3372 3451 3452
3 3372 3452 3373
3 3373 3452 3453
3 3373 3453 3374
3 3374 3453 3454
3 3374 3454 3375
3 3375 3454 3455
3 3375 3455 3376
3 3376 3455 3456
3 3376 3456 3377
3 3377 3456 3457
3 3377 3457 3378
3 3378 3457 3458
3 3378 3458 3379
3 3379 3458 3459
3 3379 3459 3380
3 3380 3459 3460
3 3380 3460 3381
3 3381 3460 3461
3 3381 3461 3382
3 3382 3461 3462
3 3382 3462 3383
3 3383 3462 3463
3 3383 3463 3384
3 3384 3463 3464
3 3384 3464 3385
3 3385 3464 3465
3 3385 3465 3386
3 3386 3465 3466
3 3386 3466 3387
3 3387 3466 3467
3 3387 3467 3388
3 3388 3467 3468
3 3388 3468 3389
3 3389 3468 3469
3 3389 3469 3390
3 3390 3469 3470
3 3390 3470 3391
3 3391 3470 3471
3 3391 3471 3392
3 3392 3471 3472
3 3392 3472 3393
3 3393 3472 3473
3 3393 3473 3394
3 3394 3473 3474
3 3394 3474 3395
3 3395 3474 3475
3 3395 3475 3396
3 3396 3475 3476
3 3396 3476 3397
3 3397 3476 3477
3 3397 3477 3398
3 3398 3477 3478
3 3398 3478 3399
3 3399 3478 3479
3 3399 3479 3400
3 3400 3479 3480
3 3400 3480 3401
3 3401 3480 3481
3 3401 3481 3402
3 3402 3481 3482
3 3402 3482 3403
3 3403 3482 3483
3 3403 3483 3404
3 3404 3483 3484
3 3404 3484 3405
3 3405 3484 3485
3 3405 3485 3406
3 3406 3485 3486
3 3406 3486 3407
3 3407 3486 3487
3 3407 3487 3408
3 3408 3487 3488
3 3408 3488 3409
3 3409 3488 3489
3 3409 3489 3410
3 3410 3489 3490
3 3410 3490 3411
3 3411 3490 3491
3 3411 3491 3412
3 3412 3491 3492
3 3412 3492 3413
3 3413 3492 3493
3 3413 3493 3414
3 3414 3493 3494
3 3414 3494 3415
3 3415 3494 3495
3 3415 3495 3416
3 3416 3495 3496
3 3416 3496 3417
3 3417 3496 3497
3 3417 3497 3418
3 3418 3497 3498
3 3418 3498 3419
3 3419 3498 3499
3 3419 3499 3420
3 3420 3499 3500
3 3420 3500 3421
3 3421 3500 3501
3 3421 3501 3422
3 3422 3501 3502
3 3422 3502 3423
3 3423 3502 3503
3 3423 3503 3424
3 3424 3503 3504
3 3424 3504 3425
3 3425 3504 3505
3 3425 3505 3426
3 3426 3505 3506
3 3426 3506 3427
3 3427 3506 3507
3 3427 3507 3428
3 3428 3507 3508
3 3428 3508 3429
3 3429 3508 3509
3 3429 3509 3430
3 3430 3509 3510
3 3430 3510 3431
3 3431 3510 3511
3 3431 3511 3432
3 3432 3511 3512
3 3432 3512 3433
3 3433 3512 3513
3 3433 3513 3434
3 3434 3513 3514
3 3434 3514 3435
3 3435 3514 3515
3 3435 3515 3436
3 3436 3515 3516
3 3436 3516 3437
3 3437 3516 3517
3 3437 3517 3438
3 3438 3517 3518
3 3438 3518 3439
3 3439 3518 3519
3 3439 3519 3440
3 3440 3519 3520
3 3440 3520 3441
3 3441 3520 3521
3 3441 3521 3442
3 3442 3521 3522
3 3442 3522 3443
3 3443 3522 3523
3 3443 3523 205
3 205 3523 204
3 44 45 3524
3 3524 45 3604
3 3524 3604 3525
3 3525 3604 3605
3 3525 3605 3526
3 3526 3605 3606
3 3526 3606 3527
3 3527 3606 3607
3 3527 3607 3528
3 3528 3607 3608
3 3528 3608 3529
3 3529 3608 3609
3 3529 3609 3530
3 3530 3609 3610
3 3530 3610 3531
3 3531 3610 3611
3 3531 3611 3532
3 3532 3611 3612
3 3532 3612 3533
3 3533 3612 3613
3 3533 3613 3534
3 3534 3613 3614
3 3534 3614 3535
3 3535 3614 3615
3 3535 3615 3536
3 3536 3615 3616
3 3536 3616 3537
3 3537 3616 3617
3 3537 3617 3538
3 3538 3617 3618
3 3538 3618 3539
3 3539 3618 3619
3 3539 3619 3540
3 3540 3619 3620
3 3540 3620 3541
3 3541 3620 3621
3 3541 3621 3542
3 3542 3621 3622
3 3542 3622 3543
3 3543 3622 3623
3 3543 3623 3544
3 3544 3623 3624
3 3544 3624 3545
3 3545 3624 3625
3 3545 3625 3546
3 3546 3625 3626
3 3546 3626 3547
3 3547 3626 3627
3 3547 3627 3548
3 3548 3627 3628
3 3548 3628 3549
3 3549 3628 3629
3 3549 3629 3550
3 3550 3629 3630
3 3550 3630 3551
3 3551 3630 3631
3 3551 3631 3552
3 3552 3631 3632
3 3552 3632 3553
3 3553 3632 3633
3 3553 3633 3554
3 3554 3633 3634
3 3554 3634 3555
3 3555 3634 3635
3 3555 3635 3556
3 3556 3635 3636
3 3556 3636 3557
3 3557 3636 3637
3 3557 3637 3558
3 3558 3637 3638
3 3558 3638 3559
3 3559 3638 3639
3 3559 3639 3560
3 3560 3639 3640
3 3560 3640 3561
3 3561 3640 3641
3 3561 3641 3562
3 3562 3641 3642
3 3562 3642 3563
3 3563 3642 3643
3 3563 3643 3564
3 3564 3643 3644
3 3564 3644 3565
3 3565 3644 3645
3 3565 3645 3566
3 3566 3645 3646
3 3566 3646 3567
3 3567 3646 3647
3 3567 3647 3568
3 3568 3647 3648
3 3568 3648 3569
3 3569 3648 3649
3 3569 3649 3570
3 3570 3649 3650
3 3570 3650 3571
3 3571 3650 3651
3 3571 3651 3572
3 3572 3651 3652
3 3572 3652 3573
3 3573 3652 3653
3 3573 3653 3574
3 3574 3653 3654
3 3574 3654 3575
3 3575 3654 3655
3 3575 3655 3576
3 3576 3655 3656
3 3576 3656 3577
3 3577 3656 3657
3 3577 3657 3578
3 3578 3657 3658
3 3578 3658 3579
3 3579 3658 3659
3 3579 3659 3580
3 3580 3659 3660
3 3580 3660 3581
3 3581 3660 3661
3 3581 3661 3582
3 3582 3661 3662
3 3582 3662 3583
3 3583 3662 3663
3 3583 3663 3584
3 3584 3663 3664
3 3584 3664 3585
3 3585 3664 3665
3 3585 3665 3586
3 3586 3665 3666
3 3586 3666 3587
3 3587 3666 3667
3 3587 3667 3588
3 3588 3667 3668
3 3588 3668 3589
3 3589 3668 3669
3 3589 3669 3590
3 3590 3669 3670
3 3590 3670 3591
3 3591 3670 3671
3 3591 3671 3592
3 3592 3671 3672
3 3592 3672 3593
3 3593 3672 3673
3 3593 3673 3594
3 3594 3673 3674
3 3594 3674 3595
3 3595 3674 3675
3 3595 3675 3596
3 3596 3675 3676
3 3596 3676 3597
3 3597 3676 3677
3 3597 3677 3598
3 3598 3677 3678
3 3598 3678 3599
3 3599 3678 3679
3 3599 3679 3600
3 3600 3679 3680
3 3600 3680 3601
3 3601 3680 3681
3 3601 3681 3602
3 3602 3681 3682
3 3602 3682 3603
3 3603 3682 3683
3 3603 3683 203
3 203 3683 202
3 45 46 3604
3 3604 46 3684
3 3604 3684 3605
3 3605 3684 3685
3 3605 3685 3606
3 3606 3685 3686
3 3606 3686 3607
3 3607 3686 3687
3 3607 3687 3608
3 3608 3687 3688
3 3608 3688 3609
3 3609 3688 3689
3 3609 3689 3610
3 3610 3689 3690
3 3610 3690 3611
3 3611 3690 3691
3 3611 3691 3612
3 3612 3691 3692
3 3612 3692 3613
3 3613 3692 3693
3 3613 3693 3614
3 3614 3693 3694
3 3614 3694 3615
3 3615 3694 3695
3 3615 3695 3616
3 3616 3695 3696
3 3616 3696 3617
3 3617 3696 3697
3 3617 3697 3618
3 3618 3697 3698
3 3618 3698 3619
3 3619 3698 3699
3 3619 3699 3620
3 3620 3699 3700
3 3620 3700 3621
3 3621 3700 3701
3 3621 3701 3622
3 3622 3701 3702
3 3622 3702 3623
3 3623 3702 3703
3 3623 3703 3624
3 3624 3703 3704
3 3624 3704 3625
3 3625 3704 3705
3 3625 3705 3626
3 3626 3705 3706
3 3626 3706 3627
3 3627 3706 3707
3 3627 3707 3628
3 3628 3707 3708
3 3628 3708 3629
3 3629 3708 3709
3 3629 3709 3630
3 3630 3709 3710
3 3630 3710 3631
3 3631 3710 3711
3 3631 3711 3632
3 3632 3711 3712
3 3632 3712 3633
3 3633 3712 3713
3 3633 3713 3634
3 3634 3713 3714
3 3634 3714 3635
3 3635 3714 3715
3 3635 3715 3636
3 3636 3715 3716
3 3636 3716 3637
3 3637 3716 3717
3 3637 3717 3638
3 3638 3717 3718
3 3638 3718 3639
3 3639 3718 3719
3 3639 3719 3640
3 3640 3719 3720
3 3640 3720 3641
3 3641 3720 3721
3 3641 3721 3642
3 3642 3721 3722
3 3642 3722 3643
3 3643 3722 3723
3 3643 3723 3644
3 3644 3723 3724
3 3644 3724 3645
3 3645 3724 3725
3 3645 3725 3646
3 3646 3725 3726
3 3646 3726 3647
3 3647 3726 3727
3 3647 3727 3648
3 3648 3727 3728
3 3648 3728 3649
3 3649 3728 3729
3 3649 3729 3650
3 3650 3729 3730
3 3650 3730 3651
3 3651 3730 3731
3 3651 3731 3652
3 3652 3731 3732
3 3652 3732 3653
3 3653 3732 3733
3 3653 3733 3654
3 3654 3733 3734
3 3654 3734 3655
3 3655 3734 3735
3 3655 3735 3656
3 3656 3735 3736
3 3656 3736 3657
3 3657 3736 3737
3 3657 3737 3658
3 3658 3737 3738
3 3658 3738 3659
3 3659 3738 3739
3 3659 3739 3660
3 3660 3739 3740
3 3660 3740 3661
3 3661 3740 3741
3 3661 3741 3662
3 3662 3741 3742
3 3662 3742 3663
3 3663 3742 3743
3 3663 3743 3664
3 3664 3743 3744
3 3664 3744 3665
3 3665 3744 3745
3 3665 3745 3666
3 3666 3745 3746
3 3666 3746 3667
3 3667 3746 3747
3 3667 3747 3668
3 3668 3747 3748
3 3668 3748 3669
3 3669 3748 3749
3 3669 3749 3670
3 3670 3749 3750
3 3670 3750 3671
3 3671 3750 3751
3 3671 3751 3672
3 3672 3751 3752
3 3672 3752 3673
3 3673 3752 3753
3 3673 3753 3674
3 3674 3753 3754
3 3674 3754 3675
3 3675 3754 3755
3 3675 3755 3676
3 3676 3755 3756
3 3676 3756 3677
3 3677 3756 3757
3 3677 3757 3678
3 3678 3757 3758
3 3678 3758 3679
3 3679 3758 3759
3 3679 3759 3680
3 3680 3759 3760
3 3680 3760 3681
3 3681 3760 3761
3 3681 3761 3682
3 3682 3761 3762
3 3682 3762 3683
3 3683 3762 3763
3 3683 3763 202
3 202 3763 201
3 46 47 3684
3 3684 47 3764
3 3684 3764 3685
3 3685 3764 3765
3 3685 3765 3686
3 3686 3765 3766
3 3686 3766 3687
3 3687 3766 3767
3 3687 3767 3688
3 3688 3767 3768
3 3688 3768 3689
3 3689 3768 3769
3 3689 3769 3690
3 3690 3769 3770
3 3690 3770 3691
3 3691 3770 3771
3 3691 3771 3692
3 3692 3771 3772
3 3692 3772 3693
3 3693 3772 3773
3 3693 3773 3694
3 3694 3773 3774
3 3694 3774 3695
3 3695 3774 3775
3 3695 3775 3696
3 3696 3775 3776
3 3696 3776 3697
3 3697 3776 3777
3 3697 3777 3698
3 3698 3777 3778
3 3698 3778 3699
3 3699 3778 3779
3 3699 3779 3700
3 3700 3779 3780
3 3700 3780 3701
3 3701 3780 3781
3 3701 3781 3702
3 3702 3781 3782
3 3702 3782 3703
3 3703 3782 3783
3 3703 3783 3704
3 3704 3783 3784
3 3704 3784 3705
3 3705 3784 3785
3 3705 3785 3706
3 3706 3785 3786
3 3706 3786 3707
3 3707 3786 3787
3 3707 3787 3708
3 3708 3787 3788
3 3708 3788 3709
3 3709 3788 3789
3 3709 3789 3710
3 3710 3789 3790
3 3710 3790 3711
3 3711 3790 3791
3 3711 3791 3712
3 3712 3791 3792
3 3712 3792 3713
3 3713 3792 3793
3 3713 3793 3714
3 3714 3793 3794
3 3714 3794 3715
3 3715 3794 3795
3 3715 3795 3716
3 3716 3795 3796
3 3716 3796 3717
3 3717 3796 3797
3 3717 3797 3718
3 3718 3797 3798
3 3718 3798 3719
3 3719 3798 3799
3 3719 3799 3720
3 3720 3799 3800
3 3720 3800 3721
3 3721 3800 3801
3 3721 3801 3722
3 3722 3801 3802
3 3722 3802 3723
3 3723 3802 3803
3 3723 3803 3724
3 3724 3803 3804
3 3724 3804 3725
3 3725 3804 3805
3 3725 3805 3726
3 3726 3805 3806
3 3726 3806 3727
3 3727 3806 3807
3 3727 3807 3728
3 3728 3807 3808
3 3728 3808 3729
3 3729 3808 3809
3 3729 3809 3730
3 3730 3809 3810
3 3730 3810 3731
3 3731 3810 3811
3 3731 3811 3732
3 3732 3811 3812
3 3732 3812 3733
3 3733 3812 3813
3 3733 3813 3734
3 3734 3813 3814
3 3734 3814 3735
3 3735 3814 3815
3 3735 3815 3736
3 3736 3815 3816
3 3736 3816 3737
3 3737 3816 3817
3 3737 3817 3738
3 3738 3817 3818
3 3738 3818 3739
3 3739 3818 3819
3 3739 3819 3740
3 3740 3819 3820
3 3740 3820 3741
3 3741 3820 3821
3 3741 3821 3742
3 3742 3821 3822
3 3742 3822 3743
3 3743 3822 3823
3 3743 3823 3744
3 3744 3823 3824
3 3744 3824 3745
3 3745 3824 3825
3 3745 3825 3746
3 3746 3825 3826
3 3746 3826 3747
3 3747 3826 3827
3 3747 3827 3748
3 3748 3827 3828
3 3748 3828 3749
3 3749 3828 3829
3 3749 3829 3750
3 3750 3829 3830
3 3750 3830 3751
3 3751 3830 3831
3 3751 3831 3752
3 3752 3831 3832
3 3752 3832 3753
3 3753 3832 3833
3 3753 3833 3754
3 3754 3833 3834
3 3754 3834 3755
3 3755 3834 3835
3 3755 3835 3756
3 3756 3835 3836
3 3756 3836 3757
3 3757 3836 3837
3 3757 3837 3758
3 3758 3837 3838
3 3758 3838 3759
3 3759 3838 3839
3 3759 3839 3760
3 3760 3839 3840
3 3760 3840 3761
3 3761 3840 3841
3 3761 3841 3762
3 3762 3841 3842
3 3762 3842 3763
3 3763 3842 3843
3 3763 3843 201
3 201 3843 200
3 47 48 3764
3 3764 48 3844
3 3764 3844 3765
3 3765 3844 3845
3 3765 3845 3766
3 3766 3845 3846
3 3766 3846 3767
3 3767 3846 3847
3 3767 3847 3768
3 3768 3847 3848
3 3768 3848 3769
3 3769 3848 3849
3 3769 3849 3770
3 3770 3849 3850
3 3770 3850 3771
3 3771 3850 3851
3 3771 3851 3772
3 3772 3851 3852
3 3772 3852 3773
3 3773 3852 3853
3 3773 3853 3774
3 3774 3853 3854
3 3774 3854 3775
3 3775 3854 3855
3 3775 3855 3776
3 3776 3855 3856
3 3776 3856 3777
3 3777 3856 3857
3 3777 3857 3778
3 3778 3857 3858
3 3778 3858 3779
3 3779 3858 3859
3 3779 3859 3780
3 3780 3859 3860
3 3780 3860 3781
3 3781 3860 3861
3 3781 3861 3782
3 3782 3861 3862
3 3782 3862 3783
3 3783 3862 3863
3 3783 3863 3784
3 3784 3863 3864
3 3784 3864 3785
3 3785 3864 3865
3 3785 3865 3786
3 3786 3865 3866
3 3786 3866 3787
3 3787 3866 3867
3 3787 3867 3788
3 3788 3867 3868
3 3788 3868 3789
3 3789 3868 3869
3 3789 3869 3790
3 3790 3869 3870
3 3790 3870 3791
3 3791 3870 3871
3 3791 3871 3792
3 3792 3871 3872
3 3792 3872 3793
3 3793 3872 3873
3 3793 3873 3794
3 3794 3873 3874
3 3794 3874 3795
3 3795 3874 3875
3 3795 3875 3796
3 3796 3875 3876
3 3796 3876 3797
3 3797 3876 3877
3 3797 3877 3798
3 3798 3877 3878
3 3798 3878 3799
3 3799 3878 3879
3 3799 3879 3800
3 3800 3879 3880
3 3800 3880 3801
3 3801 3880 3881
3 3801 3881 3802
3 3802 3881 3882
3 3802 3882 3803
3 3803 3882 3883
3 3803 3883 3804
3 3804 3883 3884
3 3804 3884 3805
3 3805 3884 3885
3 3805 3885 3806
3 3806 3885 3886
3 3806 3886 3807
3 3807 3886 3887
3 3807 3887 3808
3 3808 3887 3888
3 3808 3888 3809
3 3809 3888 3889
3 3809 3889 3810
3 3810 3889 3890
3 3810 3890 3811
3 3811 3890 3891
3 3811 3891 3812
3 3812 3891 3892
3 3812 3892 3813
3 3813 3892 3893
3 3813 3893 3814
3 3814 3893 3894
3 3814 3894 3815
3 3815 3894 3895
3 3815 3895 3816
3 3816 3895 3896
3 3816 3896 3817
3 3817 3896 3897
3 3817 3897 3818
3 3818 3897 3898
3 3818 3898 3819
3 3819 3898 3899
3 3819 3899 3820
3 3820 3899 3900
3 3820 3900 3821
3 3821 3900 3901
3 3821 3901 3822
3 3822 3901 3902
3 3822 3902 3823
3 3823 3902 3903
3 3823 3903 3824
3 3824 3903 3904
3 3824 3904 3825
3 3825 3904 3905
3 3825 3905 3826
3 3826 3905 3906
3 3826 3906 3827
3 3827 3906 3907
3 3827 3907 3828
3 3828 3907 3908
3 3828 3908 3829
3 3829 3908 3909
3 3829 3909 3830
3 3830 3909 3910
3 3830 3910 3831
3 3831 3910 3911
3 3831 3911 3832
3 3832 3911 3912
3 3832 3912 3833
3 3833 3912 3913
3 3833 3913 3834
3 3834 3913 3914
3 3834 3914 3835
3 3835 3914 3915
3 3835 3915 3836
3 3836 3915 3916
3 3836 3916 3837
3 3837 3916 3917
3 3837 3917 3838
3 3838 3917 3918
3 3838 3918 3839
3 3839 3918 3919
3 3839 3919 3840
3 3840 3919 3920
3 3840 3920 3841
3 3841 3920 3921
3 3841 3921 3842
3 3842 3921 3922
3 3842 3922 3843
3 3843 3922 3923
3 3843 3923 200
3 200 3923 199
3 48 49 3844
3 3844 49 3924
3 3844 3924 3845
3 3845 3924 3925
3 3845 3925 3846
3 3846 3925 3926
3 3846 3926 3847
3 3847 3926 3927
3 3847 3927 3848
3 3848 3927 3928
3 3848 3928 3849
3 3849 3928 3929
3 3849 3929 3850
3 3850 3929 3930
3 3850 3930 3851
3 3851 3930 3931
3 3851 3931 3852
3 3852 3931 3932
3 3852 3932 3853
3 3853 3932 3933
3 3853 3933 3854
3 3854 3933 3934
3 3854 3934 3855
3 3855 3934 3935
3 3855 3935 3856
3 3856 3935 3936
3 3856 3936 3857
3 3857 3936 3937
3 3857 3937 3858
3 3858 3937 3938
3 3858 3938 3859
3 3859 3938 3939
3 3859 3939 3860
3 3860 3939 3940
3 3860 3940 3861
3 3861 3940 3941
3 3861 3941 3862
3 3862 3941 3942
3 3862 3942 3863
3 3863 3942 3943
3 3863 3943 3864
3 3864 3943 3944
3 3864 3944 3865
3 3865 3944 3945
3 3865 3945 3866
3 3866 3945 3946
3 3866 3946 3867
3 3867 3946 3947
3 3867 3947 3868
3 3868 3947 3948
3 3868 3948 3869
3 3869 3948 3949
3 3869 3949 3870
3 3870 3949 3950
3 3870 3950 3871
3 3871 3950 3951
3 3871 3951 3872
3 3872 3951 3952
3 3872 3952 3873
3 3873 3952 3953
3 3873 3953 3874
3 3874 3953 3954
3 3874 3954 3875
3 3875 3954 3955
3 3875 3955 3876
3 3876 3955 3956
3 3876 3956 3877
3 3877 3956 3957
3 3877 3957 3878
3 3878 3957 3958
3 3878 3958 3879
3 3879 3958 3959
3 3879 3959 3880
3 3880 3959 3960
3 3880 3960 3881
3 3881 3960 3961
3 3881 3961 3882
3 3882 3961 3962
3 3882 3962 3883
3 3883 3962 3963
3 3883 3963 3884
3 3884 3963 3964
3 3884 3964 3885
3 3885 3964 3965
3 3885 3965 3886
3 3886 3965 3966
3 3886 3966 3887
3 3887 3966 3967
3 3887 3967 3888
3 3888 3967 3968
3 3888 3968 3889
3 3889 3968 3969
3 3889 3969 3890
3 3890 3969 3970
3 3890 3970 3891
3 3891 3970 3971
3 3891 3971 3892
3 3892 3971 3972
3 3892 3972 3893
3 3893 3972 3973
3 3893 3973 3894
3 3894 3973 3974
3 3894 3974 3895
3 3895 3974 3975
3 3895 3975 3896
3 3896 3975 3976
3 3896 3976 3897
3 3897 3976 3977
3 3897 3977 3898
3 3898 3977 3978
3 3898 3978 3899
3 3899 3978 3979
3 3899 3979 3900
3 3900 3979 3980
3 3900 3980 3901
3 3901 3980 3981
3 3901 3981 3902
3 3902 3981 3982
3 3902 3982 3903
3 3903 3982 3983
3 3903 3983 3904
3 3904 3983 3984
3 3904 3984 3905
3 3905 3984 3985
3 3905 3985 3906
3 3906 3985 3986
3 3906 3986 3907
3 3907 3986 3987
3 3907 3987 3908
3 3908 3987 3988
3 3908 3988 3909
3 3909 3988 3989
3 3909 3989 3910
3 3910 3989 3990
3 3910 3990 3911
3 3911 3990 3991
3 3911 3991 3912
3 3912 3991 3992
3 3912 3992 3913
3 3913 3992 3993
3 3913 3993 3914
3 3914 3993 3994
3 3914 3994 3915
3 3915 3994 3995
3 3915 3995 3916
3 3916 3995 3996
3 3916 3996 3917
3 3917 3996 3997
3 3917 3997 3918
3 3918 3997 3998
3 3918 3998 3919
3 3919 3998 3999
3 3919 3999 3920
3 3920 3999 4000
3 3920 4000 3921
3 3921 4000 4001
3 3921 4001 3922
3 3922 4001 4002
3 3922 4002 3923
3 3923 4002 4003
3 3923 4003 199
3 199 4003 198
3 49 50 3924
3 3924 50 4004
3 3924 4004 3925
3 3925 4004 4005
3 3925 4005 3926
3 3926 4005 4006
3 3926 4006 3927
3 3927 4006 4007
3 3927 4007 3928
3 3928 4007 4008
3 3928 4008 3929
3 3929 4008 4009
3 3929 4009 3930
3 3930 4009 4010
3 3930 4010 3931
3 3931 4010 4011
3 3931 4011 3932
3 3932 4011 4012
3 3932 4012 3933
3 3933 4012 4013
3 3933 4013 3934
3 3934 4013 4014
3 3934 4014 3935
3 3935 4014 4015
3 3935 4015 3936
3 3936 4015 4016
3 3936 4016 3937
3 3937 4016 4017
3 3937 4017 3938
3 3938 4017 4018
3 3938 4018 3939
3 3939 4018 4019
3 3939 4019 3940
3 3940 4019 4020
3 3940 4020 3941
3 3941 4020 4021
3 3941 4021 3942
3 3942 4021 4022
3 3942 4022 3943
3 3943 4022 4023
3 3943 4023 3944
3 3944 4023 4024
3 3944 4024 3945
3 3945 4024 4025
3 3945 4025 3946
3 3946 4025 4026
3 3946 4026 3947
3 3947 4026 4027
3 3947 4027 3948
3 3948 4027 4028
3 3948 4028 3949
3 3949 4028 4029
3 3949 4029 3950
3 3950 4029 4030
3 3950 4030 3951
3 3951 4030 4031
3 3951 4031 3952
3 3952 4031 4032
3 3952 4032 3953
3 3953 4032 4033
3 3953 4033 3954
3 3954 4033 4034
3 3954 4034 3955
3 3955 4034 4035
3 3955 4035 3956
3 3956 4035 4036
3 3956 4036 3957
3 3957 4036 4037
3 3957 4037 3958
3 3958 4037 4038
3 3958 4038 3959
3 3959 4038 4039
3 3959 4039 3960
3 3960 4039 4040
3 3960 4040 3961
3 3961 4040 4041
3 3961 4041 3962
3 3962 4041 4042
3 3962 4042 3963
3 3963 4042 4043
3 3963 4043 3964
3 3964 4043 4044
3 3964 4044 3965
3 3965 4044 4045
3 3965 4045 3966
3 3966 4045 4046
3 3966 4046 3967
3 3967 4046 4047
3 3967 4047 3968
3 3968 4047 4048
3 3968 4048 3969
3 3969 4048 4049
3 3969 4049 3970
3 3970 4049 4050
3 3970 4050 3971
3 3971 4050 4051
3 3971 4051 3972
3 3972 4051 4052
3 3972 4052 3973
3 3973 4052 4053
3 3973 4053 3974
3 3974 4053 4054
3 3974 4054 3975
3 3975 4054 4055
3 3975 4055 3976
3 3976 4055 4056
3 3976 4056 3977
3 3977 4056 4057
3 3977 4057 3978
3 3978 4057 4058
3 3978 4058 3979
3 3979 4058 4059
3 3979 4059 3980
3 3980 4059 4060
3 3980 4060 3981
3 3981 4060 4061
3 3981 4061 3982
3 3982 4061 4062
3 3982 4062 3983
3 3983 4062 4063
3 3983 4063 3984
3 3984 4063 4064
3 3984 4064 3985
3 3985 4064 4065
3 3985 4065 3986
3 3986 4065 4066
3 3986 4066 3987
3 3987 4066 4067
3 3987 4067 3988
3 3988 4067 4068
3 3988 4068 3989
3 3989 4068 4069
3 3989 4069 3990
3 3990 4069 4070
3 3990 4070 3991
3 3991 4070 4071
3 3991 4071 3992
3 3992 4071 4072
3 3992 4072 3993
3 3993 4072 4073
3 3993 4073 3994
3 3994 4073 4074
3 3994 4074 3995
3 3995 4074 4075
3 3995 4075 3996
3 3996 4075 4076
3 3996 4076 3997
3 3997 4076 4077
3 3997 4077 3998
3 3998 4077 4078
3 3998 4078 3999
3 3999 4078 4079
3 3999 4079 4000
3 4000 4079 4080
3 4000 4080 4001
3 4001 4080 4081
3 4001 4081 4002
3 4002 4081 4082
3 4002 4082 4003
3 4003 4082 4083
3 4003 4083 198
3 198 4083 197
3 50 51 4004
3 4004 51 4084
3 4004 4084 4005
3 4005 4084 4085
3 4005 4085 4006
3 4006 4085 4086
3 4006 4086 4007
3 4007 4086 4087
3 4007 4087 4008
3 4008 4087 4088
3 4008 4088 4009
3 4009 4088 4089
3 4009 4089 4010
3 4010 4089 4090
3 4010 4090 4011
3 4011 4090 4091
3 4011 4091 4012
3 4012 4091 4092
3 4012 4092 4013
3 4013 4092 4093
3 4013 4093 4014
3 4014 4093 4094
3 4014 4094 4015
3 4015 4094 4095
3 4015 4095 4016
3 4016 4095 4096
3 4016 4096 4017
3 4017 4096 4097
3 4017 4097 4018
3 4018 4097 4098
3 4018 4098 4019
3 4019 4098 4099
3 4019 4099 4020
3 4020 4099 4100
3 4020 4100 4021
3 4021 4100 4101
3 4021 4101 4022
3 4022 4101 4102
3 4022 4102 4023
3 4023 4102 4103
3 4023 4103 4024
3 4024 4103 4104
3 4024 4104 4025
3 4025 4104 4105
3 4025 4105 4026
3 4026 4105 4106
3 4026 4106 4027
3 4027 4106 4107
3 4027 4107 4028
3 4028 4107 4108
3 4028 4108 4029
3 4029 4108 4109
3 4029 4109 4030
3 4030 4109 4110
3 4030 4110 4031
3 4031 4110 4111
3 4031 4111 4032
3 4032 4111 4112
3 4032 4112 4033
3 4033 4112 4113
3 4033 4113 4034
3 4034 4113 4114
3 4034 4114 4035
3 4035 4114 4115
3 4035 4115 4036
3 4036 4115 4116
3 4036 4116 4037
3 4037 4116 4117
3 4037 4117 4038
3 4038 4117 4118
3 4038 4118 4039
3 4039 4118 4119
3 4039 4119 4040
3 4040 4119 4120
3 4040 4120 4041
3 4041 4120 4121
3 4041 4121 4042
3 4042 4121 4122
3 4042 4122 4043
3 4043 4122 4123
3 4043 4123 4044
3 4044 4123 4124
3 4044 4124 4045
3 4045 4124 4125
3 4045 4125 4046
3 4046 4125 4126
3 4046 4126 4047
3 4047 4126 4127
3 4047 4127 4048
3 4048 4127 4128
3 4048 4128 4049
3 4049 4128 4129
3 4049 4129 4050
3 4050 4129 4130
3 4050 4130 4051
3 4051 4130 4131
3 4051 4131 4052
3 4052 4131 4132
3 4052 4132 4053
3 4053 4132 4133
3 4053 4133 4054
3 4054 4133 4134
3 4054 4134 4055
3 4055 4134 4135
3 4055 4135 4056
3 4056 4135 4136
3 4056 4136 4057
3 4057 4136 4137
3 4057 4137 4058
3 4058 4137 4138
3 4058 4138 4059
3 4059 4138 4139
3 4059 4139 4060
3 4060 4139 4140
3 4060 4140 4061
3 4061 4140 4141
3 4061 4141 4062
3 4062 4141 4142
3 4062 4142 4063
3 4063 4142 4143
3 4063 4143 4064
3 4064 4143 4144
3 4064 4144 4065
3 4065 4144 4145
3 4065 4145 4066
3 4066 4145 4146
3 4066 4146 4067
3 4067 4146 4147
3 4067 4147 4068
3 4068 4147 4148
3 4068 4148 4069
3 4069 4148 4149
3 4069 4149 4070
3 4070 4149 4150
3 4070 4150 4071
3 4071 4150 4151
3 4071 4151 4072
3 4072 4151 4152
3 4072 4152 4073
3 4073 4152 4153
3 4073 4153 4074
3 4074 4153 4154
3 4074 4154 4075
3 4075 4154 4155
3 4075 4155 4076
3 4076 4155 4156
3 4076 4156 4077
3 4077 4156 4157
3 4077 4157 4078
3 4078 4157 4158
3 4078 4158 4079
3 4079 4158 4159
3 4079 4159 4080
3 4080 4159 4160
3 4080 4160 4081
3 4081 4160 4161
3 4081 4161 4082
3 4082 4161 4162
3 4082 4162 4083
3 4083 4162 4163
3 4083 4163 197
3 197 4163 196
3 51 52 4084
3 4084 52 4164
3 4084 4164 4085
3 4085 4164 4165
3 4085 4165 4086
3 4086 4165 4166
3 4086 4166 4087
3 4087 4166 4167
3 4087 4167 4088
3 4088 4167 4168
3 4088 4168 4089
3 4089 4168 4169
3 4089 4169 4090
3 4090 4169 4170
3 4090 4170 4091
3 4091 4170 4171
3 4091 4171 4092
3 4092 4171 4172
3 4092 4172 4093
3 4093 4172 4173
3 4093 4173 4094
3 4094 4173 4174
3 4094 4174 4095
3 4095 4174 4175
3 4095 4175 4096
3 4096 4175 4176
3 4096 4176 4097
3 4097 4176 4177
3 4097 4177 4098
3 4098 4177 4178
3 4098 4178 4099
3 4099 4178 4179
3 4099 4179 4100
3 4100 4179 4180
3 4100 4180 4101
3 4101 4180 4181
3 4101 4181 4102
3 4102 4181 4182
3 4102 4182 4103
3 4103 4182 4183
3 4103 4183 4104
3 4104 4183 4184
3 4104 4184 4105
3 4105 4184 4185
3 4105 4185 4106
3 4106 4185 4186
3 4106 4186 4107
3 4107 4186 4187
3 4107 4187 4108
3 4108 4187 4188
3 4108 4188 4109
3 4109 4188 4189
3 4109 4189 4110
3 4110 4189 4190
3 4110 4190 4111
3 4111 4190 4191
3 4111 4191 4112
3 4112 4191 4192
3 4112 4192 4113
3 4113 4192 4193
3 4113 4193 4114
3 4114 4193 4194
3 4114 4194 4115
3 4115 4194 4195
3 4115 4195 4116
3 4116 4195 4196
3 4116 4196 4117
3 4117 4196 4197
3 4117 4197 4118
3 4118 4197 4198
3 4118 4198 4119
3 4119 4198 4199
3 4119 4199 4120
3 4120 4199 4200
3 4120 4200 4121
3 4121 4200 4201
3 4121 4201 4122
3 4122 4201 4202
3 4122 4202 4123
3 4123 4202 4203
3 4123 4203 4124
3 4124 4203 4204
3 4124 4204 4125
3 4125 4204 4205
3 4125 4205 4126
3 4126 4205 4206
3 4126 4206 4127
3 4127 4206 4207
3 4127 4207 4128
3 4128 4207 4208
3 4128 4208 4129
3 4129 4208 4209
3 4129 4209 4130
3 4130 4209 4210
3 4130 4210 4131
3 4131 4210 4211
3 4131 4211 4132
3 4132 4211 4212
3 4132 4212 4133
3 4133 4212 4213
3 4133 4213 4134
3 4134 4213 4214
3 4134 4214 4135
3 4135 4214 4215
3 4135 4215 4136
3 4136 4215 4216
3 4136 4216 4137
3 4137 4216 4217
3 4137 4217 4138
3 4138 4217 4218
3 4138 4218 4139
3 4139 4218 4219
3 4139 4219 4140
3 4140 4219 4220
3 4140 4220 4141
3 4141 4220 4221
3 4141 4221 4142
3 4142 4221 4222
3 4142 4222 4143
3 4143 4222 4223
3 4143 4223 4144
3 4144 4223 4224
3 4144 4224 4145
3 4145 4224 4225
3 4145 4225 4146
3 4146 4225 4226
3 4146 4226 4147
3 4147 4226 4227
3 4147 4227 4148
3 4148 4227 4228
3 4148 4228 4149
3 4149 4228 4229
3 4149 4229 4150
3 4150 4229 4230
3 4150 4230 4151
3 4151 4230 4231
3 4151 4231 4152
3 4152 4231 4232
3 4152 4232 4153
3 4153 4232 4233
3 4153 4233 4154
3 4154 4233 4234
3 4154 4234 4155
3 4155 4234 4235
3 4155 4235 4156
3 4156 4235 4236
3 4156 4236 4157
3 4157 4236 4237
3 4157 4237 4158
3 4158 4237 4238
3 4158 4238 4159
3 4159 4238 4239
3 4159 4239 4160
3 4160 4239 4240
3 4160 4240 4161
3 4161 4240 4241
3 4161 4241 4162
3 4162 4241 4242
3 4162 4242 4163
3 4163 4242 4243
3 4163 4243 196
3 196 4243 195
3 52 53 4164
3 4164 53 4244
3 4164 4244 4165
3 4165 4244 4245
3 4165 4245 4166
3 4166 4245 4246
3 4166 4246 4167
3 4167 4246 4247
3 4167 4247 4168
3 4168 4247 4248
3 4168 4248 4169
3 4169 4248 4249
3 4169 4249 4170
3 4170 4249 4250
3 4170 4250 4171
3 4171 4250 4251
3 4171 4251 4172
3 4172 4251 4252
3 4172 4252 4173
3 4173 4252 4253
3 4173 4253 4174
3 4174 4253 4254
3 4174 4254 4175
3 4175 4254 4255
3 4175 4255 4176
3 4176 4255 4256
3 4176 4256 4177
3 4177 4256 4257
3 4177 4257 4178
3 4178 4257 4258
3 4178 4258 4179
3 4179 4258 4259
3 4179 4259 4180
3 4180 4259 4260
3 4180 4260 4181
3 4181 4260 4261
3 4181 4261 4182
3 4182 4261 4262
3 4182 4262 4183
3 4183 4262 4263
3 4183 4263 4184
3 4184 4263 4264
3 4184 4264 4185
3 4185 4264 4265
3 4185 4265 4186
3 4186 4265 4266
3 4186 4266 4187
3 4187 4266 4267
3 4187 4267 4188
3 4188 4267 4268
3 4188 4268 4189
3 4189 4268 4269
3 4189 4269 4190
3 4190 4269 4270
3 4190 4270 4191
3 4191 4270 4271
3 4191 4271 4192
3 4192 4271 4272
3 4192 4272 4193
3 4193 4272 4273
3 4193 4273 4194
3 4194 4273 4274
3 4194 4274 4195
3 4195 4274 4275
3 4195 4275 4196
3 4196 4275 4276
3 4196 4276 4197
3 4197 4276 4277
3 4197 4277 4198
3 4198 4277 4278
3 4198 4278 4199
3 4199 4278 4279
3 4199 4279 4200
3 4200 4279 4280
3 4200 4280 4201
3 4201 4280 4281
3 4201 4281 4202
3 4202 4281 4282
3 4202 4282 4203
3 4203 4282 4283
3 4203 4283 4204
3 4204 4283 4284
3 4204 4284 4205
3 4205 4284 4285
3 4205 4285 4206
3 4206 4285 4286
3 4206 4286 4207
3 4207 4286 4287
3 4207 4287 4208
3 4208 4287 4288
3 4208 4288 4209
3 4209 4288 4289
3 4209 4289 4210
3 4210 4289 4290
3 4210 4290 4211
3 4211 4290 4291
3 4211 4291 4212
3 4212 4291 4292
3 4212 4292 4213
3 4213 4292 4293
3 4213 4293 4214
3 4214 4293 4294
3 4214 4294 4215
3 4215 4294 4295
3 4215 4295 4216
3 4216 4295 4296
3 4216 4296 4217
3 4217 4296 4297
3 4217 4297 4218
3 4218 4297 4298
3 4218 4298 4219
3 4219 4298 4299
3 4219 4299 4220
3 4220 4299 4300
3 4220 4300 4221
3 4221 4300 4301
3 4221 4301 4222
3 4222 4301 4302
3 4222 4302 4223
3 4223 4302 4303
3 4223 4303 4224
3 4224 4303 4304
3 4224 4304 4225
3 4225 4304 4305
3 4225 4305 4226
3 4226 4305 4306
3 4226 4306 4227
3 4227 4306 4307
3 4227 4307 4228
3 4228 4307 4308
3 4228 4308 4229
3 4229 4308 4309
3 4229 4309 4230
3 4230 4309 4310
3 4230 4310 4231
3 4231 4310 4311
3 4231 4311 4232
3 4232 4311 4312
3 4232 4312 4233
3 4233 4312 4313
3 4233 4313 4234
3 4234 4313 4314
3 4234 4314 4235
3 4235 4314 4315
3 4235 4315 4236
3 4236 4315 4316
3 4236 4316 4237
3 4237 4316 4317
3 4237 4317 4238
3 4238 4317 4318
3 4238 4318 4239
3 4239 4318 4319
3 4239 4319 4240
3 4240 4319 4320
3 4240 4320 4241
3 4241 4320 4321
3 4241 4321 4242
3 4242 4321 4322
3 4242 4322 4243
3 4243 4322 4323
3 4243 4323 195
3 195 4323 194
3 53 54 4244
3 4244 54 4324
3 4244 4324 4245
3 4245 4324 4325
3 4245 4325 4246
3 4246 4325 4326
3 4246 4326 4247
3 4247 4326 4327
3 4247 4327 4248
3 4248 4327 4328
3 4248 4328 4249
3 4249 4328 4329
3 4249 4329 4250
3 4250 4329 4330
3 4250 4330 4251
3 4251 4330 4331
3 4251 4331 4252
3 4252 4331 4332
3 4252 4332 4253
3 4253 4332 4333
3 4253 4333 4254
3 4254 4333 4334
3 4254 4334 4255
3 4255 4334 4335
3 4255 4335 4256
3 4256 4335 4336
3 4256 4336 4257
3 4257 4336 4337
3 4257 4337 4258
3 4258 4337 4338
3 4258 4338 4259
3 4259 4338 4339
3 4259 4339 4260
3 4260 4339 4340
3 4260 4340 4261
3 4261 4340 4341
3 4261 4341 4262
3 4262 4341 4342
3 4262 4342 4263
3 4263 4342 4343
3 4263 4343 4264
3 4264 4343 4344
3 4264 4344 4265
3 4265 4344 4345
3 4265 4345 4266
3 4266 4345 4346
3 4266 4346 4267
3 4267 4346 4347
3 4267 4347 4268
3 4268 4347 4348
3 4268 4348 4269
3 4269 4348 4349
3 4269 4349 4270
3 4270 4349 4350
3 4270 4350 4271
3 4271 4350 4351
3 4271 4351 4272
3 4272 4351 4352
3 4272 4352 4273
3 4273 4352 4353
3 4273 4353 4274
3 4274 4353 4354
3 4274 4354 4275
3 4275 4354 4355
3 4275 4355 4276
3 4276 4355 4356
3 4276 4356 4277
3 4277 4356 4357
3 4277 4357 4278
3 4278 4357 4358
3 4278 4358 4279
3 4279 4358 4359
3 4279 4359 4280
3 4280 4359 4360
3 4280 4360 4281
3 4281 4360 4361
3 4281 4361 4282
3 4282 4361 4362
3 4282 4362 4283
3 4283 4362 4363
3 4283 4363 4284
3 4284 4363 4364
3 4284 4364 4285
3 4285 4364 4365
3 4285 4365 4286
3 4286 4365 4366
3 4286 4366 4287
3 4287 4366 4367
3 4287 4367 4288
3 4288 4367 4368
3 4288 4368 4289
3 4289 4368 4369
3 4289 4369 4290
3 4290 4369 4370
3 4290 4370 4291
3 4291 4370 4371
3 4291 4371 4292
3 4292 4371 4372
3 4292 4372 4293
3 4293 4372 4373
3 4293 4373 4294
3 4294 4373 4374
3 4294 4374 4295
3 4295 4374 4375
3 4295 4375 4296
3 4296 4375 4376
3 4296 4376 4297
3 4297 4376 4377
3 4297 4377 4298
3 4298 4377 4378
3 4298 4378 4299
3 4299 4378 4379
3 4299 4379 4300
3 4300 4379 4380
3 4300 4380 4301
3 4301 4380 4381
3 4301 4381 4302
3 4302 4381 4382
3 4302 4382 4303
3 4303 4382 4383
3 4303 4383 4304
3 4304 4383 4384
3 4304 4384 4305
3 4305 4384 4385
3 4305 4385 4306
3 4306 4385 4386
3 4306 4386 4307
3 4307 4386 4387
3 4307 4387 4308
3 4308 4387 4388
3 4308 4388 4309
3 4309 4388 4389
3 4309 4389 4310
3 4310 4389 4390
3 4310 4390 4311
3 4311 4390 4391
3 4311 4391 4312
3 4312 4391 4392
3 4312 4392 4313
3 4313 4392 4393
3 4313 4393 4314
3 4314 4393 4394
3 4314 4394 4315
3 4315 4394 4395
3 4315 4395 4316
3 4316 4395 4396
3 4316 4396 4317
3 4317 4396 4397
3 4317 4397 4318
3 4318 4397 4398
3 4318 4398 4319
3 4319 4398 4399
3 4319 4399 4320
3 4320 4399 4400
3 4320 4400 4321
3 4321 4400 4401
3 4321 4401 4322
3 4322 4401 4402
3 4322 4402 4323
3 4323 4402 4403
3 4323 4403 194
3 194 4403 193
3 54 55 4324
3 4324 55 4404
3 4324 4404 4325
3 4325 4404 4405
3 4325 4405 4326
3 4326 4405 4406
3 4326 4406 4327
3 4327 4406 4407
3 4327 4407 4328
3 4328 4407 4408
3 4328 4408 4329
3 4329 4408 4409
3 4329 4409 4330
3 4330 4409 4410
3 4330 4410 4331
3 4331 4410 4411
3 4331 4411 4332
3 4332 4411 4412
3 4332 4412 4333
3 4333 4412 4413
3 4333 4413 4334
3 4334 4413 4414
3 4334 4414 4335
3 4335 4414 4415
3 4335 4415 4336
3 4336 4415 4416
3 4336 4416 4337
3 4337 4416 4417
3 4337 4417 4338
3 4338 4417 4418
3 4338 4418 4339
3 4339 4418 4419
3 4339 4419 4340
3 4340 4419 4420
3 4340 4420 4341
3 4341 4420 4421
3 4341 4421 4342
3 4342 4421 4422
3 4342 4422 4343
3 4343 4422 4423
3 4343 4423 4344
3 4344 4423 4424
3 4344 4424 4345
3 4345 4424 4425
3 4345 4425 4346
3 4346 4425 4426
3 4346 4426 4347
3 4347 4426 4427
3 4347 4427 4348
3 4348 4427 4428
3 4348 4428 4349
3 4349 4428 4429
3 4349 4429 4350
3 4350 4429 4430
3 4350 4430 4351
3 4351 4430 4431
3 4351 4431 4352
3 4352 4431 4432
3 4352 4432 4353
3 4353 4432 4433
3 4353 4433 4354
3 4354 4433 4434
3 4354 4434 4355
3 4355 4434 4435
3 4355 4435 4356
3 4356 4435 4436
3 4356 4436 4357
3 4357 4436 4437
3 4357 4437 4358
3 4358 4437 4438
3 4358 4438 4359
3 4359 4438 4439
3 4359 4439 4360
3 4360 4439 4440
3 4360 4440 4361
3 4361 4440 4441
3 4361 4441 4362
3 4362 4441 4442
3 4362 4442 4363
3 4363 4442 4443
3 4363 4443 4364
3 4364 4443 4444
3 4364 4444 4365
3 4365 4444 4445
3 4365 4445 4366
3 4366 4445 4446
3 4366 4446 4367
3 4367 4446 4447
3 4367 4447 4368
3 4368 4447 4448
3 4368 4448 4369
3 4369 4448 4449
3 4369 4449 4370
3 4370 4449 4450
3 4370 4450 4371
3 4371 4450 4451
3 4371 4451 4372
3 4372 4451 4452
3 4372 4452 4373
3 4373 4452 4453
3 4373 4453 4374
3 4374 4453 4454
3 4374 4454 4375
3 4375 4454 4455
3 4375 4455 4376
3 4376 4455 4456
3 4376 4456 4377
3 4377 4456 4457
3 4377 4457 4378
3 4378 4457 4458
3 4378 4458 4379
3 4379 4458 4459
3 4379 4459 4380
3 4380 4459 4460
3 4380 4460 4381
3 4381 4460 4461
3 4381 4461 4382
3 4382 4461 4462
3 4382 4462 4383
3 4383 4462 4463
3 4383 4463 4384
3 4384 4463 4464
3 4384 4464 4385
3 4385 4464 4465
3 4385 4465 4386
3 4386 4465 4466
3 4386 4466 4387
3 4387 4466 4467
3 4387 4467 4388
3 4388 4467 4468
3 4388 4468 4389
3 4389 4468 4469
3 4389 4469 4390
3 4390 4469 4470
3 4390 4470 4391
3 4391 4470 4471
3 4391 4471 4392
3 4392 4471 4472
3 4392 4472 4393
3 4393 4472 4473
3 4393 4473 4394
3 4394 4473 4474
3 4394 4474 4395
3 4395 4474 4475
3 4395 4475 4396
3 4396 4475 4476
3 4396 4476 4397
3 4397 4476 4477
3 4397 4477 4398
3 4398 4477 4478
3 4398 4478 4399
3 4399 4478 4479
3 4399 4479 4400
3 4400 4479 4480
3 4400 4480 4401
3 4401 4480 4481
3 4401 4481 4402
3 4402 4481 4482
3 4402 4482 4403
3 4403 4482 4483
3 4403 4483 193
3 193 4483 192
3 55 56 4404
3 4404 56 4484
3 4404 4484 4405
3 4405 4484 4485
3 4405 4485 4406
3 4406 4485 4486
3 4406 4486 4407
3 4407 4486 4487
3 4407 4487 4408
3 4408 4487 4488
3 4408 4488 4409
3 4409 4488 4489
3 4409 4489 4410
3 4410 4489 4490
3 4410 4490 4411
3 4411 4490 4491
3 4411 4491 4412
3 4412 4491 4492
3 4412 4492 4413
3 4413 4492 4493
3 4413 4493 4414
3 4414 4493 4494
3 4414 4494 4415
3 4415 4494 4495
3 4415 4495 4416
3 4416 4495 4496
3 4416 4496 4417
3 4417 4496 4497
3 4417 4497 4418
3 4418 4497 4498
3 4418 4498 4419
3 4419 4498 4499
3 4419 4499 4420
3 4420 4499 4500
3 4420 4500 4421
3 4421 4500 4501
3 4421 4501 4422
3 4422 4501 4502
3 4422 4502 4423
3 4423 4502 4503
3 4423 4503 4424
3 4424 4503 4504
3 4424 4504 4425
3 4425 4504 4505
3 4425 4505 4426
3 4426 4505 4506
3 4426 4506 4427
3 4427 4506 4507
3 4427 4507 4428
3 4428 4507 4508
3 4428 4508 4429
3 4429 4508 4509
3 4429 4509 4430
3 4430 4509 4510
3 4430 4510 4431
3 4431 4510 4511
3 4431 4511 4432
3 4432 4511 4512
3 4432 4512 4433
3 4433 4512 4513
3 4433 4513 4434
3 4434 4513 4514
3 4434 4514 4435
3 4435 4514 4515
3 4435 4515 4436
3 4436 4515 4516
3 4436 4516 4437
3 4437 4516 4517
3 4437 4517 4438
3 4438 4517 4518
3 4438 4518 4439
3 4439 4518 4519
3 4439 4519 4440
3 4440 4519 4520
3 4440 4520 4441
3 4441 4520 4521
3 4441 4521 4442
3 4442 4521 4522
3 4442 4522 4443
3 4443 4522 4523
3 4443 4523 4444
3 4444 4523 4524
3 4444 4524 4445
3 4445 4524 4525
3 4445 4525 4446
3 4446 4525 4526
3 4446 4526 4447
3 4447 4526 4527
3 4447 4527 4448
3 4448 4527 4528
3 4448 4528 4449
3 4449 4528 4529
3 4449 4529 4450
3 4450 4529 4530
3 4450 4530 4451
3 4451 4530 4531
3 4451 4531 4452
3 4452 4531 4532
3 4452 4532 4453
3 4453 4532 4533
3 4453 4533 4454
3 4454 4533 4534
3 4454 4534 4455
3 4455 4534 4535
3 4455 4535 4456
3 4456 4535 4536
3 4456 4536 4457
3 4457 4536 4537
3 4457 4537 4458
3 4458 4537 4538
3 4458 4538 4459
3 4459 4538 4539
3 4459 4539 4460
3 4460 4539 4540
3 4460 4540 4461
3 4461 4540 4541
3 4461 4541 4462
3 4462 4541 4542
3 4462 4542 4463
3 4463 4542 4543
3 4463 4543 4464
3 4464 4543 4544
3 4464 4544 4465
3 4465 4544 4545
3 4465 4545 4466
3 4466 4545 4546
3 4466 4546 4467
3 4467 4546 4547
3 4467 4547 4468
3 4468 4547 4548
3 4468 4548 4469
3 4469 4548 4549
3 4469 4549 4470
3 4470 4549 4550
3 4470 4550 4471
3 4471 4550 4551
3 4471 4551 4472
3 4472 4551 4552
3 4472 4552 4473
3 4473 4552 4553
3 4473 4553 4474
3 4474 4553 4554
3 4474 4554 4475
3 4475 4554 4555
3 4475 4555 4476
3 4476 4555 4556
3 4476 4556 4477
3 4477 4556 4557
3 4477 4557 4478
3 4478 4557 4558
3 4478 4558 4479
3 4479 4558 4559
3 4479 4559 4480
3 4480 4559 4560
3 4480 4560 4481
3 4481 4560 4561
3 4481 4561 4482
3 4482 4561 4562
3 4482 4562 4483
3 4483 4562 4563
3 4483 4563 192
3 192 4563 191
3 56 57 4484
3 4484 57 4564
3 4484 4564 4485
3 4485 4564 4565
3 4485 4565 4486
3 4486 4565 4566
3 4486 4566 4487
3 4487 4566 4567
3 4487 4567 4488
3 4488 4567 4568
3 4488 4568 4489
3 4489 4568 4569
3 4489 4569 4490
3 4490 4569 4570
3 4490 4570 4491
3 4491 4570 4571
3 4491 4571 4492
3 4492 4571 4572
3 4492 4572 4493
3 4493 4572 4573
3 4493 4573 4494
3 4494 4573 4574
3 4494 4574 4495
3 4495 4574 4575
3 4495 4575 4496
3 4496 4575 4576
3 4496 4576 4497
3 4497 4576 4577
3 4497 4577 4498
3 4498 4577 4578
3 4498 4578 4499
3 4499 4578 4579
3 4499 4579 4500
3 4500 4579 4580
3 4500 4580 4501
3 4501 4580 4581
3 4501 4581 4502
3 4502 4581 4582
3 4502 4582 4503
3 4503 4582 4583
3 4503 4583 4504
3 4504 4583 4584
3 4504 4584 4505
3 4505 4584 4585
3 4505 4585 4506
3 4506 4585 4586
3 4506 4586 4507
3 4507 4586 4587
3 4507 4587 4508
3 4508 4587 4588
3 4508 4588 4509
3 4509 4588 4589
3 4509 4589 4510
3 4510 4589 4590
3 4510 4590 4511
3 4511 4590 4591
3 4511 4591 4512
3 4512 4591 4592
3 4512 4592 4513
3 4513 4592 4593
3 4513 4593 4514
3 4514 4593 4594
3 4514 4594 4515
3 4515 4594 4595
3 4515 4595 4516
3 4516 4595 4596
3 4516 4596 4517
3 4517 4596 4597
3 4517 4597 4518
3 4518 4597 4598
3 4518 4598 4519
3 4519 4598 4599
3 4519 4599 4520
3 4520 4599 4600
3 4520 4600 4521
3 4521 4600 4601
3 4521 4601 4522
3 4522 4601 4602
3 4522 4602 4523
3 4523 4602 4603
3 4523 4603 4524
3 4524 4603 4604
3 4524 4604 4525
3 4525 4604 4605
3 4525 4605 4526
3 4526 4605 4606
3 4526 4606 4527
3 4527 4606 4607
3 4527 4607 4528
3 4528 4607 4608
3 4528 4608 4529
3 4529 4608 4609
3 4529 4609 4530
3 4530 4609 4610
3 4530 4610 4531
3 4531 4610 4611
3 4531 4611 4532
3 4532 4611 4612
3 4532 4612 4533
3 4533 4612 4613
3 4533 4613 4534
3 4534 4613 4614
3 4534 4614 4535
3 4535 4614 4615
3 4535 4615 4536
3 4536 4615 4616
3 4536 4616 4537
3 4537 4616 4617
3 4537 4617 4538
3 4538 4617 4618
3 4538 4618 4539
3 4539 4618 4619
3 4539 4619 4540
3 4540 4619 4620
3 4540 4620 4541
3 4541 4620 4621
3 4541 4621 4542
3 4542 4621 4622
3 4542 4622 4543
3 4543 4622 4623
3 4543 4623 4544
3 4544 4623 4624
3 4544 4624 4545
3 4545 4624 4625
3 4545 4625 4546
3 4546 4625 4626
3 4546 4626 4547
3 4547 4626 4627
3 4547 4627 4548
3 4548 4627 4628
3 4548 4628 4549
3 4549 4628 4629
3 4549 4629 4550
3 4550 4629 4630
3 4550 4630 4551
3 4551 4630 4631
3 4551 4631 4552
3 4552 4631 4632
3 4552 4632 4553
3 4553 4632 4633
3 4553 4633 4554
3 4554 4633 4634
3 4554 4634 4555
3 4555 4634 4635
3 4555 4635 4556
3 4556 4635 4636
3 4556 4636 4557
3 4557 4636 4637
3 4557 4637 4558
3 4558 4637 4638
3 4558 4638 4559
3 4559 4638 4639
3 4559 4639 4560
3 4560 4639 4640
3 4560 4640 4561
3 4561 4640 4641
3 4561 4641 4562
3 4562 4641 4642
3 4562 4642 4563
3 4563 4642 4643
3 4563 4643 191
3 191 4643 190
3 57 58 4564
3 4564 58 4644
3 4564 4644 4565
3 4565 4644 4645
3 4565 4645 4566
3 4566 4645 4646
3 4566 4646 4567
3 4567 4646 4647
3 4567 4647 4568
3 4568 4647 4648
3 4568 4648 4569
3 4569 4648 4649
3 4569 4649 4570
3 4570 4649 4650
3 4570 4650 4571
3 4571 4650 4651
3 4571 4651 4572
3 4572 4651 4652
3 4572 4652 4573
3 4573 4652 4653
3 4573 4653 4574
3 4574 4653 4654
3 4574 4654 4575
3 4575 4654 4655
3 4575 4655 4576
3 4576 4655 4656
3 4576 4656 4577
3 4577 4656 4657
3 4577 4657 4578
3 4578 4657 4658
3 4578 4658 4579
3 4579 4658 4659
3 4579 4659 4580
3 4580 4659 4660
3 4580 4660 4581
3 4581 4660 4661
3 4581 4661 4582
3 4582 4661 4662
3 4582 4662 4583
3 4583 4662 4663
3 4583 4663 4584
3 4584 4663 4664
3 4584 4664 4585
3 4585 4664 4665
3 4585 4665 4586
3 4586 4665 4666
3 4586 4666 4587
3 4587 4666 4667
3 4587 4667 4588
3 4588 4667 4668
3 4588 4668 4589
3 4589 4668 4669
3 4589 4669 4590
3 4590 4669 4670
3 4590 4670 4591
3 4591 4670 4671
3 4591 4671 4592
3 4592 4671 4672
3 4592 4672 4593
3 4593 4672 4673
3 4593 4673 4594
3 4594 4673 4674
3 4594 4674 4595
3 4595 4674 4675
3 4595 4675 4596
3 4596 4675 4676
3 4596 4676 4597
3 4597 4676 4677
3 4597 4677 4598
3 4598 4677 4678
3 4598 4678 4599
3 4599 4678 4679
3 4599 4679 4600
3 4600 4679 4680
3 4600 4680 4601
3 4601 4680 4681
3 4601 4681 4602
3 4602 4681 4682
3 4602 4682 4603
3 4603 4682 4683
3 4603 4683 4604
3 4604 4683 4684
3 4604 4684 4605
3 4605 4684 4685
3 4605 4685 4606
3 4606 4685 4686
3 4606 4686 4607
3 4607 4686 4687
3 4607 4687 4608
3 4608 4687 4688
3 4608 4688 4609
3 4609 4688 4689
3 4609 4689 4610
3 4610 4689 4690
3 4610 4690 4611
3 4611 4690 4691
3 4611 4691 4612
3 4612 4691 4692
3 4612 4692 4613
3 4613 4692 4693
3 4613 4693 4614
3 4614 4693 4694
3 4614 4694 4615
3 4615 4694 4695
3 4615 4695 4616
3 4616 4695 4696
3 4616 4696 4617
3 4617 4696 4697
3 4617 4697 4618
3 4618 4697 4698
3 4618 4698 4619
3 4619 4698 4699
3 4619 4699 4620
3 4620 4699 4700
3 4620 4700 4621
3 4621 4700 4701
3 4621 4701 4622
3 4622 4701 4702
3 4622 4702 4623
3 4623 4702 4703
3 4623 4703 4624
3 4624 4703 4704
3 4624 4704 4625
3 4625 4704 4705
3 4625 4705 4626
3 4626 4705 4706
3 4626 4706 4627
3 4627 4706 4707
3 4627 4707 4628
3 4628 4707 4708
3 4628 4708 4629
3 4629 4708 4709
3 4629 4709 4630
3 4630 4709 4710
3 4630 4710 4631
3 4631 4710 4711
3 4631 4711 4632
3 4632 4711 4712
3 4632 4712 4633
3 4633 4712 4713
3 4633 4713 4634
3 4634 4713 4714
3 4634 4714 4635
3 4635 4714 4715
3 4635 4715 4636
3 4636 4715 4716
3 4636 4716 4637
3 4637 4716 4717
3 4637 4717 4638
3 4638 4717 4718
3 4638 4718 4639
3 4639 4718 4719
3 4639 4719 4640
3 4640 4719 4720
3 4640 4720 4641
3 4641 4720 4721
3 4641 4721 4642
3 4642 4721 4722
3 4642 4722 4643
3 4643 4722 4723
3 4643 4723 190
3 190 4723 189
3 58 59 4644
3 4644 59 4724
3 4644 4724 4645
3 4645 4724 4725
3 4645 4725 4646
3 4646 4725 4726
3 4646 4726 4647
3 4647 4726 4727
3 4647 4727 4648
3 4648 4727 4728
3 4648 4728 4649
3 4649 4728 4729
3 4649 4729 4650
3 4650 4729 4730
3 4650 4730 4651
3 4651 4730 4731
3 4651 4731 4652
3 4652 4731 4732
3 4652 4732 4653
3 4653 4732 4733
3 4653 4733 4654
3 4654 4733 4734
3 4654 4734 4655
3 4655 4734 4735
3 4655 4735 4656
3 4656 4735 4736
3 4656 4736 4657
3 4657 4736 4737
3 4657 4737 4658
3 4658 4737 4738
3 4658 4738 4659
3 4659 4738 4739
3 4659 4739 4660
3 4660 4739 4740
3 4660 4740 4661
3 4661 4740 4741
3 4661 4741 4662
3 4662 4741 4742
3 4662 4742 4663
3 4663 4742 4743
3 4663 4743 4664
3 4664 4743 4744
3 4664 4744 4665
3 4665 4744 4745
3 4665 4745 4666
3 4666 4745 4746
3 4666 4746 4667
3 4667 4746 4747
3 4667 4747 4668
3 4668 4747 4748
3 4668 4748 4669
3 4669 4748 4749
3 4669 4749 4670
3 4670 4749 4750
3 4670 4750 4671
3 4671 4750 4751
3 4671 4751 4672
3 4672 4751 4752
3 4672 4752 4673
3 4673 4752 4753
3 4673 4753 4674
3 4674 4753 4754
3 4674 4754 4675
3 4675 4754 4755
3 4675 4755 4676
3 4676 4755 4756
3 4676 4756 4677
3 4677 4756 4757
3 4677 4757 4678
3 4678 4757 4758
3 4678 4758 4679
3 4679 4758 4759
3 4679 4759 4680
3 4680 4759 4760
3 4680 4760 4681
3 4681 4760 4761
3 4681 4761 4682
3 4682 4761 4762
3 4682 4762 4683
3 4683 4762 4763
3 4683 4763 4684
3 4684 4763 4764
3 4684 4764 4685
3 4685 4764 4765
3 4685 4765 4686
3 4686 4765 4766
3 4686 4766 4687
3 4687 4766 4767
3 4687 4767 4688
3 4688 4767 4768
3 4688 4768 4689
3 4689 4768 4769
3 4689 4769 4690
3 4690 4769 4770
3 4690 4770 4691
3 4691 4770 4771
3 4691 4771 4692
3 4692 4771 4772
3 4692 4772 4693
3 4693 4772 4773
3 4693 4773 4694
3 4694 4773 4774
3 4694 4774 4695
3 4695 4774 4775
3 4695 4775 4696
3 4696 4775 4776
3 4696 4776 4697
3 4697 4776 4777
3 4697 4777 4698
3 4698 4777 4778
3 4698 4778 4699
3 4699 4778 4779
3 4699 4779 4700
3 4700 4779 4780
3 4700 4780 4701
3 4701 4780 4781
3 4701 4781 4702
3 4702 4781 4782
3 4702 4782 4703
3 4703 4782 4783
3 4703 4783 4704
3 4704 4783 4784
3 4704 4784 4705
3 4705 4784 4785
3 4705 4785 4706
3 4706 4785 4786
3 4706 4786 4707
3 4707 4786 4787
3 4707 4787 4708
3 4708 4787 4788
3 4708 4788 4709
3 4709 4788 4789
3 4709 4789 4710
3 4710 4789 4790
3 4710 4790 4711
3 4711 4790 4791
3 4711 4791 4712
3 4712 4791 4792
3 4712 4792 4713
3 4713 4792 4793
3 4713 4793 4714
3 4714 4793 4794
3 4714 4794 4715
3 4715 4794 4795
3 4715 4795 4716
3 4716 4795 4796
3 4716 4796 4717
3 4717 4796 4797
3 4717 4797 4718
3 4718 4797 4798
3 4718 4798 4719
3 4719 4798 4799
3 4719 4799 4720
3 4720 4799 4800
3 4720 4800 4721
3 4721 4800 4801
3 4721 4801 4722
3 4722 4801 4802
3 4722 4802 4723
3 4723 4802 4803
3 4723 4803 189
3 189 4803 188
3 59 60 4724
3 4724 60 4804
3 4724 4804 4725
3 4725 4804 4805
3 4725 4805 4726
3 4726 4805 4806
3 4726 4806 4727
3 4727 4806 4807
3 4727 4807 4728
3 4728 4807 4808
3 4728 4808 4729
3 4729 4808 4809
3 4729 4809 4730
3 4730 4809 4810
3 4730 4810 4731
3 4731 4810 4811
3 4731 4811 4732
3 4732 4811 4812
3 4732 4812 4733
3 4733 4812 4813
3 4733 4813 4734
3 4734 4813 4814
3 4734 4814 4735
3 4735 4814 4815
3 4735 4815 4736
3 4736 4815 4816
3 4736 4816 4737
3 4737 4816 4817
3 4737 4817 4738
3 4738 4817 4818
3 4738 4818 4739
3 4739 4818 4819
3 4739 4819 4740
3 4740 4819 4820
3 4740 4820 4741
3 4741 4820 4821
3 4741 4821 4742
3 4742 4821 4822
3 4742 4822 4743
3 4743 4822 4823
3 4743 4823 4744
3 4744 4823 4824
3 4744 4824 4745
3 4745 4824 4825
3 4745 4825 4746
3 4746 4825 4826
3 4746 4826 4747
3 4747 4826 4827
3 4747 4827 4748
3 4748 4827 4828
3 4748 4828 4749
3 4749 4828 4829
3 4749 4829 4750
3 4750 4829 4830
3 4750 4830 4751
3 4751 4830 4831
3 4751 4831 4752
3 4752 4831 4832
3 4752 4832 4753
3 4753 4832 4833
3 4753 4833 4754
3 4754 4833 4834
3 4754 4834 4755
3 4755 4834 4835
3 4755 4835 4756
3 4756 4835 4836
3 4756 4836 4757
3 4757 4836 4837
3 4757 4837 4758
3 4758 4837 4838
3 4758 4838 4759
3 4759 4838 4839
3 4759 4839 4760
3 4760 4839 4840
3 4760 4840 4761
3 4761 4840 4841
3 4761 4841 4762
3 4762 4841 4842
3 4762 4842 4763
3 4763 4842 4843
3 4763 4843 4764
3 4764 4843 4844
3 4764 4844 4765
3 4765 4844 4845
3 4765 4845 4766
3 4766 4845 4846
3 4766 4846 4767
3 4767 4846 4847
3 4767 4847 4768
3 4768 4847 4848
3 4768 4848 4769
3 4769 4848 4849
3 4769 4849 4770
3 4770 4849 4850
3 4770 4850 4771
3 4771 4850 4851
3 4771 4851 4772
3 4772 4851 4852
3 4772 4852 4773
3 4773 4852 4853
3 4773 4853 4774
3 4774 4853 4854
3 4774 4854 4775
3 4775 4854 4855
3 4775 4855 4776
3 4776 4855 4856
3 4776 4856 4777
3 4777 4856 4857
3 4777 4857 4778
3 4778 4857 4858
3 4778 4858 4779
3 4779 4858 4859
3 4779 4859 4780
3 4780 4859 4860
3 4780 4860 4781
3 4781 4860 4861
3 4781 4861 4782
3 4782 4861 4862
3 4782 4862 4783
3 4783 4862 4863
3 4783 4863 4784
3 4784 4863 4864
3 4784 4864 4785
3 4785 4864 4865
3 4785 4865 4786
3 4786 4865 4866
3 4786 4866 4787
3 4787 4866 4867
3 4787 4867 4788
3 4788 4867 4868
3 4788 4868 4789
3 4789 4868 4869
3 4789 4869 4790
3 4790 4869 4870
3 4790 4870 4791
3 4791 4870 4871
3 4791 4871 4792
3 4792 4871 4872
3 4792 4872 4793
3 4793 4872 4873
3 4793 4873 4794
3 4794 4873 4874
3 4794 4874 4795
3 4795 4874 4875
3 4795 4875 4796
3 4796 4875 4876
3 4796 4876 4797
3 4797 4876 4877
3 4797 4877 4798
3 4798 4877 4878
3 4798 4878 4799
3 4799 4878 4879
3 4799 4879 4800
3 4800 4879 4880
3 4800 4880 4801
3 4801 4880 4881
3 4801 4881 4802
3 4802 4881 4882
3 4802 4882 4803
3 4803 4882 4883
3 4803 4883 188
3 188 4883 187
3 60 61 4804
3 4804 61 4884
3 4804 4884 4805
3 4805 4884 4885
3 4805 4885 4806
3 4806 4885 4886
3 4806 4886 4807
3 4807 4886 4887
3 4807 4887 4808
3 4808 4887 4888
3 4808 4888 4809
3 4809 4888 4889
3 4809 4889 4810
3 4810 4889 4890
3 4810 4890 4811
3 4811 4890 4891
3 4811 4891 4812
3 4812 4891 4892
3 4812 4892 4813
3 4813 4892 4893
3 4813 4893 4814
3 4814 4893 4894
3 4814 4894 4815
3 4815 4894 4895
3 4815 4895 4816
3 4816 4895 4896
3 4816 4896 4817
3 4817 4896 4897
3 4817 4897 4818
3 4818 4897 4898
3 4818 4898 4819
3 4819 4898 4899
3 4819 4899 4820
3 4820 4899 4900
3 4820 4900 4821
3 4821 4900 4901
3 4821 4901 4822
3 4822 4901 4902
3 4822 4902 4823
3 4823 4902 4903
3 4823 4903 4824
3 4824 4903 4904
3 4824 4904 4825
3 4825 4904 4905
3 4825 4905 4826
3 4826 4905 4906
3 4826 4906 4827
3 4827 4906 4907
3 4827 4907 4828
3 4828 4907 4908
3 4828 4908 4829
3 4829 4908 4909
3 4829 4909 4830
3 4830 4909 4910
3 4830 4910 4831
3 4831 4910 4911
3 4831 4911 4832
3 4832 4911 4912
3 4832 4912 4833
3 4833 4912 4913
3 4833 4913 4834
3 4834 4913 4914
3 4834 4914 4835
3 4835 4914 4915
3 4835 4915 4836
3 4836 4915 4916
3 4836 4916 4837
3 4837 4916 4917
3 4837 4917 4838
3 4838 4917 4918
3 4838 4918 4839
3 4839 4918 4919
3 4839 4919 4840
3 4840 4919 4920
3 4840 4920 4841
3 4841 4920 4921
3 4841 4921 4842
3 4842 4921 4922
3 4842 4922 4843
3 4843 4922 4923
3 4843 4923 4844
3 4844 4923 4924
3 4844 4924 4845
3 4845 4924 4925
3 4845 4925 4846
3 4846 4925 4926
3 4846 4926 4847
3 4847 4926 4927
3 4847 4927 4848
3 4848 4927 4928
3 4848 4928 4849
3 4849 4928 4929
3 4849 4929 4850
3 4850 4929 4930
3 4850 4930 4851
3 4851 4930 4931
3 4851 4931 4852
3 4852 4931 4932
3 4852 4932 4853
3 4853 4932 4933
3 4853 4933 4854
3 4854 4933 4934
3 4854 4934 4855
3 4855 4934 4935
3 4855 4935 4856
3 4856 4935 4936
3 4856 4936 4857
3 4857 4936 4937
3 4857 4937 4858
3 4858 4937 4938
3 4858 4938 4859
3 4859 4938 4939
3 4859 4939 4860
3 4860 4939 4940
3 4860 4940 4861
3 4861 4940 4941
3 4861 4941 4862
3 4862 4941 4942
3 4862 4942 4863
3 4863 4942 4943
3 4863 4943 4864
3 4864 4943 4944
3 4864 4944 4865
3 4865 4944 4945
3 4865 4945 4866
3 4866 4945 4946
3 4866 4946 4867
3 4867 4946 4947
3 4867 4947 4868
3 4868 4947 4948
3 4868 4948 4869
3 4869 4948 4949
3 4869 4949 4870
3 4870 4949 4950
3 4870 4950 4871
3 4871 4950 4951
3 4871 4951 4872
3 4872 4951 4952
3 4872 4952 4873
3 4873 4952 4953
3 4873 4953 4874
3 4874 4953 4954
3 4874 4954 4875
3 4875 4954 4955
3 4875 4955 4876
3 4876 4955 4956
3 4876 4956 4877
3 4877 4956 4957
3 4877 4957 4878
3 4878 4957 4958
3 4878 4958 4879
3 4879 4958 4959
3 4879 4959 4880
3 4880 4959 4960
3 4880 4960 4881
3 4881 4960 4961
3 4881 4961 4882
3 4882 4961 4962
3 4882 4962 4883
3 4883 4962 4963
3 4883 4963 187
3 187 4963 186
3 61 62 4884
3 4884 62 4964
3 4884 4964 4885
3 4885 4964 4965
3 4885 4965 4886
3 4886 4965 4966
3 4886 4966 4887
3 4887 4966 4967
3 4887 4967 4888
3 4888 4967 4968
3 4888 4968 4889
3 4889 4968 4969
3 4889 4969 4890
3 4890 4969 4970
3 4890 4970 4891
3 4891 4970 4971
3 4891 4971 4892
3 4892 4971 4972
3 4892 4972 4893
3 4893 4972 4973
3 4893 4973 4894
3 4894 4973 4974
3 4894 4974 4895
3 4895 4974 4975
3 4895 4975 4896
3 4896 4975 4976
3 4896 4976 4897
3 4897 4976 4977
3 4897 4977 4898
3 4898 4977 4978
3 4898 4978 4899
3 4899 4978 4979
3 4899 4979 4900
3 4900 4979 4980
3 4900 4980 4901
3 4901 4980 4981
3 4901 4981 4902
3 4902 4981 4982
3 4902 4982 4903
3 4903 4982 4983
3 4903 4983 4904
3 4904 4983 4984
3 4904 4984 4905
3 4905 4984 4985
3 4905 4985 4906
3 4906 4985 4986
3 4906 4986 4907
3 4907 4986 4987
3 4907 4987 4908
3 4908 4987 4988
3 4908 4988 4909
3 4909 4988 4989
3 4909 4989 4910
3 4910 4989 4990
3 4910 4990 4911
3 4911 4990 4991
3 4911 4991 4912
3 4912 4991 4992
3 4912 4992 4913
3 4913 4992 4993
3 4913 4993 4914
3 4914 4993 4994
3 4914 4994 4915
3 4915 4994 4995
3 4915 4995 4916
3 4916 4995 4996
3 4916 4996 4917
3 4917 4996 4997
3 4917 4997 4918
3 4918 4997 4998
3 4918 4998 4919
3 4919 4998 4999
3 4919 4999 4920
3 4920 4999 5000
3 4920 5000 4921
3 4921 5000 5001
3 4921 5001 4922
3 4922 5001 5002
3 4922 5002 4923
3 4923 5002 5003
3 4923 5003 4924
3 4924 5003 5004
3 4924 5004 4925
3 4925 5004 5005
3 4925 5005 4926
3 4926 5005 5006
3 4926 5006 4927
3 4927 5006 5007
3 4927 5007 4928
3 4928 5007 5008
3 4928 5008 4929
3 4929 5008 5009
3 4929 5009 4930
3 4930 5009 5010
3 4930 5010 4931
3 4931 5010 5011
3 4931 5011 4932
3 4932 5011 5012
3 4932 5012 4933
3 4933 5012 5013
3 4933 5013 4934
3 4934 5013 5014
3 4934 5014 4935
3 4935 5014 5015
3 4935 5015 4936
3 4936 5015 5016
3 4936 5016 4937
3 4937 5016 5017
3 4937 5017 4938
3 4938 5017 5018
3 4938 5018 4939
3 4939 5018 5019
3 4939 5019 4940
3 4940 5019 5020
3 4940 5020 4941
3 4941 5020 5021
3 4941 5021 4942
3 4942 5021 5022
3 4942 5022 4943
3 4943 5022 5023
3 4943 5023 4944
3 4944 5023 5024
3 4944 5024 4945
3 4945 5024 5025
3 4945 5025 4946
3 4946 5025 5026
3 4946 5026 4947
3 4947 5026 5027
3 4947 5027 4948
3 4948 5027 5028
3 4948 5028 4949
3 4949 5028 5029
3 4949 5029 4950
3 4950 5029 5030
3 4950 5030 4951
3 4951 5030 5031
3 4951 5031 4952
3 4952 5031 5032
3 4952 5032 4953
3 4953 5032 5033
3 4953 5033 4954
3 4954 5033 5034
3 4954 5034 4955
3 4955 5034 5035
3 4955 5035 4956
3 4956 5035 5036
3 4956 5036 4957
3 4957 5036 5037
3 4957 5037 4958
3 4958 5037 5038
3 4958 5038 4959
3 4959 5038 5039
3 4959 5039 4960
3 4960 5039 5040
3 4960 5040 4961
3 4961 5040 5041
3 4961 5041 4962
3 4962 5041 5042
3 4962 5042 4963
3 4963 5042 5043
3 4963 5043 186
3 186 5043 185
3 62 63 4964
3 4964 63 5044
3 4964 5044 4965
3 4965 5044 5045
3 4965 5045 4966
3 4966 5045 5046
3 4966 5046 4967
3 4967 5046 5047
3 4967 5047 4968
3 4968 5047 5048
3 4968 5048 4969
3 4969 5048 5049
3 4969 5049 4970
3 4970 5049 5050
3 4970 5050 4971
3 4971 5050 5051
3 4971 5051 4972
3 4972 5051 5052
3 4972 5052 4973
3 4973 5052 5053
3 4973 5053 4974
3 4974 5053 5054
3 4974 5054 4975
3 4975 5054 5055
3 4975 5055 4976
3 4976 5055 5056
3 4976 5056 4977
3 4977 5056 5057
3 4977 5057 4978
3 4978 5057 5058
3 4978 5058 4979
3 4979 5058 5059
3 4979 5059 4980
3 4980 5059 5060
3 4980 5060 4981
3 4981 5060 5061
3 4981 5061 4982
3 4982 5061 5062
3 4982 5062 4983
3 4983 5062 5063
3 4983 5063 4984
3 4984 5063 5064
3 4984 5064 4985
3 4985 5064 5065
3 4985 5065 4986
3 4986 5065 5066
3 4986 5066 4987
3 4987 5066 5067
3 4987 5067 4988
3 4988 5067 5068
3 4988 5068 4989
3 4989 5068 5069
3 4989 5069 4990
3 4990 5069 5070
3 4990 5070 4991
3 4991 5070 5071
3 4991 5071 4992
3 4992 5071 5072
3 4992 5072 4993
3 4993 5072 5073
3 4993 5073 4994
3 4994 5073 5074
3 4994 5074 4995
3 4995 5074 5075
3 4995 5075 4996
3 4996 5075 5076
3 4996 5076 4997
3 4997 5076 5077
3 4997 5077 4998
3 4998 5077 5078
3 4998 5078 4999
3 4999 5078 5079
3 4999 5079 5000
3 5000 5079 5080
3 5000 5080 5001
3 5001 5080 5081
3 5001 5081 5002
3 5002 5081 5082
3 5002 5082 5003
3 5003 5082 5083
3 5003 5083 5004
3 5004 5083 5084
3 5004 5084 5005
3 5005 5084 5085
3 5005 5085 5006
3 5006 5085 5086
3 5006 5086 5007
3 5007 5086 5087
3 5007 5087 5008
3 5008 5087 5088
3 5008 5088 5009
3 5009 5088 5089
3 5009 5089 5010
3 5010 5089 5090
3 5010 5090 5011
3 5011 5090 5091
3 5011 5091 5012
3 5012 5091 5092
3 5012 5092 5013
3 5013 5092 5093
3 5013 5093 5014
3 5014 5093 5094
3 5014 5094 5015
3 5015 5094 5095
3 5015 5095 5016
3 5016 5095 5096
3 5016 5096 5017
3 5017 5096 5097
3 5017 5097 5018
3 5018 5097 5098
3 5018 5098 5019
3 5019 5098 5099
3 5019 5099 5020
3 5020 5099 5100
3 5020 5100 5021
3 5021 5100 5101
3 5021 5101 5022
3 5022 5101 5102
3 5022 5102 5023
3 5023 5102 5103
3 5023 5103 5024
3 5024 5103 5104
3 5024 5104 5025
3 5025 5104 5105
3 5025 5105 5026
3 5026 5105 5106
3 5026 5106 5027
3 5027 5106 5107
3 5027 5107 5028
3 5028 5107 5108
3 5028 5108 5029
3 5029 5108 5109
3 5029 5109 5030
3 5030 5109 5110
3 5030 5110 5031
3 5031 5110 5111
3 5031 5111 5032
3 5032 5111 5112
3 5032 5112 5033
3 5033 5112 5113
3 5033 5113 5034
3 5034 5113 5114
3 5034 5114 5035
3 5035 5114 5115
3 5035 5115 5036
3 5036 5115 5116
3 5036 5116 5037
3 5037 5116 5117
3 5037 5117 5038
3 5038 5117 5118
3 5038 5118 5039
3 5039 5118 5119
3 5039 5119 5040
3 5040 5119 5120
3 5040 5120 5041
3 5041 5120 5121
3 5041 5121 5042
3 5042 5121 5122
3 5042 5122 5043
3 5043 5122 5123
3 5043 5123 185
3 185 5123 184
3 63 64 5044
3 5044 64 5124
3 5044 5124 5045
3 5045 5124 5125
3 5045 5125 5046
3 5046 5125 5126
3 5046 5126 5047
3 5047 5126 5127
3 5047 5127 5048
3 5048 5127 5128
3 5048 5128 5049
3 5049 5128 5129
3 5049 5129 5050
3 5050 5129 5130
3 5050 5130 5051
3 5051 5130 5131
3 5051 5131 5052
3 5052 5131 5132
3 5052 5132 5053
3 5053 5132 5133
3 5053 5133 5054
3 5054 5133 5134
3 5054 5134 5055
3 5055 5134 5135
3 5055 5135 5056
3 5056 5135 5136
3 5056 5136 5057
3 5057 5136 5137
3 5057 5137 5058
3 5058 5137 5138
3 5058 5138 5059
3 5059 5138 5139
3 5059 5139 5060
3 5060 5139 5140
3 5060 5140 5061
3 5061 5140 5141
3 5061 5141 5062
3 5062 5141 5142
3 5062 5142 5063
3 5063 5142 5143
3 5063 5143 5064
3 5064 5143 5144
3 5064 5144 5065
3 5065 5144 5145
3 5065 5145 5066
3 5066 5145 5146
3 5066 5146 5067
3 5067 5146 5147
3 5067 5147 5068
3 5068 5147 5148
3 5068 5148 5069
3 5069 5148 5149
3 5069 5149 5070
3 5070 5149 5150
3 5070 5150 5071
3 5071 5150 5151
3 5071 5151 5072
3 5072 5151 5152
3 5072 5152 5073
3 5073 5152 5153
3 5073 5153 5074
3 5074 5153 5154
3 5074 5154 5075
3 5075 5154 5155
3 5075 5155 5076
3 5076 5155 5156
3 5076 5156 5077
3 5077 5156 5157
3 5077 5157 5078
3 5078 5157 5158
3 5078 5158 5079
3 5079 5158 5159
3 5079 5159 5080
3 5080 5159 5160
3 5080 5160 5081
3 5081 5160 5161
3 5081 5161 5082
3 5082 5161 5162
3 5082 5162 5083
3 5083 5162 5163
3 5083 5163 5084
3 5084 5163 5164
3 5084 5164 5085
3 5085 5164 5165
3 5085 5165 5086
3 5086 5165 5166
3 5086 5166 5087
3 5087 5166 5167
3 5087 5167 5088
3 5088 5167 5168
3 5088 5168 5089
3 5089 5168 5169
3 5089 5169 5090
3 5090 5169 5170
3 5090 5170 5091
3 5091 5170 5171
3 5091 5171 5092
3 5092 5171 5172
3 5092 5172 5093
3 5093 5172 5173
3 5093 5173 5094
3 5094 5173 5174
3 5094 5174 5095
3 5095 5174 5175
3 5095 5175 5096
3 5096 5175 5176
3 5096 5176 5097
3 5097 5176 5177
3 5097 5177 5098
3 5098 5177 5178
3 5098 5178 5099
3 5099 5178 5179
3 5099 5179 5100
3 5100 5179 5180
3 5100 5180 5101
3 5101 5180 5181
3 5101 5181 5102
3 5102 5181 5182
3 5102 5182 5103
3 5103 5182 5183
3 5103 5183 5104
3 5104 5183 5184
3 5104 5184 5105
3 5105 5184 5185
3 5105 5185 5106
3 5106 5185 5186
3 5106 5186 5107
3 5107 5186 5187
3 5107 5187 5108
3 5108 5187 5188
3 5108 5188 5109
3 5109 5188 5189
3 5109 5189 5110
3 5110 5189 5190
3 5110 5190 5111
3 5111 5190 5191
3 5111 5191 5112
3 5112 5191 5192
3 5112 5192 5113
3 5113 5192 5193
3 5113 5193 5114
3 5114 5193 5194
3 5114 5194 5115
3 5115 5194 5195
3 5115 5195 5116
3 5116 5195 5196
3 5116 5196 5117
3 5117 5196 5197
3 5117 5197 5118
3 5118 5197 5198
3 5118 5198 5119
3 5119 5198 5199
3 5119 5199 5120
3 5120 5199 5200
3 5120 5200 5121
3 5121 5200 5201
3 5121 5201 5122
3 5122 5201 5202
3 5122 5202 5123
3 5123 5202 5203
3 5123 5203 184
3 184 5203 183
3 64 65 5124
3 5124 65 5204
3 5124 5204 5125
3 5125 5204 5205
3 5125 5205 5126
3 5126 5205 5206
3 5126 5206 5127
3 5127 5206 5207
3 5127 5207 5128
3 5128 5207 5208
3 5128 5208 5129
3 5129 5208 5209
3 5129 5209 5130
3 5130 5209 5210
3 5130 5210 5131
3 5131 5210 5211
3 5131 5211 5132
3 5132 5211 5212
3 5132 5212 5133
3 5133 5212 5213
3 5133 5213 5134
3 5134 5213 5214
3 5134 5214 5135
3 5135 5214 5215
3 5135 5215 5136
3 5136 5215 5216
3 5136 5216 5137
3 5137 5216 5217
3 5137 5217 5138
3 5138 5217 5218
3 5138 5218 5139
3 5139 5218 5219
3 5139 5219 5140
3 5140 5219 5220
3 5140 5220 5141
3 5141 5220 5221
3 5141 5221 5142
3 5142 5221 5222
3 5142 5222 5143
3 5143 5222 5223
3 5143 5223 5144
3 5144 5223 5224
3 5144 5224 5145
3 5145 5224 5225
3 5145 5225 5146
3 5146 5225 5226
3 5146 5226 5147
3 5147 5226 5227
3 5147 5227 5148
3 5148 5227 5228
3 5148 5228 5149
3 5149 5228 5229
3 5149 5229 5150
3 5150 5229 5230
3 5150 5230 5151
3 5151 5230 5231
3 5151 5231 5152
3 5152 5231 5232
3 5152 5232 5153
3 5153 5232 5233
3 5153 5233 5154
3 5154 5233 5234
3 5154 5234 5155
3 5155 5234 5235
3 5155 5235 5156
3 5156 5235 5236
3 5156 5236 5157
3 5157 5236 5237
3 5157 5237 5158
3 5158 5237 5238
3 5158 5238 5159
3 5159 5238 5239
3 5159 5239 5160
3 5160 5239 5240
3 5160 5240 5161
3 5161 5240 5241
3 5161 5241 5162
3 5162 5241 5242
3 5162 5242 5163
3 5163 5242 5243
3 5163 5243 5164
3 5164 5243 5244
3 5164 5244 5165
3 5165 5244 5245
3 5165 5245 5166
3 5166 5245 5246
3 5166 5246 5167
3 5167 5246 5247
3 5167 5247 5168
3 5168 5247 5248
3 5168 5248 5169
3 5169 5248 5249
3 5169 5249 5170
3 5170 5249 5250
3 5170 5250 5171
3 5171 5250 5251
3 5171 5251 5172
3 5172 5251 5252
3 5172 5252 5173
3 5173 5252 5253
3 5173 5253 5174
3 5174 5253 5254
3 5174 5254 5175
3 5175 5254 5255
3 5175 5255 5176
3 5176 5255 5256
3 5176 5256 5177
3 5177 5256 5257
3 5177 5257 5178
3 5178 5257 5258
3 5178 5258 5179
3 5179 5258 5259
3 5179 5259 5180
3 5180 5259 5260
3 5180 5260 5181
3 5181 5260 5261
3 5181 5261 5182
3 5182 5261 5262
3 5182 5262 5183
3 5183 5262 5263
3 5183 5263 5184
3 5184 5263 5264
3 5184 5264 5185
3 5185 5264 5265
3 5185 5265 5186
3 5186 5265 5266
3 5186 5266 5187
3 5187 5266 5267
3 5187 5267 5188
3 5188 5267 5268
3 5188 5268 5189
3 5189 5268 5269
3 5189 5269 5190
3 5190 5269 5270
3 5190 5270 5191
3 5191 5270 5271
3 5191 5271 5192
3 5192 5271 5272
3 5192 5272 5193
3 5193 5272 5273
3 5193 5273 5194
3 5194 5273 5274
3 5194 5274 5195
3 5195 5274 5275
3 5195 5275 5196
3 5196 5275 5276
3 5196 5276 5197
3 5197 5276 5277
3 5197 5277 5198
3 5198 5277 5278
3 5198 5278 5199
3 5199 5278 5279
3 5199 5279 5200
3 5200 5279 5280
3 5200 5280 5201
3 5201 5280 5281
3 5201 5281 5202
3 5202 5281 5282
3 5202 5282 5203
3 5203 5282 5283
3 5203 5283 183
3 183 5283 182
3 65 66 5204
3 5204 66 5284
3 5204 5284 5205
3 5205 5284 5285
3 5205 5285 5206
3 5206 5285 5286
3 5206 5286 5207
3 5207 5286 5287
3 5207 5287 5208
3 5208 5287 5288
3 5208 5288 5209
3 5209 5288 5289
3 5209 5289 5210
3 5210 5289 5290
3 5210 5290 5211
3 5211 5290 5291
3 5211 5291 5212
3 5212 5291 5292
3 5212 5292 5213
3 5213 5292 5293
3 5213 5293 5214
3 5214 5293 5294
3 5214 5294 5215
3 5215 5294 5295
3 5215 5295 5216
3 5216 5295 5296
3 5216 5296 5217
3 5217 5296 5297
3 5217 5297 5218
3 5218 5297 5298
3 5218 5298 5219
3 5219 5298 5299
3 5219 5299 5220
3 5220 5299 5300
3 5220 5300 5221
3 5221 5300 5301
3 5221 5301 5222
3 5222 5301 5302
3 5222 5302 5223
3 5223 5302 5303
3 5223 5303 5224
3 5224 5303 5304
3 5224 5304 5225
3 5225 5304 5305
3 5225 5305 5226
3 5226 5305 5306
3 5226 5306 5227
3 5227 5306 5307
3 5227 5307 5228
3 5228 5307 5308
3 5228 5308 5229
3 5229 5308 5309
3 5229 5309 5230
3 5230 5309 5310
3 5230 5310 5231
3 5231 5310 5311
3 5231 5311 5232
3 5232 5311 5312
3 5232 5312 5233
3 5233 5312 5313
3 5233 5313 5234
3 5234 5313 5314
3 5234 5314 5235
3 5235 5314 5315
3 5235 5315 5236
3 5236 5315 5316
3 5236 5316 5237
3 5237 5316 5317
3 5237 5317 5238
3 5238 5317 5318
3 5238 5318 5239
3 5239 5318 5319
3 5239 5319 5240
3 5240 5319 5320
3 5240 5320 5241
3 5241 5320 5321
3 5241 5321 5242
3 5242 5321 5322
3 5242 5322 5243
3 5243 5322 5323
3 5243 5323 5244
3 5244 5323 5324
3 5244 5324 5245
3 5245 5324 5325
3 5245 5325 5246
3 5246 5325 5326
3 5246 5326 5247
3 5247 5326 5327
3 5247 5327 5248
3 5248 5327 5328
3 5248 5328 5249
3 5249 5328 5329
3 5249 5329 5250
3 5250 5329 5330
3 5250 5330 5251
3 5251 5330 5331
3 5251 5331 5252
3 5252 5331 5332
3 5252 5332 5253
3 5253 5332 5333
3 5253 5333 5254
3 5254 5333 5334
3 5254 5334 5255
3 5255 5334 5335
3 5255 5335 5256
3 5256 5335 5336
3 5256 5336 5257
3 5257 5336 5337
3 5257 5337 5258
3 5258 5337 5338
3 5258 5338 5259
3 5259 5338 5339
3 5259 5339 5260
3 5260 5339 5340
3 5260 5340 5261
3 5261 5340 5341
3 5261 5341 5262
3 5262 5341 5342
3 5262 5342 5263
3 5263 5342 5343
3 5263 5343 5264
3 5264 5343 5344
3 5264 5344 5265
3 5265 5344 5345
3 5265 5345 5266
3 5266 5345 5346
3 5266 5346 5267
3 5267 5346 5347
3 5267 5347 5268
3 5268 5347 5348
3 5268 5348 5269
3 5269 5348 5349
3 5269 5349 5270
3 5270 5349 5350
3 5270 5350 5271
3 5271 5350 5351
3 5271 5351 5272
3 5272 5351 5352
3 5272 5352 5273
3 5273 5352 5353
3 5273 5353 5274
3 5274 5353 5354
3 5274 5354 5275
3 5275 5354 5355
3 5275 5355 5276
3 5276 5355 5356
3 5276 5356 5277
3 5277 5356 5357
3 5277 5357 5278
3 5278 5357 5358
3 5278 5358 5279
3 5279 5358 5359
3 5279 5359 5280
3 5280 5359 5360
3 5280 5360 5281
3 5281 5360 5361
3 5281 5361 5282
3 5282 5361 5362
3 5282 5362 5283
3 5283 5362 5363
3 5283 5363 182
3 182 5363 181
3 66 67 5284
3 5284 67 5364
3 5284 5364 5285
3 5285 5364 5365
3 5285 5365 5286
3 5286 5365 5366
3 5286 5366 5287
3 5287 5366 5367
3 5287 5367 5288
3 5288 5367 5368
3 5288 5368 5289
3 5289 5368 5369
3 5289 5369 5290
3 5290 5369 5370
3 5290 5370 5291
3 5291 5370 5371
3 5291 5371 5292
3 5292 5371 5372
3 5292 5372 5293
3 5293 5372 5373
3 5293 5373 5294
3 5294 5373 5374
3 5294 5374 5295
3 5295 5374 5375
3 5295 5375 5296
3 5296 5375 5376
3 5296 5376 5297
3 5297 5376 5377
3 5297 5377 5298
3 5298 5377 5378
3 5298 5378 5299
3 5299 5378 5379
3 5299 5379 5300
3 5300 5379 5380
3 5300 5380 5301
3 5301 5380 5381
3 5301 5381 5302
3 5302 5381 5382
3 5302 5382 5303
3 5303 5382 5383
3 5303 5383 5304
3 5304 5383 5384
3 5304 5384 5305
3 5305 5384 5385
3 5305 5385 5306
3 5306 5385 5386
3 5306 5386 5307
3 5307 5386 5387
3 5307 5387 5308
3 5308 5387 5388
3 5308 5388 5309
3 5309 5388 5389
3 5309 5389 5310
3 5310 5389 5390
3 5310 5390 5311
3 5311 5390 5391
3 5311 5391 5312
3 5312 5391 5392
3 5312 5392 5313
3 5313 5392 5393
3 5313 5393 5314
3 5314 5393 5394
3 5314 5394 5315
3 5315 5394 5395
3 5315 5395 5316
3 5316 5395 5396
3 5316 5396 5317
3 5317 5396 5397
3 5317 5397 5318
3 5318 5397 5398
3 5318 5398 5319
3 5319 5398 5399
3 5319 5399 5320
3 5320 5399 5400
3 5320 5400 5321
3 5321 5400 5401
3 5321 5401 5322
3 5322 5401 5402
3 5322 5402 5323
3 5323 5402 5403
3 5323 5403 5324
3 5324 5403 5404
3 5324 5404 5325
3 5325 5404 5405
3 5325 5405 5326
3 5326 5405 5406
3 5326 5406 5327
3 5327 5406 5407
3 5327 5407 5328
3 5328 5407 5408
3 5328 5408 5329
3 5329 5408 5409
3 5329 5409 5330
3 5330 5409 5410
3 5330 5410 5331
3 5331 5410 5411
3 5331 5411 5332
3 5332 5411 5412
3 5332 5412 5333
3 5333 5412 5413
3 5333 5413 5334
3 5334 5413 5414
3 5334 5414 5335
3 5335 5414 5415
3 5335 5415 5336
3 5336 5415 5416
3 5336 5416 5337
3 5337 5416 5417
3 5337 5417 5338
3 5338 5417 5418
3 5338 5418 5339
3 5339 5418 5419
3 5339 5419 5340
3 5340 5419 5420
3 5340 5420 5341
3 5341 5420 5421
3 5341 5421 5342
3 5342 5421 5422
3 5342 5422 5343
3 5343 5422 5423
3 5343 5423 5344
3 5344 5423 5424
3 5344 5424 5345
3 5345 5424 5425
3 5345 5425 5346
3 5346 5425 5426
3 5346 5426 5347
3 5347 5426 5427
3 5347 5427 5348
3 5348 5427 5428
3 5348 5428 5349
3 5349 5428 5429
3 5349 5429 5350
3 5350 5429 5430
3 5350 5430 5351
3 5351 5430 5431
3 5351 5431 5352
3 5352 5431 5432
3 5352 5432 5353
3 5353 5432 5433
3 5353 5433 5354
3 5354 5433 5434
3 5354 5434 5355
3 5355 5434 5435
3 5355 5435 5356
3 5356 5435 5436
3 5356 5436 5357
3 5357 5436 5437
3 5357 5437 5358
3 5358 5437 5438
3 5358 5438 5359
3 5359 5438 5439
3 5359 5439 5360
3 5360 5439 5440
3 5360 5440 5361
3 5361 5440 5441
3 5361 5441 5362
3 5362 5441 5442
3 5362 5442 5363
3 5363 5442 5443
3 5363 5443 181
3 181 5443 180
3 67 68 5364
3 5364 68 5444
3 5364 5444 5365
3 5365 5444 5445
3 5365 5445 5366
3 5366 5445 5446
3 5366 5446 5367
3 5367 5446 5447
3 5367 5447 5368
3 5368 5447 5448
3 5368 5448 5369
3 5369 5448 5449
3 5369 5449 5370
3 5370 5449 5450
3 5370 5450 5371
3 5371 5450 5451
3 5371 5451 5372
3 5372 5451 5452
3 5372 5452 5373
3 5373 5452 5453
3 5373 5453 5374
3 5374 5453 5454
3 5374 5454 5375
3 5375 5454 5455
3 5375 5455 5376
3 5376 5455 5456
3 5376 5456 5377
3 5377 5456 5457
3 5377 5457 5378
3 5378 5457 5458
3 5378 5458 5379
3 5379 5458 5459
3 5379 5459 5380
3 5380 5459 5460
3 5380 5460 5381
3 5381 5460 5461
3 5381 5461 5382
3 5382 5461 5462
3 5382 5462 5383
3 5383 5462 5463
3 5383 5463 5384
3 5384 5463 5464
3 5384 5464 5385
3 5385 5464 5465
3 5385 5465 5386
3 5386 5465 5466
3 5386 5466 5387
3 5387 5466 5467
3 5387 5467 5388
3 5388 5467 5468
3 5388 5468 5389
3 5389 5468 5469
3 5389 5469 5390
3 5390 5469 5470
3 5390 5470 5391
3 5391 5470 5471
3 5391 5471 5392
3 5392 5471 5472
3 5392 5472 5393
3 5393 5472 5473
3 5393 5473 5394
3 5394 5473 5474
3 5394 5474 5395
3 5395 5474 5475
3 5395 5475 5396
3 5396 5475 5476
3 5396 5476 5397
3 5397 5476 5477
3 5397 5477 5398
3 5398 5477 5478
3 5398 5478 5399
3 5399 5478 5479
3 5399 5479 5400
3 5400 5479 5480
3 5400 5480 5401
3 5401 5480 5481
3 5401 5481 5402
3 5402 5481 5482
3 5402 5482 5403
3 5403 5482 5483
3 5403 5483 5404
3 5404 5483 5484
3 5404 5484 5405
3 5405 5484 5485
3 5405 5485 5406
3 5406 5485 5486
3 5406 5486 5407
3 5407 5486 5487
3 5407 5487 5408
3 5408 5487 5488
3 5408 5488 5409
3 5409 5488 5489
3 5409 5489 5410
3 5410 5489 5490
3 5410 5490 5411
3 5411 5490 5491
3 5411 5491 5412
3 5412 5491 5492
3 5412 5492 5413
3 5413 5492 5493
3 5413 5493 5414
3 5414 5493 5494
3 5414 5494 5415
3 5415 5494 5495
3 5415 5495 5416
3 5416 5495 5496
3 5416 5496 5417
3 5417 5496 5497
3 5417 5497 5418
3 5418 5497 5498
3 5418 5498 5419
3 5419 5498 5499
3 5419 5499 5420
3 5420 5499 5500
3 5420 5500 5421
3 5421 5500 5501
3 5421 5501 5422
3 5422 5501 5502
3 5422 5502 5423
3 5423 5502 5503
3 5423 5503 5424
3 5424 5503 5504
3 5424 5504 5425
3 5425 5504 5505
3 5425 5505 5426
3 5426 5505 5506
3 5426 5506 5427
3 5427 5506 5507
3 5427 5507 5428
3 5428 5507 5508
3 5428 5508 5429
3 5429 5508 5509
3 5429 5509 5430
3 5430 5509 5510
3 5430 5510 5431
3 5431 5510 5511
3 5431 5511 5432
3 5432 5511 5512
3 5432 5512 5433
3 5433 5512 5513
3 5433 5513 5434
3 5434 5513 5514
3 5434 5514 5435
3 5435 5514 5515
3 5435 5515 5436
3 5436 5515 5516
3 5436 5516 5437
3 5437 5516 5517
3 5437 5517 5438
3 5438 5517 5518
3 5438 5518 5439
3 5439 5518 5519
3 5439 5519 5440
3 5440 5519 5520
3 5440 5520 5441
3 5441 5520 5521
3 5441 5521 5442
3 5442 5521 5522
3 5442 5522 5443
3 5443 5522 5523
3 5443 5523 180
3 180 5523 179
3 68 69 5444
3 5444 69 5524
3 5444 5524 5445
3 5445 5524 5525
3 5445 5525 5446
3 5446 5525 5526
3 5446 5526 5447
3 5447 5526 5527
3 5447 5527 5448
3 5448 5527 5528
3 5448 5528 5449
3 5449 5528 5529
3 5449 5529 5450
3 5450 5529 5530
3 5450 5530 5451
3 5451 5530 5531
3 5451 5531 5452
3 5452 5531 5532
3 5452 5532 5453
3 5453 5532 5533
3 5453 5533 5454
3 5454 5533 5534
3 5454 5534 5455
3 5455 5534 5535
3 5455 5535 5456
3 5456 5535 5536
3 5456 5536 5457
3 5457 5536 5537
3 5457 5537 5458
3 5458 5537 5538
3 5458 5538 5459
3 5459 5538 5539
3 5459 5539 5460
3 5460 5539 5540
3 5460 5540 5461
3 5461 5540 5541
3 5461 5541 5462
3 5462 5541 5542
3 5462 5542 5463
3 5463 5542 5543
3 5463 5543 5464
3 5464 5543 5544
3 5464 5544 5465
3 5465 5544 5545
3 5465 5545 5466
3 5466 5545 5546
3 5466 5546 5467
3 5467 5546 5547
3 5467 5547 5468
3 5468 5547 5548
3 5468 5548 5469
3 5469 5548 5549
3 5469 5549 5470
3 5470 5549 5550
3 5470 5550 5471
3 5471 5550 5551
3 5471 5551 5472
3 5472 5551 5552
3 5472 5552 5473
3 5473 5552 5553
3 5473 5553 5474
3 5474 5553 5554
3 5474 5554 5475
3 5475 5554 5555
3 5475 5555 5476
3 5476 5555 5556
3 5476 5556 5477
3 5477 5556 5557
3 5477 5557 5478
3 5478 5557 5558
3 5478 5558 5479
3 5479 5558 5559
3 5479 5559 5480
3 5480 5559 5560
3 5480 5560 5481
3 5481 5560 5561
3 5481 5561 5482
3 5482 5561 5562
3 5482 5562 5483
3 5483 5562 5563
3 5483 5563 5484
3 5484 5563 5564
3 5484 5564 5485
3 5485 5564 5565
3 5485 5565 5486
3 5486 5565 5566
3 5486 5566 5487
3 5487 5566 5567
3 5487 5567 5488
3 5488 5567 5568
3 5488 5568 5489
3 5489 5568 5569
3 5489 5569 5490
3 5490 5569 5570
3 5490 5570 5491
3 5491 5570 5571
3 5491 5571 5492
3 5492 5571 5572
3 5492 5572 5493
3 5493 5572 5573
3 5493 5573 5494
3 5494 5573 5574
3 5494 5574 5495
3 5495 5574 5575
3 5495 5575 5496
3 5496 5575 5576
3 5496 5576 5497
3 5497 5576 5577
3 5497 5577 5498
3 5498 5577 5578
3 5498 5578 5499
3 5499 5578 5579
3 5499 5579 5500
3 5500 5579 5580
3 5500 5580 5501
3 5501 5580 5581
3 5501 5581 5502
3 5502 5581 5582
3 5502 5582 5503
3 5503 5582 5583
3 5503 5583 5504
3 5504 5583 5584
3 5504 5584 5505
3 5505 5584 5585
3 5505 5585 5506
3 5506 5585 5586
3 5506 5586 5507
3 5507 5586 5587
3 5507 5587 5508
3 5508 5587 5588
3 5508 5588 5509
3 5509 5588 5589
3 5509 5589 5510
3 5510 5589 5590
3 5510 5590 5511
3 5511 5590 5591
3 5511 5591 5512
3 5512 5591 5592
3 5512 5592 5513
3 5513 5592 5593
3 5513 5593 5514
3 5514 5593 5594
3 5514 5594 5515
3 5515 5594 5595
3 5515 5595 5516
3 5516 5595 5596
3 5516 5596 5517
3 5517 5596 5597
3 5517 5597 5518
3 5518 5597 5598
3 5518 5598 5519
3 5519 5598 5599
3 5519 5599 5520
3 5520 5599 5600
3 5520 5600 5521
3 5521 5600 5601
3 5521 5601 5522
3 5522 5601 5602
3 5522 5602 5523
3 5523 5602 5603
3 5523 5603 179
3 179 5603 178
3 69 70 5524
3 5524 70 5604
3 5524 5604 5525
3 5525 5604 5605
3 5525 5605 5526
3 5526 5605 5606
3 5526 5606 5527
3 5527 5606 5607
3 5527 5607 5528
3 5528 5607 5608
3 5528 5608 5529
3 5529 5608 5609
3 5529 5609 5530
3 5530 5609 5610
3 5530 5610 5531
3 5531 5610 5611
3 5531 5611 5532
3 5532 5611 5612
3 5532 5612 5533
3 5533 5612 5613
3 5533 5613 5534
3 5534 5613 5614
3 5534 5614 5535
3 5535 5614 5615
3 5535 5615 5536
3 5536 5615 5616
3 5536 5616 5537
3 5537 5616 5617
3 5537 5617 5538
3 5538 5617 5618
3 5538 5618 5539
3 5539 5618 5619
3 5539 5619 5540
3 5540 5619 5620
3 5540 5620 5541
3 5541 5620 5621
3 5541 5621 5542
3 5542 5621 5622
3 5542 5622 5543
3 5543 5622 5623
3 5543 5623 5544
3 5544 5623 5624
3 5544 5624 5545
3 5545 5624 5625
3 5545 5625 5546
3 5546 5625 5626
3 5546 5626 5547
3 5547 5626 5627
3 5547 5627 5548
3 5548 5627 5628
3 5548 5628 5549
3 5549 5628 5629
3 5549 5629 5550
3 5550 5629 5630
3 5550 5630 5551
3 5551 5630 5631
3 5551 5631 5552
3 5552 5631 5632
3 5552 5632 5553
3 5553 5632 5633
3 5553 5633 5554
3 5554 5633 5634
3 5554 5634 5555
3 5555 5634 5635
3 5555 5635 5556
3 5556 5635 5636
3 5556 5636 5557
3 5557 5636 5637
3 5557 5637 5558
3 5558 5637 5638
3 5558 5638 5559
3 5559 5638 5639
3 5559 5639 5560
3 5560 5639 5640
3 5560 5640 5561
3 5561 5640 5641
3 5561 5641 5562
3 5562 5641 5642
3 5562 5642 5563
3 5563 5642 5643
3 5563 5643 5564
3 5564 5643 5644
3 5564 5644 5565
3 5565 5644 5645
3 5565 5645 5566
3 5566 5645 5646
3 5566 5646 5567
3 5567 5646 5647
3 5567 5647 5568
3 5568 5647 5648
3 5568 5648 5569
3 5569 5648 5649
3 5569 5649 5570
3 5570 5649 5650
3 5570 5650 5571
3 5571 5650 5651
3 5571 5651 5572
3 5572 5651 5652
3 5572 5652 5573
3 5573 5652 5653
3 5573 5653 5574
3 5574 5653 5654
3 5574 5654 5575
3 5575 5654 5655
3 5575 5655 5576
3 5576 5655 5656
3 5576 5656 5577
3 5577 5656 5657
3 5577 5657 5578
3 5578 5657 5658
3 5578 5658 5579
3 5579 5658 5659
3 5579 5659 5580
3 5580 5659 5660
3 5580 5660 5581
3 5581 5660 5661
3 5581 5661 5582
3 5582 5661 5662
3 5582 5662 5583
3 5583 5662 5663
3 5583 5663 5584
3 5584 5663 5664
3 5584 5664 5585
3 5585 5664 5665
3 5585 5665 5586
3 5586 5665 5666
3 5586 5666 5587
3 5587 5666 5667
3 5587 5667 5588
3 5588 5667 5668
3 5588 5668 5589
3 5589 5668 5669
3 5589 5669 5590
3 5590 5669 5670
3 5590 5670 5591
3 5591 5670 5671
3 5591 5671 5592
3 5592 5671 5672
3 5592 5672 5593
3 5593 5672 5673
3 5593 5673 5594
3 5594 5673 5674
3 5594 5674 5595
3 5595 5674 5675
3 5595 5675 5596
3 5596 5675 5676
3 5596 5676 5597
3 5597 5676 5677
3 5597 5677 5598
3 5598 5677 5678
3 5598 5678 5599
3 5599 5678 5679
3 5599 5679 5600
3 5600 5679 5680
3 5600 5680 5601
3 5601 5680 5681
3 5601 5681 5602
3 5602 5681 5682
3 5602 5682 5603
3 5603 5682 5683
3 5603 5683 178
3 178 5683 177
3 70 71 5604
3 5604 71 5684
3 5604 5684 5605
3 5605 5684 5685
3 5605 5685 5606
3 5606 5685 5686
3 5606 5686 5607
3 5607 5686 5687
3 5607 5687 5608
3 5608 5687 5688
3 5608 5688 5609
3 5609 5688 5689
3 5609 5689 5610
3 5610 5689 5690
3 5610 5690 5611
3 5611 5690 5691
3 5611 5691 5612
3 5612 5691 5692
3 5612 5692 5613
3 5613 5692 5693
3 5613 5693 5614
3 5614 5693 5694
3 5614 5694 5615
3 5615 5694 5695
3 5615 5695 5616
3 5616 5695 5696
3 5616 5696 5617
3 5617 5696 5697
3 5617 5697 5618
3 5618 5697 5698
3 5618 5698 5619
3 5619 5698 5699
3 5619 5699 5620
3 5620 5699 5700
3 5620 5700 5621
3 5621 5700 5701
3 5621 5701 5622
3 5622 5701 5702
3 5622 5702 5623
3 5623 5702 5703
3 5623 5703 5624
3 5624 5703 5704
3 5624 5704 5625
3 5625 5704 5705
3 5625 5705 5626
3 5626 5705 5706
3 5626 5706 5627
3 5627 5706 5707
3 5627 5707 5628
3 5628 5707 5708
3 5628 5708 5629
3 5629 5708 5709
3 5629 5709 5630
3 5630 5709 5710
3 5630 5710 5631
3 5631 5710 5711
3 5631 5711 5632
3 5632 5711 5712
3 5632 5712 5633
3 5633 5712 5713
3 5633 5713 5634
3 5634 5713 5714
3 5634 5714 5635
3 5635 5714 5715
3 5635 5715 5636
3 5636 5715 5716
3 5636 5716 5637
3 5637 5716 5717
3 5637 5717 5638
3 5638 5717 5718
3 5638 5718 5639
3 5639 5718 5719
3 5639 5719 5640
3 5640 5719 5720
3 5640 5720 5641
3 5641 5720 5721
3 5641 5721 5642
3 5642 5721 5722
3 5642 5722 5643
3 5643 5722 5723
3 5643 5723 5644
3 5644 5723 5724
3 5644 5724 5645
3 5645 5724 5725
3 5645 5725 5646
3 5646 5725 5726
3 5646 5726 5647
3 5647 5726 5727
3 5647 5727 5648
3 5648 5727 5728
3 5648 5728 5649
3 5649 5728 5729
3 5649 5729 5650
3 5650 5729 5730
3 5650 5730 5651
3 5651 5730 5731
3 5651 5731 5652
3 5652 5731 5732
3 5652 5732 5653
3 5653 5732 5733
3 5653 5733 5654
3 5654 5733 5734
3 5654 5734 5655
3 5655 5734 5735
3 5655 5735 5656
3 5656 5735 5736
3 5656 5736 5657
3 5657 5736 5737
3 5657 5737 5658
3 5658 5737 5738
3 5658 5738 5659
3 5659 5738 5739
3 5659 5739 5660
3 5660 5739 5740
3 5660 5740 5661
3 5661 5740 5741
3 5661 5741 5662
3 5662 5741 5742
3 5662 5742 5663
3 5663 5742 5743
3 5663 5743 5664
3 5664 5743 5744
3 5664 5744 5665
3 5665 5744 5745
3 5665 5745 5666
3 5666 5745 5746
3 5666 5746 5667
3 5667 5746 5747
3 5667 5747 5668
3 5668 5747 5748
3 5668 5748 5669
3 5669 5748 5749
3 5669 5749 5670
3 5670 5749 5750
3 5670 5750 5671
3 5671 5750 5751
3 5671 5751 5672
3 5672 5751 5752
3 5672 5752 5673
3 5673 5752 5753
3 5673 5753 5674
3 5674 5753 5754
3 5674 5754 5675
3 5675 5754 5755
3 5675 5755 5676
3 5676 5755 5756
3 5676 5756 5677
3 5677 5756 5757
3 5677 5757 5678
3 5678 5757 5758
3 5678 5758 5679
3 5679 5758 5759
3 5679 5759 5680
3 5680 5759 5760
3 5680 5760 5681
3 5681 5760 5761
3 5681 5761 5682
3 5682 5761 5762
3 5682 5762 5683
3 5683 5762 5763
3 5683 5763 177
3 177 5763 176
3 71 72 5684
3 5684 72 5764
3 5684 5764 5685
3 5685 5764 5765
3 5685 5765 5686
3 5686 5765 5766
3 5686 5766 5687
3 5687 5766 5767
3 5687 5767 5688
3 5688 5767 5768
3 5688 5768 5689
3 5689 5768 5769
3 5689 5769 5690
3 5690 5769 5770
3 5690 5770 5691
3 5691 5770 5771
3 5691 5771 5692
3 5692 5771 5772
3 5692 5772 5693
3 5693 5772 5773
3 5693 5773 5694
3 5694 5773 5774
3 5694 5774 5695
3 5695 5774 5775
3 5695 5775 5696
3 5696 5775 5776
3 5696 5776 5697
3 5697 5776 5777
3 5697 5777 5698
3 5698 5777 5778
3 5698 5778 5699
3 5699 5778 5779
3 5699 5779 5700
3 5700 5779 5780
3 5700 5780 5701
3 5701 5780 5781
3 5701 5781 5702
3 5702 5781 5782
3 5702 5782 5703
3 5703 5782 5783
3 5703 5783 5704
3 5704 5783 5784
3 5704 5784 5705
3 5705 5784 5785
3 5705 5785 5706
3 5706 5785 5786
3 5706 5786 5707
3 5707 5786 5787
3 5707 5787 5708
3 5708 5787 5788
3 5708 5788 5709
3 5709 5788 5789
3 5709 5789 5710
3 5710 5789 5790
3 5710 5790 5711
3 5711 5790 5791
3 5711 5791 5712
3 5712 5791 5792
3 5712 5792 5713
3 5713 5792 5793
3 5713 5793 5714
3 5714 5793 5794
3 5714 5794 5715
3 5715 5794 5795
3 5715 5795 5716
3 5716 5795 5796
3 5716 5796 5717
3 5717 5796 5797
3 5717 5797 5718
3 5718 5797 5798
3 5718 5798 5719
3 5719 5798 5799
3 5719 5799 5720
3 5720 5799 5800
3 5720 5800 5721
3 5721 5800 5801
3 5721 5801 5722
3 5722 5801 5802
3 5722 5802 5723
3 5723 5802 5803
3 5723 5803 5724
3 5724 5803 5804
3 5724 5804 5725
3 5725 5804 5805
3 5725 5805 5726
3 5726 5805 5806
3 5726 5806 5727
3 5727 5806 5807
3 5727 5807 5728
3 5728 5807 5808
3 5728 5808 5729
3 5729 5808 5809
3 5729 5809 5730
3 5730 5809 5810
3 5730 5810 5731
3 5731 5810 5811
3 5731 5811 5732
3 5732 5811 5812
3 5732 5812 5733
3 5733 5812 5813
3 5733 5813 5734
3 5734 5813 5814
3 5734 5814 5735
3 5735 5814 5815
3 5735 5815 5736
3 5736 5815 5816
3 5736 5816 5737
3 5737 5816 5817
3 5737 5817 5738
3 5738 5817 5818
3 5738 5818 5739
3 5739 5818 5819
3 5739 5819 5740
3 5740 5819 5820
3 5740 5820 5741
3 5741 5820 5821
3 5741 5821 5742
3 5742 5821 5822
3 5742 5822 5743
3 5743 5822 5823
3 5743 5823 5744
3 5744 5823 5824
3 5744 5824 5745
3 5745 5824 5825
3 5745 5825 5746
3 5746 5825 5826
3 5746 5826 5747
3 5747 5826 5827
3 5747 5827 5748
3 5748 5827 5828
3 5748 5828 5749
3 5749 5828 5829
3 5749 5829 5750
3 5750 5829 5830
3 5750 5830 5751
3 5751 5830 5831
3 5751 5831 5752
3 5752 5831 5832
3 5752 5832 5753
3 5753 5832 5833
3 5753 5833 5754
3 5754 5833 5834
3 5754 5834 5755
3 5755 5834 5835
3 5755 5835 5756
3 5756 5835 5836
3 5756 5836 5757
3 5757 5836 5837
3 5757 5837 5758
3 5758 5837 5838
3 5758 5838 5759
3 5759 5838 5839
3 5759 5839 5760
3 5760 5839 5840
3 5760 5840 5761
3 5761 5840 5841
3 5761 5841 5762
3 5762 5841 5842
3 5762 5842 5763
3 5763 5842 5843
3 5763 5843 176
3 176 5843 175
3 72 73 5764
3 5764 73 5844
3 5764 5844 5765
3 5765 5844 5845
3 5765 5845 5766
3 5766 5845 5846
3 5766 5846 5767
3 5767 5846 5847
3 5767 5847 5768
3 5768 5847 5848
3 5768 5848 5769
3 5769 5848 5849
3 5769 5849 5770
3 5770 5849 5850
3 5770 5850 5771
3 5771 5850 5851
3 5771 5851 5772
3 5772 5851 5852
3 5772 5852 5773
3 5773 5852 5853
3 5773 5853 5774
3 5774 5853 5854
3 5774 5854 5775
3 5775 5854 5855
3 5775 5855 5776
3 5776 5855 5856
3 5776 5856 5777
3 5777 5856 5857
3 5777 5857 5778
3 5778 5857 5858
3 5778 5858 5779
3 5779 5858 5859
3 5779 5859 5780
3 5780 5859 5860
3 5780 5860 5781
3 5781 5860 5861
3 5781 5861 5782
3 5782 5861 5862
3 5782 5862 5783
3 5783 5862 5863
3 5783 5863 5784
3 5784 5863 5864
3 5784 5864 5785
3 5785 5864 5865
3 5785 5865 5786
3 5786 5865 5866
3 5786 5866 5787
3 5787 5866 5867
3 5787 5867 5788
3 5788 5867 5868
3 5788 5868 5789
3 5789 5868 5869
3 5789 5869 5790
3 5790 5869 5870
3 5790 5870 5791
3 5791 5870 5871
3 5791 5871 5792
3 5792 5871 5872
3 5792 5872 5793
3 5793 5872 5873
3 5793 5873 5794
3 5794 5873 5874
3 5794 5874 5795
3 5795 5874 5875
3 5795 5875 5796
3 5796 5875 5876
3 5796 5876 5797
3 5797 5876 5877
3 5797 5877 5798
3 5798 5877 5878
3 5798 5878 5799
3 5799 5878 5879
3 5799 5879 5800
3 5800 5879 5880
3 5800 5880 5801
3 5801 5880 5881
3 5801 5881 5802
3 5802 5881 5882
3 5802 5882 5803
3 5803 5882 5883
3 5803 5883 5804
3 5804 5883 5884
3 5804 5884 5805
3 5805 5884 5885
3 5805 5885 5806
3 5806 5885 5886
3 5806 5886 5807
3 5807 5886 5887
3 5807 5887 5808
3 5808 5887 5888
3 5808 5888 5809
3 5809 5888 5889
3 5809 5889 5810
3 5810 5889 5890
3 5810 5890 5811
3 5811 5890 5891
3 5811 5891 5812
3 5812 5891 5892
3 5812 5892 5813
3 5813 5892 5893
3 5813 5893 5814
3 5814 5893 5894
3 5814 5894 5815
3 5815 5894 5895
3 5815 5895 5816
3 5816 5895 5896
3 5816 5896 5817
3 5817 5896 5897
3 5817 5897 5818
3 5818 5897 5898
3 5818 5898 5819
3 5819 5898 5899
3 5819 5899 5820
3 5820 5899 5900
3 5820 5900 5821
3 5821 5900 5901
3 5821 5901 5822
3 5822 5901 5902
3 5822 5902 5823
3 5823 5902 5903
3 5823 5903 5824
3 5824 5903 5904
3 5824 5904 5825
3 5825 5904 5905
3 5825 5905 5826
3 5826 5905 5906
3 5826 5906 5827
3 5827 5906 5907
3 5827 5907 5828
3 5828 5907 5908
3 5828 5908 5829
3 5829 5908 5909
3 5829 5909 5830
3 5830 5909 5910
3 5830 5910 5831
3 5831 5910 5911
3 5831 5911 5832
3 5832 5911 5912
3 5832 5912 5833
3 5833 5912 5913
3 5833 5913 5834
3 5834 5913 5914
3 5834 5914 5835
3 5835 5914 5915
3 5835 5915 5836
3 5836 5915 5916
3 5836 5916 5837
3 5837 5916 5917
3 5837 5917 5838
3 5838 5917 5918
3 5838 5918 5839
3 5839 5918 5919
3 5839 5919 5840
3 5840 5919 5920
3 5840 5920 5841
3 5841 5920 5921
3 5841 5921 5842
3 5842 5921 5922
3 5842 5922 5843
3 5843 5922 5923
3 5843 5923 175
3 175 5923 174
3 73 74 5844
3 5844 74 5924
3 5844 5924 5845
3 5845 5924 5925
3 5845 5925 5846
3 5846 5925 5926
3 5846 5926 5847
3 5847 5926 5927
3 5847 5927 5848
3 5848 5927 5928
3 5848 5928 5849
3 5849 5928 5929
3 5849 5929 5850
3 5850 5929 5930
3 5850 5930 5851
3 5851 5930 5931
3 5851 5931 5852
3 5852 5931 5932
3 5852 5932 5853
3 5853 5932 5933
3 5853 5933 5854
3 5854 5933 5934
3 5854 5934 5855
3 5855 5934 5935
3 5855 5935 5856
3 5856 5935 5936
3 5856 5936 5857
3 5857 5936 5937
3 5857 5937 5858
3 5858 5937 5938
3 5858 5938 5859
3 5859 5938 5939
3 5859 5939 5860
3 5860 5939 5940
3 5860 5940 5861
3 5861 5940 5941
3 5861 5941 5862
3 5862 5941 5942
3 5862 5942 5863
3 5863 5942 5943
3 5863 5943 5864
3 5864 5943 5944
3 5864 5944 5865
3 5865 5944 5945
3 5865 5945 5866
3 5866 5945 5946
3 5866 5946 5867
3 5867 5946 5947
3 5867 5947 5868
3 5868 5947 5948
3 5868 5948 5869
3 5869 5948 5949
3 5869 5949 5870
3 5870 5949 5950
3 5870 5950 5871
3 5871 5950 5951
3 5871 5951 5872
3 5872 5951 5952
3 5872 5952 5873
3 5873 5952 5953
3 5873 5953 5874
3 5874 5953 5954
3 5874 5954 5875
3 5875 5954 5955
3 5875 5955 5876
3 5876 5955 5956
3 5876 5956 5877
3 5877 5956 5957
3 5877 5957 5878
3 5878 5957 5958
3 5878 5958 5879
3 5879 5958 5959
3 5879 5959 5880
3 5880 5959 5960
3 5880 5960 5881
3 5881 5960 5961
3 5881 5961 5882
3 5882 5961 5962
3 5882 5962 5883
3 5883 5962 5963
3 5883 5963 5884
3 5884 5963 5964
3 5884 5964 5885
3 5885 5964 5965
3 5885 5965 5886
3 5886 5965 5966
3 5886 5966 5887
3 5887 5966 5967
3 5887 5967 5888
3 5888 5967 5968
3 5888 5968 5889
3 5889 5968 5969
3 5889 5969 5890
3 5890 5969 5970
3 5890 5970 5891
3 5891 5970 5971
3 5891 5971 5892
3 5892 5971 5972
3 5892 5972 5893
3 5893 5972 5973
3 5893 5973 5894
3 5894 5973 5974
3 5894 5974 5895
3 5895 5974 5975
3 5895 5975 5896
3 5896 5975 5976
3 5896 5976 5897
3 5897 5976 5977
3 5897 5977 5898
3 5898 5977 5978
3 5898 5978 5899
3 5899 5978 5979
3 5899 5979 5900
3 5900 5979 5980
3 5900 5980 5901
3 5901 5980 5981
3 5901 5981 5902
3 5902 5981 5982
3 5902 5982 5903
3 5903 5982 5983
3 5903 5983 5904
3 5904 5983 5984
3 5904 5984 5905
3 5905 5984 5985
3 5905 5985 5906
3 5906 5985 5986
3 5906 5986 5907
3 5907 5986 5987
3 5907 5987 5908
3 5908 5987 5988
3 5908 5988 5909
3 5909 5988 5989
3 5909 5989 5910
3 5910 5989 5990
3 5910 5990 5911
3 5911 5990 5991
3 5911 5991 5912
3 5912 5991 5992
3 5912 5992 5913
3 5913 5992 5993
3 5913 5993 5914
3 5914 5993 5994
3 5914 5994 5915
3 5915 5994 5995
3 5915 5995 5916
3 5916 5995 5996
3 5916 5996 5917
3 5917 5996 5997
3 5917 5997 5918
3 5918 5997 5998
3 5918 5998 5919
3 5919 5998 5999
3 5919 5999 5920
3 5920 5999 6000
3 5920 6000 5921
3 5921 6000 6001
3 5921 6001 5922
3 5922 6001 6002
3 5922 6002 5923
3 5923 6002 6003
3 5923 6003 174
3 174 6003 173
3 74 75 5924
3 5924 75 6004
3 5924 6004 5925
3 5925 6004 6005
3 5925 6005 5926
3 5926 6005 6006
3 5926 6006 5927
3 5927 6006 6007
3 5927 6007 5928
3 5928 6007 6008
3 5928 6008 5929
3 5929 6008 6009
3 5929 6009 5930
3 5930 6009 6010
3 5930 6010 5931
3 5931 6010 6011
3 5931 6011 5932
3 5932 6011 6012
3 5932 6012 5933
3 5933 6012 6013
3 5933 6013 5934
3 5934 6013 6014
3 5934 6014 5935
3 5935 6014 6015
3 5935 6015 5936
3 5936 6015 6016
3 5936 6016 5937
3 5937 6016 6017
3 5937 6017 5938
3 5938 6017 6018
3 5938 6018 5939
3 5939 6018 6019
3 5939 6019 5940
3 5940 6019 6020
3 5940 6020 5941
3 5941 6020 6021
3 5941 6021 5942
3 5942 6021 6022
3 5942 6022 5943
3 5943 6022 6023
3 5943 6023 5944
3 5944 6023 6024
3 5944 6024 5945
3 5945 6024 6025
3 5945 6025 5946
3 5946 6025 6026
3 5946 6026 5947
3 5947 6026 6027
3 5947 6027 5948
3 5948 6027 6028
3 5948 6028 5949
3 5949 6028 6029
3 5949 6029 5950
3 5950 6029 6030
3 5950 6030 5951
3 5951 6030 6031
3 5951 6031 5952
3 5952 6031 6032
3 5952 6032 5953
3 5953 6032 6033
3 5953 6033 5954
3 5954 6033 6034
3 5954 6034 5955
3 5955 6034 6035
3 5955 6035 5956
3 5956 6035 6036
3 5956 6036 5957
3 5957 6036 6037
3 5957 6037 5958
3 5958 6037 6038
3 5958 6038 5959
3 5959 6038 6039
3 5959 6039 5960
3 5960 6039 6040
3 5960 6040 5961
3 5961 6040 6041
3 5961 6041 5962
3 5962 6041 6042
3 5962 6042 5963
3 5963 6042 6043
3 5963 6043 5964
3 5964 6043 6044
3 5964 6044 5965
3 5965 6044 6045
3 5965 6045 5966
3 5966 6045 6046
3 5966 6046 5967
3 5967 6046 6047
3 5967 6047 5968
3 5968 6047 6048
3 5968 6048 5969
3 5969 6048 6049
3 5969 6049 5970
3 5970 6049 6050
3 5970 6050 5971
3 5971 6050 6051
3 5971 6051 5972
3 5972 6051 6052
3 5972 6052 5973
3 5973 6052 6053
3 5973 6053 5974
3 5974 6053 6054
3 5974 6054 5975
3 5975 6054 6055
3 5975 6055 5976
3 5976 6055 6056
3 5976 6056 5977
3 5977 6056 6057
3 5977 6057 5978
3 5978 6057 6058
3 5978 6058 5979
3 5979 6058 6059
3 5979 6059 5980
3 5980 6059 6060
3 5980 6060 5981
3 5981 6060 6061
3 5981 6061 5982
3 5982 6061 6062
3 5982 6062 5983
3 5983 6062 6063
3 5983 6063 5984
3 5984 6063 6064
3 5984 6064 5985
3 5985 6064 6065
3 5985 6065 5986
3 5986 6065 6066
3 5986 6066 5987
3 5987 6066 6067
3 5987 6067 5988
3 5988 6067 6068
3 5988 6068 5989
3 5989 6068 6069
3 5989 6069 5990
3 5990 6069 6070
3 5990 6070 5991
3 5991 6070 6071
3 5991 6071 5992
3 5992 6071 6072
3 5992 6072 5993
3 5993 6072 6073
3 5993 6073 5994
3 5994 6073 6074
3 5994 6074 5995
3 5995 6074 6075
3 5995 6075 5996
3 5996 6075 6076
3 5996 6076 5997
3 5997 6076 6077
3 5997 6077 5998
3 5998 6077 6078
3 5998 6078 5999
3 5999 6078 6079
3 5999 6079 6000
3 6000 6079 6080
3 6000 6080 6001
3 6001 6080 6081
3 6001 6081 6002
3 6002 6081 6082
3 6002 6082 6003
3 6003 6082 6083
3 6003 6083 173
3 173 6083 172
3 75 76 6004
3 6004 76 6084
3 6004 6084 6005
3 6005 6084 6085
3 6005 6085 6006
3 6006 6085 6086
3 6006 6086 6007
3 6007 6086 6087
3 6007 6087 6008
3 6008 6087 6088
3 6008 6088 6009
3 6009 6088 6089
3 6009 6089 6010
3 6010 6089 6090
3 6010 6090 6011
3 6011 6090 6091
3 6011 6091 6012
3 6012 6091 6092
3 6012 6092 6013
3 6013 6092 6093
3 6013 6093 6014
3 6014 6093 6094
3 6014 6094 6015
3 6015 6094 6095
3 6015 6095 6016
3 6016 6095 6096
3 6016 6096 6017
3 6017 6096 6097
3 6017 6097 6018
3 6018 6097 6098
3 6018 6098 6019
3 6019 6098 6099
3 6019 6099 6020
3 6020 6099 6100
3 6020 6100 6021
3 6021 6100 6101
3 6021 6101 6022
3 6022 6101 6102
3 6022 6102 6023
3 6023 6102 6103
3 6023 6103 6024
3 6024 6103 6104
3 6024 6104 6025
3 6025 6104 6105
3 6025 6105 6026
3 6026 6105 6106
3 6026 6106 6027
3 6027 6106 6107
3 6027 6107 6028
3 6028 6107 6108
3 6028 6108 6029
3 6029 6108 6109
3 6029 6109 6030
3 6030 6109 6110
3 6030 6110 6031
3 6031 6110 6111
3 6031 6111 6032
3 6032 6111 6112
3 6032 6112 6033
3 6033 6112 6113
3 6033 6113 6034
3 6034 6113 6114
3 6034 6114 6035
3 6035 6114 6115
3 6035 6115 6036
3 6036 6115 6116
3 6036 6116 6037
3 6037 6116 6117
3 6037 6117 6038
3 6038 6117 6118
3 6038 6118 6039
3 6039 6118 6119
3 6039 6119 6040
3 6040 6119 6120
3 6040 6120 6041
3 6041 6120 6121
3 6041 6121 6042
3 6042 6121 6122
3 6042 6122 6043
3 6043 6122 6123
3 6043 6123 6044
3 6044 6123 6124
3 6044 6124 6045
3 6045 6124 6125
3 6045 6125 6046
3 6046 6125 6126
3 6046 6126 6047
3 6047 6126 6127
3 6047 6127 6048
3 6048 6127 6128
3 6048 6128 6049
3 6049 6128 6129
3 6049 6129 6050
3 6050 6129 6130
3 6050 6130 6051
3 6051 6130 6131
3 6051 6131 6052
3 6052 6131 6132
3 6052 6132 6053
3 6053 6132 6133
3 6053 6133 6054
3 6054 6133 6134
3 6054 6134 6055
3 6055 6134 6135
3 6055 6135 6056
3 6056 6135 6136
3 6056 6136 6057
3 6057 6136 6137
3 6057 6137 6058
3 6058 6137 6138
3 6058 6138 6059
3 6059 6138 6139
3 6059 6139 6060
3 6060 6139 6140
3 6060 6140 6061
3 6061 6140 6141
3 6061 6141 6062
3 6062 6141 6142
3 6062 6142 6063
3 6063 6142 6143
3 6063 6143 6064
3 6064 6143 6144
3 6064 6144 6065
3 6065 6144 6145
3 6065 6145 6066
3 6066 6145 6146
3 6066 6146 6067
3 6067 6146 6147
3 6067 6147 6068
3 6068 6147 6148
3 6068 6148 6069
3 6069 6148 6149
3 6069 6149 6070
3 6070 6149 6150
3 6070 6150 6071
3 6071 6150 6151
3 6071 6151 6072
3 6072 6151 6152
3 6072 6152 6073
3 6073 6152 6153
3 6073 6153 6074
3 6074 6153 6154
3 6074 6154 6075
3 6075 6154 6155
3 6075 6155 6076
3 6076 6155 6156
3 6076 6156 6077
3 6077 6156 6157
3 6077 6157 6078
3 6078 6157 6158
3 6078 6158 6079
3 6079 6158 6159
3 6079 6159 6080
3 6080 6159 6160
3 6080 6160 6081
3 6081 6160 6161
3 6081 6161 6082
3 6082 6161 6162
3 6082 6162 6083
3 6083 6162 6163
3 6083 6163 172
3 172 6163 171
3 76 77 6084
3 6084 77 6164
3 6084 6164 6085
3 6085 6164 6165
3 6085 6165 6086
3 6086 6165 6166
3 6086 6166 6087
3 6087 6166 6167
3 6087 6167 6088
3 6088 6167 6168
3 6088 6168 6089
3 6089 6168 6169
3 6089 6169 6090
3 6090 6169 6170
3 6090 6170 6091
3 6091 6170 6171
3 6091 6171 6092
3 6092 6171 6172
3 6092 6172 6093
3 6093 6172 6173
3 6093 6173 6094
3 6094 6173 6174
3 6094 6174 6095
3 6095 6174 6175
3 6095 6175 6096
3 6096 6175 6176
3 6096 6176 6097
3 6097 6176 6177
3 6097 6177 6098
3 6098 6177 6178
3 6098 6178 6099
3 6099 6178 6179
3 6099 6179 6100
3 6100 6179 6180
3 6100 6180 6101
3 6101 6180 6181
3 6101 6181 6102
3 6102 6181 6182
3 6102 6182 6103
3 6103 6182 6183
3 6103 6183 6104
3 6104 6183 6184
3 6104 6184 6105
3 6105 6184 6185
3 6105 6185 6106
3 6106 6185 6186
3 6106 6186 6107
3 6107 6186 6187
3 6107 6187 6108
3 6108 6187 6188
3 6108 6188 6109
3 6109 6188 6189
3 6109 6189 6110
3 6110 6189 6190
3 6110 6190 6111
3 6111 6190 6191
3 6111 6191 6112
3 6112 6191 6192
3 6112 6192 6113
3 6113 6192 6193
3 6113 6193 6114
3 6114 6193 6194
3 6114 6194 6115
3 6115 6194 6195
3 6115 6195 6116
3 6116 6195 6196
3 6116 6196 6117
3 6117 6196 6197
3 6117 6197 6118
3 6118 6197 6198
3 6118 6198 6119
3 6119 6198 6199
3 6119 6199 6120
3 6120 6199 6200
3 6120 6200 6121
3 6121 6200 6201
3 6121 6201 6122
3 6122 6201 6202
3 6122 6202 6123
3 6123 6202 6203
3 6123 6203 6124
3 6124 6203 6204
3 6124 6204 6125
3 6125 6204 6205
3 6125 6205 6126
3 6126 6205 6206
3 6126 6206 6127
3 6127 6206 6207
3 6127 6207 6128
3 6128 6207 6208
3 6128 6208 6129
3 6129 6208 6209
3 6129 6209 6130
3 6130 6209 6210
3 6130 6210 6131
3 6131 6210 6211
3 6131 6211 6132
3 6132 6211 6212
3 6132 6212 6133
3 6133 6212 6213
3 6133 6213 6134
3 6134 6213 6214
3 6134 6214 6135
3 6135 6214 6215
3 6135 6215 6136
3 6136 6215 6216
3 6136 6216 6137
3 6137 6216 6217
3 6137 6217 6138
3 6138 6217 6218
3 6138 6218 6139
3 6139 6218 6219
3 6139 6219 6140
3 6140 6219 6220
3 6140 6220 6141
3 6141 6220 6221
3 6141 6221 6142
3 6142 6221 6222
3 6142 6222 6143
3 6143 6222 6223
3 6143 6223 6144
3 6144 6223 6224
3 6144 6224 6145
3 6145 6224 6225
3 6145 6225 6146
3 6146 6225 6226
3 6146 6226 6147
3 6147 6226 6227
3 6147 6227 6148
3 6148 6227 6228
3 6148 6228 6149
3 6149 6228 6229
3 6149 6229 6150
3 6150 6229 6230
3 6150 6230 6151
3 6151 6230 6231
3 6151 6231 6152
3 6152 6231 6232
3 6152 6232 6153
3 6153 6232 6233
3 6153 6233 6154
3 6154 6233 6234
3 6154 6234 6155
3 6155 6234 6235
3 6155 6235 6156
3 6156 6235 6236
3 6156 6236 6157
3 6157 6236 6237
3 6157 6237 6158
3 6158 6237 6238
3 6158 6238 6159
3 6159 6238 6239
3 6159 6239 6160
3 6160 6239 6240
3 6160 6240 6161
3 6161 6240 6241
3 6161 6241 6162
3 6162 6241 6242
3 6162 6242 6163
3 6163 6242 6243
3 6163 6243 171
3 171 6243 170
3 77 78 6164
3 6164 78 6244
3 6164 6244 6165
3 6165 6244 6245
3 6165 6245 6166
3 6166 6245 6246
3 6166 6246 6167
3 6167 6246 6247
3 6167 6247 6168
3 6168 6247 6248
3 6168 6248 6169
3 6169 6248 6249
3 6169 6249 6170
3 6170 6249 6250
3 6170 6250 6171
3 6171 6250 6251
3 6171 6251 6172
3 6172 6251 6252
3 6172 6252 6173
3 6173 6252 6253
3 6173 6253 6174
3 6174 6253 6254
3 6174 6254 6175
3 6175 6254 6255
3 6175 6255 6176
3 6176 6255 6256
3 6176 6256 6177
3 6177 6256 6257
3 6177 6257 6178
3 6178 6257 6258
3 6178 6258 6179
3 6179 6258 6259
3 6179 6259 6180
3 6180 6259 6260
3 6180 6260 6181
3 6181 6260 6261
3 6181 6261 6182
3 6182 6261 6262
3 6182 6262 6183
3 6183 6262 6263
3 6183 6263 6184
3 6184 6263 6264
3 6184 6264 6185
3 6185 6264 6265
3 6185 6265 6186
3 6186 6265 6266
3 6186 6266 6187
3 6187 6266 6267
3 6187 6267 6188
3 6188 6267 6268
3 6188 6268 6189
3 6189 6268 6269
3 6189 6269 6190
3 6190 6269 6270
3 6190 6270 6191
3 6191 6270 6271
3 6191 6271 6192
3 6192 6271 6272
3 6192 6272 6193
3 6193 6272 6273
3 6193 6273 6194
3 6194 6273 6274
3 6194 6274 6195
3 6195 6274 6275
3 6195 6275 6196
3 6196 6275 6276
3 6196 6276 6197
3 6197 6276 6277
3 6197 6277 6198
3 6198 6277 6278
3 6198 6278 6199
3 6199 6278 6279
3 6199 6279 6200
3 6200 6279 6280
3 6200 6280 6201
3 6201 6280 6281
3 6201 6281 6202
3 6202 6281 6282
3 6202 6282 6203
3 6203 6282 6283
3 6203 6283 6204
3 6204 6283 6284
3 6204 6284 6205
3 6205 6284 6285
3 6205 6285 6206
3 6206 6285 6286
3 6206 6286 6207
3 6207 6286 6287
3 6207 6287 6208
3 6208 6287 6288
3 6208 6288 6209
3 6209 6288 6289
3 6209 6289 6210
3 6210 6289 6290
3 6210 6290 6211
3 6211 6290 6291
3 6211 6291 6212
3 6212 6291 6292
3 6212 6292 6213
3 6213 6292 6293
3 6213 6293 6214
3 6214 6293 6294
3 6214 6294 6215
3 6215 6294 6295
3 6215 6295 6216
3 6216 6295 6296
3 6216 6296 6217
3 6217 6296 6297
3 6217 6297 6218
3 6218 6297 6298
3 6218 6298 6219
3 6219 6298 6299
3 6219 6299 6220
3 6220 6299 6300
3 6220 6300 6221
3 6221 6300 6301
3 6221 6301 6222
3 6222 6301 6302
3 6222 6302 6223
3 6223 6302 6303
3 6223 6303 6224
3 6224 6303 6304
3 6224 6304 6225
3 6225 6304 6305
3 6225 6305 6226
3 6226 6305 6306
3 6226 6306 6227
3 6227 6306 6307
3 6227 6307 6228
3 6228 6307 6308
3 6228 6308 6229
3 6229 6308 6309
3 6229 6309 6230
3 6230 6309 6310
3 6230 6310 6231
3 6231 6310 6311
3 6231 6311 6232
3 6232 6311 6312
3 6232 6312 6233
3 6233 6312 6313
3 6233 6313 6234
3 6234 6313 6314
3 6234 6314 6235
3 6235 6314 6315
3 6235 6315 6236
3 6236 6315 6316
3 6236 6316 6237
3 6237 6316 6317
3 6237 6317 6238
3 6238 6317 6318
3 6238 6318 6239
3 6239 6318 6319
3 6239 6319 6240
3 6240 6319 6320
3 6240 6320 6241
3 6241 6320 6321
3 6241 6321 6242
3 6242 6321 6322
3 6242 6322 6243
3 6243 6322 6323
3 6243 6323 170
3 170 6323 169
3 78 79 6244
3 6244 79 6324
3 6244 6324 6245
3 6245 6324 6325
3 6245 6325 6246
3 6246 6325 6326
3 6246 6326 6247
3 6247 6326 6327
3 6247 6327 6248
3 6248 6327 6328
3 6248 6328 6249
3 6249 6328 6329
3 6249 6329 6250
3 6250 6329 6330
3 6250 6330 6251
3 6251 6330 6331
3 6251 6331 6252
3 6252 6331 6332
3 6252 6332 6253
3 6253 6332 6333
3 6253 6333 6254
3 6254 6333 6334
3 6254 6334 6255
3 6255 6334 6335
3 6255 6335 6256
3 6256 6335 6336
3 6256 6336 6257
3 6257 6336 6337
3 6257 6337 6258
3 6258 6337 6338
3 6258 6338 6259
3 6259 6338 6339
3 6259 6339 6260
3 6260 6339 6340
3 6260 6340 6261
3 6261 6340 6341
3 6261 6341 6262
3 6262 6341 6342
3 6262 6342 6263
3 6263 6342 6343
3 6263 6343 6264
3 6264 6343 6344
3 6264 6344 6265
3 6265 6344 6345
3 6265 6345 6266
3 6266 6345 6346
3 6266 6346 6267
3 6267 6346 6347
3 6267 6347 6268
3 6268 6347 6348
3 6268 6348 6269
3 6269 6348 6349
3 6269 6349 6270
3 6270 6349 6350
3 6270 6350 6271
3 6271 6350 6351
3 6271 6351 6272
3 6272 6351 6352
3 6272 6352 6273
3 6273 6352 6353
3 6273 6353 6274
3 6274 6353 6354
3 6274 6354 6275
3 6275 6354 6355
3 6275 6355 6276
3 6276 6355 6356
3 6276 6356 6277
3 6277 6356 6357
3 6277 6357 6278
3 6278 6357 6358
3 6278 6358 6279
3 6279 6358 6359
3 6279 6359 6280
3 6280 6359 6360
3 6280 6360 6281
3 6281 6360 6361
3 6281 6361 6282
3 6282 6361 6362
3 6282 6362 6283
3 6283 6362 6363
3 6283 6363 6284
3 6284 6363 6364
3 6284 6364 6285
3 6285 6364 6365
3 6285 6365 6286
3 6286 6365 6366
3 6286 6366 6287
3 6287 6366 6367
3 6287 6367 6288
3 6288 6367 6368
3 6288 6368 6289
3 6289 6368 6369
3 6289 6369 6290
3 6290 6369 6370
3 6290 6370 6291
3 6291 6370 6371
3 6291 6371 6292
3 6292 6371 6372
3 6292 6372 6293
3 6293 6372 6373
3 6293 6373 6294
3 6294 6373 6374
3 6294 6374 6295
3 6295 6374 6375
3 6295 6375 6296
3 6296 6375 6376
3 6296 6376 6297
3 6297 6376 6377
3 6297 6377 6298
3 6298 6377 6378
3 6298 6378 6299
3 6299 6378 6379
3 6299 6379 6300
3 6300 6379 6380
3 6300 6380 6301
3 6301 6380 6381
3 6301 6381 6302
3 6302 6381 6382
3 6302 6382 6303
3 6303 6382 6383
3 6303 6383 6304
3 6304 6383 6384
3 6304 6384 6305
3 6305 6384 6385
3 6305 6385 6306
3 6306 6385 6386
3 6306 6386 6307
3 6307 6386 6387
3 6307 6387 6308
3 6308 6387 6388
3 6308 6388 6309
3 6309 6388 6389
3 6309 6389 6310
3 6310 6389 6390
3 6310 6390 6311
3 6311 6390 6391
3 6311 6391 6312
3 6312 6391 6392
3 6312 6392 6313
3 6313 6392 6393
3 6313 6393 6314
3 6314 6393 6394
3 6314 6394 6315
3 6315 6394 6395
3 6315 6395 6316
3 6316 6395 6396
3 6316 6396 6317
3 6317 6396 6397
3 6317 6397 6318
3 6318 6397 6398
3 6318 6398 6319
3 6319 6398 6399
3 6319 6399 6320
3 6320 6399 6400
3 6320 6400 6321
3 6321 6400 6401
3 6321 6401 6322
3 6322 6401 6402
3 6322 6402 6323
3 6323 6402 6403
3 6323 6403 169
3 169 6403 168
3 79 80 6324
3 6324 80 6404
3 6324 6404 6325
3 6325 6404 6405
3 6325 6405 6326
3 6326 6405 6406
3 6326 6406 6327
3 6327 6406 6407
3 6327 6407 6328
3 6328 6407 6408
3 6328 6408 6329
3 6329 6408 6409
3 6329 6409 6330
3 6330 6409 6410
3 6330 6410 6331
3 6331 6410 6411
3 6331 6411 6332
3 6332 6411 6412
3 6332 6412 6333
3 6333 6412 6413
3 6333 6413 6334
3 6334 6413 6414
3 6334 6414 6335
3 6335 6414 6415
3 6335 6415 6336
3 6336 6415 6416
3 6336 6416 6337
3 6337 6416 6417
3 6337 6417 6338
3 6338 6417 6418
3 6338 6418 6339
3 6339 6418 6419
3 6339 6419 6340
3 6340 6419 6420
3 6340 6420 6341
3 6341 6420 6421
3 6341 6421 6342
3 6342 6421 6422
3 6342 6422 6343
3 6343 6422 6423
3 6343 6423 6344
3 6344 6423 6424
3 6344 6424 6345
3 6345 6424 6425
3 6345 6425 6346
3 6346 6425 6426
3 6346 6426 6347
3 6347 6426 6427
3 6347 6427 6348
3 6348 6427 6428
3 6348 6428 6349
3 6349 6428 6429
3 6349 6429 6350
3 6350 6429 6430
3 6350 6430 6351
3 6351 6430 6431
3 6351 6431 6352
3 6352 6431 6432
3 6352 6432 6353
3 6353 6432 6433
3 6353 6433 6354
3 6354 6433 6434
3 6354 6434 6355
3 6355 6434 6435
3 6355 6435 6356
3 6356 6435 6436
3 6356 6436 6357
3 6357 6436 6437
3 6357 6437 6358
3 6358 6437 6438
3 6358 6438 6359
3 6359 6438 6439
3 6359 6439 6360
3 6360 6439 6440
3 6360 6440 6361
3 6361 6440 6441
3 6361 6441 6362
3 6362 6441 6442
3 6362 6442 6363
3 6363 6442 6443
3 6363 6443 6364
3 6364 6443 6444
3 6364 6444 6365
3 6365 6444 6445
3 6365 6445 6366
3 6366 6445 6446
3 6366 6446 6367
3 6367 6446 6447
3 6367 6447 6368
3 6368 6447 6448
3 6368 6448 6369
3 6369 6448 6449
3 6369 6449 6370
3 6370 6449 6450
3 6370 6450 6371
3 6371 6450 6451
3 6371 6451 6372
3 6372 6451 6452
3 6372 6452 6373
3 6373 6452 6453
3 6373 6453 6374
3 6374 6453 6454
3 6374 6454 6375
3 6375 6454 6455
3 6375 6455 6376
3 6376 6455 6456
3 6376 6456 6377
3 6377 6456 6457
3 6377 6457 6378
3 6378 6457 6458
3 6378 6458 6379
3 6379 6458 6459
3 6379 6459 6380
3 6380 6459 6460
3 6380 6460 6381
3 6381 6460 6461
3 6381 6461 6382
3 6382 6461 6462
3 6382 6462 6383
3 6383 6462 6463
3 6383 6463 6384
3 6384 6463 6464
3 6384 6464 6385
3 6385 6464 6465
3 6385 6465 6386
3 6386 6465 6466
3 6386 6466 6387
3 6387 6466 6467
3 6387 6467 6388
3 6388 6467 6468
3 6388 6468 6389
3 6389 6468 6469
3 6389 6469 6390
3 6390 6469 6470
3 6390 6470 6391
3 6391 6470 6471
3 6391 6471 6392
3 6392 6471 6472
3 6392 6472 6393
3 6393 6472 6473
3 6393 6473 6394
3 6394 6473 6474
3 6394 6474 6395
3 6395 6474 6475
3 6395 6475 6396
3 6396 6475 6476
3 6396 6476 6397
3 6397 6476 6477
3 6397 6477 6398
3 6398 6477 6478
3 6398 6478 6399
3 6399 6478 6479
3 6399 6479 6400
3 6400 6479 6480
3 6400 6480 6401
3 6401 6480 6481
3 6401 6481 6402
3 6402 6481 6482
3 6402 6482 6403
3 6403 6482 6483
3 6403 6483 168
3 168 6483 167
3 80 81 6404
3 6404 81 6484
3 6404 6484 6405
3 6405 6484 6485
3 6405 6485 6406
3 6406 6485 6486
3 6406 6486 6407
3 6407 6486 6487
3 6407 6487 6408
3 6408 6487 6488
3 6408 6488 6409
3 6409 6488 6489
3 6409 6489 6410
3 6410 6489 6490
3 6410 6490 6411
3 6411 6490 6491
3 6411 6491 6412
3 6412 6491 6492
3 6412 6492 6413
3 6413 6492 6493
3 6413 6493 6414
3 6414 6493 6494
3 6414 6494 6415
3 6415 6494 6495
3 6415 6495 6416
3 6416 6495 6496
3 6416 6496 6417
3 6417 6496 6497
3 6417 6497 6418
3 6418 6497 6498
3 6418 6498 6419
3 6419 6498 6499
3 6419 6499 6420
3 6420 6499 6500
3 6420 6500 6421
3 6421 6500 6501
3 6421 6501 6422
3 6422 6501 6502
3 6422 6502 6423
3 6423 6502 6503
3 6423 6503 6424
3 6424 6503 6504
3 6424 6504 6425
3 6425 6504 6505
3 6425 6505 6426
3 6426 6505 6506
3 6426 6506 6427
3 6427 6506 6507
3 6427 6507 6428
3 6428 6507 6508
3 6428 6508 6429
3 6429 6508 6509
3 6429 6509 6430
3 6430 6509 6510
3 6430 6510 6431
3 6431 6510 6511
3 6431 6511 6432
3 6432 6511 6512
3 6432 6512 6433
3 6433 6512 6513
3 6433 6513 6434
3 6434 6513 6514
3 6434 6514 6435
3 6435 6514 6515
3 6435 6515 6436
3 6436 6515 6516
3 6436 6516 6437
3 6437 6516 6517
3 6437 6517 6438
3 6438 6517 6518
3 6438 6518 6439
3 6439 6518 6519
3 6439 6519 6440
3 6440 6519 6520
3 6440 6520 6441
3 6441 6520 6521
3 6441 6521 6442
3 6442 6521 6522
3 6442 6522 6443
3 6443 6522 6523
3 6443 6523 6444
3 6444 6523 6524
3 6444 6524 6445
3 6445 6524 6525
3 6445 6525 6446
3 6446 6525 6526
3 6446 6526 6447
3 6447 6526 6527
3 6447 6527 6448
3 6448 6527 6528
3 6448 6528 6449
3 6449 6528 6529
3 6449 6529 6450
3 6450 6529 6530
3 6450 6530 6451
3 6451 6530 6531
3 6451 6531 6452
3 6452 6531 6532
3 6452 6532 6453
3 6453 6532 6533
3 6453 6533 6454
3 6454 6533 6534
3 6454 6534 6455
3 6455 6534 6535
3 6455 6535 6456
3 6456 6535 6536
3 6456 6536 6457
3 6457 6536 6537
3 6457 6537 6458
3 6458 6537 6538
3 6458 6538 6459
3 6459 6538 6539
3 6459 6539 6460
3 6460 6539 6540
3 6460 6540 6461
3 6461 6540 6541
3 6461 6541 6462
3 6462 6541 6542
3 6462 6542 6463
3 6463 6542 6543
3 6463 6543 6464
3 6464 6543 6544
3 6464 6544 6465
3 6465 6544 6545
3 6465 6545 6466
3 6466 6545 6546
3 6466 6546 6467
3 6467 6546 6547
3 6467 6547 6468
3 6468 6547 6548
3 6468 6548 6469
3 6469 6548 6549
3 6469 6549 6470
3 6470 6549 6550
3 6470 6550 6471
3 6471 6550 6551
3 6471 6551 6472
3 6472 6551 6552
3 6472 6552 6473
3 6473 6552 6553
3 6473 6553 6474
3 6474 6553 6554
3 6474 6554 6475
3 6475 6554 6555
3 6475 6555 6476
3 6476 6555 6556
3 6476 6556 6477
3 6477 6556 6557
3 6477 6557 6478
3 6478 6557 6558
3 6478 6558 6479
3 6479 6558 6559
3 6479 6559 6480
3 6480 6559 6560
3 6480 6560 6481
3 6481 6560 6561
3 6481 6561 6482
3 6482 6561 6562
3 6482 6562 6483
3 6483 6562 6563
3 6483 6563 167
3 167 6563 166
3 81 82 6484
3 6484 82 6564
3 6484 6564 6485
3 6485 6564 6565
3 6485 6565 6486
3 6486 6565 6566
3 6486 6566 6487
3 6487 6566 6567
3 6487 6567 6488
3 6488 6567 6568
3 6488 6568 6489
3 6489 6568 6569
3 6489 6569 6490
3 6490 6569 6570
3 6490 6570 6491
3 6491 6570 6571
3 6491 6571 6492
3 6492 6571 6572
3 6492 6572 6493
3 6493 6572 6573
3 6493 6573 6494
3 6494 6573 6574
3 6494 6574 6495
3 6495 6574 6575
3 6495 6575 6496
3 6496 6575 6576
3 6496 6576 6497
3 6497 6576 6577
3 6497 6577 6498
3 6498 6577 6578
3 6498 6578 6499
3 6499 6578 6579
3 6499 6579 6500
3 6500 6579 6580
3 6500 6580 6501
3 6501 6580 6581
3 6501 6581 6502
3 6502 6581 6582
3 6502 6582 6503
3 6503 6582 6583
3 6503 6583 6504
3 6504 6583 6584
3 6504 6584 6505
3 6505 6584 6585
3 6505 6585 6506
3 6506 6585 6586
3 6506 6586 6507
3 6507 6586 6587
3 6507 6587 6508
3 6508 6587 6588
3 6508 6588 6509
3 6509 6588 6589
3 6509 6589 6510
3 6510 6589 6590
3 6510 6590 6511
3 6511 6590 6591
3 6511 6591 6512
3 6512 6591 6592
3 6512 6592 6513
3 6513 6592 6593
3 6513 6593 6514
3 6514 6593 6594
3 6514 6594 6515
3 6515 6594 6595
3 6515 6595 6516
3 6516 6595 6596
3 6516 6596 6517
3 6517 6596 6597
3 6517 6597 6518
3 6518 6597 6598
3 6518 6598 6519
3 6519 6598 6599
3 6519 6599 6520
3 6520 6599 6600
3 6520 6600 6521
3 6521 6600 6601
3 6521 6601 6522
3 6522 6601 6602
3 6522 6602 6523
3 6523 6602 6603
3 6523 6603 6524
3 6524 6603 6604
3 6524 6604 6525
3 6525 6604 6605
3 6525 6605 6526
3 6526 6605 6606
3 6526 6606 6527
3 6527 6606 6607
3 6527 6607 6528
3 6528 6607 6608
3 6528 6608 6529
3 6529 6608 6609
3 6529 6609 6530
3 6530 6609 6610
3 6530 6610 6531
3 6531 6610 6611
3 6531 6611 6532
3 6532 6611 6612
3 6532 6612 6533
3 6533 6612 6613
3 6533 6613 6534
3 6534 6613 6614
3 6534 6614 6535
3 6535 6614 6615
3 6535 6615 6536
3 6536 6615 6616
3 6536 6616 6537
3 6537 6616 6617
3 6537 6617 6538
3 6538 6617 6618
3 6538 6618 6539
3 6539 6618 6619
3 6539 6619 6540
3 6540 6619 6620
3 6540 6620 6541
3 6541 6620 6621
3 6541 6621 6542
3 6542 6621 6622
3 6542 6622 6543
3 6543 6622 6623
3 6543 6623 6544
3 6544 6623 6624
3 6544 6624 6545
3 6545 6624 6625
3 6545 6625 6546
3 6546 6625 6626
3 6546 6626 6547
3 6547 6626 6627
3 6547 6627 6548
3 6548 6627 6628
3 6548 6628 6549
3 6549 6628 6629
3 6549 6629 6550
3 6550 6629 6630
3 6550 6630 6551
3 6551 6630 6631
3 6551 6631 6552
3 6552 6631 6632
3 6552 6632 6553
3 6553 6632 6633
3 6553 6633 6554
3 6554 6633 6634
3 6554 6634 6555
3 6555 6634 6635
3 6555 6635 6556
3 6556 6635 6636
3 6556 6636 6557
3 6557 6636 6637
3 6557 6637 6558
3 6558 6637 6638
3 6558 6638 6559
3 6559 6638 6639
3 6559 6639 6560
3 6560 6639 6640
3 6560 6640 6561
3 6561 6640 6641
3 6561 6641 6562
3 6562 6641 6642
3 6562 6642 6563
3 6563 6642 6643
3 6563 6643 166
3 166 6643 165
3 82 83 6564
3 6564 83 6644
3 6564 6644 6565
3 6565 6644 6645
3 6565 6645 6566
3 6566 6645 6646
3 6566 6646 6567
3 6567 6646 6647
3 6567 6647 6568
3 6568 6647 6648
3 6568 6648 6569
3 6569 6648 6649
3 6569 6649 6570
3 6570 6649 6650
3 6570 6650 6571
3 6571 6650 6651
3 6571 6651 6572
3 6572 6651 6652
3 6572 6652 6573
3 6573 6652 6653
3 6573 6653 6574
3 6574 6653 6654
3 6574 6654 6575
3 6575 6654 6655
3 6575 6655 6576
3 6576 6655 6656
3 6576 6656 6577
3 6577 6656 6657
3 6577 6657 6578
3 6578 6657 6658
3 6578 6658 6579
3 6579 6658 6659
3 6579 6659 6580
3 6580 6659 6660
3 6580 6660 6581
3 6581 6660 6661
3 6581 6661 6582
3 6582 6661 6662
3 6582 6662 6583
3 6583 6662 6663
3 6583 6663 6584
3 6584 6663 6664
3 6584 6664 6585
3 6585 6664 6665
3 6585 6665 6586
3 6586 6665 6666
3 6586 6666 6587
3 6587 6666 6667
3 6587 6667 6588
3 6588 6667 6668
3 6588 6668 6589
3 6589 6668 6669
3 6589 6669 6590
3 6590 6669 6670
3 6590 6670 6591
3 6591 6670 6671
3 6591 6671 6592
3 6592 6671 6672
3 6592 6672 6593
3 6593 6672 6673
3 6593 6673 6594
3 6594 6673 6674
3 6594 6674 6595
3 6595 6674 6675
3 6595 6675 6596
3 6596 6675 6676
3 6596 6676 6597
3 6597 6676 6677
3 6597 6677 6598
3 6598 6677 6678
3 6598 6678 6599
3 6599 6678 6679
3 6599 6679 6600
3 6600 6679 6680
3 6600 6680 6601
3 6601 6680 6681
3 6601 6681 6602
3 6602 6681 6682
3 6602 6682 6603
3 6603 6682 6683
3 6603 6683 6604
3 6604 6683 6684
3 6604 6684 6605
3 6605 6684 6685
3 6605 6685 6606
3 6606 6685 6686
3 6606 6686 6607
3 6607 6686 6687
3 6607 6687 6608
3 6608 6687 6688
3 6608 6688 6609
3 6609 6688 6689
3 6609 6689 6610
3 6610 6689 6690
3 6610 6690 6611
3 6611 6690 6691
3 6611 6691 6612
3 6612 6691 6692
3 6612 6692 6613
3 6613 6692 6693
3 6613 6693 6614
3 6614 6693 6694
3 6614 6694 6615
3 6615 6694 6695
3 6615 6695 6616
3 6616 6695 6696
3 6616 6696 6617
3 6617 6696 6697
3 6617 6697 6618
3 6618 6697 6698
3 6618 6698 6619
3 6619 6698 6699
3 6619 6699 6620
3 6620 6699 6700
3 6620 6700 6621
3 6621 6700 6701
3 6621 6701 6622
3 6622 6701 6702
3 6622 6702 6623
3 6623 6702 6703
3 6623 6703 6624
3 6624 6703 6704
3 6624 6704 6625
3 6625 6704 6705
3 6625 6705 6626
3 6626 6705 6706
3 6626 6706 6627
3 6627 6706 6707
3 6627 6707 6628
3 6628 6707 6708
3 6628 6708 6629
3 6629 6708 6709
3 6629 6709 6630
3 6630 6709 6710
3 6630 6710 6631
3 6631 6710 6711
3 6631 6711 6632
3 6632 6711 6712
3 6632 6712 6633
3 6633 6712 6713
3 6633 6713 6634
3 6634 6713 6714
3 6634 6714 6635
3 6635 6714 6715
3 6635 6715 6636
3 6636 6715 6716
3 6636 6716 6637
3 6637 6716 6717
3 6637 6717 6638
3 6638 6717 6718
3 6638 6718 6639
3 6639 6718 6719
3 6639 6719 6640
3 6640 6719 6720
3 6640 6720 6641
3 6641 6720 6721
3 6641 6721 6642
3 6642 6721 6722
3 6642 6722 6643
3 6643 6722 6723
3 6643 6723 165
3 165 6723 164
3 83 1 6644
3 6644 1 84
3 6644 84 6645
3 6645 84 85
3 6645 85 6646
3 6646 85 86
3 6646 86 6647
3 6647 86 87
3 6647 87 6648
3 6648 87 88
3 6648 88 6649
3 6649 88 89
3 6649 89 6650
3 6650 89 90
3 6650 90 6651
3 6651 90 91
3 6651 91 6652
3 6652 91 92
3 6652 92 6653
3 6653 92 93
3 6653 93 6654
3 6654 93 94
3 6654 94 6655
3 6655 94 95
3 6655 95 6656
3 6656 95 96
3 6656 96 6657
3 6657 96 97
3 6657 97 6658
3 6658 97 98
3 6658 98 6659
3 6659 98 99
3 6659 99 6660
3 6660 99 100
3 6660 100 6661
3 6661 100 101
3 6661 101 6662
3 6662 101 102
3 6662 102 6663
3 6663 102 103
3 6663 103 6664
3 6664 103 104
3 6664 104 6665
3 6665 104 105
3 6665 105 6666
3 6666 105 106
3 6666 106 6667
3 6667 106 107
3 6667 107 6668
3 6668 107 108
3 6668 108 6669
3 6669 108 109
3 6669 109 6670
3 6670 109 110
3 6670 110 6671
3 6671 110 111
3 6671 111 6672
3 6672 111 112
3 6672 112 6673
3 6673 112 113
3 6673 113 6674
3 6674 113 114
3 6674 114 6675
3 6675 114 115
3 6675 115 6676
3 6676 115 116
3 6676 116 6677
3 6677 116 117
3 6677 117 6678
3 6678 117 118
3 6678 118 6679
3 6679 118 119
3 6679 119 6680
3 6680 119 120
3 6680 120 6681
3 6681 120 121
3 6681 121 6682
3 6682 121 122
3 6682 122 6683
3 6683 122 123
3 6683 123 6684
3 6684 123 124
3 6684 124 6685
3 6685 124 125
3 6685 125 6686
3 6686 125 126
3 6686 126 6687
3 6687 126 127
3 6687 127 6688
3 6688 127 128
3 6688 128 6689
3 6689 128 129
3 6689 129 6690
3 6690 129 130
3 6690 130 6691
3 6691 130 131
3 6691 131 6692
3 6692 131 132
3 6692 132 6693
3 6693 132 133
3 6693 133 6694
3 6694 133 134
3 6694 134 6695
3 6695 134 135
3 6695 135 6696
3 6696 135 136
3 6696 136 6697
3 6697 136 137
3 6697 137 6698
3 6698 137 138
3 6698 138 6699
3 6699 138 139
3 6699 139 6700
3 6700 139 140
3 6700 140 6701
3 6701 140 141
3 6701 141 6702
3 6702 141 142
3 6702 142 6703
3 6703 142 143
3 6703 143 6704
3 6704 143 144
3 6704 144 6705
3 6705 144 145
3 6705 145 6706
3 6706 145 146
3 6706 146 6707
3 6707 146 147
3 6707 147 6708
3 6708 147 148
3 6708 148 6709
3 6709 148 149
3 6709 149 6710
3 6710 149 150
3 6710 150 6711
3 6711 150 151
3 6711 151 6712
3 6712 151 152
3 6712 152 6713
3 6713 152 153
3 6713 153 6714
3 6714 153 154
3 6714 154 6715
3 6715 154 155
3 6715 155 6716
3 6716 155 156
3 6716 156 6717
3 6717 156 157
3 6717 157 6718
3 6718 157 158
3 6718 158 6719
3 6719 158 159
3 6719 159 6720
3 6720 159 160
3 6720 160 6721
3 6721 160 161
3 6721 161 6722
3 6722 161 162
3 6722 162 6723
3 6723 162 163
3 6723 163 164
3 164 163 2
3 6888 6887 44
4 6724 6725 3444 43
3 6725 6726 3444
4 6889 6888 44 3524
3 6890 6889 3524
4 6726 6727 3445 3444
3 6727 6728 3445
4 6891 6890 3524 3525
3 6892 6891 3525
4 6728 6729 3446 3445
3 6729 6730 3446
4 6893 6892 3525 3526
3 6894 6893 3526
4 6730 6731 3447 3446
3 6731 6732 3447
4 6895 6894 3526 3527
3 6896 6895 3527
4 6732 6733 3448 3447
3 6733 6734 3448
4 6897 6896 3527 3528
3 6898 6897 3528
4 6734 6735 3449 3448
3 6735 6736 3449
4 6899 6898 3528 3529
3 6900 6899 3529
4 6736 6737 3450 3449
3 6737 6738 3450
4 6901 6900 3529 3530
3 6902 6901 3530
4 6738 6739 3451 3450
3 6739 6740 3451
4 6903 6902 3530 3531
3 6904 6903 3531
4 6740 6741 3452 3451
3 6741 6742 3452
4 6905 6904 3531 3532
3 6906 6905 3532
4 6742 6743 3453 3452
3 6743 6744 3453
4 6907 6906 3532 3533
3 6908 6907 3533
4 6744 6745 3454 3453
3 6745 6746 3454
4 6909 6908 3533 3534
3 6910 6909 3534
4 6746 6747 3455 3454
3 6747 6748 3455
4 6911 6910 3534 3535
3 6912 6911 3535
4 6748 6749 3456 3455
3 6749 6750 3456
4 6913 6912 3535 3536
3 6914 6913 3536
4 6750 6751 3457 3456
3 6751 6752 3457
4 6915 6914 3536 3537
3 6916 6915 3537
4 6752 6753 3458 3457
3 6753 6754 3458
4 6917 6916 3537 3538
3 6918 6917 3538
4 6754 6755 3459 3458
3 6755 6756 3459
4 6919 6918 3538 3539
3 6920 6919 3539
4 6756 6757 3460 3459
3 6757 6758 3460
4 6921 6920 3539 3540
3 6922 6921 3540
4 6758 6759 3461 3460
3 6759 6760 3461
4 6923 6922 3540 3541
3 6924 6923 3541
4 6760 6761 3462 3461
3 6761 6762 3462
4 6925 6924 3541 3542
3 6926 6925 3542
4 6762 6763 3463 3462
3 6763 6764 3463
4 6927 6926 3542 3543
3 6928 6927 3543
4 6764 6765 3464 3463
3 6765 6766 3464
4 6929 6928 3543 3544
3 6930 6929 3544
4 6766 6767 3465 3464
3 6767 6768 3465
4 6931 6930 3544 3545
3 6932 6931 3545
4 6768 6769 3466 3465
3 6769 6770 3466
4 6933 6932 3545 3546
3 6934 6933 3546
4 6770 6771 3467 3466
3 6771 6772 3467
4 6935 6934 3546 3547
3 6936 6935 3547
4 6772 6773 3468 3467
3 6773 6774 3468
4 6937 6936 3547 3548
3 6938 6937 3548
4 6774 6775 3469 3468
3 6775 6776 3469
4 6939 6938 3548 3549
3 6940 6939 3549
4 6776 6777 3470 3469
3 6777 6778 3470
4 6941 6940 3549 3550
3 6942 6941 3550
4 6778 6779 3471 3470
3 6779 6780 3471
4 6943 6942 3550 3551
3 6944 6943 3551
4 6780 6781 3472 3471
3 6781 6782 3472
4 6945 6944 3551 3552
3 6946 6945 3552
4 6782 6783 3473 3472
3 6783 6784 3473
4 6947 6946 3552 3553
3 6948 6947 3553
4 6784 6785 3474 3473
3 6785 6786 3474
4 6949 6948 3553 3554
3 6950 6949 3554
4 6786 6787 3475 3474
3 6787 6788 3475
4 6951 6950 3554 3555
3 6952 6951 3555
4 6788 6789 3476 3475
3 6789 6790 3476
4 6953 6952 3555 3556
3 6954 6953 3556
4 6790 6791 3477 3476
3 6791 6792 3477
4 6955 6954 3556 3557
3 6956 6955 3557
4 6792 6793 3478 3477
3 6793 6794 3478
4 6957 6956 3557 3558
3 6958 6957 3558
4 6794 6795 3479 3478
3 6795 6796 3479
4 6959 6958 3558 3559
3 6960 6959 3559
4 6796 6797 3480 3479
3 6797 6798 3480
4 6961 6960 3559 3560
3 6962 6961 3560
4 6798 6799 3481 3480
3 6799 6800 3481
4 6963 6962 3560 3561
3 6964 6963 3561
4 6800 6801 3482 3481
3 6801 6802 3482
4 6965 6964 3561 3562
3 6966 6965 3562
4 6802 6803 3483 3482
3 6803 6804 3483
4 6967 6966 3562 3563
3 6968 6967 3563
4 6804 6805 3484 3483
3 6805 6806 3484
4 6969 6968 3563 3564
3 6970 6969 3564
4 6806 6807 3485 3484
3 6807 6808 3485
4 6971 6970 3564 3565
3 6972 6971 3565
4 6808 6809 3486 3485
3 6809 6810 3486
4 6973 6972 3565 3566
3 6974 6973 3566
4 6810 6811 3487 3486
3 6811 6812 3487
4 6975 6974 3566 3567
3 6976 6975 3567
4 6812 6813 3488 3487
3 6813 6814 3488
4 6977 6976 3567 3568
3 6978 6977 3568
4 6814 6815 3489 3488
3 6815 6816 3489
4 6979 6978 3568 3569
3 6980 6979 3569
4 6816 6817 3490 3489
3 6817 6818 3490
4 6981 6980 3569 3570
3 6982 6981 3570
4 6818 6819 3491 3490
3 6819 6820 3491
4 6983 6982 3570 3571
3 6984 6983 3571
4 6820 6821 3492 3491
3 6821 6822 3492
4 6985 6984 3571 3572
3 6986 6985 3572
4 6822 6823 3493 3492
3 6823 6824 3493
4 6987 6986 3572 3573
3 6988 6987 3573
4 6824 6825 3494 3493
3 6825 6826 3494
4 6989 6988 3573 3574
3 6990 6989 3574
4 6826 6827 3495 3494
3 6827 6828 3495
4 6991 6990 3574 3575
3 6992 6991 3575
4 6828 6829 3496 3495
3 6829 6830 3496
4 6993 6992 3575 3576
3 6994 6993 3576
4 6830 6831 3497 3496
3 6831 6832 3497
4 6995 6994 3576 3577
3 6996 6995 3577
4 6832 6833 3498 3497
3 6833 6834 3498
4 6997 6996 3577 3578
3 6998 6997 3578
4 6834 6835 3499 3498
3 6835 6836 3499
4 6999 6998 3578 3579
3 7000 6999 3579
4 6836 6837 3500 3499
3 6837 6838 3500
4 7001 7000 3579 3580
3 7002 7001 3580
4 6838 6839 3501 3500
3 6839 6840 3501
4 7003 7002 3580 3581
3 7004 7003 3581
4 6840 6841 3502 3501
3 6841 6842 3502
4 7005 7004 3581 3582
3 7006 7005 3582
4 6842 6843 3503 3502
3 6843 6844 3503
4 7007 7006 3582 3583
3 7008 7007 3583
4 6844 6845 3504 3503
3 6845 6846 3504
4 7009 7008 3583 3584
3 7010 7009 3584
4 6846 6847 3505 3504
3 6847 6848 3505
4 7011 7010 3584 3585
3 7012 7011 3585
4 6848 6849 3506 3505
3 6849 6850 3506
4 7013 7012 3585 3586
3 7014 7013 3586
4 6850 6851 3507 3506
3 6851 6852 3507
4 7015 7014 3586 3587
3 7016 7015 3587
4 6852 6853 3508 3507
3 6853 6854 3508
4 7017 7016 3587 3588
3 7018 7017 3588
4 6854 6855 3509 3508
3 6855 6856 3509
4 7019 7018 3588 3589
3 7020 7019 3589
4 6856 6857 3510 3509
3 6857 6858 3510
4 7021 7020 3589 3590
3 7022 7021 3590
4 6858 6859 3511 3510
3 6859 6860 3511
4 7023 7022 3590 3591
3 7024 7023 3591
4 6860 6861 3512 3511
3 6861 6862 3512
4 7025 7024 3591 3592
3 7026 7025 3592
4 6862 6863 3513 3512
3 6863 6864 3513
4 7027 7026 3592 3593
3 7028 7027 3593
4 6864 6865 3514 3513
3 6865 6866 3514
4 7029 7028 3593 3594
3 7030 7029 3594
4 6866 6867 3515 3514
3 6867 6868 3515
4 7031 7030 3594 3595
3 7032 7031 3595
4 6868 6869 3516 3515
3 6869 6870 3516
4 7033 7032 3595 3596
3 7034 7033 3596
4 6870 6871 3517 3516
3 6871 6872 3517
4 7035 7034 3596 3597
3 7036 7035 3597
4 6872 6873 3518 3517
3 6873 6874 3518
4 7037 7036 3597 3598
3 7038 7037 3598
4 6874 6875 3519 3518
3 6875 6876 3519
4 7039 7038 3598 3599
3 7040 7039 3599
4 6876 6877 3520 3519
3 6877 6878 3520
4 7041 7040 3599 3600
3 7042 7041 3600
4 6878 6879 3521 3520
3 6879 6880 3521
4 7043 7042 3600 3601
3 7044 7043 3601
4 6880 6881 3522 3521
3 6881 6882 3522
4 7045 7044 3601 3602
3 7046 7045 3602
4 6882 6883 3523 3522
3 6883 6884 3523
4 7047 7046 3602 3603
3 7048 7047 3603
4 6884 6885 204 3523
3 6885 6886 204
4 7049 7048 3603 203

CELL_TYPES 13284
5
5
5
5
5
5
5
5
5
5
5
5
5
5
5
5
5
5
5
5
5
5
5
5
5
5
5
5
5
5
5
5
5
5
5
5
5
5
5
5
5
5
5
5
5
5
5
5
5
5
5
5
5
5
5
5
5
5
5
5
5
5
5
5
5
5
5
5
5
5
5
5
5
5
5
5
5
5
5
5
5
5
5
5
5
5
5
5
5
5
5
5
5
5
5
5
5
5
5
5
5
5
5
5
5
5
5
5
5
5
5
5
5
5
5
5
5
5
5
5
5
5
5
5
5
5
5
5
5
5
5
5
5
5
5
5
5
5
5
5
5
5
5
5
5
5
5
5
5
5
5
5
5
5
5
5
5
5
5
5
5
5
5
5
5
5
5
5
5
5
5
5
5
5
5
5
5
5
5
5
5
5
5
5
5
5
5
5
5
5
5
5
5
5
5
5
5
5
5
5
5
5
5
5
5
5
5
5
5
5
5
5
5
5
5
5
5
5
5
5
5
5
5
5
5
5
5
5
5
5
5
5
5
5
5
5
5
5
5
5
5
5
5
5
5
5
5
5
5
5
5
5
5
5
5
5
5
5
5
5
5
5
5
5
5
5
5
5
5
5
5
5
5
5
5
5
5
5
5
5
5
5
5
5
5
5
5
5
5
5
5
5
5
5
5
5
5
5
5
5
5
5
5
5
5
5
5
5
5
5
5
5
5
5
5
5
5
5
5
5
5
5
5
5
5
5
5
5
5
5
5
5
5
5
5
5
5
5
5
5
5
5
5
5
5
5
5
5
5
5
5
5
5
5
5
5
5
5
5
5
5
5
5
5
5
5
5
5
5
5
5
5
5
5
5
5
5
5
5
5
5
5
5
5
5
5
5
5
5
5
5
5
5
5
5
5
5
5
5
5
5
5
5
5
5
5
5
5
5
5
5
5
5
5
5
5
5
5
5
5
5
5
5
5
5
5
5
5
5
5
5
5
5
5
5
5
5
5
5
5
5
5
5
5
5
5
5
5
5
5
5
5
5
5
5
5
5
5
5
5
5
5
5
5
5
5
5
5
5
5
5
5
5
5
5
5
5
5
5
5
5
5
5
5
5
5
5
5
5
5
5
5
5
5
5
5
5
5
5
5
5
5
5
5
5
5
5
5
5
5
5
5
5
5
5
5
5
5
5
5
5
5
5
5
5
5
5
5
5
5
5
5
5
5
5
5
5
5
5
5
5
5
5
5
5
5
5
5
5
5
5
5
5
5
5
5
5
5
5
5
5
5
5
5
5
5
5
5
5
5
5
5
5
5
5
5
5
5
5
5
5
5
5
5
5
5
5
5
5
5
5
5
5
5
5
5
5
5
5
5
5
5
5
5
5
5
5
5
5
5
5
5
5
5
5
5
5
5
5
5
5
5
5
5
5
5
5
5
5
5
5
5
5
5
5
5
5
5
5
5
5
5
5
5
5
5
5
5
5
5
5
5
5
5
5
5
5
5
5
5
5
5
5
5
5
5
5
5
5
5
5
5
5
5
5
5
5
5
5
5
5
5
5
5
5
5
5
5
5
5
5
5
5
5
5
5
5
5
5
5
5
5
5
5
5
5
5
5
5
5
5
5
5
5
5
5
5
5
5
5
5
5
5
5
5
5
5
5
5
5
5
5
5
5
5
5
5
5
5
5
5
5
5
5
5
5
5
5
5
5
5
5
5
5
5
5
5
5
5
5
5
5
5
5
5
5
5
5
5
5
5
5
5
5
5
5
5
5
5
5
5
5
5
5
5
5
5
5
5
5
5
5
5
5
5
5
5
5
5
5
5
5
5
5
5
5
5
5
5
5
5
5
5
5
5
5
5
5
5
5
5
5
5
5
5
5
5
5
5
5
5
5
5
5
5
5
5
5
5
5
5
5
5
5
5
5
5
5
5
5
5
5
5
5
5
5
5
5
5
5
5
5
5
5
5
5
5
5
5
5
5
5
5
5
5
5
5
5
5
5
5
5
5
5
5
5
5
5
5
5
5
5
5
5
5
5
5
5
5
5
5
5
5
5
5
5
5
5
5
5
5
5
5
5
5
5
5
5
5
5
5
5
5
5
5
5
5
5
5
5
5
5
5
5
5
5
5
5
5
5
5
5
5
5
5
5
5
5
5
5
5
5
5
5
5
5
5
5
5
5
5
5
5
5
5
5
5
5
5
5
5
5
5
5
5
5
5
5
5
5
5
5
5
5
5
5
5
5
5
5
5
5
5
5
5
5
5
5
5
5
5
5
5
5
5
5
5
5
5
5
5
5
5
5
5
5
5
5
5
5
5
5
5
5
5
5
5
5
5
5
5
5
5
5
5
5
5
5
5
5
5
5
5
5
5
5
5
5
5
5
5
5
5
5
5
5
5
5
5
5
5
5
5
5
5
5
5
5
5
5
5
5
5
5
5
5
5
5
5
5
5
5
5
5
5
5
5
5
5
5
5
5
5
5
5
5
5
5
5
5
5
5
5
5
5
5
5
5
5
5
5
5
5
5
5
5
5
5
5
5
5
5
5
5
5
5
5
5
5
5
5
5
5
5
5
5
5
5
5
5
5
5
5
5
5
5
5
5
5
5
5
5
5
5
5
5
5
5
5
5
5
5
5
5
5
5
5
5
5
5
5
5
5
5
5
5
5
5
5
5
5
5
5
5
5
5
5
5
5
5
5
5
5
5
5
5
5
5
5
5
5
5
5
5
5
5
5
5
5
5
5
5
5
5
5
5
5
5
5
5
5
5
5
5
5
5
5
5
5
5
5
5
5
5
5
5
5
5
5
5
5
5
5
5
5
5
5
5
5
5
5
5
5
5
5
5
5
5
5
5
5
5
5
5
5
5
5
5
5
5
5
5
5
5
5
5
5
5
5
5
5
5
5
5
5
5
5
5
5
5
5
5
5
5
5
5
5
5
5
5
5
5
5
5
5
5
5
5
5
5
5
5
5
5
5
5
5
5
5
5
5
5
5
5
5
5
5
5
5
5
5
5
5
5
5
5
5
5
5
5
5
5
5
5
5
5
5
5
5
5
5
5
5
5
5
5
5
5
5
5
5
5
5
5
5
5
5
5
5
5
5
5
5
5
5
5
5
5
5
5
5
5
5
5
5
5
5
5
5
5
5
5
5
5
5
5
5
5
5
5
5
5
5
5
5
5
5
5
5
5
5
5
5
5
5
5
5
5
5
5
5
5
5
5
5
5
5
5
5
5
5
5
5
5
5
5
5
5
5
5
5
5
5
5
5
5
5
5
5
5
5
5
5
5
5
5
5
5
5
5
5
5
5
5
5
5
5
5
5
5
5
5
5
5
5
5
5
5
5
5
5
5
5
5
5
5
5
5
5
5
5
5
5
5
5
5
5
5
5
5
5
5
5
5
5
5
5
5
5
5
5
5
5
5
5
5
5
5
5
5
5
5
5
5
5
5
5
5
5
5
5
5
5
5
5
5
5
5
5
5
5
5
5
5
5
5
5
5
5
5
5
5
5
5
5
5
5
5
5
5
5
5
5
5
5
5
5
5
5
5
5
5
5
5
5
5
5
5
5
5
5
5
5
5
5
5
5
5
5
5
5
5
5
5
5
5
5
5
5
5
5
5
5
5
5
5
5
5
5
5
5
5
5
5
5
5
5
5
5
5
5
5
5
5
5
5
5
5
5
5
5
5
5
5
5
5
5
5
5
5
5
5
5
5
5
5
5
5
5
5
5
5
5
5
5
5
5
5
5
5
5
5
5
5
5
5
5
5
5
5
5
5
5
5
5
5
5
5
5
5
5
5
5
5
5
5
5
5
5
5
5
5
5
5
5
5
5
5
5
5
5
5
5
5
5
5
5
5
5
5
5
5
5
5
5
5
5
5
5
5
5
5
5
5
5
5
5
5
5
5
5
5
5
5
5
5
5
5
5
5
5
5
5
5
5
5
5
5
5
5
5
5
5
5
5
5
5
5
5
5
5
5
5
5
5
5
5
5
5
5
5
5
5
5
5
5
5
5
5
5
5
5
5
5
5
5
5
5
5
5
5
5
5
5
5
5
5
5
5
5
5
5
5
5
5
5
5
5
5
5
5
5
5
5
5
5
5
5
5
5
5
5
5
5
5
5
5
5
5
5
5
5
5
5
5
5
5
5
5
5
5
5
5
5
5
5
5
5
5
5
5
5
5
5
5
5
5
5
5
5
5
5
5
5
5
5
5
5
5
5
5
5
5
5
5
5
5
5
5
5
5
5
5
5
5
5
5
5
5
5
5
5
5
5
5
5
5
5
5
5
5
5
5
5
5
5
5
5
5
5
5
5
5
5
5
5
5
5
5
5
5
5
5
5
5
5
5
5
5
5
5
5
5
5
5
5
5
5
5
5
5
5
5
5
5
5
5
5
5
5
5
5
5
5
5
5
5
5
5
5
5
5
5
5
5
5
5
5
5
5
5
5
5
5
5
5
5
5
5
5
5
5
5
5
5
5
5
5
5
5
5
5
5
5
5
5
5
5
5
5
5
5
5
5
5
5
5
5
5
5
5
5
5
5
5
5
5
5
5
5
5
5
5
5
5
5
5
5
5
5
5
5
5
5
5
5
5
5
5
5
5
5
5
5
5
5
5
5
5
5
5
5
5
5
5
5
5
5
5
5
5
5
5
5
5
5
5
5
5
5
5
5
5
5
5
5
5
5
5
5
5
5
5
5
5
5
5
5
5
5
5
5
5
5
5
5
5
5
5
5
5
5
5
5
5
5
5
5
5
5
5
5
5
5
5
5
5
5
5
5
5
5
5
5
5
5
5
5
5
5
5
5
5
5
5
5
5
5
5
5
5
5
5
5
5
5
5
5
5
5
5
5
5
5
5
5
5
5
5
5
5
5
5
5
5
5
5
5
5
5
5
5
5
5
5
5
5
5
5
5
5
5
5
5
5
5
5
5
5
5
5
5
5
5
5
5
5
5
5
5
5
5
5
5
5
5
5
5
5
5
5
5
5
5
5
5
5
5
5
5
5
5
5
5
5
5
5
5
5
5
5
5
5
5
5
5
5
5
5
5
5
5
5
5
5
5
5
5
5
5
5
5
5
5
5
5
5
5
5
5
5
5
5
5
5
5
5
5
5
5
5
5
5
5
5
5
5
5
5
5
5
5
5
5
5
5
5
5
5
5
5
5
5
5
5
5
5
5
5
5
5
5
5
5
5
5
5
5
5
5
5
5
5
5
5
5
5
5
5
5
5
5
5
5
5
5
5
5
5
5
5
5
5
5
5
5
5
5
5
5
5
5
5
5
5
5
5
5
5
5
5
5
5
5
5
5
5
5
5
5
5
5
5
5
5
5
5
5
5
5
5
5
5
5
5
5
5
5
5
5
5
5
5
5
5
5
5
5
5
5
5
5
5
5
5
5
5
5
5
5
5
5
5
5
5
5
5
5
5
5
5
5
5
5
5
5
5
5
5
5
5
5
5
5
5
5
5
5
5
5
5
5
5
5
5
5
5
5
5
5
5
5
5
5
5
5
5
5
5
5
5
5
5
5
5
5
5
5
5
5
5
5
5
5
5
5
5
5
5
5
5
5
5
5
5
5
5
5
5
5
5
5
5
5
5
5
5
5
5
5
5
5
5
5
5
5
5
5
5
5
5
5
5
5
5
5
5
5
5
5
5
5
5
5
5
5
5
5
5
5
5
5
5
5
5
5
5
5
5
5
5
5
5
5
5
5
5
5
5
5
5
5
5
5
5
5
5
5
5
5
5
5
5
5
5
5
5
5
5
5
5
5
5
5
5
5
5
5
5
5
5
5
5
5
5
5
5
5
5
5
5
5
5
5
5
5
5
5
5
5
5
5
5
5
5
5
5
5
5
5
5
5
5
5
5
5
5
5
5
5
5
5
5
5
5
5
5
5
5
5
5
5
5
5
5
5
5
5
5
5
5
5
5
5
5
5
5
5
5
5
5
5
5
5
5
5
5
5
5
5
5
5
5
5
5
5
5
5
5
5
5
5
5
5
5
5
5
5
5
5
5
5
5
5
5
5
5
5
5
5
5
5
5
5
5
5
5
5
5
5
5
5
5
5
5
5
5
5
5
5
5
5
5
5
5
5
5
5
5
5
5
5
5
5
5
5
5
5
5
5
5
5
5
5
5
5
5
5
5
5
5
5
5
5
5
5
5
5
5
5
5
5
5
5
5
5
5
5
5
5
5
5
5
5
5
5
5
5
5
5
5
5
5
5
5
5
5
5
5
5
5
5
5
5
5
5
5
5
5
5
5
5
5
5
5
5
5
5
5
5
5
5
5
5
5
5
5
5
5
5
5
5
5
5
5
5
5
5
5
5
5
5
5
5
5
5
5
5
5
5
5
5
5
5
5
5
5
5
5
5
5
5
5
5
5
5
5
5
5
5
5
5
5
5
5
5
5
5
5
5
5
5
5
5
5
5
5
5
5
5
5
5
5
5
5
5
5
5
5
5
5
5
5
5
5
5
5
5
5
5
5
5
5
5
5
5
5
5
5
5
5
5
5
5
5
5
5
5
5
5
5
5
5
5
5
5
5
5
5
5
5
5
5
5
5
5
5
5
5
5
5
5
5
5
5
5
5
5
5
5
5
5
5
5
5
5
5
5
5
5
5
5
5
5
5
5
5
5
5
5
5
5
5
5
5
5
5
5
5
5
5
5
5
5
5
5
5
5
5
5
5
5
5
5
5
5
5
5
5
5
5
5
5
5
5
5
5
5
5
5
5
5
5
5
5
5
5
5
5
5
5
5
5
5
5
5
5
5
5
5
5
5
5
5
5
5
5
5
5
5
5
5
5
5
5
5
5
5
5
5
5
5
5
5
5
5
5
5
5
5
5
5
5
5
5
5
5
5
5
5
5
5
5
5
5
5
5
5
5
5
5
5
5
5
5
5
5
5
5
5
5
5
5
5
5
5
5
5
5
5
5
5
5
5
5
5
5
5
5
5
5
5
5
5
5
5
5
5
5
5
5
5
5
5
5
5
5
5
5
5
5
5
5
5
5
5
5
5
5
5
5
5
5
5
5
5
5
5
5
5
5
5
5
5
5
5
5
5
5
5
5
5
5
5
5
5
5
5
5
5
5
5
5
5
5
5
5
5
5
5
5
5
5
5
5
5
5
5
5
5
5
5
5
5
5
5
5
5
5
5
5
5
5
5
5
5
5
5
5
5
5
5
5
5
5
5
5
5
5
5
5
5
5
5
5
5
5
5
5
5
5
5
5
5
5
5
5
5
5
5
5
5
5
5
5
5
5
5
5
5
5
5
5
5
5
5
5
5
5
5
5
5
5
5
5
5
5
5
5
5
5
5
5
5
5
5
5
5
5
5
5
5
5
5
5
5
5
5
5
5
5
5
5
5
5
5
5
5
5
5
5
5
5
5
5
5
5
5
5
5
5
5
5
5
5
5
5
5
5
5
5
5
5
5
5
5
5
5
5
5
5
5
5
5
5
5
5
5
5
5
5
5
5
5
5
5
5
5
5
5
5
5
5
5
5
5
5
5
5
5
5
5
5
5
5
5
5
5
5
5
5
5
5
5
5
5
5
5
5
5
5
5
5
5
5
5
5
5
5
5
5
5
5
5
5
5
5
5
5
5
5
5
5
5
5
5
5
5
5
5
5
5
5
5
5
5
5
5
5
5
5
5
5
5
5
5
5
5
5
5
5
5
5
5
5
5
5
5
5
5
5
5
5
5
5
5
5
5
5
5
5
5
5
5
5
5
5
5
5
5
5
5
5
5
5
5
5
5
5
5
5
5
5
5
5
5
5
5
5
5
5
5
5
5
5
5
5
5
5
5
5
5
5
5
5
5
5
5
5
5
5
5
5
5
5
5
5
5
5
5
5
5
5
5
5
5
5
5
5
5
5
5
5
5
5
5
5
5
5
5
5
5
5
5
5
5
5
5
5
5
5
5
5
5
5
5
5
5
5
5
5
5
5
5
5
5
5
5
5
5
5
5
5
5
5
5
5
5
5
5
5
5
5
5
5
5
5
5
5
5
5
5
5
5
5
5
5
5
5
5
5
5
5
5
5
5
5
5
5
5
5
5
5
5
5
5
5
5
5
5
5
5
5
5
5
5
5
5
5
5
5
5
5
5
5
5
5
5
5
5
5
5
5
5
5
5
5
5
5
5
5
5
5
5
5
5
5
5
5
5
5
5
5
5
5
5
5
5
5
5
5
5
5
5
5
5
5
5
5
5
5
5
5
5
5
5
5
5
5
5
5
5
5
5
5
5
5
5
5
5
5
5
5
5
5
5
5
5
5
5
5
5
5
5
5
5
5
5
5
5
5
5
5
5
5
5
5
5
5
5
5
5
5
5
5
5
5
5
5
5
5
5
5
5
5
5
5
5
5
5
5
5
5
5
5
5
5
5
5
5
5
5
5
5
5
5
5
5
5
5
5
5
5
5
5
5
5
5
5
5
5
5
5
5
5
5
5
5
5
5
5
5
5
5
5
5
5
5
5
5
5
5
5
5
5
5
5
5
5
5
5
5
5
5
5
5
5
5
5
5
5
5
5
5
5
5
5
5
5
5
5
5
5
5
5
5
5
5
5
5
5
5
5
5
5
5
5
5
5
5
5
5
5
5
5
5
5
5
5
5
5
5
5
5
5
5
5
5
5
5
5
5
5
5
5
5
5
5
5
5
5
5
5
5
5
5
5
5
5
5
5
5
5
5
5
5
5
5
5
5
5
5
5
5
5
5
5
5
5
5
5
5
5
5
5
5
5
5
5
5
5
5
5
5
5
5
5
5
5
5
5
5
5
5
5
5
5
5
5
5
5
5
5
5
5
5
5
5
5
5
5
5
5
5
5
5
5
5
5
5
5
5
5
5
5
5
5
5
5
5
5
5
5
5
5
5
5
5
5
5
5
5
5
5
5
5
5
5
5
5
5
5
5
5
5
5
5
5
5
5
5
5
5
5
5
5
5
5
5
5
5
5
5
5
5
5
5
5
5
5
5
5
5
5
5
5
5
5
5
5
5
5
5
5
5
5
5
5
5
5
5
5
5
5
5
5
5
5
5
5
5
5
5
5
5
5
5
5
5
5
5
5
5
5
5
5
5
5
5
5
5
5
5
5
5
5
5
5
5
5
5
5
5
5
5
5
5
5
5
5
5
5
5
5
5
5
5
5
5
5
5
5
5
5
5
5
5
5
5
5
5
5
5
5
5
5
5
5
5
5
5
5
5
5
5
5
5
5
5
5
5
5
5
5
5
5
5
5
5
5
5
5
5
5
5
5
5
5
5
5
5
5
5
5
5
5
5
5
5
5
5
5
5
5
5
5
5
5
5
5
5
5
5
5
5
5
5
5
5
5
5
5
5
5
5
5
5
5
5
5
5
5
5
5
5
5
5
5
5
5
5
5
5
5
5
5
5
5
5
5
5
5
5
5
5
5
5
5
5
5
5
5
5
5
5
5
5
5
5
5
5
5
5
5
5
5
5
5
5
5
5
5
5
5
5
5
5
5
5
5
5
5
5
5
5
5
5
5
5
5
5
5
5
5
5
5
5
5
5
5
5
5
5
5
5
5
5
5
5
5
5
5
5
5
5
5
5
5
5
5
5
5
5
5
5
5
5
5
5
5
5
5
5
5
5
5
5
5
5
5
5
5
5
5
5
5
5
5
5
5
5
5
5
5
5
5
5
5
5
5
5
5
5
5
5
5
5
5
5
5
5
5
5
5
5
5
5
5
5
5
5
5
5
5
5
5
5
5
5
5
5
5
5
5
5
5
5
5
5
5
5
5
5
5
5
5
5
5
5
5
5
5
5
5
5
5
5
5
5
5
5
5
5
5
5
5
5
5
5
5
5
5
5
5
5
5
5
5
5
5
5
5
5
5
5
5
5
5
5
5
5
5
5
5
5
5
5
5
5
5
5
5
5
5
5
5
5
5
5
5
5
5
5
5
5
5
5
5
5
5
5
5
5
5
5
5
5
5
5
5
5
5
5
5
5
5
5
5
5
5
5
5
5
5
5
5
5
5
5
5
5
5
5
5
5
5
5
5
5
5
5
5
5
5
5
5
5
5
5
5
5
5
5
5
5
5
5
5
5
5
5
5
5
5
5
5
5
5
5
5
5
5
5
5
5
5
5
5
5
5
5
5
5
5
5
5
5
5
5
5
5
5
5
5
5
5
5
5
5
5
5
5
5
5
5
5
5
5
5
5
5
5
5
5
5
5
5
5
5
5
5
5
5
5
5
5
5
5
5
5
5
5
5
5
5
5
5
5
5
5
5
5
5
5
5
5
5
5
5
5
5
5
5
5
5
5
5
5
5
5
5
5
5
5
5
5
5
5
5
5
5
5
5
5
5
5
5
5
5
5
5
5
5
5
5
5
5
5
5
5
5
5
5
5
5
5
5
5
5
5
5
5
5
5
5
5
5
5
5
5
5
5
5
5
5
5
5
5
5
5
5
5
5
5
5
5
5
5
5
5
5
5
5
5
5
5
5
5
5
5
5
5
5
5
5
5
5
5
5
5
5
5
5
5
5
5
5
5
5
5
5
5
5
5
5
5
5
5
5
5
5
5
5
5
5
5
5
5
5
5
5
5
5
5
5
5
5
5
5
5
5
5
5
5
5
5
5
5
5
5
5
5
5
5
5
5
5
5
5
5
5
5
5
5
5
5
5
5
5
5
5
5
5
5
5
5
5
5
5
5
5
5
5
5
5
5
5
5
5
5
5
5
5
5
5
5
5
5
5
5
5
5
5
5
5
5
5
5
5
5
5
5
5
5
5
5
5
5
5
5
5
5
5
5
5
5
5
5
5
5
5
5
5
5
5
5
5
5
5
5
5
5
5
5
5
5
5
5
5
5
5
5
5
5
5
5
5
5
5
5
5
5
5
5
5
5
5
5
5
5
5
5
5
5
5
5
5
5
5
5
5
5
5
5
5
5
5
5
5
5
5
5
5
5
5
5
5
5
5
5
5
5
5
5
5
5
5
5
5
5
5
5
5
5
5
5
5
5
5
5
5
5
5
5
5
5
5
5
5
5
5
5
5
5
5
5
5
5
5
5
5
5
5
5
5
5
5
5
5
5
5
5
5
5
5
5
5
5
5
5
5
5
5
5
5
5
5
5
5
5
5
5
5
5
5
5
5
5
5
5
5
5
5
5
5
5
5
5
5
5
5
5
5
5
5
5
5
5
5
5
5
5
5
5
5
5
5
5
5
5
5
5
5
5
5
5
5
5
5
5
5
5
5
5
5
5
5
5
5
5
5
5
5
5
5
5
5
5
5
5
5
5
5
5
5
5
5
5
5
5
5
5
5
5
5
5
5
5
5
5
5
5
5
5
5
5
5
5
5
5
5
5
5
5
5
5
5
5
5
5
5
5
5
5
5
5
5
5
5
5
5
5
5
5
5
5
5
5
5
5
5
5
5
5
5
5
5
5
5
5
5
5
5
5
5
5
5
5
5
5
5
5
5
5
5
5
5
5
5
5
5
5
5
5
5
5
5
5
5
5
5
5
5
5
5
5
5
5
5
5
5
5
5
5
5
5
5
5
5
5
5
5
5
5
5
5
5
5
5
5
5
5
5
5
5
5
5
5
5
5
5
5
5
5
5
5
5
5
5
5
5
5
5
5
5
5
5
5
5
5
5
5
5
5
5
5
5
5
5
5
5
5
5
5
5
5
5
5
5
5
5
5
5
5
5
5
5
5
5
5
5
5
5
5
5
5
5
5
5
5
5
5
5
5
5
5
5
5
5
5
5
5
5
5
5
5
5
5
5
5
5
5
5
5
5
5
5
5
5
5
5
5
5
5
5
5
5
5
5
5
5
5
5
5
5
5
5
5
5
5
5
5
5
5
5
5
5
5
5
5
5
5
5
5
5
5
5
5
5
5
5
5
5
5
5
5
5
5
5
5
5
5
5
5
5
5
5
5
5
5
5
5
5
5
5
5
5
5
5
5
5
5
5
5
5
5
5
5
5
5
5
5
5
5
5
5
5
5
5
5
5
5
5
5
5
5
5
5
5
5
5
5
5
5
5
5
5
5
5
5
5
5
5
5
5
5
5
5
5
5
5
5
5
5
5
5
5
5
5
5
5
5
5
5
5
5
5
5
5
5
5
5
5
5
5
5
5
5
5
5
5
5
5
5
5
5
5
5
5
5
5
5
5
5
5
5
5
5
5
5
5
5
5
5
5
5
5
5
5
5
5
5
5
5
5
5
5
5
5
5
5
5
5
5
5
5
5
5
5
5
5
5
5
5
5
5
5
5
5
5
5
5
5
5
5
5
5
5
5
5
5
5
5
5
5
5
5
5
5
5
5
5
5
5
5
5
5
5
5
5
5
5
5
5
5
5
5
5
5
5
5
5
5
5
5
5
5
5
5
5
5
5
5
5
5
5
5
5
5
5
5
5
5
5
5
5
5
5
5
5
5
5
5
5
5
5
5
5
5
5
5
5
5
5
5
5
5
5
5
5
5
5
5
5
5
5
5
5
5
5
5
5
5
5
5
5
5
5
5
5
5
5
5
5
5
5
5
5
5
5
5
5
5
5
5
5
5
5
5
5
5
5
5
5
5
5
5
5
5
5
5
5
5
5
5
5
5
5
5
5
5
5
5
5
5
5
5
5
5
5
5
5
5
5
5
5
5
5
5
5
5
5
5
5
5
5
5
5
5
5
5
5
5
5
5
5
5
5
5
5
5
5
5
5
5
5
5
5
5
5
5
5
5
5
5
5
5
5
5
5
5
5
5
5
5
5
5
5
5
5
5
5
5
5
5
5
5
5
5
5
5
5
5
5
5
5
5
5
5
5
5
5
5
5
5
5
5
5
5
5
5
5
5
5
5
5
5
5
5
5
5
5
5
5
5
5
5
5
5
5
5
5
5
5
5
5
5
5
5
5
5
5
5
5
5
5
5
5
5
5
5
5
5
5
5
5
5
5
5
5
5
5
5
5
5
5
5
5
5
5
5
5
5
5
5
5
5
5
5
5
5
5
5
5
5
5
5
5
5
5
5
5
5
5
5
5
5
5
5
5
5
5
5
5
5
5
5
5
5
5
5
5
5
5
5
5
5
5
5
5
5
5
5
5
5
5
5
5
5
5
5
5
5
5
5
5
5
5
5
5
5
5
5
5
5
5
5
5
5
5
5
5
5
5
5
5
5
5
5
5
5
5
5
5
5
5
5
5
5
5
5
5
5
5
5
5
5
5
5
5
5
5
5
5
5
5
5
5
5
5
5
5
5
5
5
5
5
5
5
5
5
5
5
5
5
5
5
5
5
5
5
5
5
5
5
5
5
5
5
5
5
5
5
5
5
5
5
5
5
5
5
5
5
5
5
5
5
5
5
5
5
5
5
5
5
5
5
5
5
5
5
5
5
5
5
5
5
5
5
5
5
5
5
5
5
5
5
5
5
5
5
5
5
5
5
5
5
5
5
5
5
5
5
5
5
5
5
5
5
5
5
5
5
5
5
5
5
5
5
5
5
5
5
5
5
5
5
5
5
5
5
5
5
5
5
5
5
5
5
5
5
5
5
5
5
5
5
5
5
5
5
5
5
5
5
5
5
5
5
5
5
5
5
5
5
5
5
5
5
5
5
5
5
5
5
5
5
5
5
5
5
5
5
5
5
5
5
5
5
5
5
5
5
5
5
5
5
5
5
5
5
5
5
5
5
5
5
5
5
5
5
5
5
5
5
5
5
5
5
5
5
5
5
5
5
5
5
5
5
5
5
5
5
5
5
5
5
5
5
5
5
5
5
5
5
5
5
5
5
5
5
5
5
5
5
5
5
5
5
5
5
5
5
5
5
5
5
5
5
5
5
5
5
5
5
5
5
5
5
5
5
5
5
5
5
5
5
5
5
5
5
5
5
5
5
5
5
5
5
5
5
5
5
5
5
5
5
5
5
5
5
5
5
5
5
5
5
5
5
5
5
5
5
5
5
5
5
5
5
5
5
5
5
5
5
5
5
5
5
5
5
5
5
5
5
5
5
5
5
5
5
5
5
5
5
5
5
5
5
5
5
5
5
5
5
5
5
5
5
5
5
5
5
5
5
5
5
5
5
5
5
5
5
5
5
5
5
5
5
5
5
5
5
5
5
5
5
5
5
5
5
5
5
5
5
5
5
5
5
5
5
5
5
5
5
5
5
5
5
5
5
5
5
5
5
5
5
5
5
5
5
5
5
5
5
5
5
5
5
5
5
5
5
5
5
5
5
5
5
5
5
5
5
5
5
5
5
5
5
5
5
5
5
5
5
5
5
5
5
5
5
5
5
5
5
5
5
5
5
5
5
5
5
5
5
5
5
5
5
5
5
5
5
5
5
5
5
5
5
5
5
5
5
5
5
5
5
5
5
5
5
5
5
5
5
5
5
5
5
5
5
5
5
5
5
5
5
5
5
5
5
5
5
5
5
5
5
5
5
5
5
5
5
5
5
5
5
5
5
5
5
5
5
5
5
5
5
5
5
5
5
5
5
5
5
5
5
5
5
5
5
5
5
5
5
5
5
5
5
5
5
5
5
5
5
5
5
5
5
5
5
5
5
5
5
5
5
5
5
5
5
5
5
5
5
5
5
5
5
5
5
5
5
5
5
5
5
5
5
5
5
5
5
5
5
5
5
5
5
5
5
5
5
5
5
5
5
5
5
5
5
5
5
5
5
5
5
5
5
5
5
5
5
5
5
5
5
5
5
5
5
5
5
5
5
5
5
5
5
5
5
5
5
5
5
5
5
5
5
5
5
5
5
5
5
5
5
5
5
5
5
5
5
5
5
5
5
5
5
5
5
5
5
5
5
5
5
5
5
5
5
5
5
5
5
5
5
5
5
5
5
5
5
5
5
5
5
5
5
5
5
5
5
5
5
5
5
5
5
5
5
5
5
5
5
5
5
5
5
5
5
5
5
5
5
5
5
5
5
5
5
5
5
5
5
5
5
5
5
5
5
5
5
5
5
5
5
5
5
5
5
5
5
5
5
5
5
5
5
5
5
5
5
5
5
5
5
5
5
5
5
5
5
5
5
5
5
5
5
5
5
5
5
5
5
5
5
5
5
5
5
5
5
5
5
5
5
5
5
5
5
5
5
5
5
5
5
5
5
5
5
5
5
5
5
5
5
5
5
5
5
5
5
5
5
5
5
5
5
5
5
5
5
5
5
5
5
5
5
5
5
5
5
5
5
5
5
5
5
5
5
5
5
5
5
5
5
5
5
5
5
5
5
5
5
5
5
5
5
5
5
5
5
5
5
5
5
5
5
5
5
5
5
5
5
5
5
5
5
5
5
5
5
5
5
5
5
5
5
5
5
5
5
5
5
5
5
5
5
5
5
5
5
5
5
5
5
5
5
5
5
5
5
5
5
5
5
5
5
5
5
5
5
5
5
5
5
5
5
5
5
5
5
5
5
5
5
5
5
5
5
5
5
5
5
5
5
5
5
5
5
5
5
5
5
5
5
5
5
5
5
5
5
5
5
5
5
5
5
5
5
5
5
5
5
5
5
5
5
5
5
5
5
5
5
5
5
5
5
5
5
5
5
5
5
5
5
5
5
5
5
5
5
5
5
5
5
5
5
5
5
5
5
5
5
5
5
5
5
5
5
5
5
5
5
5
5
5
5
5
5
5
5
5
5
5
5
5
5
5
5
5
5
5
5
5
5
5
5
5
5
5
5
5
5
5
5
5
5
5
5
5
5
5
5
5
5
5
5
5
5
5
5
5
5
5
5
5
5
5
5
5
5
5
5
5
5
5
5
5
5
5
5
5
5
5
5
5
5
5
5
5
5
5
5
5
5
5
5
5
5
5
5
5
5
5
5
5
5
5
5
5
5
5
5
5
5
5
5
5
5
5
5
5
5
5
5
5
5
5
5
5
5
5
5
5
5
5
5
5
5
5
5
5
5
5
5
5
5
5
5
5
5
5
5
5
5
5
5
5
5
5
5
5
5
5
5
5
5
5
5
5
5
5
5
5
5
5
5
5
5
5
5
5
5
5
5
5
5
5
5
5
5
5
5
5
5
5
5
5
5
5
5
5
5
5
5
5
5
5
5
5
5
5
5
5
5
5
5
5
5
5
5
5
5
5
5
5
5
5
5
5
5
5
5
5
5
5
5
5
5
5
5
5
5
5
5
5
5
5
5
5
5
5
5
5
5
5
5
5
5
5
5
5
5
5
5
5
5
5
5
5
5
5
5
5
5
5
5
5
5
5
5
5
5
5
5
5
5
5
5
5
5
5
5
5
5
5
5
5
5
5
5
5
5
5
5
5
5
5
5
5
5
5
5
5
5
5
5
5
5
5
5
5
5
5
5
5
5
5
5
5
5
5
5
5
5
5
5
5
5
5
5
5
5
5
5
5
5
5
5
5
5
5
5
5
5
5
5
5
5
5
5
5
5
5
5
5
5
5
5
5
5
5
5
5
5
5
5
5
5
5
5
5
5
5
5
5
5
5
5
5
5
5
5
5
5
5
5
5
5
5
5
5
5
5
5
5
5
5
5
5
5
5
5
5
5
5
5
5
5
5
5
5
5
5
5
5
5
5
5
5
5
5
5
5
5
5
5
5
5
5
5
5
5
5
5
5
5
5
5
5
5
5
5
5
5
5
5
5
5
5
5
5
5
5
5
5
5
5
5
5
5
5
5
5
5
5
5
5
5
5
5
5
5
5
5
5
5
5
5
5
5
5
5
5
5
5
5
5
5
5
5
5
5
5
5
5
5
5
5
5
5
5
5
5
5
5
5
5
5
5
5
5
5
5
5
5
5
5
5
5
5
5
5
5
5
5
5
5
5
5
5
5
5
5
5
5
5
5
5
5
5
5
5
5
5
5
5
5
5
5
5
5
5
5
5
5
5
5
5
5
5
5
5
5
5
5
5
5
5
5
5
5
5
5
5
5
5
5
5
5
5
5
5
5
5
5
5
5
5
5
5
5
5
5
5
5
5
5
5
5
5
5
5
5
5
5
5
5
5
5
5
5
5
5
5
5
5
5
5
5
5
5
5
5
5
5
5
5
5
5
5
5
5
5
5
5
5
5
5
5
5
5
5
5
5
5
5
5
5
5
5
5
5
5
5
5
5
5
5
5
5
5
5
5
5
5
5
5
5
5
5
5
5
5
5
5
5
5
5
5
5
5
5
5
5
5
5
5
5
5
5
5
5
5
5
5
5
5
5
5
5
5
5
5
5
5
5
5
5
5
5
5
5
5
5
5
5
5
5
5
5
5
5
5
5
5
5
5
5
5
5
5
5
5
5
5
5
5
5
5
5
5
5
5
5
5
5
5
5
5
5
5
5
5
5
5
5
5
5
5
5
5
5
5
5
5
5
5
5
5
5
5
5
5
5
5
5
5
5
5
5
5
5
5
5
5
5
5
5
5
5
5
5
5
5
5
5
5
5
5
5
5
5
5
5
5
5
5
5
5
5
5
5
5
5
5
5
5
5
5
5
5
5
5
5
5
5
5
5
5
5
5
5
5
5
5
5
5
5
5
5
5
5
5
5
5
5
5
5
5
5
5
5
5
5
5
5
5
5
5
5
5
5
5
5
5
5
5
5
5
5
5
5
5
5
5
5
5
5
5
5
5
5
5
5
5
5
5
5
5
5
5
5
5
5
5
5
5
5
5
5
5
5
5
5
5
5
5
5
5
5
5
5
5
5
5
5
5
5
5
5
5
5
5
5
5
5
5
5
5
5
5
5
5
5
5
5
5
5
5
5
5
5
5
5
5
5
5
5
5
5
5
5
5
5
5
5
5
5
5
5
5
5
5
5
5
5
5
5
5
5
5
5
5
5
5
5
5
5
5
5
5
5
5
5
5
5
5
5
5
5
5
5
5
5
5
5
5
5
5
5
5
5
5
5
5
5
5
5
5
5
5
5
5
5
5
5
5
5
5
5
5
5
5
5
5
5
5
5
5
5
5
5
5
5
5
5
5
5
5
5
5
5
5
5
5
5
5
5
5
5
5
5
5
5
5
5
5
5
5
5
5
5
5
5
5
5
5
5
5
5
5
5
5
5
5
5
5
5
5
5
5
5
5
5
5
5
5
5
5
5
5
5
5
5
5
5
5
5
5
5
5
5
5
5
5
5
5
5
5
5
5
5
5
5
5
5
5
5
5
5
5
5
5
5
5
5
5
5
5
5
5
5
5
5
5
5
5
5
5
5
5
5
5
5
5
5
5
5
5
5
5
5
5
5
5
5
5
5
5
5
5
5
5
5
5
5
5
5
5
5
5
5
5
5
5
5
5
5
5
5
5
5
5
5
5
5
5
5
5
5
5
5
5
5
5
5
5
5
5
5
5
5
5
5
5
5
5
5
5
5
5
5
5
5
5
5
5
5
5
5
5
5
5
5
5
5
5
5
5
5
5
5
5
5
5
5
5
5
5
5
5
5
5
5
5
5
5
5
5
5
5
5
5
5
5
5
5
5
5
5
5
5
5
5
5
5
5
5
5
5
5
5
5
5
5
5
5
5
5
5
5
5
5
5
5
5
5
5
5
5
5
5
5
5
5
5
5
5
5
5
5
5
5
5
5
5
5
5
5
5
5
5
5
5
5
5
5
5
5
5
5
5
5
5
5
5
5
5
5
5
5
5
5
5
5
5
5
5
5
5
5
5
5
5
5
5
5
5
5
5
5
5
5
5
5
5
5
5
5
5
5
5
5
5
5
5
5
5
5
5
5
5
5
5
5
5
5
5
5
5
5
5
5
5
5
5
5
5
5
5
5
5
5
5
5
5
5
5
5
5
5
5
5
5
5
5
5
5
5
5
5
5
5
5
5
5
5
5
5
5
5
5
5
5
5
5
5
5
5
5
5
5
5
5
5
5
5
5
5
5
5
5
5
5
5
5
5
5
5
5
5
5
5
5
5
5
5
5
5
5
5
5
5
5
5
5
5
5
5
5
5
5
5
5
5
5
5
5
5
5
5
5
5
5
5
5
5
5
5
5
5
5
5
5
5
5
5
5
5
5
5
5
5
5
5
5
5
5
5
5
5
5
5
5
5
5
5
5
5
5
5
5
5
5
5
5
5
5
5
5
5
5
5
5
5
5
5
5
5
5
5
5
5
5
5
5
5
5
5
5
5
5
5
5
5
5
5
5
5
5
5
5
5
5
5
5
5
5
5
5
5
5
5
5
5
5
5
5
5
5
5
5
5
5
5
5
5
5
5
5
5
5
5
5
5
5
5
5
5
5
5
5
5
5
5
5
5
5
5
5
5
5
5
5
5
5
5
5
5
5
5
5
5
5
5
5
5
5
5
5
5
5
5
5
5
5
5
5
5
5
5
5
5
5
5
5
5
5
5
5
5
5
5
5
5
5
5
5
5
5
5
5
5
5
5
5
5
5
5
5
5
5
5
5
5
5
5
5
5
5
5
5
5
5
5
5
5
5
5
5
5
5
5
5
5
5
5
5
5
5
5
5
5
5
5
5
5
5
5
5
5
5
5
5
5
5
5
5
5
5
5
5
5
5
5
5
5
5
5
5
5
5
5
5
5
5
5
5
5
5
5
5
5
5
5
5
5
5
5
5
5
5
5
5
5
5
5
5
5
5
5
5
5
5
5
5
5
5
5
5
5
5
5
5
5
5
5
5
5
5
5
5
5
5
5
5
5
5
5
5
5
5
5
5
5
5
5
5
5
5
5
5
5
5
5
5
5
5
5
5
5
5
5
5
5
5
5
5
5
5
5
5
5
5
5
5
5
5
5
5
5
5
5
5
5
5
5
5
5
5
5
5
5
5
5
5
5
5
5
5
5
5
5
5
5
5
5
5
5
5
5
5
5
5
5
5
5
5
5
5
5
5
5
5
5
5
5
5
5
5
5
5
5
5
5
5
5
5
5
5
5
5
5
5
5
5
5
5
5
5
5
5
5
5
5
5
5
5
5
5
5
5
5
5
5
5
5
5
5
5
5
5
5
5
5
5
5
5
5
5
5
5
5
5
5
5
5
5
5
5
5
5
5
5
5
5
5
5
5
5
5
5
5
5
5
5
5
5
5
5
5
5
5
5
5
5
5
5
5
5
5
5
5
5
5
5
5
5
5
5
5
5
5
5
5
5
5
5
5
5
5
5
5
5
5
5
5
5
5
5
5
5
5
5
5
5
5
5
5
5
5
5
5
5
5
5
5
5
5
5
5
5
5
5
5
5
5
5
5
5
5
5
5
5
5
5
5
5
5
5
5
5
5
5
5
5
5
5
5
5
5
5
5
5
5
5
5
5
5
5
5
5
5
5
5
5
5
5
5
5
5
5
5
5
5
5
5
5
5
5
5
5
5
5
5
5
5
5
5
5
5
5
5
5
5
5
5
5
5
5
5
5
5
5
5
5
5
5
5
5
5
5
5
5
5
5
5
5
5
5
5
5
5
5
5
5
5
5
5
5
5
5
5
5
5
5
5
5
5
5
5
5
5
5
5
5
5
5
5
5
5
5
5
5
5
5
5
5
5
5
5
5
5
5
5
5
5
5
5
5
5
5
5
5
5
5
5
5
5
5
5
5
5
5
5
5
5
5
5
5
5
5
5
5
5
5
5
5
5
5
5
5
5
5
5
5
5
5
5
5
5
5
5
5
5
5
5
5
5
5
5
5
5
5
5
5
5
5
5
5
5
5
5
5
5
5
5
5
5
5
5
5
5
5
5
5
5
5
5
5
5
5
5
5
5
5
5
5
5
5
5
5
5
5
5
5
5
5
5
5
5
5
5
5
5
5
5
5
5
5
5
5
5
5
5
5
5
5
5
5
5
5
5
5
5
5
5
5
5
5
5
5
5
5
5
5
5
5
5
5
5
5
5
5
5
5
5
5
5
5
5
5
5
5
5
5
5
5
5
5
5
5
5
5
5
5
5
5
5
5
5
5
5
5
5
5
5
5
5
5
5
5
5
5
5
5
5
5
5
5
5
5
5
5
5
5
5
5
5
5
5
5
5
5
5
5
5
5
5
5
5
5
5
5
5
5
5
5
5
5
5
5
5
5
5
5
5
5
5
5
5
5
5
5
5
5
5
5
5
5
5
5
5
5
5
5
5
5
5
5
5
5
5
5
5
5
5
5
5
5
5
5
5
5
5
5
5
5
5
5
5
5
5
5
5
5
5
5
5
5
5
5
5
5
5
5
5
5
5
5
5
5
5
5
5
5
5
5
5
5
5
5
5
5
5
5
5
5
5
5
5
5
5
5
5
5
5
5
5
5
5
5
5
5
5
5
5
5
5
5
5
5
5
5
5
5
5
5
5
5
5
5
5
5
5
5
5
5
5
5
5
5
5
5
5
5
5
5
5
5
5
5
5
5
5
5
5
5
5
5
5
5
5
5
5
5
5
5
5
5
5
5
5
5
5
5
5
5
5
5
5
5
5
5
5
5
5
5
5
5
5
5
5
5
5
5
5
5
5
5
5
5
5
5
5
5
5
5
5
5
5
5
5
5
5
5
5
5
5
5
5
5
5
5
5
5
5
5
5
5
5
5
5
5
5
5
5
5
5
5
5
5
5
5
5
5
5
5
5
5
5
5
5
5
5
5
5
5
5
5
5
5
5
5
5
5
5
5
5
5
5
5
5
5
5
5
5
5
5
5
5
5
5
5
5
5
5
5
5
5
5
5
5
5
5
5
5
5
5
5
5
5
5
5
5
5
5
5
5
5
5
5
5
5
5
5
5
5
5
5
5
5
5
5
5
5
5
5
5
5
5
5
5
5
5
5
5
5
5
5
5
5
5
5
5
5
5
5
5
5
5
5
5
5
5
5
5
5
5
5
5
5
5
5
5
5
5
5
5
5
5
5
5
5
5
5
5
5
5
5
5
5
5
5
5
5
5
5
5
5
5
5
5
5
5
5
5
5
5
5
5
5
5
5
5
5
5
5
5
5
5
5
5
5
5
5
5
5
5
5
5
5
5
5
5
5
5
5
5
5
5
5
5
5
5
5
5
5
5
5
5
5
5
5
5
5
5
5
5
5
5
5
5
5
5
5
5
5
5
5
5
5
5
5
5
5
5
5
5
5
5
5
5
5
5
5
5
5
5
5
5
5
5
5
5
5
5
5
5
5
5
5
5
5
5
5
5
5
5
5
5
5
5
5
5
5
5
5
5
5
5
5
5
5
5
5
5
5
5
5
5
5
5
5
5
5
5
5
5
5
5
5
5
5
5
5
5
5
5
5
5
5
5
5
5
5
5
5
5
5
5
5
5
5
5
5
5
5
5
5
5
5
5
5
5
5
5
5
5
5
5
5
5
5
5
5
5
5
5
5
5
5
5
5
5
5
5
5
5
5
5
5
5
5
5
5
5
5
5
5
5
5
5
5
5
5
5
5
5
5
5
5
5
5
5
5
5
5
5
5
5
5
5
5
5
5
5
5
5
5
5
5
5
5
5
5
5
5
5
5
5
5
5
5
5
5
5
5
5
5
5
5
5
5
5
5
5
5
5
5
5
5
5
5
5
5
5
5
5
5
5
5
5
5
5
5
5
5
5
5
5
5
5
5
5
5
5
5
5
5
5
5
5
5
5
5
5
5
5
5
5
5
5
5
5
5
5
5
5
5
5
5
5
5
5
5
5
5
5
5
5
5
5
5
5
5
5
5
5
5
5
5
5
5
5
5
5
5
5
5
5
5
5
5
5
5
5
5
5
5
5
5
5
5
5
5
5
5
5
5
5
5
5
5
5
5
5
5
5
5
5
5
5
5
5
5
5
5
5
5
5
5
5
5
5
5
5
5
5
5
5
5
5
5
5
5
5
5
5
5
5
5
5
5
5
5
5
5
5
5
5
5
5
5
5
5
5
5
5
5
5
5
5
5
5
5
5
5
5
5
5
5
5
5
5
5
5
5
5
5
5
5
5
5
5
5
5
5
5
5
5
5
5
5
5
5
5
5
5
5
5
5
5
5
5
5
5
5
5
5
5
5
5
5
5
5
5
5
5
5
5
5
5
5
5
5
5
5
5
5
5
5
5
5
5
5
5
5
5
5
5
5
5
5
5
5
5
5
5
5
5
5
5
5
5
5
5
5
5
5
5
5
5
5
5
5
5
5
5
5
5
5
5
5
5
5
5
5
5
5
5
5
5
5
5
5
5
5
5
5
5
5
5
5
5
5
5
5
5
5
5
5
5
5
5
5
5
5
5
5
5
5
5
5
5
5
5
5
5
5
5
5
5
5
5
5
5
5
5
5
5
5
5
5
5
5
5
5
5
5
5
5
5
5
5
5
5
5
5
5
5
5
5
5
5
5
5
5
5
5
5
5
5
5
5
5
5
5
5
5
5
5
5
5
5
5
5
5
5
5
5
5
5
5
5
5
5
5
5
5
5
5
5
5
5
5
5
5
5
5
5
5
5
5
5
5
5
5
5
5
5
5
5
5
5
5
5
5
5
5
5
5
5
5
5
5
5
5
5
5
5
5
5
5
5
5
5
5
5
5
5
5
5
5
5
5
5
5
5
5
5
5
5
5
5
5
5
5
5
5
5
5
5
5
5
5
5
5
5
5
5
5
5
5
5
5
5
5
5
5
5
5
5
5
5
5
5
5
5
5
5
5
5
5
5
5
5
5
5
5
5
5
5
5
5
5
5
5
5
5
5
5
5
5
5
5
5
5
5
5
5
5
5
5
5
5
5
5
5
5
5
5
5
5
5
5
5
5
5
5
5
5
5
5
5
5
5
5
5
5
5
5
5
5
5
5
5
5
5
5
5
5
5
5
5
5
5
5
5
5
5
5
5
5
5
5
5
5
5
5
5
5
5
5
5
5
5
5
5
5
5
5
5
5
5
5
5
5
5
5
5
5
5
5
5
5
5
5
5
5
5
5
5
5
5
5
5
5
5
5
5
5
5
5
5
5
5
5
5
5
5
5
5
5
5
5
5
5
5
5
5
5
5
5
5
5
5
5
5
5
5
5
5
5
5
5
5
5
5
5
5
5
5
5
5
5
5
5
5
5
5
5
5
5
5
5
5
5
5
5
5
5
5
5
5
5
5
5
5
5
5
5
5
5
5
5
5
5
5
5
5
5
5
5
5
5
5
5
5
5
5
5
5
5
5
5
5
5
5
5
5
5
5
5
5
5
5
5
5
5
5
5
5
5
5
5
5
5
5
5
5
5
5
5
5
5
5
5
5
5
5
5
5
5
5
5
5
5
5
5
5
5
5
5
5
5
5
5
5
5
5
5
5
5
5
5
5
5
5
5
5
5
5
5
5
5
5
5
5
5
5
5
5
5
5
5
5
5
5
5
5
5
5
5
5
5
5
5
5
5
5
5
5
5
5
5
5
5
5
5
5
5
5
5
5
5
5
5
5
5
5
5
5
5
5
5
5
5
5
5
5
5
5
5
5
5
5
5
5
5
5
5
5
5
5
5
5
5
5
5
5
5
5
5
5
5
5
5
5
5
5
5
5
5
5
5
5
5
5
5
5
5
5
5
5
5
5
5
5
5
5
5
5
5
5
5
5
5
5
5
5
5
5
5
5
5
5
5
5
5
5
5
5
5
5
5
5
5
5
5
5
5
5
5
5
5
5
5
5
5
5
5
5
5
5
5
5
5
5
5
5
5
5
5
5
5
5
5
5
5
5
5
5
5
5
5
5
5
5
5
5
5
5
5
5
5
5
5
5
5
5
5
5
5
5
5
5
5
5
5
5
5
5
5
5
5
5
5
5
5
5
5
5
5
5
5
5
5
5
5
5
5
5
5
5
5
5
5
5
5
5
5
5
5
5
5
5
5
5
5
5
5
5
5
5
5
5
5
5
5
5
5
5
5
5
5
5
5
5
5
5
5
5
5
5
5
5
5
5
5
5
5
5
5
5
5
5
5
5
5
5
5
5
5
5
5
5
5
5
5
5
5
5
5
5
5
5
5
5
5
5
5
5
5
5
5
5
5
5
5
5
5
5
5
5
5
5
5
5
5
5
5
5
5
5
5
5
5
5
5
5
5
5
5
5
5
5
5
5
5
5
5
5
5
5
5
5
5
5
5
5
5
5
5
5
5
5
5
5
5
5
5
5
5
5
5
5
5
5
5
5
5
5
5
5
5
5
5
5
5
5
5
5
5
5
5
5
5
5
5
5
5
5
5
5
5
5
5
5
5
5
5
5
5
5
5
5
5
5
5
5
5
5
5
5
5
5
5
5
5
5
5
5
5
5
5
5
5
5
5
5
5
5
5
5
5
5
5
5
5
5
5
5
5
5
5
5
5
5
5
5
5
5
5
5
5
5
5
5
5
5
5
5
5
5
5
5
5
5
5
5
5
5
5
5
5
5
5
5
5
5
5
5
5
5
5
5
5
5
5
5
5
5
5
5
5
5
5
5
5
5
5
5
5
5
5
5
5
5
5
5
5
5
5
5
5
5
5
5
5
5
5
5
5
5
5
5
5
5
5
5
5
5
5
5
5
5
5
5
5
5
5
5
5
5
5
5
5
5
5
5
5
5
5
5
5
5
5
5
5
5
5
5
5
5
5
5
5
5
5
5
5
5
5
5
5
5
5
5
5
5
5
5
5
5
5
5
5
5
5
5
5
5
5
5
5
5
5
5
5
5
5
5
5
5
5
5
5
5
5
5
5
5
5
5
5
5
5
5
5
5
5
5
5
5
5
5
5
5
5
5
5
5
5
5
5
5
5
5
5
5
5
5
5
5
5
5
5
5
5
5
5
5
5
5
5
5
5
5
5
5
5
5
5
5
5
5
5
5
5
5
5
5
5
5
5
5
5
5
5
5
5
5
5
5
5
5
5
5
5
5
5
5
5
5
5
5
5
5
5
5
5
5
5
5
5
5
5
5
5
5
5
5
5
5
5
5
5
5
5
5
5
5
5
5
5
5
5
5
5
5
5
5
5
5
5
5
5
5
5
5
5
5
5
5
5
5
5
5
5
5
5
5
5
5
5
5
5
5
5
5
5
5
5
5
5
5
5
5
5
5
5
5
5
5
5
5
5
5
5
5
5
5
5
5
5
5
5
5
5
5
5
5
5
5
5
5
5
5
5
5
5
5
5
5
5
5
5
5
5
5
5
5
5
5
5
5
5
5
5
5
5
5
5
5
5
5
5
5
5
5
5
5
5
5
5
5
5
5
5
5
5
5
5
5
5
5
5
5
5
5
5
5
5
5
5
5
5
5
5
5
5
5
5
5
5
5
5
5
5
5
5
5
5
5
5
5
5
5
5
5
5
5
5
5
5
5
5
5
5
5
5
5
5
5
5
5
5
5
5
5
5
5
5
5
5
5
5
5
5
5
5
5
5
5
5
5
5
5
5
5
5
5
5
5
5
5
5
5
5
5
5
5
5
5
5
5
5
5
5
5
5
5
5
5
5
5
5
5
5
5
5
5
5
5
5
5
5
5
5
5
5
5
5
5
5
5
5
5
5
5
5
5
5
5
5
5
5
5
5
5
5
5
5
5
5
5
5
5
5
5
5
5
5
5
5
5
5
5
5
5
5
5
5
5
5
5
5
5
5
5
5
5
5
5
5
5
5
5
5
5
5
5
5
5
5
5
5
5
5
5
5
5
5
5
5
5
5
5
5
5
5
5
5
5
5
5
5
5
5
5
5
5
5
5
5
5
5
5
5
5
5
5
5
5
5
5
5
5
5
5
5
5
5
5
5
5
5
5
5
5
5
5
5
5
5
5
5
5
5
5
5
5
5
5
5
5
5
5
5
5
5
5
5
5
5
5
5
5
5
5
5
5
5
5
5
5
5
5
5
5
5
5
5
5
5
5
5
5
5
5
5
5
5
5
5
5
5
5
5
5
5
5
5
5
5
5
5
5
5
5
5
5
5
5
5
5
5
5
5
5
5
5
5
5
5
5
5
5
5
5
5
5
5
5
5
5
5
5
5
5
5
5
5
5
5
5
5
5
5
5
5
5
5
5
5
5
5
5
5
5
5
5
5
5
5
5
5
5
5
5
5
5
5
5
5
5
5
5
5
5
5
5
5
5
5
5
5
5
5
5
5
5
5
5
5
5
5
5
5
5
5
5
5
5
5
5
5
5
5
5
5
5
5
5
5
5
5
5
5
5
5
5
5
5
5
5
5
5
5
5
5
5
5
5
5
5
5
5
5
5
5
5
5
5
5
5
5
5
5
5
5
5
5
5
5
5
5
5
5
5
5
5
5
5
5
5
5
5
5
5
5
5
5
5
5
5
5
5
5
5
5
5
5
5
5
5
5
5
5
5
5
5
5
5
5
5
5
5
5
5
5
5
5
5
5
5
5
5
5
5
5
5
5
5
5
5
5
5
5
5
5
5
5
5
5
5
5
5
5
5
5
5
5
5
5
5
5
5
5
5
5
5
5
5
5
5
5
5
5
5
5
5
5
5
5
5
5
5
5
5
5
5
5
5
5
5
5
5
5
5
5
5
5
5
5
5
5
5
5
5
5
5
5
5
5
5
5
5
5
5
5
5
5
5
5
5
5
5
5
5
5
5
5
5
5
5
5
5
5
5
5
5
5
5
5
5
5
5
5
5
5
5
5
5
5
5
5
5
5
5
5
5
5
5
5
5
5
5
5
5
5
5
5
5
5
5
5
5
5
5
5
5
5
5
5
5
5
5
5
5
5
5
5
5
5
5
5
5
5
5
5
5
5
5
5
5
5
5
5
5
5
5
5
5
5
5
5
5
5
5
5
5
5
5
5
5
5
5
5
5
5
5
5
5
5
5
5
5
5
5
5
5
5
5
5
5
5
5
5
5
5
5
5
5
5
5
5
5
5
5
5
5
5
5
5
5
5
5
5
5
5
5
5
5
5
5
5
5
5
5
5
5
5
5
5
5
5
5
5
5
5
5
5
5
5
5
5
5
5
5
5
5
5
5
5
5
5
5
5
5
5
5
5
5
5
5
5
5
5
5
5
5
5
5
5
5
5
5
5
5
5
5
5
5
5
5
5
5
5
5
5
5
5
5
5
5
5
5
5
5
5
5
5
5
5
5
5
5
5
5
5
5
5
5
5
5
5
5
5
5
5
5
5
5
5
5
5
5
5
5
5
5
5
5
5
5
5
5
5
5
5
5
5
5
5
5
5
5
5
5
5
5
5
5
5
5
5
5
5
5
5
5
5
5
5
5
5
5
5
5
5
5
5
5
5
5
5
5
5
5
5
5
5
5
5
5
5
5
5
5
5
5
5
5
5
5
5
5
5
5
5
5
5
5
5
5
5
5
5
5
5
5
5
5
5
5
5
5
5
5
5
5
5
5
5
5
5
5
5
5
5
5
5
5
5
5
5
5
5
5
5
5
5
5
5
5
5
5
5
5
5
5
5
5
5
5
5
5
5
5
5
5
5
5
5
5
5
5
5
5
5
5
5
5
5
5
5
5
5
5
5
5
5
5
5
5
5
5
5
5
5
5
5
5
5
5
5
5
5
5
5
5
5
5
5
5
5
5
5
5
5
5
5
5
5
5
5
5
5
5
5
5
5
5
5
5
5
5
5
5
5
5
5
5
5
5
5
5
5
5
5
5
5
5
5
5
5
5
5
5
5
5
5
5
5
5
5
5
5
5
5
5
5
5
5
5
5
5
5
5
5
5
5
5
5
5
5
5
5
5
5
5
5
5
5
5
5
5
5
5
5
5
5
5
5
5
5
5
5
5
5
5
5
5
5
5
5
5
5
5
5
5
5
5
5
5
5
5
5
5
5
5
5
5
5
5
5
5
5
5
5
5
5
5
5
5
5
5
5
5
5
5
5
5
5
5
5
5
5
5
5
5
5
5
5
5
5
5
5
5
5
5
5
5
5
5
5
5
5
5
5
5
5
5
5
5
5
5
5
5
5
5
5
5
5
5
5
5
5
5
5
5
5
5
5
5
5
5
5
5
5
5
5
5
5
5
5
5
5
5
5
5
5
5
5
5
5
5
5
5
5
5
5
5
5
5
5
5
5
5
5
5
5
5
5
5
5
5
5
5
5
5
5
5
5
5
5
5
5
5
5
5
5
5
5
5
5
5
5
5
5
5
5
5
5
5
5
5
5
5
5
5
5
5
5
5
5
5
5
5
5
5
5
5
5
5
5
5
5
5
5
5
5
5
5
5
5
5
5
5
5
5
5
5
5
5
5
5
5
5
5
5
5
5
5
5
5
5
5
5
5
5
5
5
5
5
5
5
5
5
5
5
5
5
5
5
5
5
5
5
5
5
5
5
5
5
5
9
5
9
5
9
5
9
5
9
5
9
5
9
5
9
5
9
5
9
5
9
5
9
5
9
5
9
5
9
5
9
5
9
5
9
5
9
5
9
5
9
5
9
5
9
5
9
5
9
5
9
5
9
5
9
5
9
5
9
5
9
5
9
5
9
5
9
5
9
5
9
5
9
5
9
5
9
5
9
5
9
5
9
5
9
5
9
5
9
5
9
5
9
5
9
5
9
5
9
5
9
5
9
5
9
5
9
5
9
5
9
5
9
5
9
5
9
5
9
5
9
5
9
5
9
5
9
5
9
5
9
5
9
5
9
5
9
5
9
5
9
5
9
5
9
5
9
5
9
5
9
5
9
5
9
5
9
5
9
5
9
5
9
5
9
5
9
5
9
5
9
5
9
5
9
5
9
5
9
5
9
5
9
5
9
5
9
5
9
5
9
5
9
5
9
5
9
5
9
5
9
5
9
5
9
5
9
5
9
5
9
5
9
5
9
5
9
5
9
5
9
5
9
5
9
5
9
5
9
5
9
5
9
5
9
5
9
5
9
5
9
5
9
5
9
5
9
5
9
5
9
5
9
5
9
5
9
5
9
5
9
5
9
5
9
5
9
5
9
5
9
5
9
5
9
5
9
5
9
5
9
5
9
5
9
5
9
5
9
5
9
5
9
5
9
5
9
5
9
5
9
5
9
5
9
5
9
5
9
5
9
5
9
5
9
5
9
5
9
5
9
5
9

POINT_DATA 7050
SCALARS U float
LOOKUP_TABLE default
-1.0
1.0
1.0
-1.0
-0.975308641975309
-0.9506172839506157
-0.925925925925926
-0.9012345679012328
-0.8765432098765419
-0.8518518518518512
-0.8271604938271592
-0.802469135802467
-0.7777777777777749
-0.7530864197530838
-0.7283950617283922
-0.7037037037037017
-0.6790123456790094
-0.6543209876543178
-0.6296296296296249
-0.6049382716049347
-0.5802469135802419
-0.5555555555555527
-0.5308641975308617
-0.5061728395061689
-0.48148148148147807
-0.45679012345678766
-0.43209876543209746
-0.4074074074074063
-0.38271604938271486
-0.35802469135802334
-0.3333333333333326
-0.308641975308641
-0.28395061728394977
-0.2592592592592579
-0.23456790123456772
-0.20987654320987612
-0.18518518518518487
-0.16049382716049349
-0.1358024691358023
-0.11111111111111069
-0.0864197530864194
-0.06172839506172822
-0.03703703703703696
-0.012345679012345682
0.012345679012345788
0.03703703703703709
0.061728395061728704
0.08641975308642003
0.11111111111111156
0.13580246913580327
0.1604938271604945
0.18518518518518565
0.20987654320987717
0.23456790123456897
0.25925925925926
0.2839506172839517
0.30864197530864285
0.3333333333333344
0.35802469135802545
0.3827160493827172
0.40740740740740894
0.43209876543209946
0.45679012345679104
0.48148148148148273
0.5061728395061744
0.5308641975308657
0.5555555555555565
0.5802469135802469
0.6049382716049401
0.6296296296296311
0.6543209876543228
0.6790123456790129
0.7037037037037045
0.7283950617283961
0.7530864197530873
0.777777777777779
0.8024691358024705
0.8271604938271625
0.8518518518518534
0.8765432098765441
0.9012345679012349
0.9259259259259274
0.9506172839506165
0.9753086419753091
1.0
1.0
1.0
1.0
1.0
1.0
1.0
1.0
1.0000000000000009
1.0
1.0
1.0
1.0
1.0
1.0000000000000018
1.0
1.0
1.0
1.0000000000000016
0.9999999999999989
1.0
0.9999999999999987
0.9999999999999998
1.0
1.0
1.0
0.9999999999999993
1.0
1.0
1.0
1.000000000000001
0.9999999999999989
1.0000000000000009
1.0
1.0000000000000002
0.9999999999999996
0.9999999999999998
1.0000000000000024
1.0
1.0
1.0000000000000004
1.0
1.0000000000000002
1.0000000000000002
1.0
0.9999999999999996
1.0
1.0000000000000009
1.0
1.0000000000000004
0.9999999999999993
1.0
1.0
0.9999999999999991
1.0
1.0
1.0
1.0
1.0000000000000004
1.0
0.9999999999999991
1.0
1.0
1.0
1.0
1.0000000000000009
1.0
1.0
1.0
1.0
0.9999999999999989
1.0
1.0
1.0
1.0
1.000000000000001
1.0
0.9999999999999996
1.0
1.0
0.975308641975309
0.9506172839506156
0.925925925925926
0.9012345679012329
0.8765432098765428
0.8518518518518525
0.8271604938271593
0.8024691358024689
0.7777777777777761
0.7530864197530855
0.7283950617283953
0.7037037037037022
0.679012345679012
0.6543209876543196
0.6296296296296294
0.6049382716049388
0.5802469135802459
0.5555555555555558
0.5308641975308632
0.5061728395061729
0.4814814814814811
0.4567901234567903
0.43209876543209846
0.40740740740740655
0.38271604938271486
0.35802469135802345
0.3333333333333331
0.30864197530864135
0.28395061728395005
0.2592592592592583
0.23456790123456736
0.2098765432098756
0.18518518518518468
0.16049382716049285
0.135802469135802
0.11111111111111051
0.08641975308641928
0.061728395061728135
0.03703703703703699
0.012345679012345625
-0.012345679012345671
-0.03703703703703683
-0.06172839506172825
-0.08641975308641946
-0.11111111111111067
-0.13580246913580216
-0.16049382716049304
-0.18518518518518473
-0.20987654320987587
-0.23456790123456775
-0.25925925925925786
-0.2839506172839495
-0.3086419753086406
-0.3333333333333322
-0.3580246913580226
-0.3827160493827143
-0.40740740740740594
-0.43209876543209713
-0.4567901234567882
-0.4814814814814778
-0.5061728395061709
-0.5308641975308626
-0.5555555555555528
-0.5802469135802429
-0.604938271604936
-0.6296296296296261
-0.6543209876543165
-0.679012345679009
-0.7037037037036988
-0.728395061728391
-0.7530864197530832
-0.7777777777777733
-0.8024691358024658
-0.827160493827156
-0.8518518518518495
-0.8765432098765404
-0.9012345679012307
-0.9259259259259242
-0.9506172839506146
-0.9753086419753086
-1.0
-1.0
-1.0
-1.0
-0.9999999999999996
-1.0
-1.0
-1.0
-1.0
-0.9999999999999996
-1.0
-1.0
-1.0
-1.0
-1.0000000000000002
-1.0
-1.0
-1.0
-1.0
-1.0
-1.0
-1.0000000000000007
-1.0
-1.0
-1.0
-1.0
-1.0
-1.0
-1.0
-1.0000000000000002
-1.0000000000000004
-1.0000000000000002
-1.0000000000000009
-1.0
-1.0000000000000004
-1.0
-0.9999999999999998
-1.0000000000000002
-1.0
-1.0
-1.0
-1.0
-1.0000000000000004
-1.0
-1.0
-1.0
-1.0000000000000009
-1.0000000000000002
-1.0
-1.0000000000000007
-1.0000000000000009
-1.0
-1.0
-1.0
-0.9999999999999996
-1.0
-1.0
-1.0
-1.0
-1.0
-1.0
-1.0
-1.0
-1.0
-1.0
-1.0000000000000002
-1.0
-1.0
-1.0
-1.0
-1.0000000000000004
-1.0
-0.9999999999999991
-1.0
-1.0
-1.0
-1.0
-1.0
-1.0
-1.0
-0.975308641975308
-0.9753086419753084
-0.975308641975308
-0.9753086419753079
-0.9753086419753081
-0.9753086419753079
-0.9753086419753083
-0.975308641975309
-0.9753086419753083
-0.9753086419753095
-0.9753086419753085
-0.9753086419753079
-0.9753086419753083
-0.975308641975308
-0.9753086419753092
-0.9753086419753082
-0.9753086419753081
-0.9753086419753079
-0.975308641975308
-0.9753086419753082
-0.9753086419753089
-0.975308641975309
-0.9753086419753086
-0.9753086419753084
-0.9753086419753091
-0.9753086419753091
-0.9753086419753088
-0.9753086419753086
-0.9753086419753089
-0.9753086419753091
-0.9753086419753092
-0.9753086419753091
-0.9753086419753091
-0.9753086419753092
-0.9753086419753093
-0.9753086419753094
-0.9753086419753093
-0.9753086419753095
-0.9753086419753096
-0.9753086419753093
-0.9753086419753093
-0.9753086419753089
-0.9753086419753089
-0.9753086419753082
-0.9753086419753084
-0.9753086419753083
-0.9753086419753084
-0.9753086419753085
-0.9753086419753086
-0.9753086419753089
-0.9753086419753088
-0.9753086419753081
-0.9753086419753085
-0.9753086419753088
-0.9753086419753083
-0.975308641975308
-0.975308641975308
-0.9753086419753081
-0.9753086419753083
-0.9753086419753075
-0.9753086419753083
-0.975308641975308
-0.9753086419753076
-0.9753086419753081
-0.9753086419753082
-0.9753086419753088
-0.9753086419753075
-0.9753086419753075
-0.9753086419753084
-0.9753086419753085
-0.9753086419753094
-0.9753086419753081
-0.9753086419753076
-0.9753086419753083
-0.9753086419753083
-0.9753086419753091
-0.9753086419753083
-0.9753086419753079
-0.9753086419753076
-0.9753086419753076
-0.9506172839506167
-0.9506172839506167
-0.9506172839506173
-0.9506172839506161
-0.9506172839506161
-0.9506172839506158
-0.9506172839506163
-0.9506172839506175
-0.9506172839506172
-0.9506172839506164
-0.9506172839506162
-0.9506172839506173
-0.9506172839506163
-0.9506172839506172
-0.950617283950616
-0.9506172839506162
-0.9506172839506162
-0.9506172839506171
-0.9506172839506172
-0.9506172839506167
-0.9506172839506171
-0.9506172839506176
-0.9506172839506173
-0.9506172839506176
-0.950617283950618
-0.9506172839506176
-0.9506172839506178
-0.9506172839506175
-0.9506172839506178
-0.9506172839506173
-0.9506172839506176
-0.9506172839506176
-0.9506172839506175
-0.9506172839506181
-0.9506172839506185
-0.9506172839506183
-0.9506172839506185
-0.9506172839506184
-0.9506172839506185
-0.9506172839506181
-0.950617283950618
-0.9506172839506178
-0.9506172839506174
-0.9506172839506167
-0.9506172839506166
-0.9506172839506164
-0.9506172839506163
-0.9506172839506163
-0.9506172839506164
-0.9506172839506164
-0.9506172839506163
-0.9506172839506163
-0.9506172839506166
-0.9506172839506162
-0.9506172839506166
-0.9506172839506165
-0.9506172839506161
-0.9506172839506163
-0.9506172839506155
-0.9506172839506153
-0.9506172839506147
-0.9506172839506154
-0.9506172839506163
-0.9506172839506158
-0.9506172839506158
-0.9506172839506162
-0.9506172839506172
-0.9506172839506167
-0.9506172839506158
-0.9506172839506161
-0.9506172839506162
-0.9506172839506171
-0.9506172839506166
-0.9506172839506158
-0.9506172839506156
-0.9506172839506148
-0.9506172839506154
-0.9506172839506173
-0.9506172839506166
-0.9506172839506153
-0.9259259259259257
-0.925925925925925
-0.9259259259259244
-0.9259259259259258
-0.9259259259259264
-0.9259259259259266
-0.9259259259259259
-0.9259259259259246
-0.925925925925925
-0.9259259259259252
-0.9259259259259257
-0.9259259259259265
-0.9259259259259263
-0.9259259259259255
-0.925925925925925
-0.925925925925925
-0.9259259259259259
-0.9259259259259256
-0.9259259259259257
-0.9259259259259256
-0.9259259259259262
-0.9259259259259264
-0.9259259259259265
-0.925925925925926
-0.9259259259259272
-0.9259259259259268
-0.925925925925927
-0.9259259259259274
-0.9259259259259268
-0.9259259259259268
-0.9259259259259272
-0.9259259259259272
-0.9259259259259274
-0.9259259259259272
-0.9259259259259273
-0.9259259259259278
-0.9259259259259274
-0.9259259259259275
-0.9259259259259278
-0.9259259259259276
-0.9259259259259274
-0.9259259259259275
-0.9259259259259268
-0.9259259259259266
-0.9259259259259259
-0.9259259259259258
-0.9259259259259253
-0.9259259259259257
-0.9259259259259252
-0.9259259259259255
-0.9259259259259254
-0.9259259259259256
-0.9259259259259257
-0.9259259259259253
-0.9259259259259247
-0.9259259259259247
-0.9259259259259249
-0.9259259259259245
-0.9259259259259244
-0.9259259259259246
-0.9259259259259244
-0.9259259259259247
-0.9259259259259252
-0.9259259259259244
-0.9259259259259246
-0.9259259259259253
-0.9259259259259245
-0.9259259259259263
-0.9259259259259263
-0.9259259259259268
-0.9259259259259265
-0.9259259259259259
-0.9259259259259256
-0.9259259259259247
-0.9259259259259254
-0.9259259259259254
-0.925925925925924
-0.9259259259259228
-0.9259259259259227
-0.9259259259259235
-0.9012345679012334
-0.9012345679012334
-0.9012345679012338
-0.9012345679012335
-0.9012345679012334
-0.9012345679012344
-0.901234567901234
-0.9012345679012345
-0.9012345679012338
-0.901234567901234
-0.9012345679012339
-0.9012345679012332
-0.9012345679012342
-0.9012345679012342
-0.9012345679012347
-0.9012345679012345
-0.9012345679012341
-0.9012345679012338
-0.9012345679012339
-0.9012345679012339
-0.9012345679012334
-0.9012345679012337
-0.9012345679012351
-0.9012345679012354
-0.9012345679012357
-0.9012345679012354
-0.9012345679012358
-0.9012345679012358
-0.9012345679012354
-0.9012345679012359
-0.9012345679012359
-0.9012345679012359
-0.9012345679012361
-0.9012345679012363
-0.9012345679012361
-0.9012345679012361
-0.9012345679012366
-0.9012345679012369
-0.901234567901237
-0.9012345679012369
-0.9012345679012368
-0.9012345679012366
-0.9012345679012361
-0.9012345679012354
-0.901234567901235
-0.901234567901235
-0.9012345679012341
-0.9012345679012341
-0.9012345679012341
-0.9012345679012341
-0.9012345679012339
-0.9012345679012338
-0.9012345679012344
-0.9012345679012344
-0.9012345679012338
-0.9012345679012336
-0.901234567901233
-0.9012345679012324
-0.9012345679012318
-0.9012345679012321
-0.9012345679012322
-0.9012345679012324
-0.9012345679012334
-0.901234567901234
-0.9012345679012338
-0.9012345679012335
-0.9012345679012337
-0.9012345679012339
-0.9012345679012334
-0.9012345679012332
-0.9012345679012336
-0.9012345679012337
-0.9012345679012338
-0.901234567901234
-0.9012345679012329
-0.9012345679012325
-0.9012345679012335
-0.9012345679012332
-0.9012345679012325
-0.9012345679012316
-0.8765432098765419
-0.8765432098765417
-0.8765432098765421
-0.8765432098765424
-0.8765432098765432
-0.8765432098765427
-0.8765432098765422
-0.8765432098765424
-0.8765432098765419
-0.8765432098765418
-0.8765432098765422
-0.8765432098765427
-0.8765432098765426
-0.8765432098765423
-0.876543209876542
-0.876543209876542
-0.8765432098765424
-0.8765432098765429
-0.8765432098765427
-0.8765432098765424
-0.8765432098765424
-0.8765432098765421
-0.8765432098765423
-0.8765432098765432
-0.8765432098765434
-0.8765432098765439
-0.8765432098765445
-0.8765432098765451
-0.8765432098765451
-0.8765432098765447
-0.8765432098765444
-0.876543209876545
-0.8765432098765453
-0.8765432098765453
-0.876543209876545
-0.8765432098765452
-0.8765432098765452
-0.8765432098765454
-0.8765432098765452
-0.8765432098765454
-0.8765432098765457
-0.8765432098765454
-0.876543209876545
-0.8765432098765443
-0.8765432098765437
-0.8765432098765431
-0.8765432098765427
-0.8765432098765428
-0.876543209876543
-0.8765432098765426
-0.8765432098765427
-0.8765432098765429
-0.8765432098765422
-0.8765432098765423
-0.8765432098765421
-0.8765432098765413
-0.8765432098765417
-0.8765432098765406
-0.8765432098765404
-0.8765432098765399
-0.8765432098765404
-0.8765432098765411
-0.8765432098765418
-0.8765432098765422
-0.8765432098765412
-0.876543209876541
-0.876543209876541
-0.8765432098765417
-0.876543209876542
-0.8765432098765417
-0.8765432098765416
-0.8765432098765417
-0.876543209876542
-0.8765432098765418
-0.8765432098765417
-0.8765432098765418
-0.876543209876541
-0.8765432098765407
-0.8765432098765407
-0.8765432098765407
-0.85185185185185
-0.85185185185185
-0.8518518518518501
-0.85185185185185
-0.8518518518518504
-0.8518518518518506
-0.8518518518518511
-0.851851851851851
-0.851851851851851
-0.8518518518518514
-0.8518518518518516
-0.8518518518518512
-0.8518518518518509
-0.8518518518518507
-0.8518518518518516
-0.8518518518518507
-0.8518518518518505
-0.8518518518518509
-0.8518518518518507
-0.851851851851851
-0.8518518518518509
-0.8518518518518511
-0.8518518518518515
-0.8518518518518519
-0.8518518518518524
-0.8518518518518522
-0.8518518518518526
-0.8518518518518526
-0.851851851851853
-0.8518518518518536
-0.851851851851854
-0.8518518518518545
-0.851851851851854
-0.851851851851854
-0.8518518518518536
-0.8518518518518544
-0.8518518518518541
-0.8518518518518542
-0.8518518518518541
-0.8518518518518544
-0.8518518518518541
-0.8518518518518539
-0.8518518518518537
-0.8518518518518531
-0.8518518518518519
-0.8518518518518512
-0.8518518518518509
-0.851851851851851
-0.8518518518518509
-0.8518518518518517
-0.8518518518518515
-0.8518518518518515
-0.8518518518518516
-0.8518518518518507
-0.8518518518518507
-0.8518518518518503
-0.8518518518518498
-0.8518518518518489
-0.8518518518518482
-0.8518518518518479
-0.851851851851849
-0.8518518518518489
-0.8518518518518488
-0.8518518518518485
-0.8518518518518491
-0.85185185185185
-0.8518518518518486
-0.8518518518518489
-0.8518518518518495
-0.8518518518518499
-0.8518518518518506
-0.8518518518518502
-0.8518518518518503
-0.851851851851851
-0.8518518518518498
-0.8518518518518498
-0.8518518518518491
-0.8518518518518483
-0.8518518518518481
-0.8518518518518485
-0.827160493827159
-0.8271604938271586
-0.8271604938271592
-0.827160493827159
-0.8271604938271588
-0.82716049382716
-0.8271604938271605
-0.8271604938271602
-0.827160493827161
-0.8271604938271604
-0.8271604938271595
-0.8271604938271598
-0.8271604938271605
-0.8271604938271606
-0.8271604938271592
-0.8271604938271595
-0.82716049382716
-0.8271604938271595
-0.8271604938271603
-0.8271604938271602
-0.8271604938271608
-0.8271604938271601
-0.8271604938271606
-0.8271604938271608
-0.8271604938271608
-0.8271604938271614
-0.8271604938271615
-0.827160493827162
-0.8271604938271615
-0.8271604938271617
-0.8271604938271618
-0.8271604938271627
-0.8271604938271635
-0.827160493827163
-0.8271604938271626
-0.8271604938271631
-0.8271604938271631
-0.8271604938271626
-0.8271604938271627
-0.827160493827163
-0.827160493827163
-0.8271604938271628
-0.8271604938271624
-0.8271604938271612
-0.8271604938271605
-0.8271604938271606
-0.8271604938271605
-0.8271604938271601
-0.8271604938271596
-0.8271604938271596
-0.82716049382716
-0.8271604938271598
-0.8271604938271601
-0.827160493827159
-0.8271604938271581
-0.8271604938271586
-0.8271604938271582
-0.827160493827158
-0.8271604938271578
-0.8271604938271573
-0.8271604938271573
-0.8271604938271578
-0.827160493827157
-0.8271604938271574
-0.8271604938271568
-0.8271604938271564
-0.8271604938271574
-0.8271604938271571
-0.8271604938271568
-0.8271604938271572
-0.827160493827157
-0.827160493827158
-0.8271604938271585
-0.8271604938271591
-0.8271604938271587
-0.8271604938271568
-0.8271604938271583
-0.8271604938271581
-0.8271604938271584
-0.827160493827157
-0.8024691358024669
-0.8024691358024666
-0.8024691358024666
-0.802469135802468
-0.8024691358024679
-0.8024691358024688
-0.8024691358024686
-0.802469135802468
-0.8024691358024678
-0.802469135802469
-0.8024691358024689
-0.8024691358024697
-0.8024691358024686
-0.8024691358024693
-0.8024691358024687
-0.8024691358024679
-0.8024691358024678
-0.802469135802468
-0.8024691358024684
-0.8024691358024685
-0.8024691358024685
-0.8024691358024694
-0.8024691358024693
-0.8024691358024695
-0.8024691358024701
-0.8024691358024694
-0.8024691358024696
-0.80246913580247
-0.8024691358024707
-0.8024691358024707
-0.8024691358024707
-0.802469135802471
-0.8024691358024714
-0.8024691358024719
-0.802469135802472
-0.802469135802472
-0.8024691358024721
-0.8024691358024719
-0.8024691358024718
-0.8024691358024718
-0.8024691358024719
-0.8024691358024713
-0.8024691358024709
-0.8024691358024707
-0.8024691358024697
-0.8024691358024689
-0.8024691358024689
-0.8024691358024686
-0.8024691358024681
-0.8024691358024681
-0.8024691358024676
-0.8024691358024675
-0.8024691358024676
-0.8024691358024674
-0.802469135802467
-0.8024691358024665
-0.8024691358024666
-0.8024691358024665
-0.8024691358024659
-0.802469135802466
-0.8024691358024659
-0.8024691358024657
-0.8024691358024655
-0.8024691358024654
-0.8024691358024656
-0.8024691358024655
-0.8024691358024654
-0.8024691358024655
-0.8024691358024665
-0.8024691358024668
-0.8024691358024671
-0.8024691358024661
-0.8024691358024665
-0.8024691358024674
-0.8024691358024678
-0.8024691358024678
-0.8024691358024669
-0.8024691358024654
-0.8024691358024651
-0.8024691358024647
-0.7777777777777762
-0.7777777777777766
-0.7777777777777749
-0.7777777777777756
-0.7777777777777751
-0.7777777777777758
-0.7777777777777767
-0.7777777777777778
-0.7777777777777772
-0.7777777777777777
-0.7777777777777781
-0.7777777777777776
-0.7777777777777785
-0.7777777777777766
-0.7777777777777752
-0.7777777777777752
-0.777777777777776
-0.7777777777777759
-0.7777777777777762
-0.7777777777777765
-0.777777777777777
-0.7777777777777773
-0.7777777777777781
-0.7777777777777778
-0.7777777777777782
-0.7777777777777789
-0.7777777777777787
-0.7777777777777785
-0.7777777777777791
-0.7777777777777791
-0.7777777777777788
-0.7777777777777797
-0.7777777777777793
-0.7777777777777791
-0.7777777777777799
-0.7777777777777806
-0.7777777777777799
-0.7777777777777801
-0.7777777777777803
-0.7777777777777805
-0.7777777777777807
-0.77777777777778
-0.7777777777777796
-0.7777777777777795
-0.7777777777777786
-0.777777777777778
-0.7777777777777772
-0.7777777777777772
-0.7777777777777766
-0.7777777777777762
-0.777777777777776
-0.777777777777776
-0.7777777777777756
-0.7777777777777755
-0.7777777777777757
-0.7777777777777749
-0.7777777777777749
-0.7777777777777746
-0.7777777777777743
-0.7777777777777745
-0.777777777777774
-0.7777777777777738
-0.777777777777774
-0.7777777777777743
-0.7777777777777748
-0.7777777777777735
-0.7777777777777732
-0.777777777777774
-0.7777777777777741
-0.7777777777777742
-0.7777777777777753
-0.7777777777777748
-0.7777777777777751
-0.7777777777777752
-0.7777777777777748
-0.7777777777777747
-0.7777777777777747
-0.7777777777777747
-0.7777777777777739
-0.7777777777777745
-0.7530864197530842
-0.7530864197530833
-0.7530864197530841
-0.7530864197530848
-0.7530864197530835
-0.7530864197530843
-0.7530864197530842
-0.753086419753085
-0.7530864197530862
-0.7530864197530854
-0.7530864197530852
-0.753086419753085
-0.7530864197530845
-0.7530864197530848
-0.7530864197530845
-0.7530864197530841
-0.7530864197530849
-0.753086419753085
-0.7530864197530853
-0.7530864197530852
-0.7530864197530855
-0.7530864197530854
-0.7530864197530854
-0.7530864197530867
-0.7530864197530868
-0.7530864197530872
-0.7530864197530873
-0.7530864197530874
-0.7530864197530873
-0.7530864197530878
-0.7530864197530882
-0.753086419753088
-0.7530864197530881
-0.7530864197530881
-0.7530864197530883
-0.7530864197530885
-0.7530864197530888
-0.753086419753089
-0.7530864197530891
-0.7530864197530892
-0.7530864197530893
-0.7530864197530889
-0.7530864197530887
-0.7530864197530883
-0.7530864197530874
-0.7530864197530868
-0.7530864197530863
-0.7530864197530857
-0.7530864197530852
-0.7530864197530853
-0.7530864197530851
-0.7530864197530845
-0.7530864197530842
-0.7530864197530833
-0.7530864197530839
-0.7530864197530839
-0.7530864197530839
-0.7530864197530829
-0.7530864197530824
-0.7530864197530827
-0.7530864197530831
-0.7530864197530833
-0.7530864197530832
-0.7530864197530837
-0.7530864197530839
-0.7530864197530842
-0.7530864197530844
-0.7530864197530834
-0.7530864197530831
-0.7530864197530823
-0.7530864197530835
-0.7530864197530848
-0.7530864197530845
-0.7530864197530839
-0.7530864197530842
-0.7530864197530841
-0.7530864197530831
-0.7530864197530824
-0.7530864197530825
-0.7530864197530821
-0.7283950617283917
-0.728395061728393
-0.7283950617283931
-0.7283950617283933
-0.7283950617283937
-0.7283950617283935
-0.7283950617283927
-0.7283950617283924
-0.728395061728392
-0.7283950617283924
-0.7283950617283932
-0.7283950617283937
-0.7283950617283935
-0.7283950617283937
-0.7283950617283937
-0.7283950617283941
-0.7283950617283935
-0.7283950617283931
-0.7283950617283934
-0.7283950617283936
-0.7283950617283941
-0.7283950617283944
-0.7283950617283949
-0.7283950617283955
-0.7283950617283954
-0.7283950617283957
-0.7283950617283956
-0.7283950617283957
-0.7283950617283955
-0.728395061728396
-0.7283950617283964
-0.7283950617283963
-0.7283950617283963
-0.7283950617283962
-0.7283950617283964
-0.7283950617283971
-0.7283950617283975
-0.7283950617283979
-0.7283950617283973
-0.7283950617283979
-0.7283950617283975
-0.7283950617283973
-0.7283950617283971
-0.7283950617283967
-0.7283950617283962
-0.7283950617283955
-0.7283950617283946
-0.7283950617283947
-0.7283950617283943
-0.728395061728394
-0.7283950617283934
-0.728395061728393
-0.7283950617283929
-0.7283950617283927
-0.7283950617283929
-0.7283950617283929
-0.7283950617283924
-0.7283950617283921
-0.7283950617283916
-0.728395061728391
-0.7283950617283915
-0.7283950617283913
-0.7283950617283916
-0.728395061728392
-0.7283950617283922
-0.7283950617283923
-0.7283950617283925
-0.728395061728393
-0.728395061728392
-0.7283950617283932
-0.7283950617283925
-0.7283950617283917
-0.7283950617283922
-0.7283950617283916
-0.7283950617283917
-0.7283950617283923
-0.7283950617283923
-0.7283950617283924
-0.7283950617283913
-0.728395061728391
-0.7037037037037004
-0.7037037037037012
-0.7037037037037016
-0.7037037037037006
-0.7037037037037008
-0.7037037037036998
-0.7037037037037015
-0.7037037037037011
-0.7037037037037003
-0.7037037037037018
-0.7037037037037015
-0.7037037037037019
-0.7037037037037024
-0.7037037037037024
-0.7037037037037023
-0.7037037037037012
-0.7037037037037018
-0.7037037037037025
-0.7037037037037029
-0.7037037037037027
-0.703703703703704
-0.703703703703704
-0.7037037037037038
-0.7037037037037037
-0.7037037037037037
-0.7037037037037046
-0.7037037037037053
-0.7037037037037045
-0.7037037037037044
-0.7037037037037046
-0.7037037037037049
-0.703703703703705
-0.7037037037037048
-0.7037037037037047
-0.7037037037037052
-0.7037037037037053
-0.7037037037037056
-0.703703703703706
-0.7037037037037056
-0.7037037037037059
-0.7037037037037065
-0.7037037037037062
-0.7037037037037062
-0.7037037037037054
-0.703703703703705
-0.7037037037037043
-0.7037037037037039
-0.7037037037037034
-0.703703703703703
-0.7037037037037028
-0.7037037037037023
-0.7037037037037016
-0.7037037037037016
-0.7037037037037017
-0.7037037037037019
-0.7037037037037015
-0.7037037037037015
-0.7037037037037012
-0.7037037037037007
-0.7037037037037007
-0.7037037037036998
-0.7037037037036998
-0.7037037037037007
-0.7037037037037002
-0.7037037037037007
-0.7037037037037011
-0.703703703703701
-0.7037037037037013
-0.7037037037037014
-0.7037037037037006
-0.7037037037037008
-0.7037037037037019
-0.7037037037037014
-0.7037037037037012
-0.7037037037037013
-0.703703703703701
-0.7037037037037005
-0.703703703703701
-0.7037037037037001
-0.7037037037037003
-0.6790123456790087
-0.6790123456790093
-0.67901234567901
-0.6790123456790094
-0.67901234567901
-0.6790123456790089
-0.6790123456790098
-0.6790123456790094
-0.6790123456790101
-0.6790123456790103
-0.6790123456790098
-0.67901234567901
-0.6790123456790101
-0.6790123456790108
-0.6790123456790108
-0.679012345679011
-0.679012345679011
-0.6790123456790113
-0.6790123456790115
-0.6790123456790113
-0.6790123456790119
-0.6790123456790123
-0.6790123456790119
-0.6790123456790124
-0.6790123456790127
-0.6790123456790128
-0.679012345679013
-0.6790123456790134
-0.6790123456790134
-0.6790123456790136
-0.6790123456790137
-0.6790123456790131
-0.6790123456790134
-0.6790123456790135
-0.6790123456790134
-0.6790123456790133
-0.6790123456790135
-0.6790123456790138
-0.679012345679014
-0.6790123456790145
-0.6790123456790145
-0.6790123456790144
-0.6790123456790144
-0.6790123456790138
-0.6790123456790138
-0.6790123456790133
-0.6790123456790127
-0.6790123456790124
-0.6790123456790116
-0.6790123456790109
-0.6790123456790108
-0.6790123456790109
-0.6790123456790105
-0.6790123456790099
-0.6790123456790104
-0.67901234567901
-0.67901234567901
-0.6790123456790094
-0.679012345679009
-0.679012345679009
-0.6790123456790088
-0.6790123456790091
-0.6790123456790091
-0.6790123456790093
-0.6790123456790094
-0.6790123456790089
-0.6790123456790093
-0.6790123456790095
-0.6790123456790099
-0.6790123456790098
-0.6790123456790083
-0.6790123456790091
-0.6790123456790093
-0.6790123456790091
-0.6790123456790098
-0.6790123456790106
-0.6790123456790097
-0.6790123456790085
-0.6790123456790085
-0.6790123456790085
-0.6543209876543182
-0.6543209876543175
-0.6543209876543175
-0.6543209876543182
-0.654320987654317
-0.6543209876543177
-0.654320987654318
-0.6543209876543195
-0.6543209876543179
-0.6543209876543182
-0.6543209876543195
-0.6543209876543192
-0.6543209876543188
-0.6543209876543187
-0.6543209876543196
-0.6543209876543193
-0.6543209876543197
-0.6543209876543206
-0.6543209876543205
-0.6543209876543201
-0.6543209876543208
-0.6543209876543209
-0.6543209876543207
-0.6543209876543213
-0.654320987654322
-0.6543209876543223
-0.654320987654322
-0.6543209876543222
-0.654320987654322
-0.6543209876543222
-0.6543209876543221
-0.6543209876543219
-0.6543209876543218
-0.6543209876543221
-0.6543209876543219
-0.654320987654322
-0.6543209876543221
-0.6543209876543228
-0.654320987654323
-0.6543209876543229
-0.654320987654323
-0.6543209876543233
-0.654320987654323
-0.6543209876543226
-0.6543209876543223
-0.6543209876543217
-0.6543209876543215
-0.6543209876543208
-0.6543209876543203
-0.6543209876543199
-0.6543209876543192
-0.6543209876543189
-0.6543209876543191
-0.6543209876543195
-0.6543209876543192
-0.6543209876543187
-0.6543209876543185
-0.654320987654318
-0.6543209876543179
-0.6543209876543179
-0.6543209876543179
-0.6543209876543173
-0.6543209876543176
-0.6543209876543191
-0.6543209876543185
-0.6543209876543182
-0.6543209876543183
-0.6543209876543179
-0.6543209876543187
-0.6543209876543192
-0.6543209876543192
-0.6543209876543191
-0.6543209876543189
-0.6543209876543195
-0.6543209876543188
-0.6543209876543172
-0.6543209876543176
-0.6543209876543176
-0.6543209876543181
-0.6543209876543176
-0.6296296296296258
-0.6296296296296261
-0.629629629629626
-0.6296296296296263
-0.6296296296296275
-0.6296296296296273
-0.6296296296296272
-0.6296296296296272
-0.6296296296296273
-0.6296296296296277
-0.6296296296296273
-0.6296296296296274
-0.6296296296296285
-0.629629629629628
-0.629629629629628
-0.6296296296296283
-0.6296296296296284
-0.629629629629629
-0.6296296296296287
-0.629629629629629
-0.6296296296296294
-0.6296296296296302
-0.6296296296296301
-0.6296296296296299
-0.6296296296296305
-0.629629629629631
-0.6296296296296311
-0.6296296296296309
-0.6296296296296306
-0.6296296296296311
-0.6296296296296309
-0.6296296296296305
-0.6296296296296304
-0.6296296296296305
-0.6296296296296311
-0.6296296296296313
-0.6296296296296312
-0.6296296296296315
-0.6296296296296316
-0.6296296296296313
-0.6296296296296315
-0.6296296296296318
-0.6296296296296312
-0.6296296296296315
-0.6296296296296312
-0.6296296296296308
-0.6296296296296302
-0.6296296296296292
-0.6296296296296289
-0.6296296296296287
-0.6296296296296278
-0.6296296296296279
-0.6296296296296277
-0.6296296296296279
-0.629629629629628
-0.6296296296296281
-0.6296296296296271
-0.6296296296296267
-0.6296296296296273
-0.6296296296296269
-0.6296296296296268
-0.6296296296296265
-0.6296296296296268
-0.6296296296296265
-0.6296296296296273
-0.6296296296296279
-0.6296296296296273
-0.629629629629627
-0.6296296296296277
-0.6296296296296272
-0.6296296296296284
-0.6296296296296292
-0.6296296296296282
-0.6296296296296288
-0.6296296296296279
-0.6296296296296275
-0.6296296296296261
-0.6296296296296263
-0.6296296296296262
-0.6296296296296262
-0.6049382716049341
-0.6049382716049339
-0.6049382716049342
-0.6049382716049354
-0.6049382716049353
-0.604938271604936
-0.6049382716049363
-0.6049382716049345
-0.6049382716049356
-0.6049382716049359
-0.6049382716049364
-0.604938271604936
-0.6049382716049371
-0.6049382716049375
-0.6049382716049371
-0.6049382716049367
-0.6049382716049374
-0.6049382716049374
-0.6049382716049377
-0.6049382716049381
-0.6049382716049387
-0.6049382716049382
-0.6049382716049383
-0.6049382716049384
-0.6049382716049394
-0.6049382716049395
-0.6049382716049396
-0.6049382716049393
-0.604938271604939
-0.6049382716049391
-0.6049382716049393
-0.6049382716049388
-0.6049382716049388
-0.6049382716049393
-0.6049382716049396
-0.6049382716049397
-0.6049382716049398
-0.60493827160494
-0.6049382716049402
-0.60493827160494
-0.60493827160494
-0.6049382716049401
-0.6049382716049397
-0.6049382716049394
-0.6049382716049395
-0.604938271604939
-0.604938271604939
-0.6049382716049386
-0.6049382716049381
-0.6049382716049375
-0.6049382716049372
-0.6049382716049369
-0.6049382716049369
-0.6049382716049365
-0.604938271604937
-0.6049382716049366
-0.6049382716049363
-0.6049382716049364
-0.6049382716049361
-0.604938271604935
-0.6049382716049354
-0.604938271604936
-0.6049382716049355
-0.604938271604936
-0.6049382716049357
-0.6049382716049359
-0.6049382716049366
-0.6049382716049363
-0.6049382716049367
-0.6049382716049367
-0.6049382716049372
-0.604938271604936
-0.6049382716049372
-0.604938271604936
-0.6049382716049367
-0.6049382716049363
-0.6049382716049355
-0.6049382716049352
-0.6049382716049355
-0.6049382716049354
-0.5802469135802425
-0.580246913580243
-0.580246913580243
-0.5802469135802434
-0.5802469135802447
-0.5802469135802448
-0.5802469135802438
-0.5802469135802446
-0.580246913580244
-0.5802469135802446
-0.5802469135802453
-0.5802469135802455
-0.5802469135802456
-0.5802469135802459
-0.5802469135802462
-0.5802469135802457
-0.580246913580246
-0.5802469135802467
-0.5802469135802469
-0.5802469135802472
-0.580246913580247
-0.5802469135802473
-0.5802469135802474
-0.580246913580248
-0.5802469135802478
-0.580246913580248
-0.5802469135802483
-0.5802469135802478
-0.5802469135802479
-0.580246913580248
-0.5802469135802483
-0.5802469135802474
-0.5802469135802479
-0.5802469135802479
-0.580246913580248
-0.5802469135802484
-0.5802469135802487
-0.5802469135802489
-0.5802469135802487
-0.5802469135802489
-0.5802469135802486
-0.5802469135802484
-0.5802469135802487
-0.5802469135802484
-0.5802469135802483
-0.580246913580248
-0.5802469135802479
-0.5802469135802472
-0.5802469135802469
-0.5802469135802465
-0.5802469135802458
-0.5802469135802455
-0.5802469135802454
-0.5802469135802453
-0.5802469135802455
-0.5802469135802455
-0.5802469135802453
-0.5802469135802453
-0.580246913580245
-0.5802469135802447
-0.5802469135802446
-0.5802469135802444
-0.5802469135802444
-0.5802469135802447
-0.5802469135802449
-0.5802469135802453
-0.5802469135802455
-0.5802469135802456
-0.5802469135802463
-0.5802469135802457
-0.5802469135802452
-0.5802469135802456
-0.5802469135802457
-0.580246913580246
-0.5802469135802457
-0.5802469135802454
-0.580246913580245
-0.5802469135802437
-0.580246913580244
-0.5802469135802436
-0.5555555555555514
-0.5555555555555524
-0.5555555555555532
-0.5555555555555528
-0.555555555555552
-0.5555555555555527
-0.5555555555555528
-0.5555555555555532
-0.5555555555555535
-0.5555555555555536
-0.5555555555555544
-0.5555555555555546
-0.5555555555555549
-0.5555555555555552
-0.5555555555555549
-0.5555555555555552
-0.5555555555555549
-0.5555555555555552
-0.5555555555555552
-0.5555555555555561
-0.5555555555555564
-0.5555555555555568
-0.5555555555555558
-0.555555555555556
-0.5555555555555569
-0.5555555555555571
-0.5555555555555571
-0.5555555555555572
-0.5555555555555575
-0.555555555555557
-0.5555555555555569
-0.555555555555557
-0.5555555555555568
-0.5555555555555567
-0.5555555555555571
-0.555555555555557
-0.5555555555555574
-0.5555555555555575
-0.5555555555555575
-0.5555555555555574
-0.5555555555555572
-0.555555555555557
-0.5555555555555572
-0.5555555555555572
-0.5555555555555572
-0.5555555555555567
-0.5555555555555565
-0.5555555555555559
-0.5555555555555558
-0.5555555555555552
-0.5555555555555547
-0.5555555555555546
-0.5555555555555541
-0.5555555555555539
-0.5555555555555538
-0.555555555555554
-0.5555555555555541
-0.5555555555555535
-0.555555555555554
-0.5555555555555542
-0.5555555555555542
-0.5555555555555544
-0.5555555555555536
-0.5555555555555531
-0.5555555555555539
-0.5555555555555541
-0.5555555555555547
-0.5555555555555545
-0.555555555555554
-0.5555555555555539
-0.5555555555555544
-0.5555555555555547
-0.5555555555555545
-0.5555555555555537
-0.5555555555555536
-0.5555555555555528
-0.5555555555555534
-0.5555555555555538
-0.5555555555555528
-0.5555555555555526
-0.5308641975308626
-0.5308641975308612
-0.5308641975308603
-0.5308641975308607
-0.5308641975308611
-0.5308641975308613
-0.5308641975308618
-0.5308641975308617
-0.5308641975308616
-0.5308641975308621
-0.5308641975308629
-0.5308641975308634
-0.5308641975308631
-0.5308641975308634
-0.5308641975308639
-0.5308641975308633
-0.530864197530864
-0.5308641975308642
-0.5308641975308643
-0.5308641975308641
-0.5308641975308643
-0.5308641975308652
-0.5308641975308656
-0.5308641975308656
-0.5308641975308658
-0.530864197530866
-0.5308641975308661
-0.5308641975308662
-0.5308641975308662
-0.5308641975308664
-0.5308641975308663
-0.5308641975308662
-0.5308641975308659
-0.530864197530866
-0.530864197530866
-0.5308641975308658
-0.530864197530866
-0.530864197530866
-0.5308641975308662
-0.530864197530866
-0.5308641975308658
-0.5308641975308659
-0.5308641975308659
-0.5308641975308658
-0.5308641975308657
-0.5308641975308656
-0.5308641975308654
-0.5308641975308648
-0.5308641975308643
-0.5308641975308643
-0.5308641975308639
-0.5308641975308632
-0.5308641975308628
-0.5308641975308626
-0.5308641975308628
-0.5308641975308626
-0.5308641975308624
-0.5308641975308626
-0.5308641975308628
-0.530864197530863
-0.5308641975308632
-0.530864197530863
-0.530864197530863
-0.5308641975308631
-0.5308641975308627
-0.5308641975308624
-0.5308641975308629
-0.5308641975308631
-0.5308641975308631
-0.5308641975308631
-0.5308641975308628
-0.530864197530863
-0.5308641975308633
-0.5308641975308629
-0.5308641975308623
-0.530864197530862
-0.5308641975308613
-0.5308641975308609
-0.5308641975308619
-0.5308641975308632
-0.5061728395061691
-0.5061728395061695
-0.5061728395061703
-0.5061728395061701
-0.5061728395061699
-0.5061728395061699
-0.5061728395061701
-0.5061728395061704
-0.5061728395061709
-0.5061728395061714
-0.5061728395061714
-0.5061728395061716
-0.5061728395061715
-0.506172839506172
-0.5061728395061721
-0.5061728395061723
-0.5061728395061723
-0.5061728395061723
-0.5061728395061724
-0.5061728395061731
-0.5061728395061734
-0.5061728395061738
-0.5061728395061741
-0.5061728395061745
-0.5061728395061744
-0.5061728395061748
-0.506172839506175
-0.5061728395061749
-0.5061728395061751
-0.506172839506175
-0.5061728395061752
-0.506172839506175
-0.5061728395061748
-0.5061728395061744
-0.5061728395061745
-0.5061728395061746
-0.5061728395061745
-0.5061728395061744
-0.5061728395061745
-0.5061728395061746
-0.5061728395061744
-0.5061728395061744
-0.5061728395061744
-0.5061728395061743
-0.5061728395061742
-0.5061728395061741
-0.5061728395061738
-0.5061728395061734
-0.5061728395061729
-0.5061728395061726
-0.5061728395061725
-0.506172839506172
-0.5061728395061715
-0.5061728395061713
-0.5061728395061712
-0.5061728395061712
-0.5061728395061714
-0.5061728395061712
-0.506172839506171
-0.5061728395061713
-0.5061728395061718
-0.5061728395061719
-0.5061728395061715
-0.5061728395061715
-0.5061728395061721
-0.5061728395061721
-0.5061728395061714
-0.5061728395061715
-0.5061728395061714
-0.5061728395061715
-0.5061728395061721
-0.5061728395061721
-0.5061728395061716
-0.5061728395061711
-0.506172839506171
-0.5061728395061706
-0.5061728395061709
-0.5061728395061712
-0.5061728395061703
-0.5061728395061695
-0.4814814814814787
-0.48148148148147885
-0.4814814814814783
-0.48148148148147896
-0.48148148148147923
-0.48148148148147907
-0.48148148148147957
-0.48148148148147923
-0.4814814814814798
-0.4814814814814803
-0.4814814814814807
-0.48148148148148096
-0.4814814814814809
-0.48148148148148084
-0.4814814814814806
-0.481481481481481
-0.481481481481481
-0.4814814814814817
-0.4814814814814824
-0.4814814814814822
-0.48148148148148245
-0.48148148148148273
-0.48148148148148306
-0.48148148148148323
-0.48148148148148306
-0.48148148148148356
-0.48148148148148384
-0.48148148148148395
-0.48148148148148406
-0.48148148148148395
-0.48148148148148384
-0.4814814814814842
-0.48148148148148395
-0.48148148148148356
-0.48148148148148356
-0.4814814814814833
-0.4814814814814835
-0.4814814814814834
-0.4814814814814832
-0.4814814814814832
-0.4814814814814831
-0.48148148148148323
-0.4814814814814831
-0.481481481481483
-0.4814814814814829
-0.4814814814814827
-0.48148148148148256
-0.48148148148148223
-0.4814814814814819
-0.4814814814814812
-0.48148148148148057
-0.48148148148148034
-0.4814814814814803
-0.4814814814814801
-0.4814814814814804
-0.48148148148148007
-0.48148148148148
-0.4814814814814802
-0.4814814814814796
-0.4814814814814795
-0.4814814814814801
-0.48148148148148046
-0.4814814814814809
-0.4814814814814807
-0.4814814814814797
-0.4814814814814797
-0.48148148148148046
-0.48148148148148096
-0.48148148148148107
-0.4814814814814809
-0.48148148148148057
-0.48148148148148034
-0.48148148148148007
-0.48148148148148073
-0.4814814814814804
-0.4814814814814801
-0.4814814814814796
-0.48148148148147907
-0.48148148148147923
-0.48148148148147835
-0.45679012345678743
-0.4567901234567883
-0.45679012345678877
-0.45679012345678804
-0.4567901234567882
-0.4567901234567887
-0.45679012345678827
-0.4567901234567888
-0.456790123456789
-0.45679012345678877
-0.456790123456789
-0.45679012345678893
-0.4567901234567891
-0.45679012345678965
-0.4567901234567898
-0.4567901234567896
-0.45679012345679015
-0.4567901234567901
-0.4567901234567901
-0.4567901234567906
-0.45679012345679093
-0.4567901234567916
-0.45679012345679154
-0.4567901234567922
-0.4567901234567926
-0.4567901234567922
-0.45679012345679215
-0.4567901234567929
-0.45679012345679254
-0.4567901234567926
-0.4567901234567929
-0.45679012345679254
-0.4567901234567924
-0.45679012345679215
-0.45679012345679215
-0.45679012345679243
-0.4567901234567923
-0.4567901234567921
-0.4567901234567918
-0.4567901234567921
-0.456790123456792
-0.4567901234567921
-0.45679012345679193
-0.4567901234567918
-0.4567901234567917
-0.45679012345679176
-0.45679012345679154
-0.4567901234567912
-0.4567901234567907
-0.45679012345679015
-0.45679012345678965
-0.4567901234567892
-0.45679012345678943
-0.45679012345678927
-0.45679012345678893
-0.4567901234567896
-0.45679012345678927
-0.4567901234567889
-0.45679012345678893
-0.45679012345678893
-0.4567901234567889
-0.4567901234567891
-0.45679012345678915
-0.45679012345678927
-0.45679012345678965
-0.45679012345678927
-0.4567901234567898
-0.45679012345678943
-0.45679012345678927
-0.4567901234567891
-0.4567901234567892
-0.45679012345678965
-0.4567901234567898
-0.45679012345678915
-0.45679012345678954
-0.45679012345678854
-0.45679012345678854
-0.4567901234567892
-0.4567901234567883
-0.45679012345678754
-0.4320987654320967
-0.4320987654320971
-0.4320987654320974
-0.43209876543209735
-0.4320987654320975
-0.4320987654320969
-0.43209876543209774
-0.43209876543209713
-0.4320987654320969
-0.4320987654320978
-0.43209876543209813
-0.4320987654320982
-0.43209876543209846
-0.43209876543209796
-0.43209876543209774
-0.4320987654320979
-0.4320987654320988
-0.43209876543209896
-0.4320987654320991
-0.43209876543209974
-0.4320987654321001
-0.4320987654321006
-0.4320987654321009
-0.43209876543210124
-0.43209876543210113
-0.4320987654321013
-0.432098765432101
-0.43209876543210113
-0.43209876543210135
-0.4320987654321016
-0.4320987654321012
-0.432098765432101
-0.432098765432101
-0.43209876543210063
-0.43209876543210074
-0.43209876543210113
-0.43209876543210113
-0.43209876543210085
-0.43209876543210074
-0.43209876543210063
-0.4320987654321007
-0.4320987654321007
-0.4320987654321008
-0.4320987654321007
-0.43209876543210046
-0.43209876543210035
-0.43209876543209985
-0.4320987654320999
-0.4320987654320994
-0.43209876543209924
-0.43209876543209874
-0.43209876543209835
-0.43209876543209796
-0.43209876543209785
-0.43209876543209785
-0.4320987654320981
-0.4320987654320979
-0.43209876543209785
-0.43209876543209746
-0.432098765432098
-0.43209876543209785
-0.4320987654320975
-0.43209876543209813
-0.4320987654320978
-0.4320987654320979
-0.43209876543209824
-0.4320987654320979
-0.43209876543209885
-0.43209876543209863
-0.4320987654320981
-0.43209876543209835
-0.4320987654320977
-0.4320987654320978
-0.43209876543209785
-0.4320987654320973
-0.4320987654320975
-0.43209876543209735
-0.4320987654320966
-0.43209876543209663
-0.43209876543209746
-0.4074074074074063
-0.4074074074074057
-0.4074074074074059
-0.40740740740740605
-0.4074074074074058
-0.40740740740740633
-0.40740740740740616
-0.40740740740740655
-0.4074074074074065
-0.40740740740740605
-0.4074074074074068
-0.4074074074074064
-0.40740740740740616
-0.4074074074074073
-0.40740740740740733
-0.4074074074074077
-0.40740740740740766
-0.4074074074074075
-0.4074074074074079
-0.4074074074074082
-0.4074074074074083
-0.40740740740740894
-0.40740740740740927
-0.40740740740740977
-0.4074074074074098
-0.40740740740740994
-0.40740740740741
-0.40740740740741
-0.4074074074074101
-0.40740740740740994
-0.40740740740740994
-0.40740740740740977
-0.40740740740740994
-0.40740740740740977
-0.40740740740740977
-0.4074074074074097
-0.40740740740740994
-0.40740740740740977
-0.4074074074074096
-0.4074074074074093
-0.40740740740740927
-0.4074074074074092
-0.4074074074074091
-0.4074074074074091
-0.407407407407409
-0.40740740740740894
-0.40740740740740905
-0.4074074074074086
-0.40740740740740833
-0.40740740740740783
-0.40740740740740755
-0.4074074074074071
-0.40740740740740705
-0.4074074074074072
-0.40740740740740705
-0.40740740740740705
-0.4074074074074068
-0.4074074074074067
-0.4074074074074063
-0.4074074074074065
-0.4074074074074066
-0.40740740740740655
-0.4074074074074065
-0.40740740740740683
-0.40740740740740766
-0.40740740740740705
-0.40740740740740705
-0.4074074074074064
-0.4074074074074066
-0.40740740740740705
-0.4074074074074066
-0.40740740740740666
-0.4074074074074069
-0.4074074074074062
-0.4074074074074061
-0.40740740740740644
-0.4074074074074061
-0.40740740740740594
-0.4074074074074061
-0.40740740740740605
-0.38271604938271503
-0.38271604938271464
-0.382716049382715
-0.3827160493827146
-0.3827160493827151
-0.38271604938271503
-0.3827160493827145
-0.38271604938271414
-0.38271604938271453
-0.38271604938271503
-0.382716049382715
-0.3827160493827154
-0.38271604938271525
-0.38271604938271503
-0.3827160493827155
-0.3827160493827161
-0.3827160493827163
-0.38271604938271625
-0.38271604938271686
-0.3827160493827169
-0.38271604938271725
-0.3827160493827173
-0.3827160493827182
-0.3827160493827181
-0.38271604938271814
-0.3827160493827186
-0.38271604938271875
-0.38271604938271847
-0.38271604938271864
-0.3827160493827186
-0.38271604938271847
-0.3827160493827186
-0.3827160493827186
-0.38271604938271847
-0.3827160493827184
-0.38271604938271836
-0.38271604938271864
-0.3827160493827184
-0.3827160493827183
-0.38271604938271797
-0.38271604938271786
-0.3827160493827178
-0.38271604938271786
-0.3827160493827178
-0.38271604938271775
-0.38271604938271764
-0.3827160493827174
-0.3827160493827173
-0.38271604938271686
-0.3827160493827166
-0.3827160493827166
-0.3827160493827161
-0.38271604938271586
-0.3827160493827157
-0.3827160493827156
-0.38271604938271564
-0.3827160493827153
-0.3827160493827154
-0.3827160493827157
-0.38271604938271525
-0.3827160493827151
-0.38271604938271525
-0.3827160493827152
-0.3827160493827157
-0.38271604938271553
-0.3827160493827155
-0.3827160493827152
-0.3827160493827155
-0.3827160493827159
-0.3827160493827155
-0.3827160493827155
-0.3827160493827151
-0.3827160493827154
-0.3827160493827154
-0.38271604938271464
-0.3827160493827147
-0.3827160493827151
-0.3827160493827149
-0.3827160493827146
-0.3827160493827143
-0.3580246913580238
-0.35802469135802406
-0.3580246913580232
-0.3580246913580227
-0.35802469135802356
-0.358024691358024
-0.3580246913580237
-0.3580246913580235
-0.35802469135802384
-0.3580246913580233
-0.3580246913580232
-0.3580246913580236
-0.35802469135802445
-0.35802469135802456
-0.3580246913580245
-0.3580246913580244
-0.35802469135802456
-0.35802469135802517
-0.3580246913580251
-0.3580246913580257
-0.35802469135802617
-0.35802469135802606
-0.3580246913580261
-0.35802469135802667
-0.35802469135802684
-0.35802469135802734
-0.3580246913580274
-0.3580246913580274
-0.3580246913580274
-0.35802469135802706
-0.3580246913580269
-0.3580246913580272
-0.3580246913580271
-0.35802469135802717
-0.35802469135802717
-0.3580246913580272
-0.3580246913580273
-0.35802469135802706
-0.35802469135802684
-0.3580246913580268
-0.3580246913580267
-0.3580246913580266
-0.3580246913580268
-0.35802469135802667
-0.3580246913580266
-0.3580246913580262
-0.3580246913580261
-0.3580246913580262
-0.3580246913580259
-0.3580246913580256
-0.35802469135802545
-0.35802469135802534
-0.35802469135802506
-0.3580246913580247
-0.3580246913580247
-0.3580246913580247
-0.3580246913580246
-0.35802469135802484
-0.3580246913580244
-0.3580246913580242
-0.3580246913580239
-0.3580246913580239
-0.358024691358024
-0.35802469135802384
-0.3580246913580241
-0.3580246913580243
-0.35802469135802467
-0.3580246913580244
-0.358024691358024
-0.3580246913580237
-0.3580246913580238
-0.35802469135802384
-0.35802469135802356
-0.35802469135802356
-0.35802469135802373
-0.35802469135802334
-0.3580246913580234
-0.35802469135802306
-0.3580246913580237
-0.3580246913580231
-0.33333333333333204
-0.3333333333333321
-0.3333333333333324
-0.3333333333333325
-0.33333333333333237
-0.3333333333333318
-0.3333333333333322
-0.3333333333333324
-0.333333333333332
-0.3333333333333323
-0.33333333333333276
-0.3333333333333327
-0.3333333333333326
-0.33333333333333287
-0.33333333333333326
-0.33333333333333304
-0.3333333333333335
-0.33333333333333387
-0.33333333333333415
-0.3333333333333345
-0.3333333333333344
-0.33333333333333465
-0.3333333333333348
-0.333333333333335
-0.33333333333333526
-0.33333333333333554
-0.33333333333333565
-0.3333333333333359
-0.33333333333333587
-0.33333333333333587
-0.3333333333333361
-0.3333333333333359
-0.33333333333333576
-0.33333333333333587
-0.3333333333333355
-0.33333333333333587
-0.33333333333333576
-0.3333333333333355
-0.3333333333333353
-0.3333333333333356
-0.33333333333333526
-0.33333333333333537
-0.33333333333333526
-0.3333333333333352
-0.3333333333333351
-0.33333333333333487
-0.33333333333333487
-0.333333333333335
-0.3333333333333348
-0.33333333333333454
-0.33333333333333415
-0.333333333333334
-0.33333333333333387
-0.33333333333333365
-0.3333333333333336
-0.33333333333333354
-0.33333333333333354
-0.33333333333333326
-0.3333333333333333
-0.33333333333333276
-0.33333333333333287
-0.3333333333333331
-0.3333333333333326
-0.33333333333333276
-0.3333333333333327
-0.33333333333333287
-0.33333333333333287
-0.333333333333333
-0.33333333333333337
-0.33333333333333354
-0.3333333333333327
-0.33333333333333226
-0.33333333333333287
-0.3333333333333328
-0.3333333333333326
-0.33333333333333237
-0.333333333333332
-0.33333333333333215
-0.3333333333333321
-0.33333333333333204
-0.30864197530864074
-0.30864197530864107
-0.30864197530864124
-0.308641975308641
-0.30864197530864057
-0.308641975308641
-0.3086419753086405
-0.3086419753086407
-0.308641975308641
-0.30864197530864107
-0.30864197530864074
-0.3086419753086411
-0.30864197530864135
-0.3086419753086419
-0.3086419753086419
-0.30864197530864185
-0.3086419753086423
-0.3086419753086421
-0.30864197530864274
-0.3086419753086432
-0.3086419753086434
-0.3086419753086433
-0.30864197530864346
-0.3086419753086436
-0.30864197530864357
-0.30864197530864407
-0.3086419753086443
-0.30864197530864473
-0.3086419753086447
-0.30864197530864457
-0.30864197530864446
-0.3086419753086444
-0.30864197530864446
-0.3086419753086443
-0.30864197530864435
-0.30864197530864435
-0.30864197530864435
-0.3086419753086441
-0.30864197530864407
-0.30864197530864396
-0.3086419753086437
-0.30864197530864396
-0.3086419753086439
-0.30864197530864385
-0.3086419753086438
-0.3086419753086435
-0.3086419753086435
-0.3086419753086433
-0.3086419753086432
-0.30864197530864307
-0.30864197530864285
-0.30864197530864307
-0.3086419753086429
-0.3086419753086424
-0.3086419753086424
-0.30864197530864224
-0.3086419753086421
-0.30864197530864196
-0.3086419753086417
-0.3086419753086417
-0.30864197530864185
-0.3086419753086417
-0.3086419753086416
-0.30864197530864174
-0.3086419753086417
-0.3086419753086417
-0.30864197530864185
-0.30864197530864196
-0.3086419753086416
-0.3086419753086416
-0.3086419753086417
-0.308641975308642
-0.30864197530864124
-0.3086419753086412
-0.3086419753086413
-0.3086419753086411
-0.3086419753086409
-0.30864197530864107
-0.30864197530864074
-0.3086419753086404
-0.28395061728395
-0.28395061728394994
-0.28395061728394916
-0.28395061728394955
-0.2839506172839492
-0.28395061728394916
-0.2839506172839492
-0.28395061728394955
-0.28395061728394966
-0.2839506172839499
-0.2839506172839496
-0.2839506172839497
-0.2839506172839498
-0.28395061728395016
-0.2839506172839504
-0.2839506172839507
-0.2839506172839509
-0.28395061728395127
-0.2839506172839513
-0.28395061728395127
-0.2839506172839518
-0.283950617283952
-0.2839506172839522
-0.283950617283952
-0.28395061728395243
-0.28395061728395254
-0.28395061728395277
-0.283950617283953
-0.283950617283953
-0.28395061728395304
-0.2839506172839529
-0.2839506172839529
-0.2839506172839527
-0.28395061728395266
-0.28395061728395266
-0.28395061728395254
-0.28395061728395254
-0.28395061728395254
-0.28395061728395254
-0.2839506172839524
-0.2839506172839523
-0.2839506172839523
-0.28395061728395243
-0.2839506172839523
-0.2839506172839524
-0.2839506172839522
-0.283950617283952
-0.2839506172839519
-0.2839506172839518
-0.2839506172839519
-0.2839506172839519
-0.2839506172839517
-0.2839506172839513
-0.2839506172839514
-0.28395061728395105
-0.2839506172839508
-0.28395061728395055
-0.2839506172839503
-0.2839506172839506
-0.2839506172839505
-0.2839506172839505
-0.28395061728395027
-0.28395061728395027
-0.2839506172839504
-0.28395061728395066
-0.2839506172839505
-0.2839506172839503
-0.2839506172839504
-0.2839506172839503
-0.2839506172839501
-0.2839506172839501
-0.28395061728395027
-0.28395061728395005
-0.28395061728395005
-0.2839506172839501
-0.2839506172839501
-0.2839506172839494
-0.28395061728394877
-0.2839506172839491
-0.2839506172839495
-0.2592592592592582
-0.2592592592592585
-0.25925925925925886
-0.2592592592592582
-0.25925925925925797
-0.2592592592592579
-0.25925925925925825
-0.2592592592592584
-0.25925925925925813
-0.25925925925925847
-0.2592592592592588
-0.25925925925925847
-0.25925925925925863
-0.2592592592592591
-0.2592592592592593
-0.25925925925925913
-0.2592592592592593
-0.2592592592592594
-0.25925925925926
-0.25925925925925997
-0.25925925925925997
-0.2592592592592604
-0.25925925925926063
-0.2592592592592609
-0.25925925925926113
-0.2592592592592612
-0.25925925925926135
-0.2592592592592613
-0.2592592592592615
-0.2592592592592613
-0.25925925925926124
-0.2592592592592613
-0.2592592592592613
-0.2592592592592614
-0.25925925925926113
-0.25925925925926113
-0.25925925925926113
-0.2592592592592611
-0.2592592592592611
-0.25925925925926113
-0.25925925925926124
-0.2592592592592612
-0.25925925925926124
-0.2592592592592613
-0.259259259259261
-0.25925925925926097
-0.2592592592592609
-0.2592592592592609
-0.2592592592592608
-0.2592592592592607
-0.25925925925926063
-0.2592592592592607
-0.2592592592592605
-0.2592592592592603
-0.2592592592592602
-0.25925925925926
-0.2592592592592598
-0.2592592592592594
-0.25925925925925947
-0.25925925925925913
-0.2592592592592596
-0.25925925925925974
-0.25925925925925936
-0.2592592592592591
-0.2592592592592591
-0.25925925925925924
-0.25925925925925913
-0.2592592592592589
-0.2592592592592588
-0.25925925925925875
-0.2592592592592588
-0.2592592592592587
-0.2592592592592592
-0.25925925925925936
-0.25925925925925875
-0.2592592592592587
-0.25925925925925875
-0.2592592592592591
-0.2592592592592589
-0.25925925925925813
-0.23456790123456725
-0.23456790123456703
-0.23456790123456717
-0.2345679012345672
-0.23456790123456753
-0.23456790123456667
-0.2345679012345668
-0.23456790123456678
-0.23456790123456692
-0.234567901234567
-0.2345679012345672
-0.23456790123456742
-0.2345679012345677
-0.23456790123456742
-0.23456790123456792
-0.2345679012345681
-0.234567901234568
-0.23456790123456817
-0.23456790123456803
-0.2345679012345686
-0.23456790123456855
-0.23456790123456892
-0.23456790123456928
-0.23456790123456916
-0.23456790123456941
-0.23456790123456936
-0.23456790123456953
-0.2345679012345696
-0.2345679012345696
-0.23456790123456955
-0.23456790123456983
-0.23456790123456975
-0.23456790123456972
-0.23456790123456953
-0.23456790123456944
-0.23456790123456944
-0.23456790123456928
-0.23456790123456933
-0.23456790123456964
-0.2345679012345694
-0.23456790123456944
-0.2345679012345695
-0.23456790123456941
-0.23456790123456941
-0.23456790123456928
-0.23456790123456933
-0.23456790123456936
-0.23456790123456933
-0.23456790123456955
-0.2345679012345692
-0.23456790123456908
-0.23456790123456922
-0.23456790123456922
-0.23456790123456878
-0.23456790123456875
-0.2345679012345686
-0.23456790123456853
-0.23456790123456808
-0.2345679012345682
-0.2345679012345684
-0.23456790123456805
-0.23456790123456775
-0.2345679012345677
-0.23456790123456797
-0.23456790123456805
-0.23456790123456822
-0.23456790123456792
-0.23456790123456772
-0.23456790123456775
-0.23456790123456767
-0.23456790123456758
-0.2345679012345674
-0.2345679012345672
-0.23456790123456728
-0.23456790123456728
-0.23456790123456703
-0.23456790123456725
-0.2345679012345673
-0.23456790123456736
-0.23456790123456744
-0.20987654320987603
-0.20987654320987606
-0.20987654320987587
-0.20987654320987545
-0.20987654320987575
-0.20987654320987578
-0.20987654320987564
-0.20987654320987564
-0.2098765432098757
-0.20987654320987584
-0.2098765432098758
-0.2098765432098762
-0.20987654320987625
-0.20987654320987645
-0.20987654320987637
-0.20987654320987637
-0.20987654320987656
-0.20987654320987678
-0.2098765432098771
-0.20987654320987711
-0.20987654320987714
-0.20987654320987748
-0.2098765432098775
-0.2098765432098778
-0.20987654320987795
-0.2098765432098781
-0.2098765432098779
-0.20987654320987806
-0.2098765432098781
-0.2098765432098781
-0.20987654320987806
-0.20987654320987817
-0.2098765432098782
-0.20987654320987817
-0.2098765432098781
-0.20987654320987795
-0.20987654320987795
-0.20987654320987803
-0.209876543209878
-0.20987654320987806
-0.20987654320987792
-0.209876543209878
-0.20987654320987803
-0.20987654320987795
-0.209876543209878
-0.20987654320987795
-0.209876543209878
-0.20987654320987806
-0.20987654320987795
-0.2098765432098778
-0.20987654320987792
-0.2098765432098778
-0.2098765432098776
-0.20987654320987756
-0.20987654320987753
-0.20987654320987745
-0.20987654320987725
-0.20987654320987723
-0.20987654320987728
-0.20987654320987711
-0.20987654320987684
-0.20987654320987684
-0.20987654320987656
-0.20987654320987664
-0.20987654320987667
-0.20987654320987628
-0.20987654320987648
-0.20987654320987656
-0.20987654320987648
-0.20987654320987642
-0.2098765432098763
-0.20987654320987623
-0.20987654320987625
-0.20987654320987587
-0.20987654320987614
-0.2098765432098762
-0.20987654320987598
-0.209876543209876
-0.20987654320987614
-0.20987654320987603
-0.18518518518518484
-0.18518518518518456
-0.1851851851851846
-0.18518518518518454
-0.18518518518518434
-0.18518518518518456
-0.18518518518518487
-0.1851851851851847
-0.18518518518518462
-0.18518518518518462
-0.18518518518518456
-0.18518518518518443
-0.18518518518518465
-0.18518518518518493
-0.18518518518518512
-0.18518518518518515
-0.18518518518518515
-0.18518518518518548
-0.18518518518518556
-0.18518518518518579
-0.18518518518518598
-0.18518518518518587
-0.18518518518518615
-0.1851851851851862
-0.18518518518518623
-0.18518518518518634
-0.1851851851851864
-0.18518518518518637
-0.18518518518518645
-0.18518518518518645
-0.1851851851851864
-0.18518518518518648
-0.18518518518518645
-0.18518518518518648
-0.18518518518518642
-0.18518518518518642
-0.18518518518518634
-0.18518518518518634
-0.18518518518518642
-0.18518518518518645
-0.1851851851851863
-0.18518518518518634
-0.18518518518518642
-0.18518518518518645
-0.18518518518518634
-0.18518518518518629
-0.18518518518518637
-0.18518518518518642
-0.18518518518518645
-0.1851851851851865
-0.18518518518518637
-0.1851851851851862
-0.1851851851851862
-0.18518518518518606
-0.18518518518518587
-0.1851851851851859
-0.1851851851851858
-0.18518518518518579
-0.18518518518518573
-0.18518518518518595
-0.18518518518518562
-0.18518518518518542
-0.18518518518518529
-0.18518518518518515
-0.18518518518518515
-0.18518518518518512
-0.1851851851851852
-0.18518518518518534
-0.18518518518518523
-0.18518518518518506
-0.18518518518518468
-0.1851851851851846
-0.1851851851851846
-0.1851851851851845
-0.1851851851851846
-0.18518518518518468
-0.18518518518518448
-0.18518518518518465
-0.18518518518518418
-0.18518518518518443
-0.16049382716049349
-0.1604938271604935
-0.16049382716049337
-0.16049382716049346
-0.16049382716049346
-0.1604938271604932
-0.16049382716049326
-0.16049382716049318
-0.16049382716049304
-0.1604938271604933
-0.16049382716049343
-0.16049382716049343
-0.16049382716049346
-0.1604938271604935
-0.16049382716049357
-0.16049382716049362
-0.16049382716049362
-0.16049382716049387
-0.1604938271604942
-0.16049382716049435
-0.1604938271604944
-0.1604938271604943
-0.16049382716049446
-0.16049382716049457
-0.16049382716049468
-0.16049382716049473
-0.16049382716049485
-0.16049382716049498
-0.16049382716049507
-0.1604938271604951
-0.16049382716049498
-0.1604938271604949
-0.16049382716049493
-0.1604938271604949
-0.16049382716049487
-0.16049382716049487
-0.1604938271604949
-0.1604938271604949
-0.16049382716049482
-0.16049382716049476
-0.16049382716049482
-0.16049382716049482
-0.1604938271604949
-0.16049382716049485
-0.16049382716049482
-0.1604938271604949
-0.16049382716049493
-0.16049382716049504
-0.16049382716049487
-0.16049382716049498
-0.16049382716049498
-0.1604938271604949
-0.16049382716049482
-0.16049382716049473
-0.16049382716049465
-0.16049382716049446
-0.1604938271604945
-0.16049382716049446
-0.1604938271604943
-0.16049382716049423
-0.16049382716049423
-0.16049382716049426
-0.16049382716049404
-0.1604938271604938
-0.16049382716049404
-0.16049382716049396
-0.1604938271604939
-0.1604938271604939
-0.16049382716049382
-0.16049382716049387
-0.16049382716049382
-0.1604938271604938
-0.16049382716049373
-0.16049382716049346
-0.16049382716049349
-0.16049382716049357
-0.1604938271604935
-0.1604938271604935
-0.16049382716049337
-0.1604938271604932
-0.13580246913580246
-0.13580246913580202
-0.13580246913580205
-0.13580246913580174
-0.1358024691358018
-0.13580246913580196
-0.135802469135802
-0.13580246913580188
-0.13580246913580202
-0.13580246913580218
-0.13580246913580218
-0.1358024691358023
-0.13580246913580227
-0.13580246913580218
-0.1358024691358022
-0.1358024691358023
-0.13580246913580243
-0.13580246913580263
-0.13580246913580268
-0.13580246913580296
-0.1358024691358031
-0.13580246913580296
-0.13580246913580304
-0.13580246913580302
-0.13580246913580307
-0.13580246913580307
-0.13580246913580313
-0.13580246913580332
-0.13580246913580343
-0.13580246913580343
-0.1358024691358035
-0.1358024691358034
-0.1358024691358034
-0.13580246913580335
-0.13580246913580332
-0.13580246913580338
-0.1358024691358033
-0.1358024691358033
-0.13580246913580327
-0.13580246913580327
-0.1358024691358032
-0.1358024691358032
-0.13580246913580324
-0.1358024691358032
-0.13580246913580327
-0.13580246913580332
-0.13580246913580338
-0.13580246913580338
-0.13580246913580332
-0.13580246913580332
-0.13580246913580327
-0.13580246913580332
-0.13580246913580327
-0.13580246913580307
-0.1358024691358031
-0.13580246913580313
-0.13580246913580307
-0.13580246913580296
-0.13580246913580288
-0.13580246913580296
-0.13580246913580288
-0.1358024691358027
-0.1358024691358028
-0.13580246913580263
-0.1358024691358024
-0.13580246913580257
-0.13580246913580257
-0.1358024691358025
-0.13580246913580252
-0.1358024691358024
-0.1358024691358025
-0.1358024691358025
-0.13580246913580227
-0.1358024691358023
-0.13580246913580213
-0.1358024691358018
-0.13580246913580185
-0.13580246913580163
-0.13580246913580163
-0.13580246913580193
-0.11111111111111067
-0.11111111111111076
-0.11111111111111076
-0.11111111111111081
-0.11111111111111074
-0.11111111111111066
-0.11111111111111051
-0.11111111111111065
-0.11111111111111079
-0.1111111111111108
-0.11111111111111088
-0.11111111111111088
-0.11111111111111095
-0.11111111111111115
-0.11111111111111104
-0.11111111111111117
-0.1111111111111113
-0.11111111111111129
-0.11111111111111131
-0.11111111111111137
-0.11111111111111137
-0.11111111111111159
-0.11111111111111162
-0.11111111111111159
-0.11111111111111169
-0.11111111111111169
-0.11111111111111184
-0.11111111111111187
-0.1111111111111118
-0.11111111111111197
-0.11111111111111205
-0.1111111111111121
-0.11111111111111195
-0.11111111111111188
-0.11111111111111191
-0.11111111111111194
-0.11111111111111188
-0.1111111111111118
-0.11111111111111178
-0.11111111111111177
-0.11111111111111172
-0.11111111111111174
-0.11111111111111176
-0.11111111111111172
-0.1111111111111118
-0.11111111111111183
-0.11111111111111181
-0.11111111111111192
-0.11111111111111201
-0.11111111111111177
-0.11111111111111187
-0.11111111111111172
-0.11111111111111183
-0.11111111111111184
-0.1111111111111117
-0.11111111111111167
-0.1111111111111115
-0.11111111111111159
-0.11111111111111169
-0.11111111111111137
-0.1111111111111114
-0.1111111111111114
-0.11111111111111133
-0.11111111111111133
-0.11111111111111123
-0.1111111111111113
-0.11111111111111129
-0.1111111111111111
-0.11111111111111123
-0.11111111111111119
-0.11111111111111102
-0.1111111111111111
-0.111111111111111
-0.1111111111111108
-0.1111111111111108
-0.11111111111111083
-0.11111111111111092
-0.11111111111111066
-0.1111111111111108
-0.11111111111111076
-0.0864197530864195
-0.08641975308641939
-0.08641975308641936
-0.08641975308641936
-0.08641975308641922
-0.08641975308641925
-0.08641975308641926
-0.0864197530864195
-0.08641975308641957
-0.08641975308641968
-0.08641975308641958
-0.08641975308641951
-0.08641975308641951
-0.08641975308641954
-0.08641975308641969
-0.08641975308641975
-0.08641975308641969
-0.0864197530864198
-0.08641975308641987
-0.08641975308641998
-0.0864197530864201
-0.08641975308642007
-0.08641975308642015
-0.08641975308642026
-0.0864197530864202
-0.0864197530864202
-0.08641975308642032
-0.08641975308642043
-0.08641975308642039
-0.08641975308642043
-0.08641975308642051
-0.08641975308642046
-0.08641975308642044
-0.08641975308642032
-0.08641975308642035
-0.08641975308642036
-0.08641975308642025
-0.08641975308642026
-0.08641975308642028
-0.08641975308642018
-0.0864197530864202
-0.0864197530864202
-0.0864197530864202
-0.08641975308642015
-0.08641975308642025
-0.08641975308642025
-0.08641975308642029
-0.08641975308642033
-0.08641975308642026
-0.08641975308642023
-0.08641975308642025
-0.08641975308642018
-0.08641975308642014
-0.08641975308642018
-0.08641975308642014
-0.08641975308642014
-0.08641975308642012
-0.08641975308642004
-0.08641975308642004
-0.08641975308641998
-0.08641975308641996
-0.08641975308641987
-0.08641975308641968
-0.08641975308641976
-0.08641975308641989
-0.08641975308641985
-0.08641975308641978
-0.08641975308641973
-0.08641975308641965
-0.08641975308641964
-0.08641975308641962
-0.08641975308641954
-0.08641975308641954
-0.08641975308641948
-0.08641975308641958
-0.08641975308641954
-0.08641975308641948
-0.08641975308641955
-0.08641975308641957
-0.08641975308641947
-0.06172839506172826
-0.06172839506172819
-0.06172839506172819
-0.06172839506172816
-0.061728395061728177
-0.0617283950617281
-0.0617283950617281
-0.061728395061728156
-0.061728395061728204
-0.06172839506172817
-0.06172839506172828
-0.061728395061728315
-0.06172839506172824
-0.06172839506172816
-0.06172839506172831
-0.06172839506172839
-0.061728395061728454
-0.061728395061728496
-0.06172839506172855
-0.061728395061728565
-0.06172839506172857
-0.06172839506172874
-0.06172839506172876
-0.061728395061728725
-0.061728395061728766
-0.06172839506172886
-0.0617283950617289
-0.06172839506172893
-0.06172839506172892
-0.06172839506172894
-0.06172839506172893
-0.0617283950617289
-0.06172839506172891
-0.0617283950617289
-0.061728395061728905
-0.06172839506172888
-0.061728395061728863
-0.061728395061728836
-0.06172839506172882
-0.06172839506172873
-0.06172839506172875
-0.061728395061728766
-0.06172839506172876
-0.06172839506172879
-0.06172839506172879
-0.06172839506172879
-0.061728395061728836
-0.06172839506172882
-0.06172839506172882
-0.06172839506172879
-0.06172839506172876
-0.061728395061728766
-0.06172839506172871
-0.06172839506172875
-0.06172839506172876
-0.06172839506172874
-0.061728395061728725
-0.06172839506172869
-0.061728395061728704
-0.06172839506172869
-0.06172839506172864
-0.0617283950617286
-0.061728395061728496
-0.061728395061728475
-0.061728395061728496
-0.06172839506172845
-0.061728395061728336
-0.06172839506172837
-0.06172839506172841
-0.06172839506172835
-0.061728395061728336
-0.0617283950617283
-0.06172839506172827
-0.06172839506172822
-0.061728395061728177
-0.0617283950617282
-0.06172839506172823
-0.06172839506172829
-0.06172839506172823
-0.06172839506172822
-0.03703703703703694
-0.0370370370370369
-0.03703703703703685
-0.037037037037036834
-0.0370370370370369
-0.03703703703703695
-0.03703703703703695
-0.03703703703703694
-0.03703703703703691
-0.03703703703703691
-0.03703703703703694
-0.03703703703703693
-0.037037037037037014
-0.03703703703703703
-0.03703703703703705
-0.037037037037037035
-0.03703703703703711
-0.03703703703703712
-0.03703703703703712
-0.03703703703703711
-0.03703703703703718
-0.03703703703703726
-0.03703703703703723
-0.03703703703703728
-0.03703703703703728
-0.0370370370370373
-0.03703703703703736
-0.03703703703703729
-0.03703703703703733
-0.03703703703703737
-0.03703703703703733
-0.03703703703703736
-0.037037037037037285
-0.03703703703703732
-0.0370370370370373
-0.03703703703703726
-0.03703703703703728
-0.0370370370370372
-0.037037037037037236
-0.037037037037037195
-0.037037037037037236
-0.03703703703703722
-0.037037037037037174
-0.03703703703703724
-0.037037037037037236
-0.03703703703703731
-0.03703703703703726
-0.037037037037037264
-0.0370370370370373
-0.03703703703703718
-0.037037037037037236
-0.03703703703703721
-0.037037037037037215
-0.037037037037037215
-0.03703703703703721
-0.03703703703703712
-0.03703703703703714
-0.03703703703703708
-0.03703703703703714
-0.03703703703703714
-0.037037037037037056
-0.03703703703703702
-0.03703703703703699
-0.03703703703703703
-0.03703703703703694
-0.037037037037036966
-0.037037037037036966
-0.037037037037037014
-0.037037037037036986
-0.037037037037036924
-0.037037037037036924
-0.03703703703703689
-0.0370370370370369
-0.03703703703703685
-0.03703703703703681
-0.03703703703703681
-0.037037037037036834
-0.03703703703703673
-0.03703703703703684
-0.03703703703703677
-0.012345679012345729
-0.012345679012345713
-0.012345679012345704
-0.012345679012345605
-0.012345679012345623
-0.012345679012345687
-0.012345679012345609
-0.012345679012345685
-0.012345679012345637
-0.01234567901234566
-0.012345679012345737
-0.01234567901234568
-0.012345679012345739
-0.012345679012345631
-0.012345679012345701
-0.012345679012345756
-0.012345679012345708
-0.012345679012345727
-0.012345679012345694
-0.01234567901234574
-0.012345679012345831
-0.012345679012345711
-0.01234567901234579
-0.012345679012345828
-0.01234567901234581
-0.012345679012345876
-0.012345679012345796
-0.012345679012345833
-0.012345679012345886
-0.01234567901234583
-0.012345679012345824
-0.012345679012345763
-0.012345679012345815
-0.012345679012345881
-0.012345679012345824
-0.012345679012345828
-0.012345679012345758
-0.012345679012345796
-0.012345679012345859
-0.012345679012345798
-0.012345679012345795
-0.012345679012345857
-0.012345679012345801
-0.012345679012345737
-0.012345679012345796
-0.012345679012345801
-0.012345679012345866
-0.012345679012345819
-0.012345679012345743
-0.012345679012345796
-0.012345679012345801
-0.012345679012345854
-0.012345679012345828
-0.01234567901234575
-0.01234567901234586
-0.012345679012345777
-0.012345679012345838
-0.012345679012345793
-0.012345679012345716
-0.012345679012345819
-0.012345679012345767
-0.012345679012345701
-0.01234567901234576
-0.012345679012345687
-0.012345679012345736
-0.01234567901234573
-0.012345679012345652
-0.012345679012345772
-0.012345679012345633
-0.012345679012345786
-0.01234567901234571
-0.012345679012345631
-0.012345679012345692
-0.012345679012345685
-0.012345679012345743
-0.01234567901234568
-0.012345679012345599
-0.012345679012345652
-0.012345679012345678
-0.012345679012345755
0.012345679012345826
0.01234567901234577
0.01234567901234584
0.012345679012345677
0.012345679012345777
0.012345679012345828
0.012345679012345775
0.01234567901234581
0.012345679012345732
0.012345679012345822
0.012345679012345841
0.012345679012345772
0.012345679012345841
0.012345679012345753
0.012345679012345819
0.012345679012345845
0.012345679012345784
0.012345679012345824
0.012345679012345788
0.012345679012345862
0.0123456790123459
0.012345679012345801
0.012345679012345857
0.012345679012345906
0.01234567901234581
0.012345679012345878
0.012345679012345767
0.01234567901234584
0.012345679012345873
0.012345679012345817
0.012345679012345817
0.012345679012345763
0.012345679012345826
0.012345679012345864
0.012345679012345798
0.012345679012345808
0.012345679012345751
0.012345679012345807
0.012345679012345862
0.012345679012345808
0.012345679012345815
0.012345679012345871
0.012345679012345808
0.012345679012345755
0.012345679012345814
0.01234567901234581
0.012345679012345854
0.012345679012345774
0.012345679012345729
0.012345679012345782
0.012345679012345786
0.012345679012345838
0.012345679012345775
0.012345679012345746
0.012345679012345841
0.012345679012345788
0.012345679012345838
0.01234567901234577
0.012345679012345727
0.012345679012345838
0.012345679012345746
0.012345679012345697
0.012345679012345743
0.012345679012345675
0.012345679012345739
0.012345679012345723
0.012345679012345668
0.012345679012345788
0.012345679012345625
0.012345679012345765
0.012345679012345694
0.012345679012345664
0.012345679012345668
0.012345679012345671
0.01234567901234575
0.012345679012345682
0.012345679012345664
0.012345679012345685
0.012345679012345682
0.012345679012345671
0.03703703703703711
0.03703703703703716
0.03703703703703713
0.037037037037037146
0.03703703703703717
0.03703703703703718
0.03703703703703724
0.03703703703703716
0.037037037037037236
0.03703703703703724
0.037037037037037264
0.03703703703703721
0.03703703703703726
0.03703703703703729
0.03703703703703731
0.03703703703703732
0.037037037037037264
0.037037037037037326
0.037037037037037326
0.037037037037037375
0.03703703703703744
0.037037037037037306
0.037037037037037375
0.0370370370370373
0.037037037037037354
0.03703703703703736
0.037037037037037236
0.0370370370370373
0.037037037037037285
0.03703703703703735
0.037037037037037236
0.03703703703703721
0.037037037037037264
0.03703703703703724
0.0370370370370373
0.03703703703703721
0.037037037037037264
0.03703703703703724
0.03703703703703721
0.0370370370370373
0.03703703703703724
0.03703703703703729
0.037037037037037285
0.03703703703703727
0.037037037037037215
0.03703703703703732
0.03703703703703724
0.03703703703703723
0.037037037037037174
0.03703703703703726
0.037037037037037264
0.037037037037037195
0.03703703703703719
0.03703703703703715
0.03703703703703725
0.037037037037037215
0.037037037037037195
0.03703703703703719
0.03703703703703713
0.0370370370370372
0.037037037037037125
0.037037037037037104
0.03703703703703703
0.037037037037037035
0.03703703703703709
0.037037037037037056
0.03703703703703705
0.03703703703703703
0.03703703703703694
0.03703703703703699
0.037037037037036966
0.037037037037036966
0.037037037037036924
0.037037037037037035
0.03703703703703704
0.037037037037037
0.037037037037036924
0.03703703703703689
0.03703703703703694
0.03703703703703691
0.06172839506172871
0.06172839506172865
0.06172839506172874
0.061728395061728704
0.06172839506172877
0.06172839506172878
0.061728395061728794
0.06172839506172882
0.0617283950617288
0.06172839506172884
0.06172839506172879
0.0617283950617288
0.061728395061728766
0.061728395061728766
0.06172839506172885
0.061728395061728884
0.061728395061728975
0.061728395061729
0.06172839506172902
0.061728395061729016
0.061728395061729065
0.061728395061729
0.061728395061728995
0.06172839506172897
0.06172839506172895
0.061728395061728905
0.0617283950617289
0.06172839506172887
0.061728395061728863
0.06172839506172887
0.06172839506172888
0.06172839506172884
0.06172839506172881
0.06172839506172881
0.061728395061728794
0.061728395061728746
0.06172839506172872
0.06172839506172875
0.061728395061728815
0.0617283950617288
0.0617283950617288
0.0617283950617288
0.0617283950617288
0.06172839506172879
0.06172839506172876
0.06172839506172873
0.061728395061728725
0.061728395061728704
0.06172839506172867
0.061728395061728655
0.06172839506172866
0.06172839506172868
0.061728395061728676
0.06172839506172868
0.06172839506172868
0.06172839506172868
0.06172839506172866
0.06172839506172864
0.06172839506172863
0.061728395061728586
0.0617283950617286
0.06172839506172855
0.0617283950617285
0.061728395061728454
0.061728395061728406
0.06172839506172832
0.061728395061728246
0.06172839506172826
0.06172839506172829
0.0617283950617283
0.06172839506172829
0.06172839506172822
0.06172839506172824
0.061728395061728274
0.06172839506172821
0.06172839506172826
0.061728395061728274
0.06172839506172831
0.061728395061728066
0.06172839506172813
0.08641975308642011
0.08641975308642022
0.0864197530864202
0.08641975308642018
0.08641975308642019
0.08641975308642023
0.08641975308642008
0.08641975308642004
0.08641975308642018
0.08641975308642019
0.08641975308642026
0.08641975308642028
0.08641975308642026
0.0864197530864204
0.0864197530864204
0.0864197530864204
0.08641975308642041
0.08641975308642047
0.08641975308642053
0.08641975308642057
0.08641975308642046
0.08641975308642051
0.08641975308642051
0.08641975308642043
0.0864197530864205
0.0864197530864204
0.08641975308642033
0.08641975308642036
0.0864197530864203
0.08641975308642048
0.08641975308642043
0.08641975308642032
0.08641975308642036
0.08641975308642022
0.0864197530864202
0.08641975308642036
0.08641975308642025
0.08641975308642025
0.08641975308642028
0.08641975308642036
0.08641975308642029
0.08641975308642029
0.08641975308642026
0.08641975308642028
0.08641975308642025
0.08641975308642022
0.0864197530864201
0.08641975308642011
0.08641975308642015
0.08641975308642007
0.08641975308642014
0.08641975308642005
0.08641975308642011
0.0864197530864201
0.08641975308642005
0.08641975308642018
0.08641975308642008
0.08641975308642007
0.08641975308642001
0.08641975308642005
0.08641975308642001
0.08641975308641993
0.08641975308641983
0.0864197530864198
0.08641975308641982
0.0864197530864198
0.08641975308641979
0.08641975308641965
0.08641975308641962
0.08641975308641948
0.08641975308641946
0.08641975308641958
0.08641975308641947
0.08641975308641942
0.0864197530864195
0.08641975308641946
0.08641975308641936
0.08641975308641935
0.0864197530864194
0.0864197530864193
0.11111111111111155
0.11111111111111166
0.11111111111111173
0.11111111111111173
0.11111111111111169
0.11111111111111173
0.11111111111111174
0.11111111111111185
0.11111111111111181
0.11111111111111166
0.11111111111111173
0.11111111111111165
0.1111111111111117
0.11111111111111191
0.11111111111111205
0.11111111111111209
0.11111111111111215
0.1111111111111122
0.11111111111111216
0.11111111111111224
0.11111111111111222
0.11111111111111233
0.11111111111111222
0.11111111111111208
0.11111111111111215
0.11111111111111202
0.11111111111111224
0.11111111111111209
0.111111111111112
0.11111111111111209
0.1111111111111121
0.11111111111111208
0.11111111111111197
0.11111111111111192
0.11111111111111191
0.1111111111111119
0.11111111111111195
0.11111111111111192
0.11111111111111192
0.111111111111112
0.111111111111112
0.11111111111111201
0.11111111111111192
0.11111111111111188
0.11111111111111185
0.11111111111111178
0.11111111111111169
0.11111111111111184
0.11111111111111185
0.1111111111111117
0.11111111111111177
0.11111111111111174
0.11111111111111183
0.11111111111111188
0.11111111111111172
0.1111111111111117
0.11111111111111156
0.11111111111111155
0.11111111111111165
0.11111111111111147
0.11111111111111147
0.11111111111111137
0.11111111111111129
0.11111111111111137
0.11111111111111112
0.11111111111111108
0.11111111111111104
0.11111111111111086
0.11111111111111104
0.11111111111111092
0.11111111111111095
0.1111111111111108
0.11111111111111073
0.11111111111111062
0.11111111111111084
0.11111111111111081
0.11111111111111086
0.11111111111111066
0.11111111111111074
0.11111111111111067
0.135802469135803
0.13580246913580285
0.1358024691358028
0.13580246913580302
0.13580246913580296
0.1358024691358029
0.1358024691358031
0.1358024691358032
0.13580246913580332
0.13580246913580307
0.13580246913580304
0.1358024691358032
0.13580246913580332
0.13580246913580324
0.13580246913580335
0.13580246913580343
0.13580246913580366
0.13580246913580354
0.13580246913580363
0.13580246913580388
0.13580246913580388
0.13580246913580366
0.13580246913580368
0.13580246913580366
0.1358024691358038
0.13580246913580366
0.13580246913580377
0.13580246913580374
0.13580246913580354
0.13580246913580338
0.13580246913580343
0.13580246913580343
0.13580246913580327
0.13580246913580338
0.1358024691358033
0.13580246913580332
0.13580246913580343
0.13580246913580335
0.13580246913580352
0.13580246913580354
0.13580246913580346
0.13580246913580352
0.13580246913580343
0.13580246913580335
0.1358024691358033
0.1358024691358033
0.1358024691358033
0.13580246913580324
0.13580246913580327
0.1358024691358033
0.13580246913580324
0.13580246913580335
0.13580246913580332
0.13580246913580338
0.1358024691358031
0.13580246913580316
0.13580246913580307
0.13580246913580293
0.1358024691358031
0.1358024691358031
0.135802469135803
0.1358024691358027
0.1358024691358026
0.13580246913580235
0.13580246913580216
0.1358024691358023
0.1358024691358023
0.13580246913580235
0.1358024691358022
0.135802469135802
0.1358024691358022
0.13580246913580207
0.13580246913580193
0.13580246913580205
0.13580246913580196
0.13580246913580196
0.13580246913580193
0.13580246913580202
0.1358024691358019
0.13580246913580177
0.16049382716049437
0.16049382716049465
0.16049382716049462
0.16049382716049473
0.1604938271604947
0.1604938271604945
0.16049382716049482
0.16049382716049462
0.16049382716049493
0.1604938271604948
0.16049382716049485
0.16049382716049473
0.1604938271604948
0.16049382716049496
0.16049382716049504
0.16049382716049493
0.16049382716049504
0.16049382716049534
0.1604938271604956
0.16049382716049557
0.16049382716049554
0.16049382716049548
0.16049382716049537
0.1604938271604954
0.1604938271604956
0.16049382716049546
0.16049382716049557
0.1604938271604954
0.16049382716049537
0.16049382716049526
0.16049382716049507
0.16049382716049487
0.16049382716049482
0.1604938271604949
0.16049382716049498
0.16049382716049487
0.16049382716049496
0.1604938271604949
0.160493827160495
0.16049382716049518
0.16049382716049504
0.16049382716049504
0.16049382716049498
0.16049382716049485
0.16049382716049493
0.16049382716049482
0.16049382716049482
0.16049382716049476
0.16049382716049462
0.16049382716049476
0.16049382716049485
0.1604938271604948
0.16049382716049476
0.1604938271604948
0.16049382716049482
0.16049382716049457
0.1604938271604945
0.1604938271604946
0.16049382716049443
0.16049382716049432
0.1604938271604943
0.16049382716049418
0.16049382716049396
0.16049382716049365
0.16049382716049376
0.16049382716049362
0.16049382716049365
0.16049382716049373
0.1604938271604935
0.16049382716049354
0.16049382716049337
0.1604938271604934
0.1604938271604932
0.16049382716049324
0.1604938271604932
0.1604938271604935
0.16049382716049335
0.16049382716049326
0.16049382716049307
0.16049382716049285
0.18518518518518565
0.18518518518518573
0.18518518518518576
0.18518518518518584
0.18518518518518598
0.18518518518518604
0.18518518518518595
0.1851851851851864
0.18518518518518629
0.18518518518518637
0.1851851851851865
0.18518518518518653
0.18518518518518662
0.18518518518518665
0.18518518518518673
0.1851851851851867
0.18518518518518678
0.1851851851851869
0.18518518518518692
0.1851851851851871
0.18518518518518712
0.18518518518518673
0.18518518518518706
0.18518518518518692
0.18518518518518695
0.18518518518518695
0.18518518518518687
0.1851851851851868
0.1851851851851867
0.18518518518518678
0.18518518518518665
0.18518518518518656
0.18518518518518645
0.18518518518518626
0.18518518518518634
0.1851851851851864
0.1851851851851863
0.18518518518518642
0.18518518518518645
0.18518518518518653
0.18518518518518648
0.18518518518518648
0.18518518518518645
0.18518518518518634
0.18518518518518629
0.1851851851851864
0.18518518518518623
0.18518518518518615
0.1851851851851862
0.18518518518518615
0.1851851851851862
0.18518518518518617
0.18518518518518626
0.18518518518518626
0.1851851851851862
0.18518518518518604
0.18518518518518592
0.1851851851851861
0.18518518518518592
0.18518518518518598
0.18518518518518567
0.18518518518518545
0.18518518518518542
0.18518518518518515
0.185185185185185
0.1851851851851851
0.18518518518518495
0.18518518518518484
0.18518518518518454
0.18518518518518473
0.1851851851851848
0.18518518518518476
0.18518518518518473
0.18518518518518462
0.18518518518518456
0.18518518518518443
0.18518518518518454
0.18518518518518448
0.1851851851851843
0.18518518518518456
0.20987654320987742
0.20987654320987725
0.20987654320987742
0.20987654320987728
0.20987654320987756
0.20987654320987734
0.20987654320987778
0.20987654320987795
0.20987654320987803
0.20987654320987797
0.20987654320987803
0.20987654320987817
0.20987654320987814
0.20987654320987817
0.2098765432098781
0.20987654320987842
0.20987654320987864
0.20987654320987853
0.20987654320987875
0.2098765432098786
0.2098765432098786
0.20987654320987864
0.20987654320987878
0.20987654320987875
0.20987654320987892
0.2098765432098788
0.2098765432098786
0.20987654320987859
0.20987654320987864
0.20987654320987842
0.20987654320987817
0.20987654320987803
0.20987654320987797
0.20987654320987792
0.20987654320987806
0.20987654320987797
0.20987654320987806
0.2098765432098782
0.20987654320987809
0.20987654320987817
0.20987654320987814
0.20987654320987809
0.209876543209878
0.20987654320987786
0.2098765432098779
0.20987654320987806
0.2098765432098778
0.20987654320987775
0.20987654320987767
0.2098765432098776
0.20987654320987778
0.20987654320987775
0.2098765432098778
0.20987654320987767
0.2098765432098779
0.20987654320987778
0.2098765432098776
0.20987654320987745
0.20987654320987748
0.20987654320987728
0.209876543209877
0.20987654320987695
0.20987654320987675
0.20987654320987661
0.20987654320987623
0.20987654320987595
0.20987654320987606
0.20987654320987606
0.20987654320987614
0.20987654320987598
0.20987654320987592
0.20987654320987587
0.20987654320987578
0.20987654320987587
0.2098765432098758
0.2098765432098759
0.20987654320987587
0.20987654320987584
0.2098765432098759
0.20987654320987573
0.23456790123456892
0.23456790123456864
0.23456790123456872
0.2345679012345688
0.23456790123456875
0.2345679012345691
0.23456790123456892
0.23456790123456883
0.23456790123456925
0.23456790123456936
0.23456790123456958
0.23456790123456972
0.23456790123456978
0.23456790123456983
0.23456790123456986
0.23456790123456994
0.23456790123456994
0.2345679012345698
0.23456790123457
0.23456790123457016
0.23456790123457025
0.2345679012345701
0.23456790123457014
0.2345679012345702
0.23456790123457041
0.23456790123457055
0.2345679012345703
0.23456790123457022
0.23456790123457
0.23456790123456983
0.23456790123456972
0.23456790123456944
0.2345679012345693
0.2345679012345695
0.2345679012345695
0.23456790123456953
0.23456790123456944
0.23456790123456944
0.23456790123456966
0.23456790123456947
0.23456790123456972
0.2345679012345694
0.23456790123456933
0.2345679012345695
0.23456790123456933
0.23456790123456928
0.23456790123456922
0.23456790123456908
0.2345679012345692
0.23456790123456914
0.2345679012345689
0.2345679012345691
0.2345679012345691
0.23456790123456925
0.2345679012345694
0.23456790123456914
0.2345679012345694
0.23456790123456925
0.23456790123456886
0.23456790123456867
0.2345679012345683
0.23456790123456828
0.23456790123456805
0.23456790123456792
0.23456790123456797
0.2345679012345675
0.2345679012345676
0.23456790123456733
0.23456790123456742
0.23456790123456733
0.23456790123456706
0.2345679012345672
0.234567901234567
0.2345679012345672
0.2345679012345675
0.2345679012345676
0.23456790123456717
0.23456790123456717
0.2345679012345671
0.2345679012345672
0.25925925925926024
0.25925925925926063
0.25925925925926063
0.25925925925926074
0.2592592592592604
0.2592592592592606
0.25925925925926085
0.2592592592592605
0.2592592592592607
0.259259259259261
0.25925925925926147
0.25925925925926113
0.25925925925926124
0.2592592592592614
0.25925925925926163
0.25925925925926147
0.2592592592592615
0.25925925925926147
0.2592592592592621
0.25925925925926185
0.2592592592592618
0.2592592592592621
0.25925925925926185
0.25925925925926224
0.2592592592592623
0.2592592592592624
0.2592592592592622
0.25925925925926224
0.2592592592592619
0.2592592592592616
0.25925925925926135
0.2592592592592614
0.2592592592592612
0.259259259259261
0.25925925925926085
0.25925925925926124
0.25925925925926113
0.25925925925926124
0.2592592592592611
0.25925925925926124
0.2592592592592613
0.2592592592592611
0.25925925925926097
0.25925925925926097
0.2592592592592611
0.25925925925926097
0.25925925925926085
0.25925925925926085
0.25925925925926074
0.2592592592592607
0.2592592592592608
0.25925925925926085
0.25925925925926085
0.25925925925926097
0.2592592592592609
0.2592592592592607
0.2592592592592606
0.2592592592592602
0.2592592592592601
0.2592592592592596
0.2592592592592598
0.25925925925925947
0.25925925925925924
0.2592592592592592
0.259259259259259
0.259259259259259
0.259259259259259
0.2592592592592587
0.2592592592592586
0.2592592592592585
0.2592592592592584
0.25925925925925847
0.25925925925925836
0.2592592592592588
0.25925925925925836
0.2592592592592586
0.259259259259259
0.259259259259259
0.2592592592592588
0.2592592592592584
0.2839506172839519
0.28395061728395155
0.28395061728395155
0.2839506172839519
0.28395061728395216
0.28395061728395177
0.283950617283952
0.2839506172839524
0.2839506172839525
0.2839506172839525
0.2839506172839526
0.28395061728395254
0.28395061728395254
0.2839506172839528
0.28395061728395304
0.2839506172839532
0.283950617283953
0.283950617283953
0.28395061728395327
0.2839506172839533
0.2839506172839533
0.28395061728395343
0.28395061728395327
0.2839506172839536
0.28395061728395365
0.2839506172839536
0.2839506172839536
0.2839506172839536
0.2839506172839531
0.283950617283953
0.28395061728395293
0.28395061728395293
0.28395061728395277
0.2839506172839525
0.2839506172839522
0.2839506172839522
0.2839506172839521
0.28395061728395243
0.28395061728395254
0.28395061728395254
0.28395061728395254
0.28395061728395243
0.2839506172839522
0.2839506172839523
0.2839506172839521
0.2839506172839521
0.28395061728395216
0.2839506172839522
0.2839506172839521
0.28395061728395243
0.28395061728395204
0.28395061728395177
0.2839506172839521
0.2839506172839522
0.28395061728395254
0.2839506172839519
0.28395061728395204
0.2839506172839521
0.2839506172839516
0.2839506172839514
0.2839506172839508
0.2839506172839507
0.28395061728395105
0.2839506172839506
0.28395061728395043
0.2839506172839506
0.2839506172839503
0.2839506172839501
0.2839506172839503
0.28395061728394994
0.28395061728394977
0.2839506172839502
0.28395061728395
0.28395061728394977
0.2839506172839497
0.28395061728395027
0.2839506172839503
0.2839506172839502
0.28395061728395016
0.2839506172839502
0.30864197530864274
0.30864197530864257
0.3086419753086439
0.3086419753086433
0.30864197530864346
0.30864197530864407
0.3086419753086437
0.3086419753086439
0.308641975308644
0.30864197530864407
0.30864197530864407
0.3086419753086441
0.3086419753086443
0.30864197530864457
0.3086419753086446
0.30864197530864457
0.3086419753086447
0.30864197530864496
0.30864197530864484
0.3086419753086449
0.3086419753086451
0.30864197530864484
0.30864197530864534
0.3086419753086451
0.3086419753086451
0.3086419753086451
0.30864197530864507
0.30864197530864507
0.3086419753086448
0.3086419753086445
0.30864197530864446
0.3086419753086446
0.3086419753086444
0.30864197530864407
0.30864197530864396
0.3086419753086439
0.3086419753086439
0.3086419753086441
0.308641975308644
0.3086419753086441
0.3086419753086441
0.308641975308644
0.30864197530864385
0.30864197530864373
0.30864197530864373
0.3086419753086436
0.30864197530864346
0.3086419753086435
0.30864197530864357
0.3086419753086434
0.30864197530864335
0.30864197530864335
0.30864197530864357
0.3086419753086434
0.3086419753086435
0.3086419753086433
0.308641975308643
0.3086419753086431
0.30864197530864285
0.3086419753086426
0.30864197530864235
0.30864197530864207
0.3086419753086419
0.30864197530864196
0.3086419753086416
0.3086419753086416
0.308641975308642
0.3086419753086417
0.30864197530864135
0.3086419753086412
0.30864197530864124
0.30864197530864135
0.30864197530864135
0.3086419753086412
0.30864197530864146
0.30864197530864096
0.3086419753086412
0.3086419753086416
0.308641975308641
0.30864197530864107
0.33333333333333454
0.333333333333334
0.3333333333333337
0.3333333333333347
0.333333333333335
0.33333333333333515
0.3333333333333351
0.3333333333333353
0.3333333333333351
0.3333333333333353
0.3333333333333358
0.3333333333333354
0.3333333333333356
0.3333333333333356
0.333333333333336
0.33333333333333603
0.33333333333333637
0.33333333333333615
0.3333333333333364
0.33333333333333626
0.3333333333333364
0.33333333333333626
0.33333333333333676
0.3333333333333367
0.3333333333333363
0.3333333333333364
0.33333333333333665
0.3333333333333364
0.3333333333333361
0.3333333333333358
0.33333333333333587
0.3333333333333358
0.33333333333333603
0.33333333333333554
0.3333333333333355
0.33333333333333504
0.3333333333333352
0.33333333333333537
0.33333333333333554
0.3333333333333356
0.3333333333333356
0.3333333333333352
0.3333333333333354
0.333333333333335
0.3333333333333352
0.3333333333333351
0.333333333333335
0.3333333333333348
0.3333333333333345
0.33333333333333487
0.33333333333333476
0.3333333333333348
0.333333333333335
0.33333333333333465
0.33333333333333476
0.33333333333333454
0.3333333333333347
0.3333333333333344
0.333333333333334
0.3333333333333338
0.33333333333333387
0.3333333333333338
0.33333333333333354
0.3333333333333332
0.3333333333333331
0.33333333333333315
0.333333333333333
0.33333333333333276
0.33333333333333287
0.333333333333333
0.33333333333333276
0.3333333333333324
0.33333333333333276
0.33333333333333287
0.3333333333333324
0.33333333333333265
0.333333333333333
0.3333333333333327
0.3333333333333326
0.33333333333333265
0.35802469135802545
0.3580246913580266
0.35802469135802595
0.3580246913580257
0.3580246913580263
0.3580246913580263
0.35802469135802656
0.3580246913580264
0.35802469135802684
0.35802469135802667
0.3580246913580267
0.3580246913580269
0.3580246913580272
0.35802469135802717
0.35802469135802745
0.3580246913580275
0.35802469135802745
0.35802469135802784
0.35802469135802767
0.3580246913580277
0.35802469135802817
0.35802469135802795
0.3580246913580278
0.35802469135802795
0.3580246913580278
0.3580246913580282
0.35802469135802834
0.3580246913580281
0.35802469135802795
0.35802469135802767
0.35802469135802734
0.3580246913580275
0.35802469135802745
0.35802469135802706
0.3580246913580269
0.3580246913580267
0.3580246913580267
0.3580246913580266
0.3580246913580269
0.3580246913580271
0.3580246913580271
0.35802469135802684
0.35802469135802656
0.3580246913580265
0.35802469135802645
0.35802469135802634
0.35802469135802645
0.35802469135802617
0.35802469135802617
0.35802469135802606
0.35802469135802595
0.3580246913580261
0.35802469135802634
0.35802469135802634
0.35802469135802634
0.3580246913580258
0.3580246913580254
0.3580246913580254
0.35802469135802545
0.35802469135802534
0.35802469135802506
0.3580246913580247
0.35802469135802495
0.35802469135802467
0.3580246913580245
0.35802469135802456
0.358024691358025
0.3580246913580244
0.35802469135802417
0.35802469135802373
0.3580246913580235
0.3580246913580239
0.3580246913580236
0.35802469135802395
0.35802469135802434
0.3580246913580244
0.35802469135802384
0.35802469135802373
0.35802469135802417
0.35802469135802373
0.3827160493827167
0.3827160493827173
0.3827160493827175
0.3827160493827176
0.3827160493827179
0.38271604938271764
0.382716049382718
0.38271604938271775
0.38271604938271814
0.3827160493827185
0.3827160493827186
0.38271604938271864
0.3827160493827182
0.382716049382718
0.38271604938271825
0.38271604938271886
0.38271604938271897
0.38271604938271886
0.382716049382719
0.3827160493827189
0.38271604938271947
0.38271604938271936
0.3827160493827192
0.38271604938271925
0.3827160493827191
0.38271604938271936
0.38271604938271936
0.3827160493827188
0.38271604938271886
0.38271604938271886
0.38271604938271864
0.3827160493827186
0.3827160493827185
0.3827160493827184
0.38271604938271836
0.3827160493827182
0.3827160493827181
0.38271604938271825
0.3827160493827182
0.38271604938271814
0.3827160493827182
0.3827160493827179
0.382716049382718
0.38271604938271786
0.38271604938271775
0.38271604938271775
0.38271604938271775
0.3827160493827174
0.3827160493827173
0.3827160493827174
0.382716049382717
0.38271604938271714
0.38271604938271725
0.3827160493827173
0.3827160493827173
0.3827160493827169
0.3827160493827166
0.38271604938271664
0.38271604938271664
0.3827160493827165
0.38271604938271625
0.382716049382716
0.382716049382716
0.38271604938271603
0.38271604938271603
0.38271604938271553
0.3827160493827155
0.38271604938271575
0.3827160493827159
0.38271604938271553
0.38271604938271553
0.382716049382715
0.3827160493827154
0.38271604938271564
0.3827160493827155
0.38271604938271536
0.3827160493827157
0.38271604938271553
0.3827160493827149
0.3827160493827147
0.40740740740740833
0.4074074074074087
0.40740740740740927
0.40740740740740944
0.40740740740740894
0.40740740740740905
0.4074074074074091
0.40740740740741
0.4074074074074101
0.40740740740740966
0.40740740740741016
0.4074074074074096
0.407407407407409
0.4074074074074104
0.4074074074074101
0.40740740740741016
0.4074074074074102
0.4074074074074102
0.4074074074074105
0.4074074074074106
0.4074074074074103
0.40740740740741044
0.40740740740741055
0.4074074074074107
0.407407407407411
0.4074074074074108
0.40740740740741066
0.4074074074074102
0.4074074074074104
0.4074074074074104
0.4074074074074102
0.4074074074074103
0.40740740740740994
0.4074074074074096
0.40740740740741
0.40740740740740955
0.40740740740740955
0.4074074074074098
0.4074074074074096
0.4074074074074095
0.4074074074074093
0.40740740740740927
0.4074074074074092
0.40740740740740927
0.40740740740740916
0.40740740740740916
0.40740740740740905
0.4074074074074091
0.4074074074074086
0.4074074074074085
0.40740740740740844
0.4074074074074085
0.4074074074074085
0.40740740740740844
0.40740740740740833
0.40740740740740816
0.40740740740740766
0.4074074074074077
0.4074074074074079
0.4074074074074075
0.407407407407408
0.4074074074074077
0.4074074074074074
0.40740740740740766
0.4074074074074078
0.40740740740740716
0.4074074074074072
0.4074074074074067
0.4074074074074069
0.4074074074074073
0.4074074074074068
0.40740740740740705
0.40740740740740705
0.4074074074074067
0.4074074074074069
0.4074074074074068
0.4074074074074067
0.40740740740740683
0.40740740740740694
0.4074074074074065
0.43209876543210024
0.4320987654320997
0.4320987654321001
0.43209876543210046
0.43209876543210085
0.4320987654321002
0.4320987654321009
0.43209876543210074
0.4320987654321009
0.43209876543210146
0.43209876543210163
0.4320987654321017
0.43209876543210124
0.4320987654321005
0.43209876543210074
0.4320987654321012
0.43209876543210113
0.4320987654321017
0.43209876543210163
0.4320987654321016
0.43209876543210207
0.4320987654321019
0.43209876543210235
0.432098765432102
0.4320987654321025
0.4320987654321026
0.43209876543210207
0.43209876543210257
0.43209876543210224
0.4320987654321018
0.432098765432102
0.4320987654321016
0.4320987654321012
0.43209876543210113
0.43209876543210096
0.4320987654321009
0.43209876543210085
0.43209876543210096
0.432098765432101
0.4320987654321005
0.43209876543210035
0.43209876543210046
0.4320987654321003
0.43209876543210046
0.43209876543210024
0.43209876543210013
0.43209876543210046
0.43209876543209974
0.43209876543209963
0.43209876543209946
0.43209876543209935
0.43209876543209996
0.43209876543209946
0.4320987654320995
0.43209876543209924
0.4320987654320991
0.43209876543209896
0.4320987654320987
0.4320987654320989
0.43209876543209896
0.432098765432099
0.4320987654320987
0.432098765432099
0.4320987654320986
0.4320987654320985
0.4320987654320986
0.4320987654320983
0.43209876543209913
0.432098765432099
0.4320987654320989
0.43209876543209874
0.43209876543209824
0.4320987654320992
0.4320987654320988
0.4320987654320981
0.4320987654320987
0.43209876543209863
0.43209876543209796
0.43209876543209796
0.4320987654320984
0.4567901234567911
0.4567901234567917
0.45679012345679254
0.45679012345679165
0.45679012345679176
0.4567901234567922
0.4567901234567923
0.45679012345679276
0.45679012345679304
0.4567901234567924
0.4567901234567929
0.45679012345679276
0.4567901234567928
0.4567901234567925
0.45679012345679226
0.4567901234567928
0.4567901234567932
0.4567901234567932
0.4567901234567931
0.45679012345679315
0.4567901234567933
0.45679012345679365
0.45679012345679343
0.4567901234567941
0.45679012345679404
0.45679012345679376
0.45679012345679343
0.4567901234567938
0.45679012345679365
0.45679012345679343
0.4567901234567933
0.456790123456793
0.4567901234567929
0.4567901234567927
0.4567901234567926
0.4567901234567926
0.4567901234567926
0.4567901234567926
0.4567901234567926
0.45679012345679243
0.45679012345679215
0.456790123456792
0.4567901234567919
0.45679012345679193
0.45679012345679193
0.456790123456792
0.4567901234567916
0.4567901234567914
0.45679012345679104
0.45679012345679104
0.45679012345679115
0.45679012345679076
0.4567901234567908
0.4567901234567902
0.45679012345679026
0.45679012345679015
0.45679012345679026
0.4567901234567899
0.45679012345679
0.45679012345679015
0.4567901234567901
0.4567901234567902
0.45679012345679015
0.4567901234567906
0.4567901234567903
0.4567901234567898
0.4567901234567909
0.45679012345679015
0.4567901234567899
0.45679012345679
0.4567901234567898
0.45679012345679054
0.45679012345679026
0.4567901234567898
0.4567901234567904
0.45679012345678993
0.4567901234567897
0.45679012345678977
0.4567901234567898
0.45679012345678965
0.48148148148148256
0.48148148148148306
0.48148148148148256
0.48148148148148323
0.4814814814814834
0.48148148148148306
0.48148148148148323
0.4814814814814833
0.4814814814814837
0.4814814814814838
0.48148148148148384
0.481481481481484
0.48148148148148423
0.4814814814814839
0.48148148148148384
0.4814814814814835
0.48148148148148395
0.4814814814814842
0.48148148148148495
0.4814814814814848
0.48148148148148473
0.4814814814814847
0.481481481481485
0.48148148148148506
0.481481481481485
0.4814814814814853
0.48148148148148523
0.4814814814814851
0.4814814814814848
0.48148148148148473
0.48148148148148434
0.48148148148148445
0.4814814814814845
0.4814814814814844
0.48148148148148434
0.4814814814814843
0.48148148148148395
0.48148148148148406
0.4814814814814838
0.4814814814814837
0.4814814814814838
0.4814814814814834
0.4814814814814829
0.48148148148148295
0.481481481481483
0.4814814814814829
0.48148148148148284
0.48148148148148273
0.4814814814814825
0.48148148148148256
0.4814814814814823
0.48148148148148184
0.48148148148148195
0.4814814814814816
0.48148148148148157
0.4814814814814811
0.481481481481481
0.4814814814814813
0.48148148148148107
0.4814814814814815
0.4814814814814818
0.4814814814814821
0.48148148148148207
0.4814814814814816
0.4814814814814821
0.4814814814814815
0.48148148148148184
0.48148148148148195
0.4814814814814819
0.481481481481482
0.4814814814814815
0.48148148148148157
0.48148148148148107
0.48148148148148134
0.4814814814814816
0.48148148148148207
0.48148148148148195
0.48148148148148184
0.4814814814814819
0.48148148148148157
0.5061728395061736
0.5061728395061743
0.5061728395061751
0.5061728395061748
0.5061728395061743
0.5061728395061741
0.5061728395061748
0.5061728395061749
0.5061728395061752
0.5061728395061754
0.5061728395061752
0.5061728395061751
0.5061728395061746
0.506172839506175
0.5061728395061753
0.5061728395061753
0.5061728395061748
0.5061728395061746
0.5061728395061751
0.5061728395061759
0.5061728395061759
0.5061728395061758
0.5061728395061763
0.5061728395061764
0.5061728395061763
0.5061728395061768
0.5061728395061765
0.5061728395061764
0.5061728395061762
0.5061728395061762
0.5061728395061761
0.5061728395061761
0.506172839506176
0.5061728395061756
0.5061728395061756
0.5061728395061758
0.5061728395061756
0.5061728395061753
0.5061728395061752
0.5061728395061751
0.506172839506175
0.5061728395061746
0.5061728395061745
0.5061728395061743
0.5061728395061741
0.5061728395061738
0.5061728395061735
0.5061728395061735
0.5061728395061736
0.5061728395061734
0.5061728395061734
0.5061728395061732
0.5061728395061724
0.5061728395061723
0.5061728395061725
0.506172839506172
0.5061728395061722
0.5061728395061721
0.506172839506172
0.5061728395061724
0.5061728395061725
0.5061728395061722
0.5061728395061725
0.5061728395061729
0.5061728395061733
0.5061728395061734
0.506172839506173
0.5061728395061729
0.506172839506173
0.506172839506173
0.5061728395061732
0.5061728395061732
0.5061728395061728
0.5061728395061724
0.5061728395061723
0.5061728395061726
0.5061728395061733
0.5061728395061735
0.5061728395061726
0.5061728395061724
0.5308641975308654
0.5308641975308654
0.5308641975308648
0.5308641975308654
0.530864197530866
0.5308641975308662
0.5308641975308662
0.5308641975308662
0.5308641975308658
0.5308641975308661
0.5308641975308667
0.5308641975308667
0.5308641975308664
0.5308641975308663
0.5308641975308659
0.5308641975308658
0.5308641975308662
0.5308641975308662
0.5308641975308667
0.5308641975308673
0.5308641975308671
0.5308641975308676
0.5308641975308676
0.5308641975308676
0.5308641975308678
0.5308641975308679
0.530864197530868
0.5308641975308676
0.5308641975308677
0.5308641975308674
0.5308641975308673
0.5308641975308673
0.5308641975308673
0.5308641975308673
0.5308641975308672
0.5308641975308672
0.5308641975308672
0.5308641975308668
0.5308641975308664
0.5308641975308662
0.5308641975308663
0.5308641975308661
0.5308641975308662
0.5308641975308659
0.5308641975308654
0.5308641975308652
0.5308641975308648
0.5308641975308649
0.530864197530865
0.5308641975308646
0.5308641975308644
0.5308641975308642
0.5308641975308637
0.5308641975308637
0.5308641975308638
0.5308641975308638
0.5308641975308637
0.5308641975308634
0.5308641975308638
0.5308641975308638
0.5308641975308636
0.5308641975308639
0.5308641975308647
0.5308641975308644
0.5308641975308641
0.5308641975308638
0.5308641975308648
0.5308641975308648
0.5308641975308649
0.5308641975308648
0.5308641975308643
0.5308641975308643
0.5308641975308646
0.5308641975308641
0.5308641975308641
0.5308641975308643
0.5308641975308639
0.5308641975308637
0.5308641975308648
0.5308641975308647
0.5555555555555569
0.5555555555555572
0.5555555555555582
0.5555555555555579
0.5555555555555574
0.5555555555555571
0.5555555555555578
0.5555555555555577
0.5555555555555576
0.5555555555555579
0.5555555555555577
0.5555555555555575
0.5555555555555578
0.5555555555555578
0.5555555555555572
0.5555555555555569
0.5555555555555569
0.5555555555555571
0.5555555555555575
0.5555555555555586
0.5555555555555587
0.5555555555555582
0.5555555555555581
0.5555555555555591
0.555555555555559
0.5555555555555591
0.5555555555555589
0.5555555555555595
0.555555555555559
0.5555555555555584
0.5555555555555584
0.5555555555555581
0.5555555555555585
0.5555555555555584
0.5555555555555581
0.5555555555555582
0.5555555555555581
0.5555555555555579
0.5555555555555579
0.5555555555555579
0.5555555555555577
0.5555555555555574
0.5555555555555574
0.5555555555555574
0.5555555555555569
0.5555555555555567
0.5555555555555562
0.5555555555555558
0.5555555555555556
0.5555555555555551
0.555555555555555
0.5555555555555554
0.5555555555555549
0.5555555555555549
0.5555555555555552
0.5555555555555552
0.5555555555555548
0.5555555555555549
0.555555555555555
0.5555555555555557
0.5555555555555557
0.5555555555555558
0.5555555555555558
0.5555555555555557
0.5555555555555559
0.5555555555555558
0.5555555555555566
0.5555555555555565
0.555555555555556
0.5555555555555556
0.5555555555555561
0.555555555555556
0.5555555555555557
0.5555555555555556
0.5555555555555555
0.5555555555555555
0.5555555555555561
0.5555555555555567
0.5555555555555549
0.5555555555555548
0.580246913580248
0.5802469135802486
0.5802469135802485
0.5802469135802487
0.5802469135802487
0.5802469135802488
0.5802469135802477
0.580246913580248
0.5802469135802482
0.5802469135802484
0.5802469135802483
0.580246913580249
0.5802469135802486
0.5802469135802487
0.5802469135802485
0.580246913580248
0.5802469135802484
0.5802469135802487
0.5802469135802496
0.5802469135802493
0.58024691358025
0.58024691358025
0.5802469135802499
0.58024691358025
0.5802469135802497
0.5802469135802504
0.5802469135802503
0.5802469135802505
0.5802469135802502
0.5802469135802503
0.58024691358025
0.5802469135802498
0.5802469135802499
0.5802469135802495
0.5802469135802495
0.5802469135802495
0.5802469135802494
0.5802469135802493
0.5802469135802494
0.580246913580249
0.5802469135802494
0.5802469135802487
0.5802469135802486
0.580246913580248
0.5802469135802474
0.5802469135802474
0.5802469135802472
0.580246913580247
0.5802469135802467
0.5802469135802469
0.5802469135802465
0.5802469135802463
0.5802469135802465
0.5802469135802467
0.5802469135802465
0.5802469135802464
0.5802469135802468
0.5802469135802468
0.5802469135802472
0.580246913580247
0.5802469135802472
0.580246913580247
0.5802469135802476
0.5802469135802473
0.5802469135802473
0.580246913580248
0.5802469135802476
0.5802469135802474
0.5802469135802478
0.5802469135802472
0.5802469135802473
0.5802469135802472
0.5802469135802472
0.5802469135802475
0.5802469135802473
0.5802469135802468
0.5802469135802468
0.580246913580247
0.5802469135802478
0.5802469135802467
0.6049382716049394
0.6049382716049388
0.60493827160494
0.6049382716049406
0.6049382716049398
0.6049382716049401
0.6049382716049401
0.6049382716049396
0.6049382716049401
0.6049382716049402
0.6049382716049403
0.6049382716049398
0.6049382716049396
0.6049382716049396
0.6049382716049398
0.6049382716049395
0.6049382716049397
0.6049382716049394
0.6049382716049402
0.6049382716049403
0.6049382716049411
0.6049382716049415
0.6049382716049406
0.6049382716049407
0.6049382716049413
0.6049382716049418
0.604938271604942
0.604938271604942
0.6049382716049418
0.6049382716049416
0.604938271604941
0.6049382716049408
0.6049382716049408
0.6049382716049406
0.6049382716049404
0.6049382716049404
0.6049382716049405
0.6049382716049404
0.6049382716049404
0.6049382716049404
0.6049382716049401
0.6049382716049401
0.6049382716049398
0.6049382716049397
0.6049382716049392
0.604938271604939
0.6049382716049384
0.6049382716049382
0.6049382716049381
0.6049382716049377
0.6049382716049381
0.6049382716049382
0.6049382716049382
0.6049382716049384
0.6049382716049388
0.6049382716049387
0.6049382716049383
0.6049382716049388
0.6049382716049385
0.6049382716049394
0.6049382716049395
0.6049382716049393
0.6049382716049388
0.6049382716049392
0.6049382716049394
0.6049382716049388
0.604938271604939
0.6049382716049385
0.6049382716049384
0.6049382716049386
0.6049382716049386
0.6049382716049384
0.6049382716049383
0.6049382716049382
0.6049382716049385
0.6049382716049384
0.6049382716049393
0.6049382716049386
0.6049382716049378
0.6049382716049377
0.6296296296296306
0.6296296296296316
0.6296296296296306
0.6296296296296303
0.629629629629632
0.6296296296296313
0.62962962962963
0.6296296296296309
0.6296296296296306
0.629629629629631
0.6296296296296304
0.6296296296296313
0.629629629629631
0.6296296296296309
0.6296296296296314
0.6296296296296313
0.6296296296296311
0.6296296296296308
0.6296296296296309
0.6296296296296318
0.6296296296296322
0.629629629629633
0.629629629629633
0.6296296296296325
0.6296296296296331
0.629629629629633
0.6296296296296329
0.6296296296296331
0.6296296296296329
0.6296296296296324
0.6296296296296328
0.6296296296296324
0.6296296296296319
0.6296296296296315
0.629629629629632
0.6296296296296321
0.6296296296296314
0.6296296296296319
0.6296296296296316
0.6296296296296315
0.6296296296296316
0.6296296296296311
0.629629629629631
0.6296296296296306
0.6296296296296304
0.6296296296296298
0.6296296296296298
0.6296296296296285
0.6296296296296293
0.6296296296296293
0.6296296296296292
0.6296296296296294
0.6296296296296292
0.6296296296296294
0.62962962962963
0.6296296296296304
0.6296296296296301
0.62962962962963
0.6296296296296312
0.6296296296296314
0.6296296296296308
0.6296296296296304
0.6296296296296309
0.6296296296296304
0.6296296296296306
0.6296296296296304
0.6296296296296302
0.6296296296296302
0.6296296296296301
0.6296296296296298
0.6296296296296298
0.6296296296296297
0.6296296296296295
0.62962962962963
0.6296296296296302
0.6296296296296299
0.6296296296296291
0.6296296296296289
0.6296296296296294
0.6296296296296295
0.6543209876543232
0.6543209876543223
0.6543209876543221
0.6543209876543217
0.6543209876543215
0.6543209876543222
0.6543209876543222
0.6543209876543232
0.6543209876543222
0.6543209876543229
0.6543209876543233
0.654320987654323
0.6543209876543232
0.6543209876543229
0.6543209876543222
0.6543209876543223
0.6543209876543221
0.6543209876543225
0.6543209876543222
0.6543209876543231
0.6543209876543238
0.6543209876543233
0.6543209876543228
0.6543209876543236
0.6543209876543242
0.6543209876543242
0.654320987654324
0.654320987654324
0.6543209876543238
0.6543209876543241
0.6543209876543242
0.654320987654324
0.6543209876543232
0.6543209876543228
0.6543209876543227
0.6543209876543231
0.6543209876543231
0.6543209876543226
0.6543209876543227
0.6543209876543225
0.6543209876543225
0.6543209876543226
0.6543209876543227
0.6543209876543222
0.6543209876543215
0.6543209876543212
0.6543209876543216
0.6543209876543211
0.6543209876543211
0.6543209876543215
0.6543209876543211
0.6543209876543209
0.6543209876543207
0.654320987654322
0.6543209876543219
0.6543209876543218
0.6543209876543225
0.6543209876543222
0.6543209876543222
0.6543209876543225
0.6543209876543225
0.6543209876543221
0.654320987654323
0.6543209876543234
0.6543209876543228
0.6543209876543225
0.6543209876543228
0.6543209876543218
0.6543209876543219
0.6543209876543216
0.6543209876543205
0.6543209876543207
0.6543209876543215
0.6543209876543212
0.6543209876543199
0.6543209876543196
0.6543209876543201
0.6543209876543205
0.6543209876543208
0.6543209876543208
0.6790123456790124
0.679012345679013
0.6790123456790145
0.6790123456790141
0.6790123456790147
0.6790123456790138
0.6790123456790145
0.6790123456790145
0.6790123456790144
0.6790123456790141
0.6790123456790139
0.6790123456790154
0.6790123456790144
0.6790123456790135
0.6790123456790133
0.6790123456790136
0.6790123456790141
0.6790123456790135
0.6790123456790135
0.6790123456790135
0.6790123456790145
0.6790123456790145
0.6790123456790146
0.6790123456790148
0.679012345679015
0.6790123456790147
0.679012345679015
0.6790123456790151
0.6790123456790147
0.679012345679015
0.679012345679015
0.6790123456790151
0.6790123456790147
0.6790123456790149
0.6790123456790148
0.6790123456790147
0.6790123456790146
0.6790123456790139
0.6790123456790143
0.6790123456790137
0.6790123456790138
0.679012345679013
0.6790123456790133
0.6790123456790135
0.679012345679013
0.6790123456790125
0.6790123456790128
0.6790123456790125
0.6790123456790124
0.6790123456790123
0.6790123456790128
0.6790123456790129
0.6790123456790128
0.6790123456790133
0.6790123456790134
0.6790123456790134
0.6790123456790138
0.6790123456790138
0.6790123456790144
0.6790123456790143
0.6790123456790146
0.679012345679014
0.679012345679014
0.6790123456790145
0.6790123456790141
0.6790123456790138
0.6790123456790139
0.6790123456790136
0.6790123456790129
0.6790123456790136
0.6790123456790128
0.6790123456790123
0.6790123456790117
0.6790123456790117
0.679012345679013
0.679012345679013
0.6790123456790118
0.6790123456790117
0.6790123456790107
0.679012345679011
0.7037037037037046
0.7037037037037046
0.703703703703705
0.7037037037037049
0.7037037037037048
0.7037037037037047
0.7037037037037073
0.7037037037037074
0.7037037037037062
0.7037037037037067
0.7037037037037063
0.7037037037037059
0.7037037037037057
0.7037037037037055
0.7037037037037048
0.7037037037037053
0.7037037037037049
0.7037037037037052
0.7037037037037056
0.7037037037037048
0.7037037037037056
0.7037037037037058
0.7037037037037063
0.7037037037037063
0.7037037037037058
0.7037037037037065
0.7037037037037066
0.7037037037037067
0.7037037037037068
0.703703703703707
0.7037037037037066
0.7037037037037064
0.7037037037037062
0.703703703703706
0.7037037037037059
0.7037037037037057
0.7037037037037059
0.7037037037037055
0.7037037037037055
0.7037037037037047
0.7037037037037049
0.7037037037037043
0.7037037037037043
0.7037037037037045
0.703703703703704
0.7037037037037039
0.7037037037037042
0.7037037037037046
0.7037037037037042
0.7037037037037042
0.7037037037037036
0.7037037037037044
0.7037037037037048
0.7037037037037052
0.7037037037037056
0.7037037037037054
0.7037037037037059
0.7037037037037059
0.7037037037037062
0.7037037037037066
0.7037037037037056
0.7037037037037049
0.7037037037037053
0.7037037037037054
0.7037037037037052
0.7037037037037057
0.7037037037037052
0.7037037037037052
0.703703703703705
0.7037037037037042
0.7037037037037045
0.7037037037037036
0.7037037037037032
0.703703703703704
0.7037037037037044
0.7037037037037033
0.7037037037037035
0.7037037037037035
0.7037037037037038
0.703703703703703
0.7283950617283963
0.7283950617283952
0.7283950617283954
0.7283950617283965
0.7283950617283965
0.7283950617283963
0.7283950617283962
0.7283950617283961
0.7283950617283972
0.728395061728398
0.7283950617283982
0.7283950617283972
0.7283950617283965
0.7283950617283967
0.7283950617283965
0.7283950617283969
0.7283950617283964
0.7283950617283957
0.728395061728396
0.7283950617283962
0.7283950617283963
0.7283950617283967
0.7283950617283976
0.7283950617283977
0.728395061728398
0.7283950617283981
0.728395061728398
0.7283950617283981
0.7283950617283985
0.7283950617283982
0.7283950617283981
0.7283950617283974
0.7283950617283969
0.7283950617283969
0.7283950617283967
0.7283950617283966
0.7283950617283965
0.7283950617283964
0.7283950617283959
0.7283950617283953
0.7283950617283952
0.7283950617283947
0.7283950617283947
0.7283950617283947
0.728395061728395
0.728395061728395
0.7283950617283953
0.7283950617283952
0.7283950617283953
0.7283950617283952
0.7283950617283955
0.7283950617283959
0.7283950617283966
0.728395061728397
0.7283950617283973
0.7283950617283966
0.7283950617283964
0.7283950617283969
0.728395061728397
0.7283950617283972
0.728395061728397
0.7283950617283971
0.7283950617283969
0.7283950617283974
0.7283950617283971
0.7283950617283969
0.7283950617283966
0.7283950617283965
0.7283950617283963
0.7283950617283966
0.7283950617283966
0.7283950617283952
0.7283950617283954
0.7283950617283945
0.7283950617283949
0.7283950617283947
0.7283950617283939
0.7283950617283951
0.7283950617283941
0.7283950617283942
0.7530864197530873
0.7530864197530873
0.7530864197530881
0.7530864197530881
0.7530864197530881
0.7530864197530875
0.7530864197530874
0.753086419753088
0.7530864197530893
0.7530864197530883
0.7530864197530882
0.7530864197530888
0.753086419753089
0.7530864197530889
0.7530864197530884
0.7530864197530879
0.7530864197530878
0.753086419753088
0.753086419753088
0.7530864197530878
0.7530864197530883
0.7530864197530885
0.7530864197530889
0.75308641975309
0.75308641975309
0.7530864197530899
0.7530864197530898
0.7530864197530904
0.7530864197530901
0.7530864197530894
0.7530864197530895
0.7530864197530887
0.7530864197530883
0.7530864197530882
0.7530864197530881
0.7530864197530881
0.7530864197530878
0.7530864197530874
0.753086419753087
0.7530864197530869
0.7530864197530869
0.753086419753086
0.7530864197530863
0.7530864197530861
0.7530864197530867
0.7530864197530865
0.7530864197530868
0.7530864197530865
0.753086419753087
0.7530864197530873
0.7530864197530878
0.7530864197530881
0.7530864197530883
0.7530864197530881
0.7530864197530884
0.7530864197530882
0.753086419753088
0.7530864197530875
0.7530864197530877
0.7530864197530882
0.7530864197530888
0.753086419753089
0.7530864197530892
0.7530864197530887
0.7530864197530885
0.7530864197530892
0.7530864197530889
0.7530864197530879
0.7530864197530878
0.753086419753087
0.7530864197530869
0.753086419753088
0.7530864197530879
0.753086419753087
0.7530864197530868
0.7530864197530871
0.7530864197530864
0.7530864197530855
0.7530864197530857
0.7530864197530853
0.7777777777777792
0.7777777777777805
0.7777777777777783
0.7777777777777776
0.7777777777777777
0.777777777777779
0.7777777777777789
0.7777777777777792
0.7777777777777795
0.7777777777777799
0.7777777777777799
0.7777777777777785
0.7777777777777792
0.7777777777777789
0.7777777777777779
0.7777777777777788
0.7777777777777783
0.7777777777777782
0.7777777777777787
0.7777777777777787
0.7777777777777797
0.7777777777777803
0.7777777777777803
0.7777777777777807
0.7777777777777807
0.7777777777777812
0.7777777777777816
0.777777777777781
0.7777777777777817
0.7777777777777809
0.7777777777777806
0.7777777777777799
0.7777777777777795
0.777777777777779
0.7777777777777791
0.7777777777777791
0.7777777777777786
0.7777777777777781
0.777777777777778
0.7777777777777778
0.7777777777777777
0.7777777777777773
0.7777777777777776
0.7777777777777767
0.7777777777777771
0.7777777777777779
0.7777777777777778
0.7777777777777779
0.7777777777777782
0.7777777777777788
0.7777777777777796
0.7777777777777801
0.77777777777778
0.7777777777777797
0.7777777777777793
0.7777777777777785
0.7777777777777785
0.7777777777777791
0.7777777777777795
0.7777777777777799
0.7777777777777795
0.7777777777777793
0.7777777777777795
0.7777777777777795
0.7777777777777799
0.777777777777779
0.7777777777777787
0.7777777777777787
0.7777777777777796
0.7777777777777801
0.7777777777777786
0.7777777777777782
0.7777777777777783
0.7777777777777788
0.7777777777777787
0.7777777777777776
0.7777777777777778
0.7777777777777771
0.7777777777777772
0.7777777777777772
0.8024691358024703
0.8024691358024706
0.8024691358024704
0.8024691358024711
0.8024691358024707
0.8024691358024696
0.8024691358024709
0.8024691358024701
0.8024691358024698
0.802469135802471
0.8024691358024714
0.8024691358024709
0.8024691358024711
0.8024691358024713
0.8024691358024713
0.8024691358024704
0.8024691358024697
0.8024691358024701
0.8024691358024704
0.8024691358024707
0.802469135802471
0.8024691358024721
0.8024691358024721
0.8024691358024723
0.8024691358024724
0.8024691358024723
0.8024691358024724
0.8024691358024728
0.8024691358024727
0.8024691358024719
0.8024691358024715
0.8024691358024709
0.8024691358024704
0.8024691358024705
0.8024691358024703
0.80246913580247
0.8024691358024697
0.8024691358024694
0.8024691358024694
0.8024691358024691
0.8024691358024688
0.8024691358024684
0.8024691358024685
0.8024691358024679
0.8024691358024685
0.8024691358024686
0.8024691358024693
0.8024691358024689
0.8024691358024698
0.8024691358024704
0.802469135802471
0.8024691358024714
0.8024691358024711
0.8024691358024713
0.8024691358024714
0.802469135802471
0.8024691358024713
0.8024691358024713
0.8024691358024716
0.8024691358024711
0.8024691358024714
0.8024691358024713
0.8024691358024714
0.8024691358024709
0.802469135802471
0.8024691358024715
0.8024691358024713
0.8024691358024718
0.8024691358024715
0.8024691358024701
0.8024691358024697
0.8024691358024686
0.8024691358024695
0.8024691358024704
0.8024691358024705
0.8024691358024707
0.8024691358024694
0.8024691358024688
0.8024691358024677
0.802469135802468
0.8271604938271621
0.8271604938271614
0.8271604938271617
0.8271604938271602
0.8271604938271608
0.8271604938271612
0.827160493827161
0.8271604938271611
0.827160493827161
0.8271604938271605
0.8271604938271614
0.827160493827162
0.8271604938271614
0.8271604938271611
0.8271604938271606
0.8271604938271618
0.8271604938271617
0.8271604938271616
0.8271604938271622
0.8271604938271621
0.827160493827163
0.8271604938271627
0.8271604938271638
0.827160493827163
0.8271604938271635
0.827160493827164
0.827160493827164
0.8271604938271633
0.8271604938271628
0.827160493827163
0.8271604938271625
0.8271604938271624
0.8271604938271622
0.8271604938271615
0.8271604938271618
0.8271604938271612
0.827160493827161
0.827160493827161
0.8271604938271608
0.8271604938271602
0.8271604938271598
0.8271604938271594
0.8271604938271595
0.8271604938271591
0.8271604938271591
0.8271604938271593
0.8271604938271597
0.8271604938271608
0.8271604938271608
0.8271604938271617
0.8271604938271622
0.8271604938271621
0.8271604938271624
0.8271604938271632
0.8271604938271631
0.8271604938271624
0.8271604938271622
0.8271604938271626
0.8271604938271627
0.8271604938271628
0.8271604938271628
0.8271604938271622
0.8271604938271618
0.8271604938271625
0.827160493827162
0.8271604938271608
0.8271604938271608
0.827160493827161
0.8271604938271612
0.8271604938271615
0.8271604938271601
0.8271604938271604
0.8271604938271611
0.8271604938271615
0.827160493827161
0.8271604938271608
0.8271604938271612
0.8271604938271607
0.8271604938271612
0.8271604938271597
0.8518518518518536
0.851851851851852
0.851851851851852
0.8518518518518529
0.8518518518518524
0.8518518518518525
0.8518518518518526
0.8518518518518523
0.8518518518518524
0.8518518518518534
0.8518518518518529
0.8518518518518526
0.8518518518518529
0.851851851851853
0.8518518518518537
0.851851851851853
0.8518518518518535
0.8518518518518531
0.8518518518518531
0.8518518518518537
0.8518518518518539
0.8518518518518546
0.8518518518518551
0.8518518518518544
0.8518518518518546
0.8518518518518545
0.8518518518518545
0.8518518518518542
0.8518518518518537
0.8518518518518541
0.851851851851854
0.8518518518518531
0.8518518518518525
0.8518518518518527
0.8518518518518529
0.8518518518518524
0.8518518518518526
0.8518518518518519
0.8518518518518517
0.8518518518518514
0.8518518518518514
0.851851851851851
0.8518518518518507
0.8518518518518502
0.8518518518518505
0.851851851851851
0.8518518518518515
0.8518518518518517
0.8518518518518527
0.8518518518518537
0.8518518518518535
0.8518518518518533
0.851851851851854
0.8518518518518544
0.8518518518518546
0.8518518518518545
0.8518518518518544
0.8518518518518541
0.851851851851854
0.8518518518518537
0.8518518518518534
0.8518518518518533
0.8518518518518532
0.8518518518518531
0.8518518518518535
0.8518518518518541
0.8518518518518541
0.8518518518518529
0.8518518518518524
0.8518518518518519
0.8518518518518535
0.8518518518518539
0.8518518518518534
0.8518518518518537
0.851851851851853
0.8518518518518526
0.8518518518518513
0.8518518518518506
0.8518518518518511
0.8518518518518517
0.8765432098765442
0.8765432098765441
0.8765432098765437
0.8765432098765432
0.8765432098765438
0.876543209876544
0.8765432098765437
0.8765432098765437
0.8765432098765437
0.8765432098765438
0.8765432098765442
0.8765432098765448
0.8765432098765442
0.8765432098765443
0.8765432098765435
0.8765432098765424
0.8765432098765439
0.8765432098765444
0.876543209876545
0.8765432098765451
0.8765432098765457
0.8765432098765465
0.876543209876546
0.8765432098765457
0.8765432098765454
0.8765432098765461
0.8765432098765455
0.8765432098765453
0.8765432098765453
0.8765432098765454
0.8765432098765449
0.8765432098765448
0.8765432098765448
0.8765432098765443
0.8765432098765441
0.876543209876544
0.8765432098765434
0.8765432098765433
0.8765432098765429
0.8765432098765426
0.876543209876543
0.8765432098765428
0.8765432098765426
0.8765432098765421
0.876543209876542
0.876543209876543
0.8765432098765432
0.8765432098765435
0.8765432098765437
0.8765432098765442
0.8765432098765453
0.8765432098765463
0.8765432098765458
0.876543209876546
0.8765432098765463
0.8765432098765455
0.8765432098765451
0.8765432098765454
0.8765432098765451
0.8765432098765445
0.8765432098765447
0.876543209876545
0.876543209876545
0.876543209876545
0.8765432098765448
0.8765432098765441
0.8765432098765437
0.876543209876544
0.8765432098765442
0.8765432098765438
0.8765432098765433
0.8765432098765434
0.8765432098765443
0.876543209876544
0.876543209876544
0.8765432098765442
0.8765432098765432
0.8765432098765431
0.8765432098765429
0.8765432098765431
0.9012345679012357
0.901234567901236
0.9012345679012358
0.9012345679012348
0.9012345679012341
0.9012345679012349
0.9012345679012345
0.901234567901236
0.9012345679012357
0.9012345679012354
0.9012345679012355
0.9012345679012346
0.9012345679012354
0.9012345679012357
0.9012345679012355
0.9012345679012355
0.9012345679012349
0.901234567901235
0.9012345679012357
0.9012345679012366
0.9012345679012363
0.9012345679012362
0.9012345679012371
0.9012345679012369
0.9012345679012371
0.9012345679012367
0.9012345679012369
0.9012345679012368
0.9012345679012357
0.9012345679012362
0.9012345679012362
0.9012345679012356
0.9012345679012355
0.9012345679012352
0.9012345679012351
0.9012345679012352
0.9012345679012349
0.901234567901235
0.9012345679012341
0.9012345679012341
0.9012345679012342
0.9012345679012339
0.9012345679012336
0.9012345679012334
0.9012345679012332
0.9012345679012334
0.9012345679012334
0.9012345679012339
0.9012345679012347
0.9012345679012358
0.9012345679012365
0.9012345679012365
0.9012345679012365
0.9012345679012372
0.901234567901237
0.9012345679012372
0.901234567901237
0.9012345679012369
0.9012345679012367
0.9012345679012352
0.9012345679012349
0.9012345679012351
0.9012345679012351
0.9012345679012359
0.9012345679012362
0.9012345679012359
0.9012345679012355
0.9012345679012356
0.901234567901236
0.9012345679012356
0.9012345679012358
0.9012345679012354
0.9012345679012358
0.9012345679012356
0.9012345679012352
0.9012345679012344
0.9012345679012346
0.901234567901235
0.9012345679012345
0.9012345679012339
0.9259259259259273
0.9259259259259254
0.9259259259259253
0.9259259259259268
0.9259259259259272
0.9259259259259268
0.9259259259259266
0.9259259259259255
0.9259259259259262
0.925925925925927
0.9259259259259265
0.9259259259259262
0.9259259259259267
0.9259259259259256
0.9259259259259266
0.9259259259259254
0.925925925925925
0.9259259259259266
0.925925925925927
0.9259259259259278
0.9259259259259286
0.9259259259259284
0.9259259259259278
0.925925925925928
0.9259259259259275
0.9259259259259277
0.9259259259259277
0.9259259259259279
0.9259259259259273
0.9259259259259273
0.9259259259259272
0.9259259259259267
0.9259259259259267
0.9259259259259264
0.9259259259259259
0.9259259259259263
0.9259259259259259
0.9259259259259258
0.9259259259259256
0.9259259259259252
0.925925925925925
0.9259259259259246
0.9259259259259247
0.9259259259259245
0.9259259259259245
0.925925925925924
0.9259259259259248
0.925925925925925
0.9259259259259257
0.9259259259259267
0.9259259259259275
0.9259259259259276
0.9259259259259277
0.9259259259259273
0.925925925925928
0.9259259259259282
0.9259259259259284
0.9259259259259273
0.9259259259259273
0.9259259259259272
0.9259259259259272
0.9259259259259269
0.9259259259259268
0.9259259259259256
0.9259259259259255
0.9259259259259257
0.9259259259259264
0.925925925925927
0.9259259259259264
0.9259259259259274
0.9259259259259275
0.9259259259259268
0.9259259259259266
0.9259259259259257
0.9259259259259255
0.9259259259259269
0.9259259259259266
0.9259259259259246
0.9259259259259245
0.9259259259259256
0.9506172839506171
0.9506172839506177
0.9506172839506181
0.950617283950617
0.9506172839506163
0.9506172839506166
0.9506172839506172
0.9506172839506187
0.9506172839506187
0.9506172839506168
0.9506172839506171
0.9506172839506186
0.950617283950617
0.9506172839506178
0.9506172839506165
0.9506172839506167
0.9506172839506174
0.9506172839506187
0.9506172839506184
0.9506172839506182
0.9506172839506187
0.9506172839506184
0.9506172839506191
0.9506172839506193
0.9506172839506192
0.9506172839506188
0.9506172839506193
0.9506172839506182
0.9506172839506185
0.9506172839506184
0.9506172839506187
0.9506172839506182
0.9506172839506178
0.9506172839506171
0.9506172839506172
0.9506172839506174
0.9506172839506175
0.9506172839506176
0.9506172839506173
0.9506172839506165
0.9506172839506165
0.9506172839506163
0.9506172839506157
0.9506172839506166
0.9506172839506167
0.9506172839506161
0.9506172839506162
0.9506172839506162
0.9506172839506175
0.9506172839506181
0.950617283950618
0.9506172839506183
0.9506172839506184
0.9506172839506187
0.9506172839506185
0.9506172839506191
0.9506172839506187
0.9506172839506188
0.950617283950619
0.9506172839506188
0.9506172839506186
0.9506172839506183
0.9506172839506181
0.9506172839506175
0.9506172839506171
0.9506172839506171
0.9506172839506182
0.9506172839506181
0.9506172839506176
0.9506172839506177
0.950617283950617
0.9506172839506182
0.9506172839506186
0.9506172839506188
0.9506172839506174
0.9506172839506167
0.950617283950617
0.9506172839506174
0.9506172839506181
0.9506172839506158
0.9753086419753081
0.975308641975308
0.9753086419753076
0.9753086419753088
0.9753086419753094
0.9753086419753082
0.9753086419753086
0.9753086419753089
0.9753086419753102
0.9753086419753103
0.9753086419753085
0.9753086419753082
0.9753086419753084
0.9753086419753086
0.9753086419753101
0.975308641975309
0.9753086419753094
0.9753086419753089
0.97530864197531
0.9753086419753096
0.9753086419753092
0.9753086419753094
0.97530864197531
0.9753086419753096
0.9753086419753098
0.97530864197531
0.9753086419753099
0.9753086419753093
0.9753086419753092
0.9753086419753096
0.9753086419753096
0.9753086419753091
0.9753086419753095
0.9753086419753093
0.9753086419753091
0.975308641975309
0.9753086419753089
0.9753086419753094
0.9753086419753083
0.9753086419753083
0.9753086419753085
0.9753086419753082
0.9753086419753082
0.9753086419753081
0.9753086419753072
0.9753086419753079
0.975308641975308
0.9753086419753086
0.9753086419753085
0.9753086419753091
0.9753086419753091
0.9753086419753086
0.9753086419753084
0.975308641975309
0.9753086419753089
0.975308641975309
0.9753086419753091
0.9753086419753093
0.97530864197531
0.9753086419753093
0.9753086419753093
0.9753086419753083
0.975308641975308
0.975308641975308
0.9753086419753086
0.97530864197531
0.9753086419753086
0.9753086419753083
0.9753086419753086
0.9753086419753089
0.9753086419753094
0.9753086419753086
0.9753086419753086
0.975308641975309
0.9753086419753092
0.9753086419753101
0.9753086419753086
0.9753086419753089
0.975308641975308
0.9753086419753078
2.9911724014278375e-17
0.0
0.0
0.0
0.0
0.0
0.0
0.0
0.0
0.0
0.0
0.0
0.0
0.0
0.0
0.0
0.0
0.0
0.0
0.0
0.0
0.0
0.0
0.0
0.0
0.0
0.0
0.0
0.0
0.0
0.0
0.0
0.0
0.0
0.0
0.0
0.0
0.0
0.0
0.0
0.0
0.0
0.0
0.0
0.0
0.0
0.0
0.0
0.0
0.0
0.0
0.0
0.0
0.0
0.0
0.0
0.0
0.0
0.0
0.0
0.0
0.0
0.0
0.0
0.0
0.0
0.0
0.0
0.0
0.0
0.0
0.0
0.0
0.0
0.0
0.0
0.0
0.0
0.0
0.0
0.0
0.0
0.0
0.0
0.0
0.0
0.0
0.0
0.0
0.0
0.0
0.0
0.0
0.0
0.0
0.0
0.0
0.0
0.0
0.0
0.0
0.0
0.0
0.0
0.0
0.0
0.0
0.0
0.0
0.0
0.0
0.0
0.0
0.0
0.0
0.0
0.0
0.0
0.0
0.0
0.0
0.0
0.0
0.0
0.0
0.0
0.0
0.0
0.0
0.0
0.0
0.0
0.0
0.0
0.0
0.0
0.0
0.0
0.0
0.0
0.0
0.0
0.0
0.0
0.0
0.0
0.0
0.0
0.0
0.0
0.0
0.0
0.0
0.0
0.0
0.0
0.0
0.0
0.0
0.0
0.0
0.0
-3.4366844233668376e-17
3.816909796235408e-17
0.0
0.0
0.0
0.0
0.0
0.0
0.0
0.0
0.0
0.0
0.0
0.0
0.0
0.0
0.0
0.0
0.0
0.0
0.0
0.0
0.0
0.0
0.0
0.0
0.0
0.0
0.0
0.0
0.0
0.0
0.0
0.0
0.0
0.0
0.0
0.0
0.0
0.0
0.0
0.0
0.0
0.0
0.0
0.0
0.0
0.0
0.0
0.0
0.0
0.0
0.0
0.0
0.0
0.0
0.0
0.0
0.0
0.0
0.0
0.0
0.0
0.0
0.0
0.0
0.0
0.0
0.0
0.0
0.0
0.0
0.0
0.0
0.0
0.0
0.0
0.0
0.0
0.0
0.0
0.0
0.0
0.0
0.0
0.0
0.0
0.0
0.0
0.0
0.0
0.0
0.0
0.0
0.0
0.0
0.0
0.0
0.0
0.0
0.0
0.0
0.0
0.0
0.0
0.0
0.0
0.0
0.0
0.0
0.0
0.0
0.0
0.0
0.0
0.0
0.0
0.0
0.0
0.0
0.0
0.0
0.0
0.0
0.0
0.0
0.0
0.0
0.0
0.0
0.0
0.0
0.0
0.0
0.0
0.0
0.0
0.0
0.0
0.0
0.0
0.0
0.0
0.0
0.0
0.0
0.0
0.0
0.0
0.0
0.0
0.0
0.0
0.0
0.0
0.0
0.0
0.0
0.0
0.0
0.0
0.0
0.0
-2.1561745528684985e-17
